set_id,design_group,model,reps,seed,t_end,Q0,A0,P0,N0,M0,G0,k_qa,k_aq,b_a,d_a,b_p,k_pn,d_p,k_nm,d_n,k_mg,d_m,d_g,eff_mean,eff_cv,tx_activation,tx_prolif,tx_maturation,tx_integration,tx_eff,tx_survival,tau,n_rep,failed_reps,control_extent,treat_extent,delta_extent,sd_delta_extent,control_fni,treat_fni,delta_fni,sd_delta_fni,treat_Q,treat_A,treat_P,treat_N,treat_M,treat_G,decoupled
S000000,phase,full,4,21260828,56.0,60,4,8,10,15,12,0.0204610562738778,0.0835083212893956,0.1602588208683653,0.0162626427138767,0.2159937443154405,0.2743529985738442,0.0980642886695818,0.0542342601924979,0.0399350194423081,0.022522911414397,0.0151047559011409,0.0096133717356816,0.7051106638109594,0.4305059767551346,0.9926882489633956,1.1232795044616046,0.9448026567023,1.073932354174412,1.289898009573501,0.8686541133117092,14.0,4,0,65.75,78.0,12.25,6.898067362,22.32609635,31.79322786,9.467131509,3.466868495,49.75,6.75,13.75,40.0,41.5,36.5,False
S000001,phase,full,4,22260831,56.0,60,4,8,10,15,12,0.0200934657851248,0.0704877967446984,0.2633976113016021,0.0295829169255952,0.2181001290256855,0.2935027180537812,0.1759205930292529,0.0549770162217718,0.059185477640552,0.0214564486179312,0.0119086476932705,0.0011294561379146,0.5535461423738663,0.4052457408065517,1.0439733180461028,1.1613563594458984,1.1435878282613128,1.0502860880126197,1.0727730352324811,0.9680613591429972,14.0,4,0,68.5,78.5,10.0,9.591663047,19.55437602,21.86419963,2.309823603,1.688484471,42.25,9.25,13.25,26.5,40.5,38.0,False
S000002,phase,full,4,23260834,56.0,60,4,8,10,15,12,0.031044117296127,0.0631154108481246,0.2233398552811049,0.0253137968915729,0.1273808395925798,0.1827762164882063,0.092361994022504,0.0818760487690217,0.0413993297891386,0.0464437520097515,0.0093587963035708,0.0082171740382099,0.4887596607984527,0.2133044142493647,1.0761648214374064,1.1408842891291002,1.4540104760696078,1.094051024104577,1.254817296815108,0.9353742482668808,14.0,4,0,104.25,141.0,36.75,12.94539815,28.79427263,47.67826444,18.88399182,5.373899828,29.0,14.25,34.75,30.25,59.5,81.5,False
S000003,phase,full,4,24260837,56.0,60,4,8,10,15,12,0.0274927440964579,0.0658622142245218,0.3076464661687857,0.0470950509475811,0.1037347520363947,0.1414324763000043,0.1625211544345621,0.0630714722853272,0.0518552889345872,0.0473576668929587,0.0347027271365954,0.0052731298071848,0.5011740491968071,0.206042657709761,1.100407305351891,1.2296449489776555,1.142411303223274,1.2469164145563538,1.1054693842646084,0.8186501938356906,14.0,4,0,49.0,69.25,20.25,2.872281323,17.28137117,27.56285558,10.28148441,1.830075037,28.5,8.25,19.75,23.0,18.0,51.25,False
S000004,phase,full,4,25260840,56.0,60,4,8,10,15,12,0.0183012798914751,0.0359166779938252,0.1537575931161327,0.0156538089034237,0.1115208978189733,0.174753228911642,0.1711396490298967,0.0687040503997517,0.0283696487558661,0.0312792784285261,0.0128977439640306,0.0022489325548371,0.8671970638030089,0.2629646408731856,1.1681294406353988,1.0425704840486545,1.0811928119221397,1.1441255034974722,1.273875724846022,0.8828710528256183,14.0,4,0,63.5,71.0,7.5,2.380476143,35.03020238,45.64522953,10.61502715,3.209900516,33.75,19.25,9.75,24.5,26.5,44.5,False
S000005,phase,full,4,26260843,56.0,60,4,8,10,15,12,0.0211404718404516,0.0489765186599272,0.1203055065207902,0.0422531376657423,0.1097619213978574,0.1559114181661171,0.1613773038339771,0.1224786997179847,0.0204638218547437,0.0462529107640113,0.0435885860905638,0.011474696379263,0.8750412760520885,0.3609783654526882,1.3062153919473691,1.0008785088521317,1.0977389656310874,1.2797751069289165,1.320248706989755,0.8413308928452173,14.0,4,0,38.0,44.5,6.5,6.658328118,25.02914825,36.28211966,11.25297141,6.648714117,28.5,12.0,4.0,6.5,10.25,34.25,False
S000006,phase,full,4,27260846,56.0,60,4,8,10,15,12,0.0286375300972473,0.0823885187817776,0.2956805683326331,0.0382966687049919,0.1311129846309902,0.2311160074540132,0.1246163652438904,0.0754654472464778,0.0612008313139376,0.0476404645104827,0.0118289619420203,0.0057672266396497,0.7258796080299885,0.2180405880114663,1.041582061708329,0.9686015733474154,0.9970874137936632,1.0221407420287092,0.9040196238175628,0.8130571200013111,14.0,4,0,88.25,95.75,7.5,14.36430762,47.62773876,45.48564724,-2.142091521,7.779319834,33.0,9.75,7.0,19.0,28.75,67.0,True
S000007,phase,full,4,28260849,56.0,60,4,8,10,15,12,0.0127851018751258,0.0369124560153797,0.1990284019557057,0.0458775212806464,0.2112460213133217,0.2400866703123504,0.1346896669099306,0.125455288943576,0.0390783791962201,0.0456502611929538,0.0183193502587774,0.0052462999682627,0.5529452198004526,0.3373164327039822,1.057925263102132,1.0144013897145527,1.497425638212076,0.919490668621074,1.396897858008893,0.8622202697601767,14.0,4,0,78.75,98.0,19.25,10.17758976,31.531516,47.60550048,16.07398449,4.697434557,37.0,7.0,7.0,11.0,29.25,68.75,False
S000008,phase,full,4,29260852,56.0,60,4,8,10,15,12,0.0318655931054839,0.0354458102227922,0.19445530266171,0.0284109420909338,0.1365548648438198,0.1740810467186364,0.063064915531698,0.0697194005831951,0.0271096790502431,0.0645188605431121,0.0384389033900622,0.0013135198408446,0.6980007358326781,0.242108072575034,1.0268032899909618,1.1281398151857875,1.140581032561587,1.2362365599116385,0.967481272727646,1.0368546132410053,14.0,4,0,113.25,152.5,39.25,21.28183889,57.95450666,75.70257188,17.74806522,9.902993607,28.0,15.0,47.0,70.25,41.25,111.25,False
S000009,phase,full,4,30260855,56.0,60,4,8,10,15,12,0.0150442585206618,0.0345838987500184,0.1999259782640188,0.0315015526224767,0.1276768180422628,0.1763030640768983,0.1102778828695481,0.0690481817162332,0.0445149528400363,0.0224245386671835,0.0180907774101665,0.0017416866832194,0.859189655599939,0.3762397200428804,1.1042559344169496,1.033769823429008,1.3658571034221585,1.1589741310846378,1.1028967782806698,0.9783076506881484,14.0,4,0,63.25,75.0,11.75,6.60176744,29.864971,38.36663471,8.501663719,0.7343262153,38.5,9.75,20.75,21.0,32.75,42.25,False
S000010,phase,full,4,31260858,56.0,60,4,8,10,15,12,0.0195552772175788,0.0668562812698505,0.123055077900078,0.0295999435036558,0.1049585268356995,0.2337750862182526,0.1238821910891453,0.0502183943811208,0.0538070556846709,0.0295188017828755,0.008313071982088,0.0032428465983219,0.7699795613526863,0.1568137774470061,1.0713739924905954,1.0324085684670068,1.3063547779042295,0.9500973740417844,1.185683920625878,0.7873188677337578,14.0,4,0,45.25,51.25,6.0,3.16227766,25.65201305,28.65920924,3.007196186,1.933551503,42.5,7.0,5.25,12.0,17.25,34.0,False
S000011,phase,full,4,32260861,56.0,60,4,8,10,15,12,0.0348537534009577,0.0475228094481511,0.1461845000750216,0.0561965845071758,0.1384980251942488,0.1481507538866537,0.1064096707273261,0.0727209581824702,0.0240926672689053,0.038067965995067,0.014461249942102,0.0013957007365456,0.8399139822007496,0.2366899618994473,1.1911847590847482,1.252194993651487,1.2019608178821084,1.320766343101365,1.3967301235159748,0.7710850898862576,14.0,4,0,93.5,151.75,58.25,23.40049857,51.68646079,106.8238761,55.13741534,15.40486134,15.25,11.25,32.25,45.75,53.0,98.75,False
S000012,phase,full,4,33260864,56.0,60,4,8,10,15,12,0.0131747520721963,0.0544143329752243,0.2143758355294673,0.0370997325728196,0.1376460111246077,0.2305862247992803,0.1207921791538331,0.1092281255464192,0.0366388493501994,0.03593507953425,0.0254744079431375,0.0018704388118025,0.6155444435182909,0.4372404138924125,1.335034953047313,1.1712010797611034,1.4454180752370591,0.9535824233986762,1.139643982245594,0.737410398605507,14.0,4,0,60.25,96.5,36.25,9.878427675,27.69508637,40.17761011,12.48252373,3.60451577,38.5,9.0,13.0,13.25,37.25,59.25,False
S000013,phase,full,4,34260867,56.0,60,4,8,10,15,12,0.0144100149471554,0.0492869574875291,0.1978540481442605,0.0548906921158335,0.1330638095417288,0.260960844814199,0.0759544431988195,0.087380632417529,0.0495503498143625,0.0553814144536516,0.0323505755248156,0.0056002787573323,0.4449954293792524,0.3320380164041036,0.9789931046488848,1.2183045821783711,1.2899465505009562,1.2573354190551391,1.364693057396603,0.8897172283831997,14.0,4,0,53.75,71.5,17.75,20.53249457,19.28411824,31.85041192,12.56629369,8.042345753,39.0,7.0,8.5,13.25,15.25,56.25,False
S000014,phase,full,4,35260870,56.0,60,4,8,10,15,12,0.0215579384280727,0.0394660000680997,0.208784349809727,0.0158449833835979,0.18048175331868,0.1519659052999661,0.0748114552144638,0.0537919891715321,0.0227478674239744,0.0268848209658233,0.0355235439821737,0.0012095290225223,0.4756680052182292,0.1920527639933841,1.110581424779123,1.0297922800227417,1.023521849906224,1.1794355499392823,1.384985262516484,0.9517289757545216,14.0,4,0,131.0,155.75,24.75,21.92981228,31.08141068,48.33999483,17.25858415,7.93815773,33.25,16.75,81.5,131.75,77.75,78.0,False
S000015,phase,full,4,36260873,56.0,60,4,8,10,15,12,0.0228010651297759,0.0679784500756448,0.174138158378357,0.0523355945307943,0.1325712172117878,0.2708313787900486,0.0989088663397215,0.0489377796743012,0.0528050230011987,0.0687623136659073,0.0090793726744937,0.0104316575187333,0.8342427072502376,0.1904766638418072,1.0270888939343017,0.9902628376906784,0.984335041678713,1.0975925418263173,1.171001070705576,0.8768235569301344,14.0,4,0,52.75,58.0,5.25,5.057996968,34.97769626,42.96534735,7.987651089,4.551399777,33.25,9.25,5.0,17.25,11.5,46.5,False
S000016,phase,full,4,37260876,56.0,60,4,8,10,15,12,0.0251586845084837,0.0724132177789965,0.1791420047155933,0.0258916389506031,0.1118383636342578,0.1658160091819686,0.1243600935872035,0.0555496810007661,0.0235763617023061,0.0528975252219249,0.0234462381061843,0.0053884806139536,0.5973786445509234,0.2337175773050641,1.027666002660195,1.2053999223638718,1.1222382693778616,1.0482680062331902,1.140829483184309,0.93309081015028,14.0,4,0,59.75,82.0,22.25,11.08677891,27.71517382,38.08733854,10.37216472,5.337589957,39.5,10.75,16.75,33.0,24.0,58.0,False
S000017,phase,full,4,38260879,56.0,60,4,8,10,15,12,0.0191652818559934,0.0495226301259727,0.182240463593731,0.0462946404042087,0.1292380753535481,0.1960363427032043,0.1344646482136332,0.1176556172138049,0.0235608671194231,0.03078505713975,0.0134715389926143,0.0029221320057749,0.5965873603395556,0.2495576525920854,0.9775896054624468,1.2564244370227584,1.1336303354816453,1.3210930711376798,1.1369634857196027,0.8459442254045634,14.0,4,0,79.5,110.25,30.75,11.5,27.41274378,44.54812766,17.13538388,6.453754796,36.25,8.0,13.0,16.25,42.25,68.0,False
S000018,phase,full,4,39260882,56.0,60,4,8,10,15,12,0.0252632594789881,0.0732125161366412,0.293385769004185,0.0544786053892192,0.112673878956379,0.2044356869898352,0.1115686945038116,0.0507311935779388,0.0571396203619563,0.0206579401404167,0.0245815367110185,0.0062699448617268,0.5663932460503548,0.3730614867828651,1.1486386830744637,0.9511244073921584,1.4490303581715265,1.3185162863141746,1.369894377966329,0.9563556484765084,14.0,4,0,51.5,61.5,10.0,7.071067812,15.2672802,23.0035944,7.736314197,2.910017134,28.75,7.25,11.5,20.5,27.5,34.0,False
S000019,phase,full,4,40260885,56.0,60,4,8,10,15,12,0.027017101140722,0.0430910311175098,0.1222595258178622,0.0426872459782001,0.1422650636472175,0.2663641972011742,0.0931090203813208,0.0573920464034662,0.0662147872282229,0.020558700087139,0.0404504047372254,0.0015069106705915,0.7673414082476573,0.3169601089743011,1.0606146508171506,0.9568059898649078,1.0818457097326033,1.2619818637473186,1.248076414712922,0.9720239764376764,14.0,4,0,37.5,37.5,0.0,2.943920289,19.60944473,22.89016764,3.280722907,2.477022968,26.75,10.0,4.75,11.0,11.25,26.25,False
S000020,phase,full,4,41260888,56.0,60,4,8,10,15,12,0.0127670443158218,0.0381549881233514,0.1631728956457761,0.0380711805598046,0.1438400313318533,0.2631614485103682,0.0706187726581769,0.1124038201714165,0.0812997496071273,0.0303409253131547,0.0296301003715166,0.002155341155553,0.5151082362979444,0.1999461370515616,1.3155120903380326,1.297056290490498,1.112438510785957,1.2520659138832444,0.8821117862165341,1.049739314913049,14.0,4,0,56.25,74.75,18.5,14.91084616,19.24273185,24.20064914,4.95791729,2.146100344,39.5,7.25,11.75,14.25,24.0,50.75,False
S000021,phase,full,4,42260891,56.0,60,4,8,10,15,12,0.0230243066972168,0.0301933802353234,0.3137287419693265,0.0452163200329443,0.1408994757620924,0.2079613875269391,0.1534066536526634,0.065033682704342,0.0720987032618942,0.0352215380974494,0.0243366218183278,0.0063724194197399,0.4608210376486883,0.4325197844070263,1.289638458161382,1.1272590183550106,0.987330586262552,1.415478494239223,1.3787662196493644,0.7235740095948414,14.0,4,0,67.0,108.0,41.0,9.201449161,20.55596354,39.25657104,18.70060749,4.202732365,22.25,12.25,27.25,38.0,40.5,67.5,False
S000022,phase,full,4,43260894,56.0,60,4,8,10,15,12,0.0187595286508239,0.046596135672681,0.2677332490235559,0.0228999245893641,0.1063792789804685,0.2089201061799782,0.0970213741496298,0.0579336315887207,0.024677538300836,0.0359087869725123,0.019397193388,0.0064616381083274,0.4833321441090639,0.3663738314154909,0.9920203839088954,1.0641471723028415,0.9048079893082346,1.1317738688742731,1.2993420329668923,1.0416389154041397,14.0,4,0,91.0,87.5,-3.5,10.66145706,25.14286967,31.63190631,6.489036645,1.40618246,37.0,12.5,23.0,38.25,34.5,53.0,False
S000023,phase,full,4,44260897,56.0,60,4,8,10,15,12,0.0144986762627173,0.0510356965100156,0.1994903680411804,0.0173658606747547,0.1150282255402158,0.2489084678586197,0.0678552871859397,0.0521524342909032,0.0490730436542993,0.0778876097080614,0.0190662054596503,0.001657818941637,0.5890690222704853,0.3880408130176946,1.0061017274130777,1.1561245520487498,1.2237264343157723,0.8915924402675569,1.037613934680565,0.9019732471552148,14.0,4,0,75.25,86.0,10.75,8.180260795,33.06319072,36.91104206,3.847851341,3.866054579,42.75,11.5,14.5,30.5,24.5,61.5,False
S000024,phase,full,4,45260900,56.0,60,4,8,10,15,12,0.0249203142516655,0.039315220979436,0.2108795678375625,0.0171762145104153,0.1574720615499633,0.297008495929801,0.1421660418716644,0.1027107912133418,0.0339341089598457,0.0838016517483424,0.0186369716462515,0.0013418235008673,0.4325992012719567,0.4288574159786678,1.247652072046464,1.1820989417207302,1.2271456506626364,0.8894790995258199,0.8953547378175932,0.7304154465959852,14.0,4,0,127.75,185.25,57.5,39.34886699,40.67281257,50.61343428,9.940621715,9.931878272,28.75,18.0,18.0,34.0,52.5,132.75,False
S000025,phase,full,4,46260903,56.0,60,4,8,10,15,12,0.0259425837742657,0.0696967913639903,0.2547833014992273,0.0180457791085073,0.1791745224165339,0.1981089863106626,0.0667742468222332,0.0496858364440274,0.0641430699884777,0.0362034774625001,0.0130143366712698,0.0039050679102052,0.3521004062536937,0.2979719594990982,1.0712356371024745,1.028864779282192,1.3368052730546756,0.9199095411152026,1.2419103835728875,1.0005611928079583,14.0,4,0,119.0,143.5,24.5,8.582928793,21.87393521,30.81231277,8.938377563,2.370524137,39.25,12.75,38.5,67.0,69.75,73.75,False
S000026,phase,full,4,47260906,56.0,60,4,8,10,15,12,0.0126141600278478,0.0699271471732265,0.1212486961923548,0.0317623161141192,0.1975802416770859,0.2414257832925934,0.1446397218183518,0.0744473693513438,0.0824462829257913,0.0841084376929353,0.0410257717807336,0.0059845970898608,0.5237942079127053,0.1664296883447658,1.0154646169815686,1.1907829691940324,1.0790123610151028,0.8640188894886279,0.9084937423262082,1.0285902500364,14.0,4,0,34.75,39.0,4.25,4.991659711,17.47053434,17.05433997,-0.4161943674,1.189775989,46.25,6.5,7.5,9.25,5.5,33.5,True
S000027,phase,full,4,48260909,56.0,60,4,8,10,15,12,0.0270875151846681,0.0333861812270517,0.1736148583323147,0.0229054724458742,0.1865388713011812,0.1884809797112773,0.1580806281584338,0.1007913248806262,0.0442645167950515,0.0634083120455601,0.0210742617420783,0.0016977484390103,0.8687735820548041,0.1053783851646166,1.1852574885784493,1.1020758342810597,1.3790962699022418,0.922102588480425,1.228363379400775,0.9571049032700496,14.0,4,0,87.75,121.75,34.0,24.46766574,57.48719006,82.72745344,25.24026338,14.79326639,28.5,17.75,25.5,22.5,40.0,81.75,False
S000028,phase,full,4,49260912,56.0,60,4,8,10,15,12,0.0208955415552963,0.0828600722672264,0.2980950794831368,0.0554182928834229,0.1144863657169899,0.2900706603183974,0.0717353901121902,0.0535344308597497,0.0344621504026013,0.0314917355468117,0.0131148537054443,0.0014606852608116,0.7899015721224547,0.162204208363248,1.1314028283170172,1.0670910274192862,0.9790994162451708,1.2955232478926149,0.9888526046700694,0.7281591503372371,14.0,4,0,80.5,86.25,5.75,21.77728174,39.47299595,46.79549744,7.322501489,10.19747868,36.0,5.25,9.0,32.75,26.75,59.5,False
S000029,phase,full,4,50260915,56.0,60,4,8,10,15,12,0.0284195833484282,0.0579475441744693,0.2299106527886096,0.0309996906458648,0.150210261024,0.1767978788142442,0.080234537600758,0.0486510417284665,0.0216532780777562,0.0845409869170092,0.0156047690083849,0.006630328760413,0.6830831320065052,0.3749744572396674,0.990064098664861,1.165543689469638,0.9983732088103416,1.0488351669851907,1.3221035346605443,0.8303653892934509,14.0,4,0,121.25,163.0,41.75,32.68409399,60.00017385,98.69509322,38.69491937,11.61735941,29.75,13.0,39.5,97.25,47.5,115.5,False
S000030,phase,full,4,51260918,56.0,60,4,8,10,15,12,0.0318955177291499,0.0827774603757312,0.1269005158784416,0.0401751544734986,0.185294275514914,0.2988273813635174,0.0755079362084302,0.1212901244226958,0.0349016075395522,0.0717268707232243,0.0081037828912599,0.0026159464749856,0.4918166999724063,0.3575505210611698,1.2052141912346943,1.1833701030894122,1.0556369395038063,1.042184291491724,0.9777688092266104,1.0221525634090889,14.0,4,0,105.0,128.25,23.25,20.96624271,41.74785813,47.93782873,6.189970599,6.841548612,29.75,11.25,17.5,26.0,31.0,97.25,False
S000031,phase,full,4,52260921,56.0,60,4,8,10,15,12,0.0129827018885403,0.075016848288441,0.1376665321477302,0.0258718642684559,0.2145573183994556,0.2456563420650165,0.0839666489731669,0.0512515987978763,0.0236967163253644,0.032035413205429,0.0252726036062322,0.0020511293475368,0.85279832890976,0.1722090682119773,1.3498920429178625,1.1549956659218483,1.0098919362778511,0.9099958189292232,1.0944997323365844,0.8088501431268112,14.0,4,0,57.5,90.25,32.75,11.75797602,32.35365552,43.33515801,10.98150249,7.020110695,42.75,6.5,13.5,52.5,41.75,48.5,False
S000032,phase,full,4,53260924,56.0,60,4,8,10,15,12,0.0335556439501574,0.0472440486503834,0.1201657284045809,0.0478791740835592,0.1542693050999964,0.1715567136974973,0.0800062873224325,0.0600106394814667,0.0411295707353666,0.0218099126460605,0.0120654746096477,0.0087722045854484,0.7411568456155605,0.3058524660972206,1.1661488460062546,1.110222626894754,1.0247781841287575,1.3666852807526857,1.082201951157039,0.8836741774142353,14.0,4,0,60.75,74.75,14.0,1.414213562,21.18564841,28.45620512,7.270556711,3.549842026,18.75,14.25,17.0,27.75,37.75,37.0,False
S000033,phase,full,4,54260927,56.0,60,4,8,10,15,12,0.0184206237490219,0.0401821860130234,0.2834343836381788,0.0586733519825498,0.1863006841255708,0.2318988472367918,0.1208894512042825,0.0623933274423825,0.0613425646764055,0.0725489113445007,0.0155107975897796,0.0057505562915906,0.7365380161998463,0.2150752038109131,1.2358548712264965,1.026595461922994,1.3282585355491412,1.020553929314769,1.314496416020813,0.9931679764238522,14.0,4,0,87.75,98.75,11.0,7.023769169,49.57650786,68.52258279,18.94607493,6.878087323,29.25,7.25,10.5,24.25,23.75,75.0,False
S000034,phase,full,4,55260930,56.0,60,4,8,10,15,12,0.0200080963936267,0.0645507280389881,0.243770977234118,0.0260410300760763,0.1086990348327159,0.210773506414955,0.0741933360685759,0.0912348216924794,0.0263538440911558,0.0206928767401897,0.0102498592915278,0.0113539089344943,0.7546274219020341,0.3068383539107874,1.0037623190646916,1.059254531225697,0.9454807947639502,1.045562244543712,0.898553381084596,0.989582263808352,14.0,4,0,99.75,109.0,9.25,12.6062154,30.73645592,30.83026183,0.09380591598,1.561903936,38.75,8.75,13.25,29.25,65.25,43.75,False
S000035,phase,full,4,56260933,56.0,60,4,8,10,15,12,0.0146721891751731,0.0451445448500786,0.2363977618885792,0.0288228939175385,0.107247823400851,0.2636209589255693,0.1593825959773835,0.0604721101836757,0.0291420763010224,0.0483119130534557,0.0285449920484815,0.0027625656528479,0.5817054289004923,0.4073134509226731,1.190460787448256,0.99727377752289,0.9963710317971596,1.022849647567454,0.9535378400527096,0.7908285939242778,14.0,4,0,53.75,62.5,8.75,3.774917218,21.46515015,26.33363984,4.868489696,2.71625443,39.5,10.25,6.75,19.25,17.25,45.25,False
S000036,phase,full,4,57260936,56.0,60,4,8,10,15,12,0.014815756066078,0.0420466973932952,0.2986526744039265,0.0184868943903936,0.131439122551544,0.1894533503973271,0.0863417673015666,0.0871918095707889,0.0561246213720135,0.0583362682166846,0.011280323251049,0.0021586830671785,0.5948200152980775,0.1129871972346859,0.9583479159222196,1.009914299037712,1.0591218993495302,1.144696425643199,1.2372897919505936,0.911505095457846,14.0,4,0,92.5,93.25,0.75,20.83866598,38.5945695,48.74059151,10.14602201,5.587924572,42.5,12.75,19.25,26.5,23.0,70.25,False
S000037,phase,full,4,58260939,56.0,60,4,8,10,15,12,0.0159655382457281,0.043479263800816,0.1254335205054073,0.0375598832424311,0.1629953028413198,0.182609817246601,0.1088391733796522,0.1193730433109448,0.0812031600578594,0.07577659739801,0.0108608922202483,0.0061394182516044,0.7007717191086031,0.1963787262664153,1.1902591912595144,1.0652410510940469,1.4721137104579765,1.1497610561805856,1.2708527527631055,0.969751733753245,14.0,4,0,64.25,79.5,15.25,10.04572878,36.80515033,54.60158993,17.7964396,7.844623946,36.0,9.0,12.75,6.0,14.25,65.25,False
S000038,phase,full,4,59260942,56.0,60,4,8,10,15,12,0.0185347352634532,0.0342475840017165,0.1617246586198447,0.0505026698931405,0.160417474435888,0.2458484528376887,0.0999198420739257,0.1280519176134069,0.0214664074817823,0.0336785624692779,0.0164075696318615,0.0106504553429319,0.8931879794112582,0.4221030883594735,1.146384460780248,1.085402895278379,1.349809998716675,0.8924997892728673,1.2653710984211144,0.8999344937140265,14.0,4,0,70.5,81.0,10.5,14.73091986,38.47545674,52.25645351,13.78099677,7.356672305,31.5,5.5,8.0,7.5,32.0,49.0,False
S000039,phase,full,4,60260945,56.0,60,4,8,10,15,12,0.0296220674945656,0.0395622647677131,0.3120749783275207,0.0247543414189701,0.2137286703272241,0.1799827083957746,0.0943700539330737,0.055810057438178,0.0387262524069121,0.0354883328920817,0.0388453439584644,0.0108978022681125,0.5602453884915859,0.2888026308953881,1.1951345822768848,1.2734323196546118,0.9697980406317652,1.3925015962469651,1.2551346048025176,0.7718370208557793,14.0,4,0,174.0,389.0,215.0,65.82299497,45.44485098,122.1444914,76.69964046,15.66446655,27.0,18.5,295.75,464.0,210.75,178.25,False
S000040,phase,full,4,61260948,56.0,60,4,8,10,15,12,0.0174777042367011,0.0418204327299844,0.2196418275935376,0.0439954190040365,0.1134646967425307,0.1725640838036679,0.1311193151926585,0.0718349735918474,0.0831441776705424,0.0332583185168771,0.0120156743364196,0.0047560066393504,0.755603632981752,0.2379748362763755,0.9912889369208402,1.0053284939599958,0.963835336403545,1.299958529981922,0.8972471307545763,0.7833297327732862,14.0,4,0,45.0,50.25,5.25,5.909032634,22.9490237,26.50897927,3.559955575,1.985013172,38.0,7.75,10.0,17.25,12.75,37.5,False
S000041,phase,full,4,62260951,56.0,60,4,8,10,15,12,0.0184545395744388,0.0557968619312051,0.2244269110069757,0.0163957628236047,0.2119464383846595,0.2501823456205258,0.1765946416835585,0.0799175003789869,0.0244241747750886,0.0403063343105425,0.0255085388417376,0.0014189952553394,0.4635642552661635,0.3360506319305188,0.9806527943401432,1.0639227319353466,1.3247825328234106,1.2371471789941504,0.9651240186136616,0.8584315764881065,14.0,4,0,103.0,119.0,16.0,6.377042157,32.24146914,38.90301163,6.661542489,1.6626445,42.5,11.25,10.25,23.25,32.75,86.25,False
S000042,phase,full,4,63260954,56.0,60,4,8,10,15,12,0.0149753020876837,0.0458049074799643,0.1885792093495322,0.0283836206212566,0.1110735240436642,0.1915178595503368,0.0601238209523355,0.0495570388722351,0.049678737997699,0.0491104989527952,0.0255796952001794,0.0061676672822656,0.3779509123444465,0.3278379789491145,1.0873981853552408,1.0656303649197374,1.300336120349522,0.8923833234085999,1.222676219162191,1.0398671674565891,14.0,4,0,50.25,54.5,4.25,8.460693431,13.65144122,15.36865667,1.717215451,0.9995476388,41.0,4.5,9.0,19.25,18.75,35.75,False
S000043,phase,full,4,64260957,56.0,60,4,8,10,15,12,0.0232627623579157,0.0543157033360687,0.1463025679687079,0.0443787439191034,0.1101130095830621,0.1772155120340991,0.1243064599526733,0.053060886996572,0.0414989748578307,0.0654628327691199,0.0111940513797167,0.0015580252199073,0.872849327489157,0.4183547531361059,1.2918720672051025,1.0023376593092492,1.2707181013790578,1.039607446233862,0.941307530372593,0.8939138940430424,14.0,4,0,50.5,68.5,18.0,5.416025603,35.11706619,41.13903259,6.021966401,4.06299834,28.75,11.5,9.25,15.25,15.75,52.75,False
S000044,phase,full,4,65260960,56.0,60,4,8,10,15,12,0.013959781069781,0.0338650767445388,0.2238219753901002,0.0280623129822144,0.1086220473281093,0.2816053006562337,0.135096213620235,0.0657971961809779,0.0769901805201341,0.0390695000831964,0.0168159349378875,0.0016116553453948,0.6281860315570575,0.303760127407374,1.25676738176324,1.2896859072898734,1.2091369556881375,1.1201950228967452,1.0594599857057687,0.9506362518824392,14.0,4,0,66.75,89.25,22.5,6.454972244,29.88042248,40.52007875,10.63965628,2.940414872,36.0,10.75,15.25,24.5,26.25,63.0,False
S000045,phase,full,4,66260963,56.0,60,4,8,10,15,12,0.0138073757389177,0.0738899619849898,0.1370601960816253,0.0167695323178667,0.1344943775607029,0.2559186690305847,0.0638881696458881,0.1230424825860923,0.0201798970108204,0.0662891867895265,0.0280289463010954,0.0032128922931864,0.7455144223241321,0.304426577133097,1.2130862674096403,1.05334977191543,0.9635410551094744,1.2965623230593863,1.2000126793843993,0.949764900388384,14.0,4,0,60.5,66.25,5.75,5.852349955,39.73342046,49.65557202,9.922151552,3.295369024,49.0,7.75,8.25,9.5,8.75,57.5,False
S000046,phase,full,4,67260966,56.0,60,4,8,10,15,12,0.01677117556845,0.0530225585600871,0.2712102826687521,0.0416433809073933,0.1315976955119115,0.1751443975424764,0.1199909908800879,0.0934338924851997,0.0548308040583014,0.0563312490337863,0.0314486695878063,0.0027288609046904,0.5496284074555647,0.2373870397305583,1.0718397956907582,1.1036449429427269,0.9216941904310942,1.4174305856845453,1.315408418237654,0.8249323942107888,14.0,4,0,70.75,92.5,21.75,11.02648327,30.55410521,47.90559977,17.35149456,6.28057455,37.0,10.5,23.0,24.5,20.0,72.5,False
S000047,phase,full,4,68260969,56.0,60,4,8,10,15,12,0.0167079769020725,0.0395094209614443,0.2077279591181019,0.0314654373087129,0.1015248716018857,0.2358155104212909,0.1755037808952511,0.0676941458053808,0.0348598146029331,0.0841870242554978,0.0176285517854868,0.0018461740884727,0.4312059223824003,0.147604688770207,1.058485089356599,1.035680432143593,1.1463409055002471,1.0447893788109093,1.217762032330276,0.9957547597949424,14.0,4,0,67.5,72.5,5.0,4.082482905,24.66572864,29.9966899,5.330961255,1.746272387,39.25,9.5,5.0,12.25,10.5,62.0,False
S000048,phase,full,4,69260972,56.0,60,4,8,10,15,12,0.0328485888900127,0.0570647005542943,0.1292275321866484,0.0203011085982253,0.1959446306530413,0.2771392608817701,0.0850197744621982,0.0473672778901396,0.0617249208717652,0.0291701664424046,0.0324216245960294,0.0014102758139409,0.4433478444646949,0.4377681737970726,1.0252071228383568,1.2804042115882082,1.2336624811536463,0.948878666025808,1.0902444651973098,0.9020804608478894,14.0,4,0,53.75,76.5,22.75,12.5,16.15244088,20.58086414,4.428423259,1.65854301,31.75,14.25,21.0,45.75,31.75,44.75,False
S000049,phase,full,4,70260975,56.0,60,4,8,10,15,12,0.0205392157459965,0.0379702003391408,0.216588017953059,0.0192329986085316,0.1016807092089691,0.1619001090887366,0.1088276703625902,0.0657036195326124,0.0677439770325484,0.0350284076635428,0.0190118701212464,0.0025243648382877,0.3850579917884779,0.246278587630107,1.0041640346686076,0.9889694030792708,1.199286082006223,0.8503360513010103,1.2409952708800167,0.734483505685971,14.0,4,0,62.25,79.75,17.5,4.795831523,15.00614393,19.78461524,4.778471313,1.538429321,38.5,11.25,18.25,22.0,35.0,44.75,False
S000050,phase,full,4,71260978,56.0,60,4,8,10,15,12,0.0215901562625371,0.0617108377140511,0.1767336813571165,0.0173068807044387,0.1624519020608251,0.1422741273800582,0.1033150681524055,0.0511208376115719,0.0356166380735099,0.0713974915180339,0.0267365486073005,0.0013354732105721,0.5923247388368043,0.4216509809496651,1.0336482113459935,1.002766314812351,1.0721886646310237,1.332383966388502,0.9743227263307268,0.8149187441562125,14.0,4,0,76.5,89.25,12.75,7.365459931,33.63056469,40.32139492,6.69083023,3.033822912,39.5,12.75,34.75,44.75,18.5,70.75,False
S000051,phase,full,4,72260981,56.0,60,4,8,10,15,12,0.0165550097917424,0.059638986161119,0.2654723816405365,0.0284812484724806,0.1543742146404418,0.1466430185572363,0.1415809129476524,0.0504109872147484,0.0628731822872361,0.0244090649606841,0.0345093233729938,0.0030455093232978,0.3558235272044139,0.1060173035924066,0.9859578036005509,1.0214730652612265,1.1947949316055977,1.315947680114674,0.869547521171141,0.727200786473243,14.0,4,0,45.75,58.5,12.75,4.645786622,8.9428441,11.6422091,2.699364998,0.8102572085,44.0,7.25,21.5,25.0,23.25,35.25,False
S000052,phase,full,4,73260984,56.0,60,4,8,10,15,12,0.019198194233552,0.0686085445798356,0.1934818592212796,0.0357374976977445,0.1004594145438615,0.2331130553145047,0.1665444589417225,0.049974222809747,0.0203502374413008,0.0290406541903319,0.0235141150995701,0.0030394039674055,0.616720740418023,0.4314384291164466,0.9899565872606488,0.951403401530712,0.9310523736259082,1.1451059656227407,1.2271717921745506,0.919277282496224,14.0,4,0,51.5,54.75,3.25,8.421203398,21.27340052,26.38942187,5.116021358,1.233970896,37.5,7.25,5.75,17.5,16.0,38.75,False
S000053,phase,full,4,74260987,56.0,60,4,8,10,15,12,0.027694254089174,0.0822668101159563,0.2724361418805016,0.047262626852388,0.1569510820328626,0.2594586719787838,0.1685962117154144,0.0806591558307948,0.0710318993355873,0.0215810778654088,0.0115412406898652,0.0013459650157232,0.7803606200470814,0.1952854614252522,1.297049957742699,1.1824932710732183,1.241737885295607,0.8906806078426056,0.9791383447447516,0.9623296274902752,14.0,4,0,73.5,102.75,29.25,14.88567544,36.03429182,39.67344178,3.639149964,4.784393257,31.5,6.25,8.75,12.75,50.75,52.0,False
S000054,phase,full,4,75260990,56.0,60,4,8,10,15,12,0.0219527727815846,0.0324524322017523,0.3190099020541453,0.0253850520383108,0.10854672527351,0.2151694769219598,0.1070162111386028,0.0723859143131461,0.08262445436307,0.0679458141293497,0.0321062113565823,0.0010330016737416,0.4842419345451639,0.3745522919670286,1.0181453611975242,1.013449393146404,1.1569072126359117,0.9803147444625072,1.3019507564469714,0.9307375658820914,14.0,4,0,98.75,113.0,14.25,4.193248542,36.68676342,50.42397157,13.73720815,3.640275784,31.25,13.75,16.5,31.75,28.25,84.75,False
S000055,phase,full,4,76260993,56.0,60,4,8,10,15,12,0.0125885813606449,0.0445689901768598,0.2947021733043176,0.0245936610629248,0.2163901838991581,0.1818797025099528,0.0679165510062879,0.0545289639147479,0.0353877597613762,0.0608222555635578,0.0389643052406653,0.004482113591662,0.6191561018880221,0.199052001656922,0.9591727966633966,1.1086121372328035,1.1458934666853664,1.0415593533394418,1.2591524840312491,0.7665810085278157,14.0,4,0,147.75,252.25,104.5,41.36423576,57.20202695,110.9848871,53.78286015,15.54132587,43.25,9.5,87.25,160.75,103.5,148.75,False
S000056,phase,full,4,77260996,56.0,60,4,8,10,15,12,0.0162966764889682,0.0734944750347346,0.1513055058446819,0.0205305995863952,0.1073307989930735,0.26927649151458,0.0678893926623129,0.0586283875843839,0.0371428998878398,0.0328674970580758,0.0096844320103707,0.005423718194265,0.8593270600869581,0.1005731469965463,1.1732392244739864,1.0801612668197165,1.1281442567348323,1.2323253280626367,1.143664890825458,0.9841985850240896,14.0,4,0,60.0,74.25,14.25,9.639329161,32.06125809,44.26620864,12.20495055,6.524457536,41.75,10.0,5.75,23.0,27.25,47.0,False
S000057,phase,full,4,78260999,56.0,60,4,8,10,15,12,0.0127010105437977,0.0460698028590824,0.2702406420538015,0.0248503750596769,0.2072850152572563,0.1477273819238383,0.1371633518438321,0.0888438248018822,0.0408814318402452,0.0247665901593355,0.0208507563978973,0.0031591102939444,0.7810332181049701,0.1113479823865087,1.2081986225136154,1.1640472510010462,0.922188970004913,1.1625196483525049,0.8624350392878143,0.7425294276001322,14.0,4,0,106.25,164.5,58.25,37.00788204,36.24773334,53.03888809,16.79115475,10.73724751,40.25,10.0,52.75,67.5,88.25,76.25,False
S000058,phase,full,4,79261002,56.0,60,4,8,10,15,12,0.0170509528629394,0.0556703931714983,0.2279618100490216,0.0210847956981446,0.1426595354741166,0.176200607070821,0.0650680400036155,0.0605071466336708,0.020625333665657,0.0385491019733874,0.0109655247487226,0.0011610280363547,0.7321754641629402,0.1487398194255564,1.0371813242139836,1.1904443993705445,1.1261205432969477,0.998654730428574,1.0446158793015938,0.8719457839356244,14.0,4,0,110.5,157.5,47.0,11.69045194,50.18818724,64.04259478,13.85440754,2.494420908,43.0,11.25,31.0,63.0,72.5,85.0,False
S000059,phase,full,4,80261005,56.0,60,4,8,10,15,12,0.029059051182908,0.0782279438035448,0.3074552974764004,0.028368479181646,0.1248027528048321,0.1668867846314328,0.0935814185499886,0.1032041403169559,0.0307209203464784,0.0418325457454229,0.040745350078877,0.0098761588314349,0.4263540881071898,0.2694660771731689,1.016861880220546,1.2066268011758443,1.1926004538550423,1.261113626910951,1.0593726997731236,1.0065832026772643,14.0,4,0,97.0,134.75,37.75,22.11146008,23.65222156,35.27482957,11.62260801,4.787505564,35.75,10.75,46.5,48.25,57.0,77.75,False
S000060,phase,full,4,81261008,56.0,60,4,8,10,15,12,0.0301447254630726,0.0370125067071948,0.2622382920433325,0.0245097685507304,0.2109576200532983,0.2325579324862603,0.1431104012590052,0.11012050127001,0.0405943699458639,0.0487923826972636,0.0083020258758377,0.0021910319361177,0.7479092946533072,0.4321607744131099,1.0684349551192034,1.1068942982008865,1.3615326871034024,1.4098539127339118,1.3184670699908128,0.999646822375586,14.0,4,0,181.0,235.25,54.25,18.42778699,85.24628574,150.1751493,64.92886355,10.28377909,27.5,15.75,28.75,38.75,69.25,166.0,False
S000061,phase,full,4,82261011,56.0,60,4,8,10,15,12,0.0196992040429599,0.0386633500369793,0.1520311031563986,0.0269415279753015,0.1351238993373238,0.2350430893110678,0.1613987852914437,0.0495259389947054,0.0571875891097772,0.0520259854719932,0.0100950892493823,0.001899886491169,0.4618853197299911,0.213567078208738,1.3213443730958054,1.0825641749416086,1.2362697731750265,1.035477999369722,1.2792355760733585,0.7852632061534224,14.0,4,0,46.75,63.5,16.75,2.217355783,17.04775346,25.62160987,8.573856408,2.578373571,30.5,15.25,11.75,21.0,16.0,47.5,False
S000062,phase,full,4,83261014,56.0,60,4,8,10,15,12,0.0225200846627003,0.0815016199645561,0.259879848633766,0.0246937710665028,0.1975066894382679,0.1788343087731738,0.1714807961037885,0.1209599863929244,0.0286321588004857,0.0234218691520883,0.0102606792186081,0.0047751633023711,0.583188364226561,0.2567267915865837,1.2775698151573185,1.2905436039760605,0.9350674860351624,0.8984576732309044,1.1898033922337814,0.916226416960069,14.0,4,0,113.75,169.5,55.75,32.57171575,32.08331597,43.94538751,11.86207154,8.481901851,33.25,12.25,43.5,47.5,104.25,65.25,False
S000063,phase,full,4,84261017,56.0,60,4,8,10,15,12,0.0161224656676756,0.0356791862897882,0.1321965094191431,0.0327530368534302,0.1118846028723737,0.1742097434690214,0.1746047716951816,0.0532487456682583,0.0343107784098395,0.0591244912458642,0.0331648895580296,0.0015717096638707,0.3613477029762532,0.3269074416750416,1.1755481627634756,0.972207044766994,1.1915534745311556,0.85875795743155,1.1510736174206235,1.0433002015419053,14.0,4,0,46.75,47.5,0.75,5.188127472,14.44056391,15.22859935,0.7880354417,0.2933316952,34.0,9.25,5.0,9.0,9.0,38.5,False
S000064,phase,full,4,85261020,56.0,60,4,8,10,15,12,0.0298484155589408,0.033248306625557,0.1334911617712935,0.058860942977338,0.1607927262796839,0.1668220930144913,0.1492873340890267,0.1147151929474925,0.0323606123279943,0.0336304541496233,0.0292774385063869,0.0063194519144119,0.6641227280785078,0.4143718172500351,1.3465592254020629,1.083301685578564,1.1545838225084613,1.111171454190334,1.1083268678557108,0.8757461910260503,14.0,4,0,61.25,72.75,11.5,3.696845502,26.64519731,30.61571955,3.970522247,1.708619258,14.75,9.0,12.75,13.0,27.75,45.0,False
S000065,phase,full,4,86261023,56.0,60,4,8,10,15,12,0.0184281729943858,0.0749484477098156,0.2236559337513514,0.032758563475519,0.1218287242216676,0.2755214724809993,0.167265177128906,0.1063366142599793,0.0302373503796137,0.0559000313994733,0.0161081416011176,0.0052027225253727,0.856916241225817,0.341488257067149,1.2246910988959363,1.0259130802117682,1.348171323307524,1.342332791416844,1.049418388350405,0.7601548939993379,14.0,4,0,70.0,90.0,20.0,7.702813339,44.75595189,67.246781,22.49082911,6.807329737,41.0,8.75,5.25,12.75,17.5,72.5,False
S000066,phase,full,4,87261026,56.0,60,4,8,10,15,12,0.0143831712089875,0.0301389668814478,0.2766938041410804,0.0232086332943224,0.1402746367820828,0.1596306038897967,0.1601379351977194,0.077088360313106,0.0224557405398922,0.0798026793669565,0.0379584663968538,0.0068321653692669,0.558108167950759,0.2259031084005224,1.0192138127590469,1.2051150544171831,1.398843321363294,0.960481244537642,0.894602045472015,0.7797353605560939,14.0,4,0,65.5,88.25,22.75,8.732124598,26.89084244,33.58226968,6.691427245,2.976297092,42.25,9.25,29.25,34.0,23.25,65.0,False
S000067,phase,full,4,88261029,56.0,60,4,8,10,15,12,0.0147863867852242,0.0500898293586965,0.3090491743404789,0.0273204317012432,0.1951531154436982,0.2887468220027035,0.1069146588729841,0.1071422257320697,0.0221442493875947,0.0228461952784973,0.0087836367958264,0.0016236874412089,0.7031872367676182,0.4456323377056541,0.952180617282458,1.2507318557903764,1.3939814771344232,0.9446121924403068,1.167852059658152,0.8446305273563571,14.0,4,0,156.0,245.5,89.5,35.78174581,49.30495782,71.89830722,22.5933494,10.60921335,44.5,10.0,28.0,51.25,150.5,95.0,False
S000068,phase,full,4,89261032,56.0,60,4,8,10,15,12,0.0185169659449477,0.0568140501773965,0.1444225439395663,0.0263014962889589,0.1289871455991892,0.1870823369615525,0.073164951232658,0.1218241922173655,0.0367915943900447,0.0535704791096387,0.0178706332656227,0.002538125570704,0.4891470843672684,0.4207262959825464,1.2965390366182052,1.2699579782729882,1.4748654019610044,1.2426350186533923,0.8925140139566778,1.0451556423899917,14.0,4,0,79.0,110.0,31.0,15.76916823,28.72145417,37.00856067,8.287106507,3.552658488,38.25,11.0,20.75,17.75,29.0,81.0,False
S000069,phase,full,4,90261035,56.0,60,4,8,10,15,12,0.0174241579010587,0.0531953390156471,0.1547765665868379,0.0192913260801554,0.1664376922239556,0.2282874838731128,0.0890679672793358,0.0736677847592866,0.0402460510478045,0.0738636956952351,0.0134839802094102,0.0024957779876846,0.8427152928840158,0.2718975093738114,1.3115035916720506,1.1098554584355629,1.1489600329217002,1.3853230356919577,1.0190849709922574,1.032731557426119,14.0,4,0,81.75,101.0,19.25,17.25060385,51.35120414,69.71287766,18.36167353,12.98983182,33.75,16.25,19.5,37.75,20.25,80.75,False
S000070,phase,full,4,91261038,56.0,60,4,8,10,15,12,0.0159046095865911,0.0498029280779356,0.1926214566663751,0.0281993390288076,0.1019373575840279,0.198664884534131,0.0894406370840249,0.1106754860172822,0.0540165053075584,0.0383412159034045,0.0139089415690568,0.0084395659511874,0.6950199991986111,0.2212643268866008,1.1176550876978968,1.1461040571885948,1.1675374291954022,1.1558607597098671,1.0175144021157665,1.011798459193591,14.0,4,0,62.0,65.0,3.0,3.915780041,26.96129699,28.25886053,1.297563536,3.935645115,40.0,7.25,11.0,10.75,24.0,41.0,False
S000071,phase,full,4,92261041,56.0,60,4,8,10,15,12,0.0135952618256366,0.0560176431929484,0.1970078998759699,0.0412441991211913,0.1417669583058681,0.1426184259505163,0.1237931988207235,0.0456588937821543,0.0333866513073313,0.0349147153759373,0.0188880359368218,0.0012240584951589,0.6110815206149922,0.260006349822786,1.1994138535258827,1.0090499461396385,1.327304702237061,1.0046030347234176,1.0689510430406404,0.742079967902879,14.0,4,0,47.5,68.25,20.75,12.17579566,20.42448572,25.96290531,5.538419588,4.122015676,41.25,6.5,10.25,20.25,26.25,42.0,False
S000072,phase,full,4,93261044,56.0,60,4,8,10,15,12,0.0250983550065165,0.0487794314306938,0.2901666773216828,0.0301774020728708,0.1194469264750177,0.1638962498803753,0.1101932011168118,0.0549085264278501,0.0441139523286809,0.0551468051812472,0.0226248290209317,0.0023998913970791,0.6734714361249103,0.3197480769729587,1.065363784732824,1.093902825740338,1.490258126331858,1.1880123352353853,1.1246078350551212,0.9522339117032032,14.0,4,0,93.75,129.5,35.75,12.36594787,46.5280843,70.6264316,24.09834729,6.479476564,30.0,9.75,23.75,36.0,35.75,93.75,False
S000073,phase,full,4,94261047,56.0,60,4,8,10,15,12,0.0168046720378145,0.0337217477676707,0.3109326571214329,0.0385706891654366,0.1139106930027129,0.258835572064167,0.0894254012248111,0.0992501715117662,0.0833843537998256,0.0632827771349668,0.026686326433104,0.0023730242845548,0.3543509269845572,0.4228810097726141,1.1415965873149654,0.9827267340608238,1.011208302151278,0.8525074064063235,0.8546718362101187,0.8102478871677093,14.0,4,0,97.5,106.25,8.75,18.080837,26.2582074,23.75097472,-2.507232685,1.981899815,33.0,10.75,15.0,22.25,32.0,74.25,True
S000074,phase,full,4,95261050,56.0,60,4,8,10,15,12,0.0126030388395722,0.0312559630833268,0.3141963484108745,0.0270612605512081,0.1248713362423583,0.290690554114848,0.1240401590158566,0.0828501712106138,0.0730764197637226,0.0267342649958126,0.008595865749178,0.0024461656486397,0.4454660840507794,0.2501806599380932,1.2723601006325025,1.0709436928191811,1.2427201060711663,1.3045078616099135,1.1047269689419337,0.9761384773486056,14.0,4,0,87.5,112.75,25.25,12.06579187,19.72971006,29.00271839,9.273008332,2.339483041,38.5,10.0,11.75,20.75,52.0,60.75,False
S000075,phase,full,4,96261053,56.0,60,4,8,10,15,12,0.0197718387684171,0.0669631053383263,0.2735290688985204,0.0324192067432421,0.167200496900589,0.1965891467840261,0.1300670661207277,0.0966644866092158,0.0504216652288558,0.0294490097081781,0.0117216387492405,0.0098503955262473,0.4814817624535383,0.3331432280106164,1.3329749414663004,1.2301845580084598,0.9947561434551064,1.4438357981451824,1.3805295242902274,0.813965855364,14.0,4,0,83.0,137.75,54.75,20.83866598,21.99368483,47.83441673,25.84073191,6.794813679,34.25,10.75,35.25,43.0,62.75,75.0,False
S000076,phase,full,4,97261056,56.0,60,4,8,10,15,12,0.0136097799135839,0.039670569546989,0.20663957998181,0.0196660938505312,0.1022011395254554,0.242980213022601,0.0727597209049445,0.0899749624677203,0.0813980570506047,0.0293921694254,0.028131630431512,0.0060996809003286,0.4964151614239327,0.300708861643799,1.0380775272469234,1.0231363977156105,0.9074038046232192,0.9644050384704496,1.078597977473431,0.8545977538753015,14.0,4,0,59.75,55.75,-4.0,10.16530045,17.97955778,18.44305521,0.4634974319,2.568280764,42.0,11.25,9.25,16.0,20.0,35.75,False
S000077,phase,full,4,98261059,56.0,60,4,8,10,15,12,0.0172613373418481,0.0500133882325149,0.2188165412539122,0.0592188946311474,0.1541776472115236,0.1612776637367795,0.0869004727596748,0.0532850773995695,0.0345825919054513,0.0440903518163995,0.0369142473796373,0.004744891669456,0.3616337791331476,0.3477951458973004,1.3054125351162151,1.2039273287322754,0.983047861361882,1.141720954372064,0.9155758887056696,0.997203041306022,14.0,4,0,65.25,77.0,11.75,13.07351011,17.60907048,17.93283799,0.3237675129,3.302660531,32.25,6.0,29.25,44.5,27.0,50.0,False
S000078,phase,full,4,99261062,56.0,60,4,8,10,15,12,0.0132796908357442,0.0663761575777001,0.1483571992249958,0.0363063058716591,0.191139940086382,0.2440977558257745,0.1335923687110614,0.0899999235242254,0.0780863369389689,0.0219223418346782,0.0107198806528235,0.0054967444467259,0.4148501897018238,0.2276923522568446,1.1781676445372344,1.2830252890042548,1.4193551932327038,0.9250445301129084,1.3915511399808274,0.9208105445047784,14.0,4,0,47.0,64.75,17.75,3.201562119,10.5361154,15.56063151,5.024516106,1.658872202,43.75,5.5,13.25,9.75,34.25,30.5,False
S000079,phase,full,4,100261065,56.0,60,4,8,10,15,12,0.0238142770590381,0.0508491834710488,0.1223063701296617,0.0249119728592806,0.1437054150643191,0.1728863154037115,0.0616943005080929,0.0778610598001695,0.0509891634591227,0.0692402689496212,0.0164551394160965,0.00122830825828,0.6578111695534706,0.4072990135341862,0.9518452743291352,1.189517938097291,1.3806278087080912,0.8845910010424858,1.3127220187328283,0.7359648587273327,14.0,4,0,89.75,123.75,34.0,9.763879011,44.18397402,71.25031676,27.06634274,11.29459845,34.0,12.0,23.75,29.75,36.25,87.5,False
S000080,phase,full,4,101261068,56.0,60,4,8,10,15,12,0.0167167013525263,0.076186510101335,0.2296443666138962,0.0427021791636855,0.1273076319495499,0.2194436402476036,0.0987318368061397,0.0783661453593521,0.0278523167219263,0.0715616971007478,0.0113104161329014,0.001912648777481,0.4342404949733447,0.3011607576788679,0.9934637247444478,1.0932160610877728,1.3617207286896682,1.1509725170412204,1.2620922160349914,0.9344892491312852,14.0,4,0,79.5,88.25,8.75,2.62995564,28.33256454,37.52344923,9.190884685,3.103117947,45.5,5.5,10.25,13.25,14.25,74.0,False
S000081,phase,full,4,102261071,56.0,60,4,8,10,15,12,0.0260975703170974,0.0752413123802055,0.1220994679666705,0.0257663637778132,0.2087858417955926,0.2601481887232249,0.0847332480562832,0.0699061032926959,0.039652643128605,0.0728153290891002,0.0249893751972494,0.0033086848937619,0.6810479392884834,0.1245144181142033,1.2198426323210168,1.1180683391046569,1.1298093944102685,0.9035979597512382,0.9274392814903004,0.7441544627367829,14.0,4,0,84.75,122.75,38.0,16.79285562,45.5056596,56.85307275,11.34741315,8.963466101,36.5,11.0,13.25,37.5,34.75,88.0,False
S000082,phase,full,4,103261074,56.0,60,4,8,10,15,12,0.028712247839659,0.0301509679257341,0.2052412388484927,0.0390718799202126,0.2048494090036592,0.2985396701217913,0.1338045220095254,0.12494215736889,0.0608493613433132,0.0823115590652386,0.0081843270396825,0.0074439471027555,0.8618206864869075,0.1138102127263597,1.1889964385475562,1.151436881877436,1.060219612036995,1.2897427116439424,1.1522473525545254,0.8561882083505502,14.0,4,0,113.0,165.5,52.5,31.87998327,71.78051767,123.0136924,51.23317473,23.74609114,21.0,11.5,18.0,26.25,37.25,128.25,False
S000083,phase,full,4,104261077,56.0,60,4,8,10,15,12,0.0126915883415644,0.064331942648761,0.2546191043804701,0.0581960230225987,0.1512895179338338,0.2690892680842187,0.1010769126314412,0.094361909890716,0.0291886455299045,0.0364487823516292,0.0331058595463891,0.0010568728541894,0.7539016250918715,0.2251988692775564,1.000292531715766,1.1936813254205365,1.01254704001003,0.9799531212671302,1.05028026508538,0.8535785576836752,14.0,4,0,66.25,91.25,25.0,1.414213562,37.47664273,47.50642091,10.02977818,5.6007844,42.25,5.0,10.5,19.25,30.75,60.5,False
S000084,phase,full,4,105261080,56.0,60,4,8,10,15,12,0.0153329607896356,0.0513643289848638,0.1288900858465184,0.046645705650073,0.1846734848668949,0.1408932107925013,0.1162599710222354,0.111250265372777,0.0706277787032196,0.0215498468025869,0.0140736068845012,0.0010075496951527,0.6555144735170773,0.1497746546416712,1.0823906882947214,1.2058218234991585,1.2916613958081875,1.388013488532254,1.1929252454570198,0.9809423681566382,14.0,4,0,75.0,105.5,30.5,19.13983629,27.34234544,42.30722167,14.96487623,6.978642252,35.25,6.5,34.25,23.25,49.0,56.5,False
S000085,phase,full,4,106261083,56.0,60,4,8,10,15,12,0.026898278877733,0.0337578237782889,0.1521608086375742,0.043043883329685,0.1673489058527286,0.2239054797704633,0.08100752328339,0.0571683818939526,0.0328442433773022,0.028138466705419,0.0430652857592717,0.0012520935846594,0.5779953803409984,0.4189607137603233,1.08357172430367,1.0876175452489227,0.9250393486126764,1.0096602473358935,1.3205975145587034,0.7200526464778246,14.0,4,0,65.25,88.0,22.75,11.32475165,23.51792079,37.23346728,13.71554649,3.703007109,24.0,9.75,14.75,46.0,35.25,52.75,False
S000086,phase,full,4,107261086,56.0,60,4,8,10,15,12,0.0275842834753676,0.0719424887003056,0.2753523896789854,0.0202622303810434,0.1447848164912494,0.1851314486005412,0.1202008657442242,0.1203865393036119,0.0215014462607006,0.0628132821024647,0.0163430904377662,0.0050458325594177,0.4737871137267344,0.4155150830206684,1.056370056275771,1.2709379487507493,1.4270372876525377,1.143635949228662,1.073091238181098,0.95317903286298,14.0,4,0,144.0,208.5,64.5,7.937253933,46.79044404,74.07155927,27.28111523,4.043092022,37.25,11.0,33.75,32.25,60.75,147.75,False
S000087,phase,full,4,108261089,56.0,60,4,8,10,15,12,0.0220153880600966,0.0431145249320913,0.1345091822408854,0.0240340986576431,0.196462116219334,0.1956467477166325,0.1431416768363596,0.0454048016311168,0.0843834415787033,0.0354645939163156,0.0110764011164292,0.0028368554351951,0.5700170025824688,0.213731406693455,1.1830145586056244,1.01178495496237,1.4142398787074155,1.1192236258320547,0.9074193373456448,0.9203843774659792,14.0,4,0,52.75,67.0,14.25,4.716990566,22.36655525,26.52998632,4.163431076,4.741893018,33.0,13.75,10.75,17.0,18.75,48.25,False
S000088,phase,full,4,109261092,56.0,60,4,8,10,15,12,0.0231611648792509,0.0331195951259533,0.1398426370049652,0.0482876942041974,0.1694478560724491,0.2211023412206197,0.06954622511024,0.0961880753776826,0.0629102897904683,0.0246825877123557,0.0095420729707829,0.0049691046807208,0.6270196593945678,0.3174988926098129,1.3081674092518245,1.0564589387446608,0.9826674651216182,1.1924765284110204,0.9123403077019714,0.8330909646123464,14.0,4,0,79.25,87.5,8.25,6.075908711,28.48279841,29.52148215,1.038683739,4.748659905,22.0,9.25,8.5,14.75,37.25,50.25,False
S000089,phase,full,4,110261095,56.0,60,4,8,10,15,12,0.0306854929917761,0.0556121366439744,0.222126262817433,0.0152181308131636,0.1291490557832276,0.2418046837448839,0.09500396224812,0.0672988486518968,0.0402610269341066,0.0261866956195353,0.0161533090649552,0.001298616575787,0.6815131254302926,0.4148039316956856,1.3139763378069562,1.271962141791883,1.2670945406186442,1.106039725652182,1.055455745611347,0.776171464862947,14.0,4,0,105.0,183.0,78.0,30.95157508,36.53890172,64.23793986,27.69903813,10.26536541,29.5,21.0,28.75,64.25,92.5,90.5,False
S000090,phase,full,4,111261098,56.0,60,4,8,10,15,12,0.0161919093267071,0.0374771302721197,0.221511134241416,0.0241389805558165,0.124758603687195,0.2508685440745505,0.128606995792174,0.128773517436019,0.0322066645534698,0.0288885498927155,0.0323864728450266,0.0057871687216857,0.7977693786329509,0.1344765627343944,1.3356229729559397,1.145313010405593,1.032328054102513,0.890444617283402,1.18813230745957,1.010318728940579,14.0,4,0,72.0,83.0,11.0,3.651483717,32.84361101,36.50265012,3.659039112,1.664471585,31.75,16.25,16.0,22.0,42.5,40.5,False
S000091,phase,full,4,112261101,56.0,60,4,8,10,15,12,0.0223697487838281,0.0314907053658157,0.1737454794076554,0.0181363258362634,0.1915886869798629,0.167067903239441,0.062371935560066,0.058203962657861,0.024737257240632,0.0481331556127664,0.0176165855290626,0.0073641301153877,0.3767696219563558,0.1373478600873198,1.2233702647432816,1.103751291967329,1.181734868298381,1.2839682647302717,0.8841324877703556,0.8360832621608171,14.0,4,0,198.5,284.75,86.25,41.46785904,40.49681785,55.24415754,14.74733969,6.081259957,30.5,18.5,129.0,199.0,121.5,163.25,False
S000092,phase,full,4,113261104,56.0,60,4,8,10,15,12,0.0166823204795747,0.0356482572767412,0.2012862080323927,0.023530422340981,0.1625387871027174,0.2124704890165079,0.0920579077198887,0.0830786174728368,0.0706596106216402,0.0295818918759598,0.0104487413161537,0.0088837168661787,0.3744620128124959,0.3732552978250607,1.2692473251576677,1.1980075009883255,1.1507174539054283,0.9145546525059804,0.8684621534655521,0.9926338374734228,14.0,4,0,76.25,108.25,32.0,19.33907961,14.83455163,17.61808034,2.783528715,2.735960557,36.0,13.25,29.75,30.25,54.5,53.75,False
S000093,phase,full,4,114261107,56.0,60,4,8,10,15,12,0.0169098317373041,0.037589752912619,0.2775932401559574,0.0425332836436232,0.1303378101522704,0.2280499807087049,0.0691826276285966,0.0931895642264476,0.0514610351454372,0.0754472003989952,0.010190089414585,0.0047830626079253,0.5289447567431378,0.2440185916752377,1.0856855324823216,0.97619894705828,1.1141305248594495,1.3460140300300565,1.361082485520609,1.0199555325219662,14.0,4,0,97.5,91.75,-5.75,11.72959221,40.37725877,52.81088024,12.43362147,6.752913677,35.5,6.0,13.5,19.25,11.75,80.0,False
S000094,phase,full,4,115261110,56.0,60,4,8,10,15,12,0.0128560039036986,0.0394211529099629,0.1299049624204183,0.0506351434067725,0.1769785421092634,0.1842237763156626,0.1248529499181273,0.05193619178406,0.0217769654631896,0.0474440377465309,0.0240342422859825,0.0025321382807144,0.8914821570493229,0.3151154235511102,1.2251690279097764,1.281732364382815,0.9631824311913004,1.2872200722522884,0.8850714137238077,0.7583819924755728,14.0,4,0,51.25,75.25,24.0,10.36018018,35.67104005,45.92976325,10.2587232,5.032536472,34.75,8.75,16.0,38.25,19.25,56.0,False
S000095,phase,full,4,116261113,56.0,60,4,8,10,15,12,0.0173675549156535,0.0433332522332499,0.1773559291114747,0.0152570433625415,0.1000870229486419,0.2301525510152363,0.1280862217535078,0.0855474841708985,0.0382660950675207,0.0342963672971526,0.0092042193564216,0.0013177515835602,0.658364698702453,0.104102101939926,0.9613413860793748,1.0792881637418434,1.118953017158907,1.213977986810671,0.9891927724749168,1.038719016970962,14.0,4,0,69.5,72.0,2.5,4.654746681,30.94228172,32.34463172,1.402350005,2.080020025,44.75,12.0,8.25,13.25,23.5,48.5,False
S000096,phase,full,4,117261116,56.0,60,4,8,10,15,12,0.0336835966172903,0.0309172374374607,0.2258594365447379,0.0290659627358773,0.1818412720276149,0.2652477158595193,0.1362887683306838,0.1072068387416828,0.0290307073164258,0.0304668017924753,0.0148448493545913,0.0013833689354128,0.372395620019828,0.3410860278844805,1.1920869515726358,0.9756473253897564,0.974573485941454,1.2561030002348652,0.8629656904772466,0.7343882374711218,14.0,4,0,162.0,184.25,22.25,14.63728117,34.76877215,38.07571795,3.306945793,3.66261908,22.0,17.25,16.75,39.0,73.0,111.25,False
S000097,phase,full,4,118261119,56.0,60,4,8,10,15,12,0.0226032504616914,0.0418610564755543,0.1430104986944293,0.0590491279208163,0.1514551478663956,0.2878328537317815,0.0914345670084354,0.116493130252113,0.0320186421865818,0.046351036328311,0.0237157672492592,0.0036562977210081,0.8189042669059047,0.2558679141952665,0.9872842121918952,1.0050474905985742,1.0670270687828949,0.9176250153437936,1.035368171308202,0.8915224241402337,14.0,4,0,71.5,74.75,3.25,4.991659711,43.76764891,45.1303161,1.362667183,3.877045757,29.25,7.0,7.25,10.0,21.25,53.5,False
S000098,phase,full,4,119261122,56.0,60,4,8,10,15,12,0.0135472881351249,0.0762403164416263,0.3041021558668836,0.0394948323529029,0.114349912509738,0.2997156881847453,0.1119709305224261,0.0728299411174866,0.0821752639057973,0.0444722151390145,0.0429449179548602,0.0066168174067194,0.5953643114282566,0.2820650203411646,1.3276463969663688,1.2826629431592476,1.3041115205391878,1.1246091001350167,1.026764460332238,0.7991115973868906,14.0,4,0,33.25,57.75,24.5,15.92691642,15.1896781,24.81877492,9.629096814,6.106180291,42.25,5.25,7.25,18.75,16.25,41.5,False
S000099,phase,full,4,120261125,56.0,60,4,8,10,15,12,0.0134202011977082,0.0475453328890746,0.1563081207903033,0.0230806953578333,0.1949387211063095,0.1459030266402117,0.0850573994574698,0.0983215040345326,0.0346493845838253,0.0271511933193651,0.0438255803672548,0.006078022024212,0.8387695411532133,0.2023808451878211,1.0084552938329827,1.0293549668009736,1.4485846904455024,0.8517149222401652,1.2392272811044311,0.8941991950457191,14.0,4,0,74.0,91.0,17.0,6.271629241,29.92982325,39.76996292,9.840139664,2.084620717,44.25,8.5,42.5,29.0,50.25,40.75,False
S000100,phase,full,4,121261128,56.0,60,4,8,10,15,12,0.0327053389620798,0.0486560235156349,0.3188958940624145,0.0200028396986934,0.1157946675531287,0.2633202463406727,0.1127970834344542,0.066821651116368,0.0484473234083087,0.0205118776627227,0.0440412638689039,0.0052987875870203,0.4777862090209989,0.4286456603122672,1.2685740458767514,0.985281364573916,1.3383344023799295,1.1884922461117742,1.0653794924996087,1.009275714721557,14.0,4,0,86.25,113.0,26.75,15.7770931,19.73067383,27.69368356,7.963009724,2.059489094,25.75,18.25,19.75,53.0,57.75,55.25,False
S000101,phase,full,4,122261131,56.0,60,4,8,10,15,12,0.0346026823918058,0.0356216878996231,0.1469697380288992,0.0391109598516134,0.1692891937629134,0.2745423321985235,0.0780809617952269,0.055512890823016,0.0270649385043548,0.0493460258905159,0.0415680366388174,0.004165708836088,0.7800591101734249,0.1107280781677425,1.3134782071909037,1.2417149736916708,1.230690414158589,0.98296624585051,1.368655319065296,0.9577475136716194,14.0,4,0,80.25,127.25,47.0,8.602325267,42.72408371,77.61132364,34.88723993,6.875289864,17.75,16.25,22.0,65.75,48.75,78.5,False
S000102,phase,full,4,123261134,56.0,60,4,8,10,15,12,0.0139470947787859,0.0526036683592644,0.1330614369957963,0.0273517934421712,0.1630580463541333,0.2317449586563822,0.1018811120020259,0.1065615288997293,0.0300098663111725,0.0300460929312628,0.0382708830401647,0.004522453839686,0.6372459775803898,0.3722390871660106,1.086732646104614,1.1328002788816285,0.9037312426799292,0.9292920645622388,1.3371382973311008,0.7262680625314359,14.0,4,0,56.75,63.75,7.0,12.08304597,20.97069862,26.50985295,5.539154331,5.109935101,43.25,7.75,9.5,17.5,28.0,35.75,False
S000103,phase,full,4,124261137,56.0,60,4,8,10,15,12,0.0347522600608946,0.0481922643555997,0.131874584282829,0.0488129715206659,0.1603700700014938,0.1843219955144321,0.0887367467429473,0.0528839188523083,0.0551415924224949,0.0658637409967258,0.0315043963352553,0.0011585239585456,0.4098773917692269,0.1365327169299003,0.9843611452625588,1.2966986873943174,1.241063305254528,1.0224127102852407,1.0740548229207465,0.9026244942750112,14.0,4,0,67.75,90.25,22.5,20.46948949,21.70978613,29.15174091,7.441954782,5.131134983,23.25,7.25,22.75,33.5,22.25,68.0,False
S000104,phase,full,4,125261140,56.0,60,4,8,10,15,12,0.0168151501549827,0.0585785343701533,0.1289595797309216,0.0563058560767305,0.1697196789752102,0.1679525237042094,0.1532550779834019,0.0878001057881629,0.0578018126268248,0.0213453572105607,0.0093301664015307,0.0041004919447144,0.7704991340495917,0.2115038584329412,1.3022682673453974,0.9656518061582816,0.9923530456227138,0.8880335481948957,1.0121186727805356,0.8832695596002068,14.0,4,0,48.5,51.75,3.25,4.272001873,22.35188429,22.07974375,-0.2721405379,1.01382673,32.0,5.75,4.0,8.0,22.5,29.25,True
S000105,phase,full,4,126261143,56.0,60,4,8,10,15,12,0.0221312903125838,0.0490820001236968,0.2029163294714548,0.0347746612969325,0.1311726608070383,0.1662096741838443,0.1125598244891043,0.1009895997813194,0.0637517477965978,0.0380584917289069,0.0115975662046359,0.0073191247254157,0.7738207350912598,0.2806387880574728,1.1272221945421588,1.1337257674599113,1.0158940790110669,1.3249807236234474,0.8609540853825559,0.814103398169604,14.0,4,0,77.75,91.25,13.5,5.916079783,35.29966659,41.67314729,6.373480701,5.029071306,28.75,11.0,18.25,20.5,31.5,59.75,False
S000106,phase,full,4,127261146,56.0,60,4,8,10,15,12,0.0216176818838886,0.0319455331697977,0.2818563658160481,0.0183670619308693,0.1021702511914552,0.2595875324107297,0.1085721219136753,0.0506866296782301,0.0304729038463783,0.0202512038155792,0.0242652025935595,0.0021219720694423,0.5247780360316479,0.3425056648497838,1.180004239118578,1.1759399939460031,1.442010233149529,1.3282112309780647,1.2187111905964951,0.874867489444791,14.0,4,0,90.75,139.5,48.75,12.33896268,21.95497511,37.88056564,15.92559053,3.14251587,27.75,20.75,24.25,71.5,76.75,62.75,False
S000107,phase,full,4,128261149,56.0,60,4,8,10,15,12,0.0237764184550302,0.0363648878636737,0.194593711509928,0.0338712549021013,0.1042138694610993,0.2858471119969517,0.1082273317841251,0.0911205291946767,0.0763454622306738,0.0384141233463698,0.0427533837302954,0.0103684120831823,0.3964597316224782,0.400538093899602,1.0730186514544189,1.157808283180961,1.0836957427992606,1.4124515403472042,1.0827841031487353,0.7877544695697326,14.0,4,0,43.5,68.0,24.5,11.70469991,12.01285196,19.84623251,7.833380546,2.095696657,28.75,15.5,9.0,18.5,21.25,46.75,False
S000108,phase,full,4,129261152,56.0,60,4,8,10,15,12,0.0151441092730667,0.0381345372746323,0.1262233651441392,0.0286405278278117,0.1946681725676422,0.1419967689515375,0.0805872309070514,0.0682230118391243,0.0202579273891157,0.0226296087448644,0.0166077294400481,0.0039392683478246,0.5261842438701774,0.3724014249014701,1.2400018498802656,1.1924583300181957,1.451249326824726,1.0911217828634217,1.2365809353200967,1.0204864043178254,14.0,4,0,96.5,181.5,85.0,51.99358935,21.64999876,39.88885001,18.23885124,8.815423641,33.75,11.5,88.25,92.5,116.75,64.75,False
S000109,phase,full,4,130261155,56.0,60,4,8,10,15,12,0.0236190604135363,0.0760540023612282,0.3057949369578026,0.0154152739086349,0.1002653511851761,0.2552645345920225,0.1019607632798719,0.0493740563985992,0.0697346953439741,0.0285959218066168,0.0273476733655384,0.004218909943419,0.7638179101937919,0.3593019488684211,1.2974250386544504,1.0545132940568307,1.2367037630909343,0.8960413558311537,1.3545013275824531,0.8556280538989152,14.0,4,0,61.75,85.75,24.0,5.099019514,27.28935983,39.35575823,12.0663984,3.947095106,39.75,13.25,17.25,41.5,43.75,42.0,False
S000110,phase,full,4,131261158,56.0,60,4,8,10,15,12,0.0229458068834943,0.0576550664043344,0.1723558391604694,0.0244976124930523,0.1935487351325761,0.2068964359660366,0.1584033542246188,0.0701195890139154,0.0229760733402771,0.0273674967199423,0.0128720178080658,0.0029550901137823,0.69347963187651,0.2155119972936622,1.1884588211571667,1.03159745463264,1.456496434340704,0.8763644866042523,1.1709606319106485,0.8872160396843256,14.0,4,0,96.0,119.75,23.75,17.96988221,35.27703872,44.79355302,9.5165143,5.614332874,34.75,13.25,25.0,36.0,61.5,58.25,False
S000111,phase,full,4,132261161,56.0,60,4,8,10,15,12,0.0185020717526013,0.0459325285213754,0.1748566539126675,0.0489412606135959,0.1090322421781003,0.1976772628561375,0.1296177624768955,0.0567578706363357,0.0392523284972171,0.0515518579088643,0.0105949868250411,0.0017789014994674,0.7516917022832882,0.3549223194939451,1.164343718604728,1.004808372457373,1.0711041138345117,1.183105317350264,0.8735750764974863,0.7724182335080838,14.0,4,0,56.25,61.75,5.5,7.325753659,33.16143657,32.46103812,-0.7003984468,3.163701781,34.5,8.75,4.5,11.75,16.25,45.5,True
S000112,phase,full,4,133261164,56.0,60,4,8,10,15,12,0.02849465069957,0.0509953061523713,0.1802429437943733,0.0244122661996913,0.1827641420818289,0.2689480337149002,0.0682170380458576,0.0664102422681558,0.0625303118359688,0.0448868402162664,0.0109414617293182,0.0055591513039055,0.7724122947735793,0.1911841870982034,1.2513634179530817,0.9989302186481238,0.9814043470129244,0.9633384856480836,1.115784096569651,0.9372599758820728,14.0,4,0,104.0,106.25,2.25,5.737304826,50.34627912,54.88238974,4.536110621,5.555975635,29.25,13.25,15.5,31.25,40.25,66.0,False
S000113,phase,full,4,134261167,56.0,60,4,8,10,15,12,0.0320308603128744,0.0656112120828762,0.2496275413941749,0.0353403583180115,0.1220514202572286,0.2778479563760634,0.0620080996076482,0.0498419296523563,0.0522709205292341,0.0801677575616169,0.0328409388146859,0.0025002328440794,0.8948404895095505,0.2656713830029203,0.961445458078309,1.1282850841453198,1.3700305461855573,0.9895578875446376,1.1261426575595397,0.9945528579184664,14.0,4,0,90.75,110.0,19.25,10.27537509,66.33744073,85.1459627,18.80852198,7.90550569,32.75,9.0,17.0,35.5,24.0,86.0,False
S000114,phase,full,4,135261170,56.0,60,4,8,10,15,12,0.0176442764130846,0.0639628028602065,0.2101701248197688,0.0394145410948124,0.1236036236085234,0.1923068046576134,0.0646688836860251,0.0483237563012893,0.0369404449910577,0.0298821586352981,0.0103035710559404,0.0014420671306452,0.6087019848662695,0.2038875297531756,1.02624223549523,1.2596001072554175,1.2371344155869628,0.8611110875421246,1.1486311089127814,0.8784554558390522,14.0,4,0,71.25,101.25,30.0,7.16472842,24.62061855,34.26298284,9.642364289,4.187464222,38.75,9.5,18.25,43.5,50.0,51.25,False
S000115,phase,full,4,136261173,56.0,60,4,8,10,15,12,0.0280467246391347,0.0751592812824024,0.1690158686866453,0.0190484033629199,0.2055474836498992,0.1988903241227968,0.0636862980193282,0.0554706891113023,0.0249268211482777,0.0485373463259204,0.0206249142070339,0.0011415400602734,0.7209293020956962,0.2043973437580741,1.1971732987543555,1.0852058632586752,1.2054291914130553,0.9019164010289428,1.1913339491710873,0.7438377462033363,14.0,4,0,135.75,208.25,72.5,22.70829511,58.85315481,95.78614982,36.93299501,8.544527861,38.5,11.0,65.25,131.5,93.5,114.75,False
S000116,phase,full,4,137261176,56.0,60,4,8,10,15,12,0.0178723630228398,0.0694705022645676,0.3050923637701387,0.0215374221038794,0.1467996642030269,0.2339957748880058,0.1469317360546776,0.1066215652942317,0.0269917479977055,0.0423490076147526,0.0186914026506356,0.0119084140978458,0.646985034091091,0.3431355604760312,1.1478879257250685,1.257560579407543,0.9312349001312988,1.0231906748306143,1.3092299376615593,0.820918663689552,14.0,4,0,86.0,130.25,44.25,11.61536339,32.26077612,55.93152252,23.6707464,4.942878414,42.0,14.5,21.0,39.75,62.5,67.75,False
S000117,phase,full,4,138261179,56.0,60,4,8,10,15,12,0.012161023363657,0.0710584423624128,0.1260493052829863,0.0411055689477341,0.1795290053898804,0.1734081576472677,0.1342906637973538,0.1298869824035555,0.0298297868059919,0.0511513109776026,0.0305214588578572,0.0065336988179877,0.7931379814761468,0.1704659054623556,1.005488899843988,1.1369819962170316,0.914281510943344,1.1312506563903597,1.3240292197130723,0.87114272682718,14.0,4,0,43.75,43.75,0.0,6.683312552,24.80446619,32.27909079,7.4746246,2.922916962,46.5,4.25,4.75,5.25,8.5,35.25,False
S000118,phase,full,4,139261182,56.0,60,4,8,10,15,12,0.0228522492363167,0.0619990416143853,0.215676115591064,0.026768446751836,0.1029466625834878,0.158679995665782,0.1185714613382673,0.11883848239155,0.0752054078855531,0.0478243202098005,0.0128667356327492,0.010515119257872,0.5009044743101916,0.3534058602393657,0.9958485484902077,1.1017788267808637,1.2448948345428388,1.4134123875273947,1.3555958548805285,0.804993767437234,14.0,4,0,67.0,76.75,9.75,5.678908346,22.28506242,35.55168009,13.26661767,2.570119627,35.5,9.5,13.75,9.25,19.75,57.0,False
S000119,phase,full,4,140261185,56.0,60,4,8,10,15,12,0.0277673316649712,0.0402280419801731,0.1804980195065632,0.0195073517061775,0.1658118658234794,0.1950247987013995,0.1475768101405539,0.0700871875331083,0.0253729694186671,0.0829475737592093,0.0170777480472909,0.0039129549013737,0.6675924590422312,0.3681671239713716,1.0146899842777606,1.2159371147394118,1.0552997937879902,1.2884435793991866,1.155967875740466,0.9753542854385148,14.0,4,0,107.75,141.75,34.0,7.615773106,53.35098808,80.04602497,26.69503689,5.680076264,30.5,15.0,25.5,56.0,32.75,109.0,False
S000120,phase,full,4,141261188,56.0,60,4,8,10,15,12,0.0286844913626695,0.0496368519334592,0.2120976105049404,0.0171306141081723,0.1876120638453248,0.2680144695200556,0.1481468517194297,0.0916618373413323,0.049969437099574,0.0785924512213687,0.0133654062049917,0.0037033231899738,0.5806336038307395,0.3631170552812701,1.118885604735935,1.137323344770946,1.0721485817835716,0.9689209709438574,0.9578860769326636,0.9341071135673495,14.0,4,0,126.0,149.5,23.5,17.13670525,57.32406968,64.84184275,7.517773075,6.094061231,32.25,14.25,23.25,38.0,36.0,113.5,False
S000121,phase,full,4,142261191,56.0,60,4,8,10,15,12,0.0319272859090431,0.0361336366928289,0.1668940689887696,0.0295003585303863,0.2128285188099285,0.2004875029880886,0.1188670853061218,0.0833964422606916,0.0333221413463391,0.0227963750282797,0.0100034233949598,0.0035744096132996,0.4274391045837613,0.2362293784980215,1.349646337935252,0.9581619671255942,1.0452793049035085,1.3372951623715217,1.0132947442155644,0.9834588784770656,14.0,4,0,167.25,174.0,6.75,13.96125591,33.74856393,39.06517053,5.316606602,3.189747585,15.5,18.5,28.25,54.5,81.25,92.75,False
S000122,phase,full,4,143261194,56.0,60,4,8,10,15,12,0.0300345897203934,0.0322571839285704,0.2336192146582642,0.0459011133696343,0.1438775508118365,0.2914662531883089,0.1029323609220712,0.1158887959961246,0.0334384674301002,0.0302043360179965,0.0169097314595369,0.0029607638519044,0.3931526121630441,0.3596810068982643,1.1394463963692154,1.091064425190375,1.494945348656117,1.4037505251099598,1.1165670622618356,0.8531223677036289,14.0,4,0,131.0,158.0,27.0,10.67707825,29.43737419,43.34699354,13.90961936,4.517556182,23.25,8.5,9.25,16.5,57.5,100.5,False
S000123,phase,full,4,144261197,56.0,60,4,8,10,15,12,0.0265072544940513,0.0405238745057837,0.3086539377297163,0.046803356807438,0.1059990336786399,0.2874662201967684,0.0877434360653559,0.049471629682268,0.0730162921534954,0.0627001009501867,0.0259200608390291,0.0021299419659117,0.5071972639059323,0.2546174059106795,1.0574539368058005,1.1227317342918854,1.2044586337223844,0.9287357641412274,1.2965735335522357,0.892600656129177,14.0,4,0,76.0,91.75,15.75,8.655441448,31.74477412,42.361439,10.61666488,3.193076089,26.0,9.5,13.75,34.75,23.5,68.25,False
S000124,phase,full,4,145261200,56.0,60,4,8,10,15,12,0.0302173772286994,0.0710748591314038,0.2683363987692264,0.0338132731657363,0.1903829770616552,0.1405800447953934,0.0631695231292863,0.1027905515365385,0.0841536012445829,0.0303249946820748,0.0204798272613214,0.0012175534589139,0.7910857261032054,0.3047137252016211,1.2790077763338434,1.2150603762355336,1.2046172157659425,0.9860848259113408,1.1450822469080115,0.7509921162875601,14.0,4,0,254.75,619.0,364.25,57.97341345,86.76438353,185.6494293,98.88504575,11.65309425,30.5,11.25,461.5,308.0,405.25,213.75,False
S000125,phase,full,4,146261203,56.0,60,4,8,10,15,12,0.0291802889986772,0.061384213445971,0.2241136690819991,0.0568243038906741,0.1708117326579326,0.1658001390145841,0.071998467681861,0.0565796806079635,0.025613616820662,0.0365857937402663,0.0135637729442553,0.0015491422060547,0.4897769958261241,0.2822409284756616,1.2618439486252095,1.2912650645153407,0.9937213288555528,1.0254648757491864,0.9854401949394735,0.8715239134526448,14.0,4,0,127.75,267.25,139.5,15.35143859,35.4479338,59.18155592,23.73362212,6.574153956,26.25,8.25,96.25,185.5,144.75,122.5,False
S000126,phase,full,4,147261206,56.0,60,4,8,10,15,12,0.0302933259630056,0.0540923446575483,0.2045699323946213,0.0169287767972257,0.139415847120542,0.2355596856070331,0.1009667073528756,0.11141908971952,0.0733820413702059,0.021745107382275,0.0087267664252327,0.0051599089542627,0.5882595672089564,0.3323499386356814,1.1434859374118065,1.172066819468024,1.3054189526464637,0.991147121801242,0.8830390747136815,0.7810497616752666,14.0,4,0,119.75,172.75,53.0,11.74734012,28.76432727,34.64229279,5.877965517,4.647766168,26.5,19.5,24.5,24.5,107.25,65.5,False
S000127,phase,full,4,148261209,56.0,60,4,8,10,15,12,0.0262414747259304,0.0365793016545679,0.1494428260273673,0.0209539169967604,0.1238314901315478,0.2166047157270571,0.0856466430779715,0.0738030346230946,0.0224365883618581,0.0410385648056976,0.0092466178429309,0.0023228458072019,0.6272442313006246,0.3439947989384205,1.0532617975374032,1.0634887465620018,1.0501034702526943,1.1900624999499398,0.9501604531656644,0.9873374725407298,14.0,4,0,105.75,116.0,10.25,7.365459931,38.72630735,43.71708947,4.990782122,2.867419277,29.5,16.75,18.5,36.5,44.5,71.5,False
S000128,phase,full,4,149261212,56.0,60,4,8,10,15,12,0.0307064014127932,0.0429024416215014,0.2183846680512603,0.0213796590449912,0.1074903964333431,0.1949409179793929,0.1392169773015855,0.0807963436262376,0.0460357889060419,0.0345542106233531,0.0260584234201303,0.0048958860946673,0.8430236857878177,0.1473015270701112,1.3084497156840884,1.1797380408445226,1.4643274153484591,0.9022543108257398,1.191938236077688,0.7983330662979357,14.0,4,0,83.75,124.75,41.0,11.60459679,43.85830272,60.6963341,16.83803138,7.296329294,20.0,22.25,28.75,32.75,60.5,64.25,False
S000129,phase,full,4,150261215,56.0,60,4,8,10,15,12,0.0343081103405046,0.0488759158449939,0.2275549454408356,0.0427704355976745,0.1594748601405069,0.1995642072145008,0.1028441785031675,0.0852524947352344,0.059045049536639,0.0305615322378145,0.0442833105943271,0.0018620457814454,0.8121397085274655,0.190737411291056,1.2269924415129605,1.20966404883561,1.130842298729712,0.9280178377938544,1.3895995502958507,0.8665394091383761,14.0,4,0,84.75,120.5,35.75,24.71672848,43.17345637,61.289676,18.11621963,13.42348694,17.5,12.0,24.25,42.25,60.75,59.75,False
S000130,phase,full,4,151261218,56.0,60,4,8,10,15,12,0.0199804518021066,0.0312334879502929,0.2511065954502843,0.0176238605529819,0.2165331441819013,0.2050958217464457,0.166840050325375,0.0527879987295933,0.0215534521054488,0.0394309526457501,0.0295485998688769,0.0075590619367964,0.8668816146826445,0.1217163095011311,1.2038737095070475,1.2661308395831965,1.0848974213349667,1.4306225607692873,1.05852446125703,0.8300898335817817,14.0,4,0,92.0,142.0,50.0,11.5181017,43.37354252,75.96279191,32.58924939,6.006556323,30.5,21.0,48.75,126.75,58.25,83.75,False
S000131,phase,full,4,152261221,56.0,60,4,8,10,15,12,0.0164230211469161,0.0381817251601691,0.1753885924898212,0.0305748280586164,0.1334648442443492,0.1687942122820502,0.1033968062919977,0.0616493763433796,0.0214472624589243,0.0330088464252735,0.0161132597798535,0.0110441189306859,0.559328415447977,0.2146271587783892,1.2090739135753903,1.196316297763681,0.902319758763678,0.999321161004706,0.9191359414454988,0.8933915277017785,14.0,4,0,77.5,92.75,15.25,4.924428901,23.00849872,23.50060093,0.4921022112,3.038970785,34.0,9.75,17.5,45.0,49.5,43.25,False
S000132,phase,full,4,153261224,56.0,60,4,8,10,15,12,0.0242520024440273,0.0537521709266598,0.1418504463452932,0.0279301720815525,0.1072174605469021,0.294744682756186,0.0865640329006894,0.0526544943175181,0.0645703569192901,0.0353841777347265,0.0361017556504551,0.0016545367729177,0.5358244272635195,0.2931032714878218,1.0703333958371102,1.1179069268644164,1.104535983581968,0.8756019253344812,0.9385141689552868,0.9656364395494168,14.0,4,0,47.0,52.75,5.75,1.892969449,18.84966656,20.22209037,1.372423816,1.624505832,33.75,11.75,8.25,17.0,13.75,39.0,False
S000133,phase,full,4,154261227,56.0,60,4,8,10,15,12,0.0276231474804705,0.0574854469303757,0.230817554508248,0.0221767345362388,0.1701410509291519,0.2365696707442426,0.1797730701956516,0.0829620630919587,0.0434439274855637,0.0212310591492417,0.0134278512457967,0.0084877730132791,0.6056231153997951,0.3315780923701949,1.2624907231708526,0.9520904303618024,1.196978142743297,1.09366079068411,0.9713543165054304,0.9313603360618954,14.0,4,0,84.25,95.75,11.5,8.660254038,23.71819801,26.66190077,2.943702757,4.267145152,30.75,13.0,9.5,17.0,53.25,42.5,False
S000134,phase,full,4,155261230,56.0,60,4,8,10,15,12,0.0130197217095625,0.0715452039387492,0.130920714826366,0.0430628641813821,0.1070790749405028,0.2824893676876725,0.0661416307847677,0.0821480992323467,0.0722485301269106,0.0228660902028032,0.0179661913315139,0.0034226965272354,0.6547250231412671,0.1379191107523301,1.1341938980259043,1.0491579507915536,1.4919714723674662,1.4284752177165665,0.9976689569909388,0.7995462129838873,14.0,4,0,35.0,47.25,12.25,6.34428877,15.43509471,23.06371892,7.628624211,2.933425999,44.25,5.5,3.5,6.25,11.75,35.5,False
S000135,phase,full,4,156261233,56.0,60,4,8,10,15,12,0.0235760617138727,0.0577124972862583,0.3024965373272816,0.0407576349373319,0.1325022166593384,0.2699603493525105,0.1318653380865864,0.0745625892613512,0.0757030128260605,0.0401545427009589,0.0289869498585375,0.0039959672809284,0.5390496781690599,0.3899305955573336,1.1521820105504104,1.2411996976722703,1.0953480683991896,1.0283499119659691,0.8655898355744913,0.8242844452808787,14.0,4,0,62.0,81.25,19.25,8.958236434,24.62927577,25.70660691,1.077331142,3.47216124,28.5,13.25,13.5,31.25,28.0,53.25,False
S000136,phase,full,4,157261236,56.0,60,4,8,10,15,12,0.0202599430459773,0.0461344958495044,0.2310130352289362,0.0282403027906618,0.1787128216938852,0.1780558015198713,0.0705646697388008,0.0745133448053221,0.0634026181037277,0.0323878425524631,0.0127941050265772,0.0015238855557684,0.426861376193163,0.233420912683336,1.0026617068593775,1.2555607094180652,0.965976675516122,1.1898592398024206,0.8585678531268527,0.9146318032131772,14.0,4,0,131.5,222.5,91.0,44.94441011,30.93621642,42.58114172,11.6449253,8.534766721,36.5,11.0,78.25,97.5,108.0,114.5,False
S000137,phase,full,4,158261239,56.0,60,4,8,10,15,12,0.0135213816298186,0.0352843386115055,0.2584179565561752,0.0340662381043302,0.164362159220176,0.192484519325098,0.1728558068699214,0.1105535723837411,0.0404998601059831,0.020865940103071,0.0086043919684574,0.0015523146028563,0.7805188104682315,0.100830662513738,1.0959562777052505,0.9653978254602515,0.9956414087335428,0.8959250068017016,0.8505912429014606,0.7568465079807368,14.0,4,0,96.75,111.0,14.25,18.89223827,38.6557732,34.88375109,-3.772022107,5.404931254,35.75,11.5,16.0,15.75,61.25,49.75,True
S000138,phase,full,4,159261242,56.0,60,4,8,10,15,12,0.0335639602289723,0.0300820890454428,0.1219377040574821,0.0357108119254839,0.172016984528,0.2055357641160154,0.0898543625532369,0.0846517406112896,0.0387181294835844,0.078521967153323,0.0174682219461255,0.0108379106703712,0.5999589543914361,0.3955739301506152,0.9747749232126052,1.1260162613744504,1.0905261631749688,1.2060730221022462,0.9897496917235742,1.005402754345555,14.0,4,0,87.0,105.5,18.5,6.608075867,38.77633428,48.80067309,10.02433882,6.056377186,23.0,12.0,18.5,31.75,24.5,81.0,False
S000139,phase,full,4,160261245,56.0,60,4,8,10,15,12,0.0289857135028077,0.0434514735992828,0.1420608051264584,0.0183040575392917,0.1051876567786461,0.1701820654722277,0.1118920400141688,0.0647980778490343,0.03328839446753,0.0299191290826133,0.0349769562796949,0.0022761221625236,0.4236460141842305,0.2316024117694987,1.2430445197361366,1.0328807290542277,1.4468509931971594,1.3080678157859895,1.0041820651457838,0.8392981748887557,14.0,4,0,60.75,82.5,21.75,2.986078811,15.10231012,20.71153712,5.609226995,2.29811408,24.25,18.75,22.25,23.0,34.0,48.5,False
S000140,phase,full,4,161261248,56.0,60,4,8,10,15,12,0.0135834082226034,0.0374540066406114,0.1716038434830749,0.0228631656434626,0.1009596889914711,0.2382426200472298,0.1549999495509205,0.1010278485759891,0.0296809156536214,0.0848400552950753,0.0099305328562059,0.005138290623601,0.7373224194776182,0.361881200816246,1.059046171922699,1.108399771754771,1.3115713387148364,1.203697320389291,0.9154124295113428,1.006031906182485,14.0,4,0,60.25,72.75,12.5,10.47218538,37.96328081,41.85008323,3.886802424,4.351647956,46.0,8.75,3.5,9.25,12.0,60.75,False
S000141,phase,full,4,162261251,56.0,60,4,8,10,15,12,0.0314998504193386,0.0583554636403718,0.3133882084960462,0.0171596473519713,0.15481664259138,0.1881485394234177,0.0701944881842933,0.0676020500518069,0.0294003338438085,0.0312957123081081,0.0272128179184807,0.001606664146738,0.4475437348019294,0.1181827427683551,1.065180286593109,1.145884061480852,1.3155684311078328,1.211276958024995,1.3705260709403024,0.7506205431075362,14.0,4,0,202.75,311.0,108.25,23.64141846,43.68172862,92.68344634,49.00171772,14.75466921,31.75,15.5,75.25,125.75,152.5,158.5,False
S000142,phase,full,4,163261254,56.0,60,4,8,10,15,12,0.0159201401633651,0.0364002464579049,0.2048474099246303,0.0555421008957055,0.1520319554026403,0.1690128331711884,0.1546564446051369,0.0636849807297345,0.0297967795159907,0.0321023553967559,0.0125326965685192,0.0010267688395659,0.5205711875503747,0.3603834243412981,1.110784039329345,1.0372058814669374,1.4023427300064468,1.0243177924193556,1.0605179163528131,1.0134972838958218,14.0,4,0,71.75,72.0,0.25,11.98262631,23.71106058,24.38833999,0.6772794088,4.525836361,33.0,6.25,5.0,17.25,27.0,45.0,False
S000143,phase,full,4,164261257,56.0,60,4,8,10,15,12,0.0237105359267238,0.0416627063593426,0.2558440354996126,0.0286531263568508,0.172758466990006,0.1990033119872075,0.0610499840013536,0.0970743621024286,0.0505996889499069,0.0766444228597699,0.0226531728398281,0.005701583790916,0.528564097062957,0.1182577413576533,1.2917305123219978,0.983123620127794,1.0766624272637044,1.0985266270916103,1.367150992078327,0.8071459048701141,14.0,4,0,171.5,189.75,18.25,18.31893374,62.70366086,96.16134205,33.4576812,6.986735595,28.75,14.25,31.75,52.75,49.75,140.0,False
S000144,phase,full,4,165261260,56.0,60,4,8,10,15,12,0.0171593339470029,0.0377969601513153,0.1238215266754632,0.0455156935810208,0.1663021673024943,0.2433269437056829,0.0818000925519135,0.0840825115312821,0.023016803111191,0.0595948976780025,0.0093543023729718,0.0016710311989414,0.5480161782890721,0.1828340307917998,1.0189960766771882,0.9684491873759274,1.4595834512188712,1.1781667686425967,1.3100290002277215,0.8195251975707657,14.0,4,0,77.0,88.0,11.0,12.9614814,33.02369533,46.68193438,13.65823906,4.382603025,37.25,5.75,5.0,13.75,17.25,70.75,False
S000145,phase,full,4,166261263,56.0,60,4,8,10,15,12,0.0188621303173595,0.0750042688501167,0.3159971581805187,0.0439117310957078,0.1493886777857215,0.2459645467631221,0.1684614573360797,0.0687667581318302,0.0358088518404797,0.0607890829152571,0.0132602778394395,0.0076150258381444,0.4062569843325889,0.2700792419639722,1.3151623759373776,1.1110398692121657,0.9958660530611168,1.3780266343518488,1.1614224202351426,0.7527058780634335,14.0,4,0,65.5,93.5,28.0,5.715476066,19.66201733,32.39536871,12.73335139,2.473506235,33.25,7.25,11.75,33.75,21.75,71.75,False
S000146,phase,full,4,167261266,56.0,60,4,8,10,15,12,0.0141159810809228,0.0533308097727928,0.2177692855314031,0.0153450238022292,0.1823076380160379,0.1717552166923968,0.1158225489377511,0.1262688711159726,0.0552889120370167,0.024655114314859,0.0313062253031044,0.0040818892584181,0.7115953156935203,0.419741911992167,1.1294616173430865,1.0666514485180716,1.4802513250648612,1.136240538003622,0.9171806792907404,0.7686928056384971,14.0,4,0,78.5,112.5,34.0,5.597618541,28.65383799,36.10398747,7.45014948,1.84223949,43.75,12.25,27.75,24.0,60.5,52.0,False
S000147,phase,full,4,168261269,56.0,60,4,8,10,15,12,0.0278713749761058,0.0410279688702373,0.1484329090079387,0.0295236007226615,0.1781439823509529,0.2052470797042863,0.1630775522350019,0.1231109263253642,0.02930479841218,0.0458529320768108,0.0325622687090195,0.0065060786024563,0.6994023263564457,0.3490019640735129,1.1269507215703205,1.067715766075162,0.9254384782400934,1.334241367168566,0.9309695336146756,0.9586910268613535,14.0,4,0,64.0,79.5,15.5,6.137317547,32.82442354,38.44198754,5.617564002,5.159112673,28.75,14.5,16.75,17.25,23.25,56.25,False
S000148,phase,full,4,169261272,56.0,60,4,8,10,15,12,0.0267727647760993,0.0438667986434963,0.1831974900709636,0.0552020556593752,0.1026196892979451,0.1432133518669814,0.0917184081029344,0.0710321981315361,0.0456841958248752,0.0504628804099916,0.0337814529044399,0.0027059201977605,0.8810855880019571,0.1841351207925189,1.3402859128338127,0.9737075416675324,1.066646044555006,1.1856515954664395,0.916720331170424,0.7423785350721387,14.0,4,0,53.75,65.0,11.25,10.30776406,36.86148415,44.59364917,7.73216502,7.001270277,22.75,12.25,21.25,22.75,12.5,52.5,False
S000149,phase,full,4,170261275,56.0,60,4,8,10,15,12,0.0153221871633366,0.0327100184872449,0.156853267898255,0.0312542748536499,0.1350296325128468,0.1707237639588128,0.1557565656119535,0.115566159632749,0.0359805974497262,0.0411052369185976,0.0084068072374101,0.0077437270296151,0.580478415687123,0.1121962082471431,1.1195784383819942,0.9630604432382546,1.0692821413609348,0.9311433856225684,0.9914191100780904,0.724810002499985,14.0,4,0,56.25,64.75,8.5,7.937253933,21.23117758,24.22530412,2.994126538,1.867076784,36.75,12.25,8.75,9.75,22.75,42.0,False
S000150,phase,full,4,171261278,56.0,60,4,8,10,15,12,0.0245634073183693,0.0594608510206328,0.2124433975459913,0.0323784317484085,0.1489730999122805,0.1452563182252103,0.0730463314368365,0.091699632743337,0.043210916252887,0.0363710894354655,0.0418933966994946,0.0045088175803682,0.8786624405515963,0.3977957838099495,1.0115506514984196,1.165664411537711,0.988139038574673,1.2312326864648924,1.020194568044355,0.865787545205318,14.0,4,0,103.75,143.75,40.0,16.87206765,54.37921263,75.76708715,21.38787451,9.625543003,32.5,9.75,57.75,62.75,59.25,84.5,False
S000151,phase,full,4,172261281,56.0,60,4,8,10,15,12,0.0182321644513072,0.0407469557184277,0.2080922355779696,0.0381749352846497,0.1843861428728694,0.2312070531955154,0.1078718693006663,0.0633246877502267,0.0572749947265447,0.023161977067836,0.0273803020436876,0.0072430544589846,0.4927012218011427,0.1942297910162496,1.2115331388580544,1.1866674948490596,1.062680069104777,0.8706895286882887,1.0967790371174668,0.8571874037725751,14.0,4,0,60.0,89.0,29.0,5.656854249,16.73289065,21.92455813,5.191667478,2.507029405,30.5,10.0,30.75,44.75,47.5,41.5,False
S000152,phase,full,4,173261284,56.0,60,4,8,10,15,12,0.0233595844876921,0.0335102064662983,0.2163827399800109,0.021923799613407,0.1889865979047479,0.1928649646795943,0.1204205989330114,0.1234127921605785,0.0649128970351063,0.0279214838375535,0.0146086151773599,0.0012045321364647,0.5547436841726312,0.1064485585706584,0.9976025758327096,0.9573375722273744,1.1745832151273248,0.983918296323276,1.1577487172287182,0.8661221676016284,14.0,4,0,143.0,145.5,2.5,11.73314394,39.25946424,42.14753538,2.888071142,4.792093101,30.75,15.25,25.75,27.25,76.75,68.75,False
S000153,phase,full,4,174261287,56.0,60,4,8,10,15,12,0.0309881296533395,0.0458669672677102,0.1300278821388047,0.031875427905475,0.1293967532065562,0.1727507346231846,0.0603939310743088,0.0473937164332348,0.0618511899072594,0.0211045828440731,0.0192043959190047,0.001123677217101,0.6125693660179347,0.3520129709004844,1.0700842302330122,1.0827042725487932,1.399407068996897,1.3434630206341105,0.9905924000933396,0.7792581740213548,14.0,4,0,52.25,76.0,23.75,7.088723439,19.70731718,27.89796742,8.19065024,1.641823875,27.75,13.5,21.75,30.25,29.75,46.25,False
S000154,phase,full,4,175261290,56.0,60,4,8,10,15,12,0.0154496767095105,0.0408546305999408,0.130289169809131,0.021945999384041,0.1158399146041076,0.2267109777906291,0.1071895691161326,0.0558342662279626,0.0724641818858177,0.0358082034208234,0.0085175113817449,0.0059240146476058,0.5542293578620552,0.2170683638718687,1.1306484556380665,0.9740148386301966,0.913403001037882,0.9738315259306604,1.0124355436465953,0.980092982332206,14.0,4,0,45.75,46.5,0.75,5.315072906,16.74246901,17.20955371,0.4670846987,1.277699268,38.75,10.25,7.25,11.75,15.75,30.75,False
S000155,phase,full,4,176261293,56.0,60,4,8,10,15,12,0.0148114368445005,0.0593082365262754,0.138601531156087,0.0190325877793429,0.1306749554078041,0.1796672760773724,0.1232530061125032,0.0938190385496164,0.0662039755200029,0.0491458166115499,0.023399730151878,0.0033758150537674,0.44025708997078,0.1302175542858794,1.2325908047920748,1.1309984252572465,1.0389889984902465,1.4225336359700391,1.2286356868377897,0.8375061082766737,14.0,4,0,62.5,74.0,11.5,4.795831523,20.69223222,28.25861105,7.566378828,2.353577528,37.25,13.5,22.5,16.0,18.25,55.75,False
S000156,phase,full,4,177261296,56.0,60,4,8,10,15,12,0.013452094234706,0.0837814208484341,0.213657067990162,0.032115624191941,0.1937064756906232,0.2750270959650111,0.0801147504689432,0.096973095188169,0.0603749689159554,0.0366353652214752,0.0157229444545263,0.0046893781312813,0.5641717732383453,0.353206376363642,1.0418810275340225,1.2945947055256897,1.4289890698588676,0.9841883608605008,0.9979124805584354,0.7974914750884664,14.0,4,0,83.25,134.75,51.5,18.62793601,30.097953,42.13274847,12.03479547,5.240494644,46.75,5.75,15.5,29.75,62.75,72.0,False
S000157,phase,full,4,178261299,56.0,60,4,8,10,15,12,0.019109849493927,0.0341058409595887,0.2228888310692421,0.0182175324881347,0.1789994873431219,0.2872546453198857,0.0791732773441704,0.0466579434161522,0.0288279374349777,0.0402201564026387,0.0412140933506827,0.0047619774567958,0.4139579292654055,0.4404464386760547,1.146811224601102,1.0568609603715995,1.3966341170390053,0.8752111978834605,0.9866155187266554,1.0219643940111862,14.0,4,0,79.25,93.5,14.25,11.58663023,18.35821287,21.27874305,2.920530175,3.175030516,34.5,16.5,17.0,58.75,39.5,54.0,False
S000158,phase,full,4,179261302,56.0,60,4,8,10,15,12,0.028563176893266,0.0360046763484042,0.277005237988836,0.0373464430033013,0.1358851529153144,0.226948007103439,0.1410829014199943,0.0653125310013294,0.0211825823295262,0.022717473554571,0.0299565747706412,0.0041214935737901,0.6471149766103914,0.106555306711582,1.1855112598299649,1.2978798311747963,0.9109876183544316,1.1547889594997502,1.3295445860759774,0.8851272067887315,14.0,4,0,89.5,131.0,41.5,15.17673658,28.61301122,45.36544914,16.75243792,11.05039597,22.75,13.5,20.5,80.5,74.0,57.0,False
S000159,phase,full,4,180261305,56.0,60,4,8,10,15,12,0.0123822430516399,0.0325876636976824,0.2423647589916875,0.0372928762413202,0.1321184537536328,0.2879679373537874,0.1616235273727023,0.0452465812592694,0.0306786806803303,0.0568145681649404,0.011740397237056,0.0024538201166014,0.4034295471995359,0.2210819433073176,1.277800971207054,1.0999226361294676,0.954031479862288,1.0244921658564394,0.8980630896756532,0.9219794491600674,14.0,4,0,61.0,78.5,17.5,11.15048579,19.19187902,21.35559812,2.163719104,2.532967252,35.5,10.0,8.0,39.75,22.25,56.25,False
S000160,phase,full,4,181261308,56.0,60,4,8,10,15,12,0.0311130758431533,0.042748398057052,0.1373914751071143,0.053846982071913,0.1821946697667965,0.1521362582104754,0.1484896100568454,0.0533919643646051,0.0663693753875038,0.0453041749557526,0.028741036823384,0.0059416898146579,0.8720984962402548,0.1839022587694874,1.057625338761781,1.2662309293496552,1.488833924706136,1.0131466155446922,0.9416535671798358,0.734840003086654,14.0,4,0,47.25,85.75,38.5,7.85281266,29.86224856,44.665042,14.80279344,6.241510209,22.75,9.75,22.0,31.0,33.25,52.5,False
S000161,phase,full,4,182261311,56.0,60,4,8,10,15,12,0.0216688387303109,0.0606832139703157,0.2147980612602107,0.0245632533609352,0.158241188318026,0.1813855673351796,0.0959567532111781,0.1100525999047349,0.0599035153463564,0.0279309023384262,0.0276702781442697,0.0086601906785463,0.8882681661600949,0.2862636170966792,1.138055328644042,1.171081658826845,0.9262436792512346,0.9543173787150856,1.2860366736433049,0.9909190685354556,14.0,4,0,86.5,119.25,32.75,16.37833935,37.02296206,58.13286622,21.10990416,14.60391187,34.75,10.25,27.75,32.75,64.25,55.0,False
S000162,phase,full,4,183261314,56.0,60,4,8,10,15,12,0.0205755770649491,0.0364823056069898,0.2757683783284073,0.0456720014850021,0.138431219711131,0.1478946434166684,0.0753210717583886,0.0833646758405743,0.0536449660985482,0.0807900360081955,0.0300223041799222,0.0027917961001171,0.4300854693773101,0.3646334524956566,1.2166618788267416,1.0096154687404382,1.287719013174834,0.8631453692573757,0.9828614388659932,0.8343142905106952,14.0,4,0,96.75,132.75,36.0,14.65150732,32.65776814,41.23671789,8.578949755,3.498836033,27.25,7.25,24.0,34.5,35.5,97.25,False
S000163,phase,full,4,184261317,56.0,60,4,8,10,15,12,0.0236446180343215,0.0663290343622926,0.204160912438402,0.0425019507850205,0.1998722291185438,0.142191311469718,0.1213733232053041,0.0604189053538415,0.0508182932516022,0.0465151117751516,0.0416634521008032,0.0038613773464858,0.8080672981256346,0.4346466284147799,1.1595947385857217,0.9682287854836428,0.9811819005039604,1.2385392709156196,1.1268967153514209,0.7722052337476942,14.0,4,0,67.75,72.75,5.0,12.54325848,37.45418597,46.25597766,8.801791692,7.020721256,35.5,7.0,24.25,30.75,19.75,53.0,False
S000164,phase,full,4,185261320,56.0,60,4,8,10,15,12,0.0132101864694041,0.0308002643899446,0.1332331918326553,0.0436047957969221,0.1045864486642047,0.1429769768560906,0.1717466708788402,0.1221760427469356,0.0612478129154121,0.0235620876261934,0.0362038182201592,0.0019816163005636,0.7763892331238997,0.1975224888389105,1.3230780017639792,1.2703404262734626,1.152122346016656,1.0743123404546389,0.9709340321799512,0.7462646284806119,14.0,4,0,31.0,48.25,17.25,4.856267428,17.79402055,24.66079299,6.866772445,5.574217218,34.5,6.25,8.0,6.25,15.75,32.5,False
S000165,phase,full,4,186261323,56.0,60,4,8,10,15,12,0.0172438798750713,0.0434127875787771,0.1324827462051925,0.0179603422124968,0.1349381215009298,0.1892348480128356,0.1294764051786487,0.0453687059632768,0.0635965969158922,0.0498569380225937,0.0446071587288231,0.0016827648279998,0.4801022408973765,0.4088022444057232,1.204697965309116,1.041006972704967,1.2215959010574058,1.3165498026402978,0.8529010139260514,0.7582856628019757,14.0,4,0,40.0,48.0,8.0,3.915780041,14.62268641,16.25451519,1.631828777,1.850683207,37.5,15.5,12.25,20.0,11.25,36.75,False
S000166,phase,full,4,187261326,56.0,60,4,8,10,15,12,0.0133108783075317,0.0743315688700493,0.2844980729440755,0.0356489851557131,0.1209126319961762,0.2379300329895264,0.1333921395364576,0.1239447706923559,0.0225154117006113,0.0459654780849935,0.0086279495565539,0.0109351151058043,0.6430000085857428,0.1527930829016694,0.9580384709370996,0.9872361928818814,1.1721718395844338,1.4372989747995204,0.8890972659367992,0.9727955970135188,14.0,4,0,65.5,71.25,5.75,14.00892573,26.39774217,31.46111984,5.063377673,7.857385718,49.0,5.0,6.5,7.75,17.5,53.75,False
S000167,phase,full,4,188261329,56.0,60,4,8,10,15,12,0.0281923177461312,0.0371282188372638,0.1875471983450023,0.057102863252498,0.1837379314448894,0.1878656470193635,0.1133409909888803,0.0674014031139045,0.0702997994802789,0.0255938945029365,0.0231604743793371,0.0056027839040541,0.6757824179857774,0.1164630131178359,0.9735413810762426,1.0559327276941588,1.0823919709530605,1.3239526634993577,1.029686702330154,0.7571501774408139,14.0,4,0,59.0,79.75,20.75,14.88567544,23.86853343,34.06559603,10.1970626,7.211391824,27.0,7.25,15.0,19.5,30.0,49.75,False
S000168,phase,full,4,189261332,56.0,60,4,8,10,15,12,0.0154125480501838,0.0802275505306397,0.1349635227314969,0.0170377100630223,0.1782516011920682,0.2341763729057894,0.1472044031856998,0.100052384941573,0.0360193462744393,0.0268610716946593,0.0082347062504543,0.0018203073508846,0.8943195068648917,0.3840931367537118,1.2892608162477106,1.1764306802966444,1.1341145189764232,0.9824432610593284,0.9562354254842008,0.9766683517002932,14.0,4,0,73.0,92.0,19.0,5.228129047,43.89664677,45.00067919,1.104032414,8.747934722,49.5,6.25,5.0,11.0,41.75,50.25,False
S000169,phase,full,4,190261335,56.0,60,4,8,10,15,12,0.013082199278496,0.0611142059582893,0.2082481081646877,0.0462618857914034,0.1195990573873074,0.1774375569917935,0.0713522400639978,0.0530747814133638,0.0696002090072247,0.0769780801187173,0.0221014791583192,0.0050664277139152,0.8071611873081941,0.330576380902978,1.3411769663167536,1.071954929543349,1.0384500757147417,1.2759000299238343,1.3925488985505603,0.8881109548863922,14.0,4,0,50.25,53.0,2.75,8.655441448,34.58283659,44.68231221,10.09947562,3.881077079,43.5,4.5,12.75,20.75,8.25,44.75,False
S000170,phase,full,4,191261338,56.0,60,4,8,10,15,12,0.0283227615469151,0.0563049121617463,0.2263327136654365,0.0329133752500975,0.126356030032171,0.1998988926606754,0.0939792385097877,0.0574025810505782,0.0493952157308161,0.0498614874816025,0.0300616848130385,0.0020304718898463,0.5693910470661668,0.3720620352003068,1.0240156158305085,1.2356705665191847,1.4336916278620035,0.9112810831476535,1.12320720393171,1.003907192476694,14.0,4,0,70.5,109.0,38.5,11.81806527,28.22815294,43.80133783,15.5731849,5.324313713,29.5,11.25,33.5,40.0,36.0,73.0,False
S000171,phase,full,4,192261341,56.0,60,4,8,10,15,12,0.0139960588463061,0.0513050670494833,0.1656541293044254,0.020611320578424,0.1235160388332966,0.2910668971205384,0.1083537465139823,0.0662529223891859,0.024270000916257,0.0286331888054444,0.0328114891048796,0.0010292910279197,0.4205687419512185,0.2052442471858688,1.0969671234115368,1.1702159851358676,1.1539709734532748,1.384165158917009,1.035715148390375,0.9610815429433808,14.0,4,0,52.75,67.0,14.25,9.287087811,14.60708243,20.30201624,5.694933813,2.379755898,42.5,11.0,9.0,24.5,19.75,47.25,False
S000172,phase,full,4,193261344,56.0,60,4,8,10,15,12,0.0123907713353113,0.0535190677585262,0.1353676110719933,0.0259297705422672,0.2029389575412547,0.2712872982522889,0.063559166757922,0.0643614314915859,0.0483323539745216,0.0242989689726057,0.0173915354637021,0.0010005217201953,0.4492639375807468,0.1488376256028043,0.9930193128321624,1.2008398327229504,1.0456399346837129,1.291584577794226,0.928635394470966,0.7268873691817909,14.0,4,0,69.5,103.25,33.75,15.88238017,18.25233474,24.33888359,6.086548845,1.199726747,44.25,8.75,19.75,43.25,46.25,57.0,False
S000173,phase,full,4,194261347,56.0,60,4,8,10,15,12,0.0173851018164798,0.0646934609697818,0.1428665710662727,0.04667665161121,0.1300306552573788,0.1999925807583329,0.1426223937370888,0.1268131554764471,0.0772844864642141,0.0804661333979993,0.0292424349846935,0.0092533865820953,0.4394749540947658,0.2850729164399314,1.0390410350887855,0.9641567136318704,1.342493527890739,1.2652316237852308,0.8590502769581667,1.0374444065076482,14.0,4,0,38.25,40.0,1.75,2.753785274,14.02325532,14.49203453,0.4687792155,0.504921473,35.75,7.75,3.75,4.25,4.0,36.0,False
S000174,phase,full,4,195261350,56.0,60,4,8,10,15,12,0.0154377394211859,0.073049967153144,0.2665770478888392,0.0571802399314044,0.1242659658068507,0.1543425001334801,0.1241051318955188,0.1191023173912356,0.023596985904372,0.0582593070918103,0.0151814035878809,0.00597970961247,0.8578558546567827,0.447365359047833,1.0204935381033566,0.950410290896911,0.9630331948297904,0.8746823753420608,1.2844568789489688,0.789284218293226,14.0,4,0,67.25,75.0,7.75,9.42956344,41.92248019,56.10663461,14.18415442,8.258282638,42.75,5.25,10.0,11.25,20.0,55.0,False
S000175,phase,full,4,196261353,56.0,60,4,8,10,15,12,0.0345601867778053,0.0700420000621727,0.2467444016039463,0.0251229937995124,0.1917820227793125,0.2823640979103841,0.1394343054422319,0.0515353006566258,0.0221035981077263,0.0302391377168736,0.0299764725635207,0.0067492591852052,0.6855582542560383,0.4238122856371862,1.0303409824600145,1.2439174550834944,1.2651675261125204,1.2972335380846358,0.8747937405660804,0.9301455404364034,14.0,4,0,100.25,145.25,45.0,38.27096375,37.94869177,51.12348465,13.17479288,12.4909337,32.0,12.25,18.0,70.0,66.75,78.5,False
S000176,phase,full,4,197261356,56.0,60,4,8,10,15,12,0.0307817528364319,0.0588039750264189,0.1498308400136625,0.0185742794930329,0.1424636175206942,0.1595096855776187,0.1793429442318721,0.0914496225379122,0.0736174184342762,0.0243790414007775,0.0305745788311133,0.0014987378855004,0.8969569624961747,0.2747484210856642,1.276056254980733,1.2098301847610555,0.9692695871010032,1.449983874759023,0.8907922908102776,0.7221594198449538,14.0,4,0,45.0,75.0,30.0,13.08943594,24.42197382,35.73036984,11.30839602,5.645278115,32.25,15.0,18.75,21.5,33.0,42.0,False
S000177,phase,full,4,198261359,56.0,60,4,8,10,15,12,0.0224397826691965,0.0482479200523388,0.2840273961415565,0.0252621068296871,0.1778414704784785,0.1575537072839143,0.1139475916554254,0.0587038058322269,0.0209372884450887,0.0593938081420001,0.0099800047973572,0.0014425310851946,0.7598306560607231,0.1805328256207634,1.1783655431755855,1.069858218191103,0.95709472204358,1.2013273341918378,1.057770184978653,0.7860727762476237,14.0,4,0,184.75,205.75,21.0,24.08318916,97.0947507,113.9530522,16.85830145,13.70647654,27.75,15.75,60.0,103.5,62.0,143.75,False
S000178,phase,full,4,199261362,56.0,60,4,8,10,15,12,0.0319998914859119,0.0403450540734176,0.2462072364202261,0.0183337217844526,0.207648597306737,0.1898253306281477,0.1041771214381879,0.0782194326858669,0.0691444446471306,0.0233891123573305,0.0270044664914524,0.0044021732421611,0.722413586558939,0.4049620932430744,1.0069447937091631,0.9548435000062976,1.313251218458321,0.9924081204529208,1.2356171890641845,0.8909519630232965,14.0,4,0,146.75,145.0,-1.75,15.54295124,44.40007389,50.62759332,6.227519432,5.681560409,28.5,16.25,41.75,47.75,83.75,61.25,False
S000179,phase,full,4,200261365,56.0,60,4,8,10,15,12,0.0258426387484355,0.0445404873559715,0.1574192688729592,0.0365131738471007,0.2172921646006548,0.1560713974732105,0.0996422613974837,0.1266570881939525,0.0414487153755626,0.0225095497178639,0.0200705161063304,0.0021341323865348,0.853420299310261,0.1124240126978151,1.247046140834755,1.090353904125826,1.124135845590055,1.0544899094382056,1.1672772156326818,0.7413763152846388,14.0,4,0,153.5,215.5,62.0,25.52123299,56.45383303,85.9572086,29.50337557,12.10316216,25.0,12.25,59.0,43.5,126.5,89.0,False
S000180,phase,full,4,201261368,56.0,60,4,8,10,15,12,0.0301189423202971,0.0754733128208909,0.1217562494321323,0.0547555332350888,0.1646625155008406,0.2540639065799393,0.1130799648016758,0.1293264037681357,0.0795706893056279,0.0344655387358351,0.0233039789098326,0.0014628596036563,0.596259039550483,0.1310406784208177,1.1507199365585363,0.985706142411549,1.132245719757849,0.8658932484722873,1.1805055048064257,0.7683340885290015,14.0,4,0,53.0,63.25,10.25,6.994045086,23.82384374,26.29688596,2.473042222,4.390744625,28.75,7.75,4.0,7.5,22.75,40.5,False
S000181,phase,full,4,202261371,56.0,60,4,8,10,15,12,0.0147591073694837,0.0386432634128108,0.1682696754023528,0.022708439288692,0.1217048352899276,0.1876631976201856,0.1698081425758157,0.0648612655844458,0.0546010766652999,0.028644598869101,0.0199343429956615,0.0031489182506617,0.7330640160326654,0.2635686197762659,1.2236069091303416,1.0237355208681072,0.9863403543661048,1.3068583182989135,1.2276979360379003,0.8470612353757797,14.0,4,0,39.75,52.0,12.25,13.04798835,21.01670243,30.75293556,9.736233126,3.842227007,38.25,11.75,5.0,14.75,14.5,37.5,False
S000182,phase,full,4,203261374,56.0,60,4,8,10,15,12,0.0134968646212324,0.0710030021441826,0.2784186326462707,0.0374928604985434,0.2015386505542359,0.2995377954053226,0.1656844751461073,0.0838758488987132,0.0830807410856752,0.0602355936868795,0.0126932150691008,0.0046185613477284,0.4654410908183011,0.2385703212105905,1.1552697949265314,1.1315538178043765,1.186701199696329,0.9695690564148588,0.8689495836780148,0.7270118186459206,14.0,4,0,66.5,95.0,28.5,5.802298395,24.43669001,29.80345896,5.366768957,1.233607616,46.25,6.0,10.5,14.25,25.25,69.75,False
S000183,phase,full,4,204261377,56.0,60,4,8,10,15,12,0.030821577536555,0.0459832819729113,0.2983765170965507,0.0590034317159974,0.2083774200068583,0.1490557148972422,0.0819525379590353,0.0504563959490795,0.051590602340108,0.0484787145004176,0.0201505270933773,0.0022021290435815,0.3813894230051352,0.4414888589823467,1.1517719174774752,1.1243672056267062,1.159125543402737,1.197380536033152,1.1038458005051657,0.9943191020764308,14.0,4,0,189.25,271.0,81.75,52.11125918,39.88195196,63.07789154,23.19593958,12.1902294,19.5,8.0,166.5,221.0,117.25,153.75,False
S000184,phase,full,4,205261380,56.0,60,4,8,10,15,12,0.0285972264780687,0.0305975597181438,0.1807635170204828,0.0400515077206262,0.1184358946484349,0.2783157904852821,0.1410312249615989,0.0761019894896877,0.0251274586094284,0.0327828587278729,0.0143848845524982,0.0103875117160396,0.809674373790663,0.2036741693161532,1.2954308002114732,1.1229763405469118,1.4006095662597744,0.8592010173122823,1.3403827759545863,0.7255945626052545,14.0,4,0,74.25,94.5,20.25,5.315072906,32.97813151,44.79367158,11.81554007,2.479468652,18.75,14.5,11.25,23.25,50.25,44.25,False
S000185,phase,full,4,206261383,56.0,60,4,8,10,15,12,0.0308824194143771,0.0499730335748629,0.2609565164325892,0.0595029540999418,0.2091781088868635,0.1674228105664198,0.1642417323395537,0.073828394664213,0.0222504179470918,0.054307616343332,0.0358332898515595,0.0012595614893586,0.3820076063147146,0.2506093990848131,1.183920296628698,1.0196588477562687,1.3907485018061063,0.9358284424766314,1.1084386995925408,0.9812737668709368,14.0,4,0,92.0,123.0,31.0,14.28285686,26.83879302,35.38045459,8.541661573,2.948571463,21.75,8.0,29.5,37.5,37.5,85.5,False
S000186,phase,full,4,207261386,56.0,60,4,8,10,15,12,0.0243895833384409,0.0343036648900924,0.244488480309364,0.0327004618872095,0.1261070653904221,0.2193296502542428,0.0931723801059815,0.0510353497401905,0.0473097788824202,0.0263874016209953,0.0086373599618028,0.0084563093454646,0.5758152860479713,0.3101043640989953,1.1419127488176557,1.121841826032022,0.9149884163066022,1.180284321895864,1.1119663537121969,0.8291453931913466,14.0,4,0,93.75,106.5,12.75,16.39867881,25.10925723,33.37110562,8.261848388,5.791683289,29.75,14.0,23.0,58.25,53.5,53.0,False
S000187,phase,full,4,208261389,56.0,60,4,8,10,15,12,0.0263979355206027,0.034128535578182,0.201974507736052,0.056655307338333,0.1499913490791623,0.1438041388865932,0.0859731143533512,0.0780961733888861,0.0277169587892172,0.0699819853063526,0.0098714157538423,0.0063787147425512,0.5616322400035956,0.3140131464745954,1.214036787458302,1.0991242678254278,1.0606999652199816,1.42636306304721,1.3889097542315676,0.8076922061198845,14.0,4,0,106.0,150.25,44.25,17.68945072,41.67287399,83.79128715,42.11841316,18.68480095,20.5,7.75,34.5,47.5,34.5,115.75,False
S000188,phase,full,4,209261392,56.0,60,4,8,10,15,12,0.022200198263952,0.0755472084777191,0.1849538210750417,0.019982700492138,0.1723862516027062,0.1962799970908365,0.1060833727065833,0.0460723053372661,0.0303167670642552,0.0285198640721235,0.0085088385772325,0.0095696265731285,0.4770863411191489,0.2534290277211669,1.103556571019996,1.0727726627153522,0.9998283009632186,1.1549805222294545,1.2310027426661423,0.8913155697727622,14.0,4,0,75.25,89.5,14.25,13.88944443,20.31631172,26.77403294,6.457721222,3.969966563,44.0,11.0,21.25,52.75,41.75,47.75,False
S000189,phase,full,4,210261395,56.0,60,4,8,10,15,12,0.0121650367220178,0.0671819241850245,0.1366156575638172,0.0499671279494278,0.2199353320012626,0.2336454292580178,0.0776882559515294,0.0518086465226036,0.0523821526985956,0.0371102026738455,0.0098289372956183,0.0015201959645355,0.8437691858324965,0.4096260115679301,1.0981398565585854,1.2579349707253518,0.9756593687004262,1.1786010622450702,1.101918142379241,0.7525342807708106,14.0,4,0,62.0,107.25,45.25,24.43187808,37.52714941,57.74290442,20.21575501,7.815706594,41.75,5.25,22.25,38.5,42.75,64.5,False
S000190,phase,full,4,211261398,56.0,60,4,8,10,15,12,0.0321023195291992,0.0771224599663797,0.2826163139450793,0.0399164974210375,0.1454497052714272,0.159259303709772,0.173260009970397,0.1119764445041794,0.0324163750782772,0.035746046061859,0.0127221359192518,0.0038950696896181,0.7378193933542261,0.2990930887691029,1.062493957916264,1.1303813331359207,1.0526819817159754,1.3053127156052349,1.0474873981343558,0.8968290193326697,14.0,4,0,100.0,114.75,14.75,5.315072906,46.41439505,57.19901126,10.78461621,1.863157678,32.25,7.25,16.0,20.25,39.75,75.0,False
S000191,phase,full,4,212261401,56.0,60,4,8,10,15,12,0.0241425452379235,0.0722190424835715,0.3040022251644929,0.0290326355087444,0.1058529470997793,0.1505173839288057,0.0608947694094601,0.0487719262763631,0.0310623210952583,0.0456042614073079,0.0092896770856794,0.0015358028106293,0.6254633169850627,0.2813138354559368,1.147020012824698,0.9701549305437664,1.3508180201149331,1.3648913548675263,1.1799675460611885,0.7858890515914488,14.0,4,0,110.0,145.0,35.0,6.831300511,44.66030425,69.49787899,24.83757474,2.958301695,34.5,11.5,30.5,53.75,44.25,100.75,False
S000192,phase,full,4,213261404,56.0,60,4,8,10,15,12,0.0172908758789824,0.0733573046506391,0.1337553748734312,0.0455661926270779,0.1652864058867773,0.1830619496114804,0.1305620721156346,0.0974835950043543,0.0309894753021188,0.0286768112390097,0.0119716734386803,0.0098547822062646,0.4380099829666474,0.3809134891002739,0.9875386265872352,1.1275385099524389,1.1871017849903298,1.2224988307831277,1.1977804283592404,0.85193939461113,14.0,4,0,56.5,74.75,18.25,10.37223859,16.20694437,22.83380275,6.626858379,3.84704137,41.5,5.25,6.0,11.5,29.0,45.75,False
S000193,phase,full,4,214261407,56.0,60,4,8,10,15,12,0.031272579287777,0.0565221937436578,0.2170527905157282,0.0313884124185971,0.107730990799723,0.1616232208109105,0.1510475581961543,0.0513587185194456,0.0373407171141043,0.0672837322819106,0.0143969179782355,0.0060412087941934,0.3635865978767753,0.3554322061263169,1.0097300751788982,1.1230907027572172,1.206481873252136,1.3977685529087127,1.1173152125288397,0.8552045581380024,14.0,4,0,69.25,80.75,11.5,6.350852961,19.38310634,25.5924034,6.209297052,1.001089145,29.5,12.25,12.0,31.0,15.25,65.5,False
S000194,phase,full,4,215261410,56.0,60,4,8,10,15,12,0.0143038995870017,0.0310349353889117,0.1304210026103668,0.0308834326935813,0.171624911735416,0.2923323682829182,0.1474518526924844,0.0592658950932581,0.0734540244979373,0.0341565558286919,0.0239636659868186,0.0026871734261003,0.6225217624221777,0.2479687720174913,1.1899559318754576,1.2880483332723325,1.4089382112919402,1.1088865468296,0.8942266410899162,0.9906023064315402,14.0,4,0,41.0,53.25,12.25,7.088723439,17.27539875,21.72898677,4.453588023,1.734115959,35.5,12.5,7.5,15.5,16.0,37.25,False
S000195,phase,full,4,216261413,56.0,60,4,8,10,15,12,0.0151388308907119,0.0311952103281463,0.1988052252099941,0.0181684988443356,0.1418857422165457,0.1804841119168981,0.1373860680004131,0.1294123435895691,0.0242348668216776,0.0741412432704102,0.0178750436561665,0.0091701108308762,0.4041817580851772,0.4369882645998485,1.219278052221841,1.023557702237346,1.3956448577119895,0.8839235455241371,1.3260876843218143,1.0358322054958975,14.0,4,0,83.5,93.25,9.75,8.381527307,25.42173744,31.71702706,6.295289619,2.244558772,36.25,14.75,22.0,18.0,26.75,66.5,False
S000196,phase,full,4,217261416,56.0,60,4,8,10,15,12,0.0208610058876894,0.0366175227732982,0.1314253666070712,0.0393810783515796,0.1677973131274337,0.1939167849283672,0.1730936036242844,0.0486995860910251,0.0430999805210084,0.0251115552367768,0.0138821826175058,0.0046654228811904,0.7862083180205941,0.2928650212047465,1.163799051612256,1.1890498235486084,1.4759338823356187,1.0006414192303703,0.936695457060704,0.8169586662470326,14.0,4,0,49.0,72.5,23.5,7.895146188,24.11007204,28.88212749,4.772055445,5.217784329,30.25,9.0,18.0,24.25,35.5,37.0,False
S000197,phase,full,4,218261419,56.0,60,4,8,10,15,12,0.0168421187562094,0.0631884044534682,0.2841246454997435,0.0405014837210207,0.184550628625038,0.1611087217507833,0.1650242586110551,0.1173719879560703,0.0347358398610342,0.0547857810600117,0.0285211767415626,0.0089829804321762,0.8310850345088732,0.3337629520710222,1.1238969283990965,1.2811308033630044,1.375115575148969,1.3033281946039597,0.9541277848431984,0.7222842350514822,14.0,4,0,84.25,156.5,72.25,13.79311422,46.64955564,87.48177579,40.83222016,10.36548518,42.0,7.5,28.5,17.75,45.5,111.0,False
S000198,phase,full,4,219261422,56.0,60,4,8,10,15,12,0.0140797690870381,0.0474278596580171,0.1774758283636107,0.0310815264103426,0.1104434765610615,0.2522339048470515,0.0703085751569708,0.11775946714933,0.0208373796995185,0.0352539680484922,0.0222427334045544,0.0045982638004236,0.4224736393205252,0.2197473033019467,1.028006732015804,1.007353682799398,1.0543122009380546,1.387608077185276,1.168731432969765,0.736538381431638,14.0,4,0,62.0,78.5,16.5,8.346656017,17.24212998,27.29626704,10.05413706,5.859248521,45.0,8.5,7.5,8.0,21.0,57.5,False
S000199,phase,full,4,220261425,56.0,60,4,8,10,15,12,0.0139336837696008,0.0438962615481607,0.1968611702598005,0.0153878065200101,0.1264840519437639,0.2279296429236086,0.1772751465670648,0.0470276947154923,0.0476901976054516,0.0334191588423167,0.026800467955116,0.0016714557548013,0.5760631402573388,0.1348037838601522,1.2081101197663908,0.9877422718657728,1.4778122389488353,1.0149702103341791,0.8712625291872748,0.7693819792735545,14.0,4,0,42.25,55.0,12.75,8.341662504,17.86037226,20.52568785,2.665315597,2.38118828,41.75,13.5,9.75,15.0,17.0,38.0,False
S000200,phase,full,4,221261428,56.0,60,4,8,10,15,12,0.0162339565784933,0.0437929457374625,0.3009810639909182,0.0375328380121777,0.1148152510440708,0.2806238841157935,0.1178798109283505,0.0758334348384323,0.0293784248869075,0.0626588780261371,0.0126041145534017,0.0118323714377491,0.4474717773610507,0.4328755506253732,1.2522779351965891,1.005745509311762,1.2832460216380774,1.0433682972438043,1.245128360218113,0.834497894660761,14.0,4,0,89.5,100.0,10.5,9.88264472,28.345436,40.53414355,12.18870754,2.700749457,36.75,7.0,8.25,16.75,26.75,73.25,False
S000201,phase,full,4,222261431,56.0,60,4,8,10,15,12,0.020712310341755,0.052518266449575,0.2399801074649901,0.0155845797892214,0.2135559753220462,0.2250046743009531,0.1349735532435471,0.0610449737131273,0.0344262317005144,0.0414205429824792,0.0113658698731632,0.003630200806147,0.3651735260080562,0.3675180963620806,1.0891885726044672,1.2843879973860803,1.1858247331031528,1.0559484660723526,1.0248094046175595,0.9491608299029396,14.0,4,0,123.0,202.25,79.25,23.5990819,26.93538229,40.00051989,13.0651376,3.244293669,39.75,13.5,40.5,104.5,96.0,106.25,False
S000202,phase,full,4,223261434,56.0,60,4,8,10,15,12,0.0242163088955965,0.030694522007625,0.248498803793503,0.0519393855409396,0.1910105433304693,0.1447286457268827,0.1124868370645908,0.047442173681406,0.0292354283760821,0.056057686773142,0.0387408692875716,0.0076683994370228,0.6977742117925502,0.1104028908830168,1.0228319189238435,1.1480355136264946,1.0675858897862327,1.1327817557846938,1.0118287059413134,0.9701187822448948,14.0,4,0,110.5,162.25,51.75,20.15564437,44.86658663,67.87338281,23.00679618,4.872756604,23.5,9.0,75.5,138.0,66.25,96.0,False
S000203,phase,full,4,224261437,56.0,60,4,8,10,15,12,0.0137913136791415,0.0635497058585051,0.1211477321515629,0.0297220115435723,0.1018904677685073,0.2630919667294555,0.1310760246770575,0.0522918038093981,0.0317983661182014,0.060379770319026,0.0319640442364488,0.0048140673344453,0.6480211906406667,0.3691811245293849,1.040764931733304,1.0113908796766071,1.3820302413338312,0.9578558351779968,1.1425284996714071,0.9214044892697756,14.0,4,0,37.75,39.5,1.75,4.716990566,20.66453861,22.98995233,2.325413716,2.564223809,48.0,5.5,2.75,5.0,7.25,32.25,False
S000204,phase,full,4,225261440,56.0,60,4,8,10,15,12,0.0287336081207776,0.0670129764052844,0.3186810681439226,0.0368316754955153,0.1091253249174722,0.2074665574193128,0.0618393747446357,0.0497912448359213,0.045429943783097,0.0495214725520894,0.0423385811360716,0.0054447542390693,0.8459020685291732,0.4445845515691364,1.2422421903550631,1.2778202205213869,1.3636804851426794,1.0783877347660833,1.202959742218993,0.9398109703321516,14.0,4,0,87.0,142.0,55.0,26.16613588,56.10611805,93.7820733,37.67595525,14.53375934,29.75,9.5,39.0,73.0,48.5,93.5,False
S000205,phase,full,4,226261443,56.0,60,4,8,10,15,12,0.0192648794469341,0.0346644171305628,0.2494090300674203,0.0493609658610578,0.175983403604718,0.1579032826012638,0.094848347191231,0.1068140964236073,0.0651825743641638,0.0711195176381944,0.0082164895328597,0.005904889282961,0.8887691305800337,0.3134065290109669,0.9574209381542028,1.1172366447082387,1.4451076310386393,1.1462584170314902,1.2155017518553095,1.0043818592821678,14.0,4,0,117.25,159.25,42.0,49.11890335,75.14531708,123.8129458,48.66762874,27.54906226,33.25,8.0,35.75,23.25,41.75,117.5,False
S000206,phase,full,4,227261446,56.0,60,4,8,10,15,12,0.0153462432880861,0.0413740057612209,0.2977043187399344,0.0499656002213682,0.1521321902906938,0.1600663550158273,0.0840062788023284,0.0542667775645785,0.0467589333436176,0.0737121585926433,0.0151206713887906,0.0011673259798533,0.7741770396665394,0.2652973660023451,1.1207294991475822,1.2963686209672058,1.4844460319205626,1.10392544893054,1.252149938454088,0.8261068973574446,14.0,4,0,96.5,184.5,88.0,20.92844954,52.70297819,108.490471,55.78749279,15.08625843,33.0,8.5,66.5,77.75,63.0,121.5,False
S000207,phase,full,4,228261449,56.0,60,4,8,10,15,12,0.0224196591346618,0.0363324660715643,0.1243672502506885,0.0195628066538393,0.158757037779374,0.2223415274384623,0.0983979670244986,0.0612802146584857,0.0754562382298591,0.0368216211145257,0.019423471922575,0.0010852764238687,0.4366205284201169,0.2167681052002693,1.0110677156142036,0.9707887484768624,1.455063613229035,1.39093743708862,0.8812916744707646,0.9690685704916726,14.0,4,0,62.25,71.5,9.25,6.946221995,19.4095887,22.39539194,2.98580324,1.224428019,37.25,12.5,8.75,12.75,16.0,55.5,False
S000208,phase,full,4,229261452,56.0,60,4,8,10,15,12,0.0243637242276289,0.0573375355968369,0.1722189095614655,0.0195963689987449,0.1373885738142164,0.2303377013655773,0.093613073111063,0.1174208093561746,0.0455408282621444,0.0449883035540387,0.0286803636495991,0.0016441741829948,0.6516171696446011,0.3815617154560596,1.230391033774508,1.0830289386688232,0.9217986822037874,1.2969500685936497,0.8646714023474925,0.9073779348913384,14.0,4,0,84.5,102.25,17.75,15.19594244,39.03775729,44.2707014,5.232944108,6.880137125,36.75,13.5,13.5,23.25,25.75,76.5,False
S000209,phase,full,4,230261455,56.0,60,4,8,10,15,12,0.0185924683283754,0.0307404541422235,0.1550091583862029,0.0156234927240557,0.1489341403901829,0.1576817910009612,0.1012833078796458,0.0737306831967138,0.0784630287052177,0.0279622520847403,0.0153995645729775,0.0101927837453421,0.7134350319323821,0.2282646778907875,1.257233156760965,0.9500540047910844,1.3068315217727755,0.9618693435974028,1.3734207558252134,0.943108715083827,14.0,4,0,55.5,65.5,10.0,8.831760866,20.13628997,27.64688152,7.51059155,6.471026771,32.5,17.5,18.25,21.5,34.75,30.75,False
S000210,phase,full,4,231261458,56.0,60,4,8,10,15,12,0.0225376666319056,0.0507987150895704,0.1250507015785197,0.0321497923879203,0.1040383532627755,0.2813285377147174,0.0835518992134051,0.0639295074624419,0.0469707612374415,0.0662470387776128,0.0218965611183354,0.0011161156879616,0.5239334823260435,0.1946163590373748,0.9528785917060644,1.1329291702978923,0.9776001791415544,1.141897870168691,1.0430382689574915,0.9057051106776668,14.0,4,0,61.5,65.75,4.25,13.04798835,25.51743778,29.45496612,3.93752834,3.629486424,36.0,10.0,7.0,17.5,10.0,55.75,False
S000211,phase,full,4,232261461,56.0,60,4,8,10,15,12,0.0179106158933385,0.0524787106864229,0.2650094475187351,0.0410726434056445,0.1074432226189531,0.2591797343505246,0.0779490640766401,0.0627483276531296,0.0239672995016138,0.0539531627570451,0.03092132852427,0.0041709244220491,0.5771371746650489,0.2769965697580984,1.1716669393517116,1.1069135194015465,1.113523496643079,1.028856384589076,0.9726312717306502,0.8178812777842628,14.0,4,0,71.75,92.75,21.0,12.40967365,29.0028373,36.33444877,7.331611469,3.849907461,36.5,7.25,12.25,34.25,28.5,64.25,False
S000212,phase,full,4,233261464,56.0,60,4,8,10,15,12,0.012959241863366,0.0485506245404314,0.1922298050842082,0.0478927035432065,0.1231238379369204,0.1777937745463332,0.1621574655644618,0.1170081704223392,0.0478271841025408,0.055625780281288,0.0268151649545533,0.0031766471186343,0.3986969223559858,0.2105483571054972,1.339372769903919,1.161151625997631,1.1005982217142445,1.2947673538885611,1.2072107399403234,1.0316590392968858,14.0,4,0,50.75,63.25,12.5,5.802298395,16.29423036,24.17274907,7.878518716,2.492530229,36.75,7.25,6.5,7.5,9.0,54.25,False
S000213,phase,full,4,234261467,56.0,60,4,8,10,15,12,0.0246099875980563,0.0451782318840555,0.2917878928721625,0.0291162414269349,0.1693547912234959,0.1678745603477359,0.110702218629469,0.0832254863641269,0.0423993016237686,0.0442785547740298,0.0150492748005647,0.0074578414202817,0.3648064163239733,0.1861588273676721,1.0230484108409454,0.9592809542635168,0.9809698567074792,0.9719205357873738,1.0332709572327283,0.9770093537843524,14.0,4,0,135.0,131.5,-3.5,6.137317547,27.53414235,28.34194072,0.8077983681,0.816272362,37.0,9.25,35.0,58.5,55.5,76.0,False
S000214,phase,full,4,235261470,56.0,60,4,8,10,15,12,0.0243386698566639,0.0313658573754817,0.1365749151989935,0.0480429102249192,0.1416865188778099,0.2472518815479385,0.1562125325670525,0.1228565921819348,0.0204742144129918,0.0299784168857945,0.0133501469681382,0.0118451296196721,0.8242512870331788,0.1233042679811242,0.958645031796553,1.2957652043218637,0.9015633472842662,0.8986982770237384,1.0714973101518337,0.901033690716316,14.0,4,0,66.75,76.75,10.0,8.831760866,32.75705357,35.50113093,2.744077356,1.892151551,30.5,8.75,8.0,13.75,35.75,41.0,False
S000215,phase,full,4,236261473,56.0,60,4,8,10,15,12,0.016629906278847,0.0346268931123559,0.3065523407419729,0.0192505120353708,0.1420721879706728,0.1464881756907497,0.1396232775351952,0.0999605692114735,0.0418829704097936,0.0443611217044689,0.0101144233247729,0.0017054087272888,0.6972141488060649,0.3431262663312348,1.3003335286778528,1.016119448729289,1.3181943123886009,0.9307660970197276,1.2735062043304166,0.9829692068519972,14.0,4,0,121.5,145.75,24.25,10.62622542,53.13886481,72.74127778,19.60241297,1.615315571,35.0,15.75,35.25,32.5,58.75,87.0,False
S000216,phase,full,4,237261476,56.0,60,4,8,10,15,12,0.0316855025681949,0.0574991850312542,0.160112030043777,0.0176541869115973,0.1092235951067778,0.2420506803608027,0.1066036725384419,0.1258378107327191,0.022574554087957,0.0258512925421702,0.0279606015543348,0.0021664337756555,0.4079562452209877,0.4380516428995479,1.329960153333627,0.9730196204384948,1.1566205416090762,0.9184520705498974,0.9007278882532708,0.9089933034224046,14.0,4,0,93.75,102.25,8.5,6.027713773,21.48238696,20.43059265,-1.051794314,0.8535487207,31.0,15.5,11.25,16.75,44.5,57.75,True
S000217,phase,full,4,238261479,56.0,60,4,8,10,15,12,0.032555895585072,0.0371981967608418,0.14645103873946,0.047480822292779,0.1754332383446779,0.2412971812881806,0.0883032689305265,0.0667424778407676,0.0696576152771454,0.0514268127835174,0.0236435954153404,0.0032039029791884,0.8661340741753991,0.3971467973952762,1.0837153401179551,1.284773275098975,1.0300039540276915,1.1154345851545286,1.0288292672651993,0.7669471551514084,14.0,4,0,87.0,121.75,34.75,15.58578412,53.84006343,75.23842577,21.39836234,13.04271559,19.75,10.75,18.75,43.0,37.75,84.0,False
S000218,phase,full,4,239261482,56.0,60,4,8,10,15,12,0.0141818036571033,0.0707959561737757,0.3184820020448602,0.0387757150606133,0.1849741290489603,0.2117379151370792,0.1740241394174718,0.0798978180260107,0.0214907420952978,0.0266208835176011,0.0433152348399995,0.0065797858631518,0.4693140631843097,0.3035410452315374,1.27121398839429,1.034263533242156,1.171753159693785,0.8605370932075308,0.8603987191140033,1.0443565428546016,14.0,4,0,59.75,63.25,3.5,7.141428429,16.64779149,13.99837283,-2.649418656,1.885833328,39.0,6.75,10.0,19.75,30.25,33.0,True
S000219,phase,full,4,240261485,56.0,60,4,8,10,15,12,0.0301745527423503,0.0357724572290794,0.2096453399873687,0.0294447825419329,0.174813069718819,0.2353446152641289,0.091167129595414,0.1018205959920719,0.0835728095310552,0.0207818728902341,0.0261406174654988,0.0080987059789724,0.4673628698937188,0.1781875054340894,1.2906014617251522,1.2625932025590771,1.4436978043220288,1.3400668963870734,1.1479579936307416,0.7700418537323925,14.0,4,0,98.0,191.0,93.0,12.35583533,19.6507612,41.06918283,21.41842163,3.29928364,23.25,15.25,37.0,44.5,113.0,78.0,False
S000220,phase,full,4,241261488,56.0,60,4,8,10,15,12,0.015381101750729,0.0399942011797917,0.2927203065400915,0.0584527625161946,0.1337548718798753,0.2220347811119978,0.1555294899077426,0.0788411885525854,0.0498379155676797,0.0834089504369527,0.0109270470422722,0.0035583091263094,0.8204345026728648,0.1939861711358627,1.1456341029112669,1.0251279627897614,0.9341145619919564,0.8764696911589545,1.06692061986015,0.7287110005619212,14.0,4,0,79.25,83.75,4.5,7.593857167,54.90032942,60.72329764,5.822968223,6.894128778,34.75,6.25,12.25,18.5,13.0,70.75,False
S000221,phase,full,4,242261491,56.0,60,4,8,10,15,12,0.0167637669701704,0.0632898272552079,0.1842848349602059,0.0247352352238076,0.135414240207822,0.210309777773819,0.1236302762326431,0.0896605637709613,0.0234236822889619,0.0763336755866229,0.0394081082391546,0.0042004995840339,0.5203965872900705,0.162605186708479,1.3455670503903054,1.187934609257537,0.9227679404610144,1.35608338263971,1.0572386527165554,1.0142471303123322,14.0,4,0,62.5,77.5,15.0,8.124038405,27.05533802,34.02607255,6.970734531,3.287965369,39.5,10.0,14.5,19.25,14.5,63.0,False
S000222,phase,full,4,243261494,56.0,60,4,8,10,15,12,0.017510364450151,0.0344823035324272,0.1445780828710327,0.0435253216284943,0.1161922689338093,0.2215361076231767,0.141727130273199,0.0732818143442889,0.0273882750471392,0.0497830614109552,0.0216931256763499,0.0048985735735179,0.6356115045861883,0.1147022230114163,1.249562220361083,1.294995635672042,0.9652310430530188,1.3168972996065311,1.3447043419266642,0.8412268647979285,14.0,4,0,57.5,79.25,21.75,6.551081336,24.6439204,43.62857719,18.98465678,2.479280681,29.25,10.5,10.25,23.0,23.75,55.5,False
S000223,phase,full,4,244261497,56.0,60,4,8,10,15,12,0.0155140446446109,0.0632249179490356,0.2729919189500564,0.0372062097745724,0.1573235038520366,0.1590860895174683,0.0829987951533323,0.0609788699902698,0.0253271938731221,0.0837028081240794,0.0172597711634607,0.0029941729774211,0.8411130563185156,0.1419214735315423,1.2995591778883218,1.2685646076034789,1.1850823304906282,1.1582968481417384,0.883227279484077,0.9715482226991172,14.0,4,0,124.0,200.5,76.5,54.95149376,79.74708819,112.6358048,32.88871664,27.528363,37.5,7.75,70.75,99.5,50.5,150.0,False
S000224,phase,full,4,245261500,56.0,60,4,8,10,15,12,0.0326637665248093,0.0638653390784266,0.2982161873195875,0.0245430166573532,0.1564673983985758,0.2033516090193754,0.1782907706662556,0.055325561474369,0.0835131459084507,0.0316860556261404,0.0088963168893357,0.0010215298405345,0.4506437132385929,0.2355166579647894,1.2099325634896514,0.9999926055914856,1.3515298131172464,1.3040334968273055,1.1555799372288145,0.8818308680531687,14.0,4,0,92.25,115.25,23.0,6.377042157,23.87767212,35.31631473,11.43864261,2.504734871,29.5,13.75,19.75,29.75,43.75,71.5,False
S000225,phase,full,4,246261503,56.0,60,4,8,10,15,12,0.0138288514399969,0.0426747754582456,0.1717726121077005,0.0238005136809592,0.1245533778055753,0.2068178070787406,0.1612372902306499,0.0585235641856614,0.060585300929486,0.0244906226174527,0.0094331839523143,0.001545303324828,0.8278377947583782,0.2427112266821642,0.9994367142877832,1.247536614962968,1.1446904952340562,0.9425769821807684,1.0975581373042644,0.9777617637037966,14.0,4,0,51.0,55.75,4.75,7.455423082,26.09848761,28.6891052,2.590617592,5.353569692,43.0,8.75,12.0,11.25,22.5,33.25,False
S000226,phase,full,4,247261506,56.0,60,4,8,10,15,12,0.0132895058610827,0.0601726079335974,0.1966577171200983,0.0238649837301943,0.1065333812313804,0.207004953405044,0.109537670950116,0.0588896685815555,0.0470554743793841,0.0640408163983164,0.0224558489568014,0.0048203930805398,0.35109335479926,0.2874201780849887,1.236335522906682,1.0284218144257442,1.2925388380764706,0.9809402207750744,0.8621630625844516,0.7531966127591587,14.0,4,0,50.25,57.0,6.75,11.02648327,14.47171745,14.8227131,0.3509956498,1.96993796,44.25,7.25,6.5,16.5,11.25,45.75,False
S000227,phase,full,4,248261509,56.0,60,4,8,10,15,12,0.0320674465453645,0.0781290543143405,0.1459802349361734,0.0153230283868582,0.1775144589336991,0.1486637349290662,0.0986540719817997,0.0459292946582937,0.0491076540136858,0.0406740007089055,0.0296657972097159,0.0064947341089557,0.5686041498760765,0.1440648418478858,1.0221792813737398,0.9926790998766696,1.113379837047736,0.9467075858552296,1.2041266084032094,0.7688829818815031,14.0,4,0,69.25,83.0,13.75,9.673847907,24.5452353,32.06536933,7.520134031,1.890560892,40.5,12.75,25.25,36.5,33.25,49.75,False
S000228,phase,full,4,249261512,56.0,60,4,8,10,15,12,0.0145647639211466,0.0427315399849364,0.2945629526246042,0.0395332256381607,0.1800774989236472,0.2067029241440124,0.0851601516663796,0.0509618457413983,0.0312960171595799,0.0694260396541639,0.0422959237936968,0.007066398986208,0.8274393626388536,0.2001351069566956,1.1801720082724183,1.221141541750214,1.3836715036708929,1.0275509110165124,0.9064077832431046,0.7789470066288542,14.0,4,0,84.25,167.0,82.75,31.59509456,50.0111663,81.46302758,31.45186127,12.45352559,36.0,8.0,44.75,108.75,60.25,106.75,False
S000229,phase,full,4,250261515,56.0,60,4,8,10,15,12,0.0144765493415386,0.0446771211230137,0.2648675993187243,0.0309111511509577,0.1993994217243293,0.1412619138530931,0.1400730322251014,0.0682002167169291,0.0223228213295671,0.0621566115179223,0.0165946284101754,0.0015771031719936,0.8999924942004583,0.3251610890066831,1.134631430512375,1.2869822942635576,1.1159477702332252,0.9171712739581258,0.9880217387676484,0.8772390003356104,14.0,4,0,126.75,196.25,69.5,8.426149773,83.04050546,102.7561266,19.71562112,9.044526614,36.25,10.75,99.25,105.5,78.0,118.25,False
S000230,phase,full,4,251261518,56.0,60,4,8,10,15,12,0.0264610841833701,0.0483645529262099,0.2867626049064321,0.0471957500129004,0.117438119950288,0.239954698645739,0.0991953777398177,0.0780093952231275,0.0400948847599494,0.0242498583130859,0.0119391370881773,0.004849568020211,0.6561136574551294,0.3740962780514077,1.3386709686299612,1.2394019455084766,1.0888639296247762,1.391589005436201,0.8888639898838638,0.7352027981217193,14.0,4,0,121.0,175.25,54.25,18.40968948,34.81939063,50.92889378,16.10950315,6.977001206,20.25,9.75,18.75,51.0,87.25,88.0,False
S000231,phase,full,4,252261521,56.0,60,4,8,10,15,12,0.0287521535180943,0.0629261525192065,0.1257474138958909,0.0230041282581881,0.1835780433862129,0.145739246698826,0.0793720765623354,0.1052039420449599,0.0744065940047568,0.056599835784586,0.0386860752959668,0.0020118935326205,0.578479260585537,0.4122027320802025,1.3458789834125957,1.0302083493550167,1.0747210230512696,1.1183231983543285,1.3796366928812869,0.99487582615387,14.0,4,0,91.5,112.75,21.25,9.287087811,34.6405439,58.56383642,23.92329252,7.967868907,31.75,14.5,45.75,31.5,34.5,78.25,False
S000232,phase,full,4,253261524,56.0,60,4,8,10,15,12,0.0136680681745737,0.0414923252644874,0.1682017188517503,0.03972537120851,0.1276197354285422,0.1770028055122795,0.0853886167749822,0.0942501933908413,0.0806771162309141,0.027479716123224,0.008100649842609,0.0038028165913159,0.4048786457788039,0.1080344058996207,0.9944440254093518,1.118799888296519,0.9666887673612758,1.1671465215508154,1.201422373138317,0.7680207170494612,14.0,4,0,64.25,77.25,13.0,7.118052168,16.50133073,22.77578134,6.274450617,1.84637406,39.25,9.5,14.0,15.75,27.25,50.0,False
S000233,phase,full,4,254261527,56.0,60,4,8,10,15,12,0.0241926849581266,0.0589549903832423,0.2190316761772447,0.0326626259082423,0.1102596776627942,0.1623060218687497,0.1659686728327909,0.0602681396157313,0.0353092002361189,0.0603216502897457,0.0190451913245759,0.0030187496215258,0.5035841017336036,0.2059225220537436,1.2829473659926187,1.065487089584415,1.0425079615910344,1.2042879222744654,1.2249889402105367,0.95990900454324,14.0,4,0,74.25,91.5,17.25,16.45954637,29.04740987,39.73212913,10.68471926,5.635909203,33.25,11.5,10.25,23.5,22.75,68.75,False
S000234,phase,full,4,255261530,56.0,60,4,8,10,15,12,0.0129492442217158,0.0514759001157791,0.1604825734704351,0.0559958642312923,0.1672945594807842,0.1437253785996449,0.0628688394536128,0.0672625097172215,0.0336818690176364,0.0575348645867325,0.0311798697591407,0.0012074642575114,0.6287064790489703,0.2051941711877684,1.32854652820871,1.1583246046098357,1.2195649517185465,1.208970806005491,0.9539438647023076,0.7808575778377985,14.0,4,0,81.75,122.5,40.75,20.36950335,37.0286551,52.31697847,15.28832338,3.696819798,35.25,5.75,32.0,46.0,36.25,86.25,False
S000235,phase,full,4,256261533,56.0,60,4,8,10,15,12,0.0125862542654181,0.0604146184404217,0.2411305268289898,0.0316986152935912,0.120253303407016,0.2693891972794504,0.0632875181385098,0.0462209890478965,0.0250876432395695,0.041030481940344,0.0354688156398688,0.0017556701822211,0.5931021888314292,0.3448754298317168,0.9917478957391764,1.2504554362070557,1.037941990640791,1.2270699063987038,1.210456584875391,0.968813080227962,14.0,4,0,56.5,60.0,3.5,7.416198487,25.38987364,31.21351082,5.823637189,3.604302281,45.75,6.5,8.5,27.0,12.0,48.0,False
S000236,phase,full,4,257261536,56.0,60,4,8,10,15,12,0.0209621308185516,0.0409364453065221,0.1264545818183062,0.020097570024289,0.1205142285852741,0.2922132414786546,0.0773970035959873,0.0627144998044572,0.0311815716447184,0.0205029132491227,0.0109930965833662,0.0015229418228279,0.7083583821130193,0.1526838081962476,0.994236113999604,1.0387393494302712,1.1386750720361585,1.3660239482702763,1.3414108056765204,0.7820668996701685,14.0,4,0,72.5,93.0,20.5,2.886751346,26.123887,43.04551957,16.92163257,6.645965946,33.25,16.25,6.0,23.75,42.5,50.5,False
S000237,phase,full,4,258261539,56.0,60,4,8,10,15,12,0.0143428469208066,0.0797287955297323,0.1597111607426399,0.0256732200959328,0.1366654420203702,0.2876412008928253,0.1653098776305193,0.0686093164922287,0.0202006830001155,0.0253757180087999,0.0275492571662292,0.005143365634357,0.599586372572129,0.412134091509955,1.1260889983755975,1.0608574292947646,1.107662288094067,1.281422224742456,1.0110709214495328,0.725931794828559,14.0,4,0,43.0,54.5,11.5,13.52774926,16.34944301,22.43663865,6.087195644,7.388416187,48.5,7.75,5.75,15.75,18.25,36.25,False
S000238,phase,full,4,259261542,56.0,60,4,8,10,15,12,0.0315293329305395,0.0304598200643488,0.3164768061441982,0.0174979702425138,0.2198183653218653,0.1883120026358867,0.1227731354010257,0.0497319611362297,0.0330816742575202,0.0724385606050022,0.0297562429458394,0.0116453676600166,0.8367821939777277,0.4485170544646819,1.0064386247103658,1.1334775933989392,1.14506968102997,0.9891949516450336,1.356454684083552,0.7318868436872117,14.0,4,0,217.25,347.0,129.75,35.5,109.6910456,230.0561567,120.3651111,27.83887855,26.0,17.25,100.5,264.0,137.5,209.5,False
S000239,phase,full,4,260261545,56.0,60,4,8,10,15,12,0.0331696379300701,0.0774786459756747,0.1347638434936714,0.0386773003792239,0.1805671550463474,0.2001220889701255,0.0886849086757089,0.0480912153095602,0.0304547792540307,0.0759668905065396,0.0276476472304747,0.0038577180209998,0.5835747411668419,0.4256147680547121,1.011154452243583,1.239182847998065,1.4466739910831137,1.2534205199129114,1.0462900310033607,1.0489910062234489,14.0,4,0,80.5,118.5,38.0,16.02081979,35.94202163,57.42525255,21.48323092,9.551553337,28.25,10.25,24.5,50.0,23.25,95.25,False
S000240,phase,full,4,261261548,56.0,60,4,8,10,15,12,0.0144617399231528,0.0509671803263727,0.1397443902367266,0.015888178905573,0.1080367859176336,0.2669748108325101,0.0735624856260935,0.0796543382025503,0.0564497283376462,0.0273421293111523,0.0125721668856943,0.0094052517426953,0.6375324839855119,0.4331983273385882,1.2999218516518116,1.2779918652519495,1.250577940720767,1.2028924098617315,1.3547683016464958,0.8609071365720498,14.0,4,0,48.75,78.25,29.5,7.141428429,16.99132351,32.72865352,15.73733001,4.816951326,42.25,10.75,11.75,17.0,37.25,41.0,False
S000241,phase,full,4,262261551,56.0,60,4,8,10,15,12,0.0349979761392496,0.0549132815972717,0.1540949805739625,0.0243440573211359,0.1209810277832417,0.1883752700772471,0.0770507849698905,0.1043232374448022,0.0206530527770293,0.0308675763763743,0.0127436429252566,0.0046129469543328,0.7691490789256343,0.3635512876662941,1.049384753020971,0.9984190467623486,0.9662133052633533,1.0490798752249688,0.8660871630385187,0.8423847078301987,14.0,4,0,115.0,123.5,8.5,12.06924466,46.93721032,47.23953073,0.3023204087,6.446471905,27.0,16.25,13.5,22.25,55.75,67.75,False
S000242,phase,full,4,263261554,56.0,60,4,8,10,15,12,0.0128303949823822,0.0391403180796382,0.1997250880879512,0.0160627822683154,0.1750998050408779,0.1441948246262254,0.1065111318639805,0.0631745415532715,0.0395096560050094,0.0231999939174177,0.0108084523567573,0.0045316112093261,0.8230983099521331,0.2107391469550479,0.9632737355715962,0.95824921869143,1.4105299980942017,1.0446005518993944,1.3783860305456346,0.7662471381091029,14.0,4,0,81.5,97.25,15.75,13.47528602,34.56418161,51.59354291,17.0293613,10.40882358,46.25,8.75,19.25,32.25,47.5,49.75,False
S000243,phase,full,4,264261557,56.0,60,4,8,10,15,12,0.0307405054101264,0.0671344632831317,0.1476728225844583,0.0210498946602039,0.1049279530471804,0.2899572582790887,0.1286798949387496,0.0856076919060767,0.0625926985062277,0.0275915729821411,0.0236047174129992,0.0017935787379222,0.4774478725627192,0.2844779958439132,1.1437594527409198,0.98440801153292,1.4793004681645403,0.8665541867257504,0.9106852628091316,0.7967542387641924,14.0,4,0,59.0,74.25,15.25,11.8988795,17.3572381,17.82328444,0.4660463395,1.846156697,33.5,14.5,7.0,11.75,34.5,39.75,False
S000244,phase,full,4,265261560,56.0,60,4,8,10,15,12,0.0215213996585138,0.0746954093663205,0.2303536431805219,0.0179438089698,0.1124441827616061,0.1872269875834053,0.0695865636969641,0.107017315614704,0.0782708801058075,0.0322368609558555,0.0315856328440062,0.0069149686423754,0.5022228764741952,0.1293168459288574,1.0678260912524529,1.2120415302366625,1.3174293158507469,1.27772330185916,1.1591393847563605,1.0098031094251485,14.0,4,0,63.0,90.5,27.5,8.346656017,19.08112309,30.57450567,11.49338258,3.782434132,44.0,10.0,23.5,21.25,35.5,55.0,False
S000245,phase,full,4,266261563,56.0,60,4,8,10,15,12,0.0210273092059158,0.0428798746127795,0.1761274711368114,0.0165748535293638,0.1135333788832399,0.1701315053966578,0.1436661744561246,0.0481268754406563,0.0477234783768202,0.06750325669304,0.0103926203044458,0.0023940832148794,0.4787287985732255,0.2066472921431743,1.2899006380522682,1.2424957801402703,1.0276674995412625,1.4201084802657098,1.11687087316155,0.7779408018048735,14.0,4,0,66.0,86.0,20.0,1.632993162,23.90110635,34.84836732,10.94726097,2.513083316,32.0,18.0,20.5,47.75,17.75,68.25,False
S000246,phase,full,4,267261566,56.0,60,4,8,10,15,12,0.0185660894813364,0.0550694759113546,0.3105073802516264,0.030232310256568,0.1788207858032262,0.2505149547369498,0.0714773844535316,0.0525849017302576,0.0563803342587183,0.0223494907341166,0.0187542554472352,0.0015813038917471,0.5949712036329979,0.4412955878019398,1.1454171396850423,0.9696155561558948,1.108206331251778,1.071281226812623,1.0734902112040063,0.8989616293057794,14.0,4,0,86.25,102.75,16.5,3.415650255,28.62592976,34.18528294,5.559353187,3.16169825,38.25,10.0,23.5,45.25,49.25,53.5,False
S000247,phase,full,4,268261569,56.0,60,4,8,10,15,12,0.0144474752276553,0.0564905645330641,0.176852152227583,0.0470104623384096,0.1304733402845402,0.1660711193007866,0.1674040187859736,0.0806364324121719,0.0638923296877092,0.0479193511323484,0.0206442346650939,0.0010914598259639,0.7418386317680012,0.232071024526983,1.170440700905628,1.2942575895082644,1.043969487872889,1.104626011900702,1.1776282665005122,0.9729535018976504,14.0,4,0,47.5,55.5,8.0,7.393691004,28.71714829,34.49091778,5.773769482,4.064750294,37.5,8.75,9.25,11.0,12.25,43.25,False
S000248,phase,full,4,269261572,56.0,60,4,8,10,15,12,0.0136497589740954,0.0375308802534767,0.3182541349175468,0.0207726535437704,0.1937654282635276,0.2886168511850202,0.0781516471518766,0.1046716719813428,0.0480357042016553,0.0309931876372757,0.0177630092385327,0.0087591786363558,0.7654353864433292,0.1759285737115102,1.1512680271946785,1.1995752957142458,1.1633875614403226,1.3427159526675423,1.2978393074650307,0.979727163928476,14.0,4,0,137.5,221.0,83.5,37.54552792,48.84082586,105.8900181,57.04919219,16.71268807,42.75,10.5,32.5,65.5,108.25,112.75,False
S000249,phase,full,4,270261575,56.0,60,4,8,10,15,12,0.0336333282703888,0.0580713108577964,0.2428802231042184,0.0541756571663617,0.1268373350607705,0.1918536819329841,0.0815418600625853,0.0760397427708777,0.0261303532764484,0.0205695546088355,0.009762658260432,0.0028806161238781,0.8104860074695381,0.3015451653548987,1.1145485036361729,1.1440313980634085,1.0949245290269232,1.2545690654367947,0.8774287495585686,0.8378910855012739,14.0,4,0,105.0,147.75,42.75,26.04323329,36.83288217,45.12381702,8.290934843,5.261762943,23.0,8.0,27.5,49.25,87.25,60.5,False
S000250,phase,full,4,271261578,56.0,60,4,8,10,15,12,0.0200225106547595,0.0427801667898902,0.1287063298769567,0.0368617007403599,0.1110212167835403,0.1444660443142793,0.0698630833634071,0.1202656838464465,0.048908860391628,0.058760267637984,0.0327748611007657,0.0049067344381798,0.6332520309294949,0.4173197273594555,1.01823056474292,1.1121669835182235,0.9199523638867608,0.8663665647491816,1.1847766965290147,0.8548296313555047,14.0,4,0,58.5,69.0,10.5,2.081665999,29.64179998,36.40169147,6.759891493,3.105465198,33.75,11.75,26.5,14.0,18.75,50.25,False
S000251,phase,full,4,272261581,56.0,60,4,8,10,15,12,0.0122516976003748,0.0825548930465851,0.1930075297062033,0.0550621092675466,0.1675395230185986,0.1912692477388588,0.1622750775621657,0.0595797263721077,0.027309887713965,0.0406269121451138,0.0150075733244175,0.0047935619737004,0.500300974646025,0.1168387532284072,1.2902459047394794,1.1701124446297335,1.329516409910414,1.0158613992337666,1.307865832065224,0.9642457029409188,14.0,4,0,44.0,50.5,6.5,11.59022577,15.94341784,21.94255318,5.999135334,3.118537048,41.5,5.25,10.0,16.5,13.0,37.5,False
S000252,phase,full,4,273261584,56.0,60,4,8,10,15,12,0.0147581245664504,0.0476894718307096,0.1596372099827443,0.0192827349208222,0.1339602694455243,0.1656277915251589,0.1114405271577601,0.0688588567744206,0.0322235522774471,0.0237522717885284,0.031891906311634,0.0116049586494482,0.7999828467783907,0.2674335089896081,0.9989466775321684,1.1511444547394885,1.1411195557507663,1.0601632627517896,1.1607562663059028,0.9988309569931284,14.0,4,0,49.0,59.75,10.75,5.315072906,19.77996269,25.47050796,5.690545273,3.251461464,43.0,12.0,17.0,29.75,31.0,28.75,False
S000253,phase,full,4,274261587,56.0,60,4,8,10,15,12,0.021741431453125,0.0407587979868858,0.1481517205643908,0.0211904695584809,0.1352592738800884,0.2191050767103914,0.0745351410421373,0.0458937324474298,0.0320305738700024,0.0281019024648042,0.0124327974617655,0.0067374264971083,0.3800210265717382,0.2760690247743309,1.063512668319747,0.9596353744977444,1.1574768643380813,1.0249942605414282,1.028321102960862,0.8996758230968239,14.0,4,0,70.5,76.75,6.25,7.675719293,14.39709323,15.85823043,1.461137199,1.883394173,35.75,14.5,13.5,36.0,36.25,40.5,False
S000254,phase,full,4,275261590,56.0,60,4,8,10,15,12,0.0287793453998161,0.0532595611742794,0.1811541915506975,0.0561262896743466,0.1411229727605969,0.2598079667969973,0.1230576254008988,0.0461428079574979,0.0516484797816,0.0473025687923556,0.0371435091097299,0.0050219602835361,0.8466677652077317,0.3641118570705901,1.0737199832113338,1.2864687137966675,1.4852209910692813,1.2305862914196888,0.9640672568930736,0.9586014577911056,14.0,4,0,46.5,66.25,19.75,8.180260795,29.11473172,41.23080803,12.11607632,6.227716991,25.75,8.75,9.0,19.75,17.75,48.5,False
S000255,phase,full,4,276261593,56.0,60,4,8,10,15,12,0.0212426649590554,0.0845902085257488,0.1684803616263328,0.0180411822242106,0.1626708142250818,0.2297034813732251,0.1383346172131403,0.0697110614834061,0.0308709724283833,0.0530882362022218,0.0449452144182989,0.0054694916292158,0.4285337688121766,0.4185246118223161,1.0170438699246849,1.2022127053131106,1.0434898603611582,0.9463531526100272,1.3130922027792775,0.8357390704546267,14.0,4,0,47.25,58.5,11.25,2.217355783,16.2712764,21.63500141,5.363725012,1.503109276,44.25,8.75,12.25,26.5,17.0,41.5,False
S000256,phase,full,4,277261596,56.0,60,4,8,10,15,12,0.0181077566459466,0.0835644640618481,0.2687010630643229,0.0311205039643547,0.189628609611148,0.2549929412437411,0.1632384727958192,0.0939641575386459,0.0543496217330165,0.0389583725164642,0.0428950146156551,0.0038374297571526,0.8627628100044581,0.1038900081714921,1.1231162159879584,1.173702898500247,1.1691971077164216,1.3546640349169738,0.8793059619665823,0.990105422444142,14.0,4,0,63.75,85.25,21.5,17.07825128,38.77859097,48.19463612,9.416045153,5.678431042,41.5,6.75,11.0,20.0,24.5,60.75,False
S000257,phase,full,4,278261599,56.0,60,4,8,10,15,12,0.0152419396975489,0.0564366112153983,0.1670974009688537,0.0452415524769524,0.1490368810118317,0.226418127054924,0.0724901280434593,0.0511733179999346,0.0338806356444765,0.0795587021755954,0.0414032537850787,0.0019899434535188,0.5370764590131134,0.3975818968265753,1.1019817069722235,0.9964623718297948,1.0780127493182383,1.2344933701408003,1.2013322529343262,0.8962715353696591,14.0,4,0,59.5,67.5,8.0,12.67543556,27.86048864,36.14504905,8.284560409,8.005682657,37.0,7.5,7.75,23.5,8.5,59.0,False
S000258,phase,full,4,279261602,56.0,60,4,8,10,15,12,0.020435838176948,0.0578314613259106,0.1435378749747573,0.0278753404605571,0.1470176173306172,0.162031452093859,0.0686067724199498,0.0885260145042948,0.0417259627027669,0.0211868927657409,0.0129545457435637,0.0032308703712377,0.8434458997331984,0.1361933019102689,1.1858283241119856,0.9553422540868904,1.0315077654794758,1.2498265144743148,1.3519352661258663,1.0231285483515244,14.0,4,0,77.25,76.25,-1.0,4.242640687,32.70460815,45.25618289,12.55157475,4.023574145,34.0,11.25,14.75,18.0,32.0,44.25,False
S000259,phase,full,4,280261605,56.0,60,4,8,10,15,12,0.0120770448749789,0.0417531178668319,0.1296178224083258,0.0200520026360903,0.1943173355036477,0.238438681803237,0.0625329552775509,0.1296921957198369,0.0339750890612975,0.0248244171712909,0.0148963389696024,0.0014023173197183,0.6322298251175311,0.3859911723348304,1.1403935521344803,0.9840308164431264,1.0018785579223026,1.1706759517211442,0.952675518264274,1.0429906904199229,14.0,4,0,104.5,104.75,0.25,14.38459824,35.42229982,37.32543442,1.903134596,1.147939049,40.5,11.5,8.25,13.25,44.0,60.75,False
S000260,phase,full,4,281261608,56.0,60,4,8,10,15,12,0.0322966022513975,0.0319646811481656,0.1429760119847067,0.0463667650428401,0.1250941592425394,0.2646138328190901,0.0848795334936362,0.1121388348258536,0.0807498541156452,0.0270701336767649,0.0446796519732311,0.0101736783649063,0.5029060815966355,0.1825212412647221,1.3195351806145992,1.2827961891814024,1.0216586818529385,1.1308494728026584,1.00919760549912,0.8646984680620537,14.0,4,0,40.75,68.25,27.5,9.036961141,11.39331856,18.14725381,6.753935251,3.97604158,14.25,11.75,12.5,11.75,32.25,36.0,False
S000261,phase,full,4,282261611,56.0,60,4,8,10,15,12,0.013481397484338,0.0519105156009538,0.1368807360228024,0.0175903586201445,0.1139285893276267,0.1566010756652356,0.1193879803089489,0.1109752666979411,0.0300218551865234,0.0368966104601592,0.0199712369192376,0.0090552106649068,0.6450744379171662,0.2593484364160148,1.0481939385165857,0.9758465341321076,0.900816100909578,1.1346290152879204,0.9402718959553626,1.0383108054917676,14.0,4,0,47.0,48.25,1.25,13.07351011,19.51446756,18.41829122,-1.096176343,4.167442403,44.25,10.75,11.75,9.75,19.25,29.0,True
S000262,phase,full,4,283261614,56.0,60,4,8,10,15,12,0.0240896743164303,0.0538223953513392,0.1319776379957004,0.0550357786809748,0.1047515181768691,0.2968983357309518,0.1379386420759898,0.0990533446823451,0.0356569365084617,0.0469467031237971,0.0260208322198339,0.0028452555614961,0.7574966100834857,0.1603787689418442,0.9892622749613418,1.2199380865920624,1.1966593037280076,1.1979716811055288,1.0374215425078095,0.8745651924164153,14.0,4,0,54.0,62.5,8.5,4.123105626,32.75436204,37.98596633,5.231604284,2.018515361,28.5,9.0,6.0,7.5,14.0,48.5,False
S000263,phase,full,4,284261617,56.0,60,4,8,10,15,12,0.0345361463260525,0.0327718787267593,0.1346734614510278,0.0274165172913992,0.1398810644958421,0.2502845007851672,0.0748590856366166,0.0958341536295733,0.0789446470386201,0.0660993668049101,0.0157538172138444,0.0016146195088726,0.4975747421868988,0.2341231346525006,1.1373825315044088,1.1582244672843605,1.4298911943080297,1.3797598905525263,0.9982251009803564,0.9790980630498614,14.0,4,0,94.0,119.5,25.5,7.141428429,36.04852475,47.37562946,11.32710471,4.581239359,21.5,13.75,15.25,15.0,23.75,95.75,False
S000264,phase,full,4,285261620,56.0,60,4,8,10,15,12,0.0240579119269717,0.058045237568942,0.1753309247255665,0.0250247005116982,0.1245927466258877,0.1706112602482798,0.1639328741337677,0.0529844145793373,0.0714997575352597,0.0259175629967751,0.0256105155994247,0.0014642529956048,0.6913649838784597,0.1118672070141329,1.0631792742762205,1.231984544506742,1.2215126628265869,1.2704496799732783,1.306885451132608,1.0089527958719922,14.0,4,0,44.0,50.5,6.5,6.454972244,19.30991025,24.39993589,5.090025646,2.930327225,34.5,14.75,17.5,23.0,20.0,30.5,False
S000265,phase,full,4,286261623,56.0,60,4,8,10,15,12,0.0240403551133129,0.0670708818780626,0.1266086948801673,0.0227149964438521,0.1411870843722337,0.2093237631481585,0.0774629054635394,0.0499378782112736,0.0732936799915913,0.0768044724451698,0.0170889033813937,0.0019086146128147,0.4649887181544561,0.3949211357883951,1.087843315572465,0.9565687342407556,1.198424919558752,1.1424599179334811,0.9287705792842592,1.0226784361669077,14.0,4,0,55.25,57.25,2.0,3.16227766,22.09150043,21.91791598,-0.1735844574,1.05284612,36.0,12.0,10.75,14.75,8.75,48.5,True
S000266,phase,full,4,287261626,56.0,60,4,8,10,15,12,0.0169660648983553,0.0398395849022482,0.2084273328489715,0.0445361336828072,0.1002496374890168,0.1831413547682848,0.0925889242094496,0.0555741601644011,0.034339617062026,0.0376156754963693,0.0240949071860355,0.0019364134446077,0.545366864942757,0.1737962169141842,0.9656740492293636,1.0573044777363911,1.2859736467282654,1.1165261370962465,1.022567384584104,0.8841849991433648,14.0,4,0,67.5,70.0,2.5,3.696845502,24.29084546,26.59015643,2.299310973,1.451176985,34.5,6.0,11.0,19.75,22.0,48.0,False
S000267,phase,full,4,288261629,56.0,60,4,8,10,15,12,0.0129756397358168,0.0574073282784358,0.1409554269681068,0.021712731282923,0.1067528821516154,0.1936331702645208,0.0929534807314462,0.086895759146718,0.0774914682481469,0.0259802999329698,0.0289672116649966,0.0043095145247521,0.584663899448314,0.1131100798255478,1.2556656822493195,1.2110421316512354,1.226880407100465,1.1609547797490951,1.3047890722500597,0.7599070849442235,14.0,4,0,36.5,54.75,18.25,7.135591543,15.6202662,24.94578093,9.325514733,2.617320443,40.0,9.75,12.0,11.75,18.5,36.25,False
S000268,phase,full,4,289261632,56.0,60,4,8,10,15,12,0.0197237150196247,0.0818473058048408,0.2290471846752511,0.0214185517771052,0.1520943139316333,0.2775110437417301,0.1575216641894491,0.0796156349060398,0.0545299124162168,0.0328707105631601,0.0122338396852028,0.00255048298146,0.4802784059059196,0.4124710909866994,0.9788499099289932,1.0864498100672944,1.1527340508883133,1.254134335951011,1.3603814890479986,0.8636989901273568,14.0,4,0,70.5,80.5,10.0,1.825741858,19.85780973,28.64298776,8.785178024,1.17019388,43.0,10.25,13.0,19.75,30.5,50.0,False
S000269,phase,full,4,290261635,56.0,60,4,8,10,15,12,0.0139029525138373,0.0467842219356083,0.1308197626399881,0.0410152398133372,0.1233536360608581,0.1662902888624894,0.0833423644249387,0.1004986205316341,0.0410800472014459,0.0657353434527175,0.0121212188259573,0.0050394908263749,0.6591833015760219,0.2140927758964677,0.9905850315604988,1.0309432773450702,0.957972750198438,1.1038502139120956,0.8767089734663366,0.9550466472611576,14.0,4,0,58.25,56.0,-2.25,10.34005158,30.21920795,28.70334825,-1.515859697,3.15608233,40.75,8.25,7.75,10.0,8.5,47.5,False
S000270,phase,full,4,291261638,56.0,60,4,8,10,15,12,0.02692266874208,0.0332459535088231,0.2246447801397526,0.0442375140395464,0.1040917481379759,0.1405095900295351,0.175432066437414,0.0576782643237889,0.0211354979779571,0.0386669124739448,0.0202540704503602,0.0021697730500596,0.567617811007465,0.1082395495745614,1.054593868857571,1.0893754176809105,1.2596365684246946,1.0217437619729988,1.1414940069400674,0.8145302222725297,14.0,4,0,65.25,80.5,15.25,7.675719293,25.28566859,32.95260074,7.666932154,4.921195622,21.75,13.75,16.25,24.75,27.25,53.25,False
S000271,phase,full,4,292261641,56.0,60,4,8,10,15,12,0.0336735253414159,0.0485163786849829,0.1906072040746429,0.0502909188244303,0.2168077286528741,0.1450328711991113,0.1013285237064081,0.0513051611430972,0.0416567029781627,0.0596500453347598,0.0123365534206452,0.0015402524584125,0.3656238668046278,0.1097276728597295,1.310398478873649,0.9678876141350342,0.9554963584582908,0.8941355157360285,1.071091520726705,1.006367298111844,14.0,4,0,170.75,149.0,-21.75,20.40220576,38.24022287,35.62434511,-2.615877764,1.85558475,19.5,9.75,68.75,92.0,57.25,91.75,False
S000272,phase,full,4,293261644,56.0,60,4,8,10,15,12,0.0218787884989181,0.0661524598652197,0.313114782603876,0.0193464926577506,0.1627099703418961,0.1905195632685193,0.1687895590567411,0.0752157933973362,0.0255949537950103,0.0448198683040076,0.0105800068059688,0.0040290528705105,0.4020600199978585,0.3665041834518789,0.9785053824423732,1.068206118776034,0.9500244273172352,0.9563090395636072,0.9530352562346464,0.7654261958888408,14.0,4,0,113.0,117.25,4.25,6.551081336,27.37875788,26.91964161,-0.4591162716,1.037975782,42.5,9.0,16.75,41.75,46.75,70.5,True
S000273,phase,full,4,294261647,56.0,60,4,8,10,15,12,0.0286151789795997,0.0625069050264339,0.2637362318805947,0.0534488910269157,0.1812158934825249,0.1941022472683427,0.1605933561487468,0.0842611737749173,0.0342917354241298,0.0297343652430724,0.0138411457943805,0.0036950353746177,0.5182453859339464,0.2848903774342689,1.202432855096331,1.0541360858274569,0.9348280610364972,1.1030681257554635,1.1206245337466962,0.9880830562501433,14.0,4,0,100.0,109.0,9.0,8.124038405,28.50284646,33.07337301,4.570526546,2.000185608,26.25,8.0,18.0,28.25,49.0,60.0,False
S000274,phase,full,4,295261650,56.0,60,4,8,10,15,12,0.0148319473837678,0.0744267471456504,0.192739310309577,0.0219563954717469,0.1682315172851132,0.2724444245432609,0.0688530640795955,0.0868247499760178,0.0613800758802717,0.0223851238516339,0.016182943220923,0.0061929797015386,0.5052611007867113,0.1935639521835915,0.9730672226267062,1.0500417067978176,1.0574505138885728,1.3568369228433683,1.1290420344143892,0.8281667047791269,14.0,4,0,72.5,88.0,15.5,16.58312395,18.52208963,24.96329713,6.441207506,2.015679169,49.25,7.5,9.0,20.75,42.75,45.25,False
S000275,phase,full,4,296261653,56.0,60,4,8,10,15,12,0.0152030854489583,0.045232312203977,0.2011087214827229,0.0186679734769357,0.158460581537767,0.2101110989497303,0.0859391173482955,0.0767072019038367,0.0738805783260231,0.0253037504828825,0.0193402508661993,0.0031429482802909,0.6542988645666563,0.3033771535825206,1.336106711995559,1.298620013932017,1.2380483154877575,1.4268869904045616,0.8724340129613997,0.7350234552438214,14.0,4,0,73.0,139.75,66.75,16.93861466,27.60129336,41.83611691,14.23482355,4.001467267,36.5,14.25,34.25,50.25,68.75,71.0,False
S000276,phase,full,4,297261656,56.0,60,4,8,10,15,12,0.0188498837162958,0.0660588408964484,0.2117981901122113,0.048391365562793,0.1154020519323536,0.1400785167055635,0.1090486267422342,0.0522448016732826,0.0431635439238698,0.0719595707586636,0.0141925076514886,0.003085229879774,0.7871000452434884,0.3904358150052277,1.1299335225586302,1.0748768163434097,1.2562804117856965,1.148259105528019,0.9955801648798442,0.9374751398948564,14.0,4,0,51.75,64.75,13.0,5.099019514,35.00436175,40.55146996,5.547108211,1.819190157,35.75,7.75,17.5,24.75,14.0,50.75,False
S000277,phase,full,4,298261659,56.0,60,4,8,10,15,12,0.0137244291808705,0.0347450927164562,0.3047133417950678,0.034611368835332,0.1316524152538344,0.2166952600776011,0.0974982447684948,0.1250071968677021,0.0653476068001773,0.0201529992681195,0.0096346903260943,0.0011105815472391,0.3776796894820042,0.4199947122987734,1.0090052641276153,1.2821647381168226,1.1314304229212893,1.1255082175261517,1.0530359213297438,1.003615009876485,14.0,4,0,110.25,162.25,52.0,30.8004329,20.64156359,26.62308289,5.981519292,3.753021154,37.25,10.5,26.75,31.0,92.75,69.5,False
S000278,phase,full,4,299261662,56.0,60,4,8,10,15,12,0.0347263849065861,0.0609133176352591,0.1813133030891192,0.0540429459519931,0.1585744976666133,0.2189493112726365,0.1784622160189575,0.0866258691182243,0.0620381827114176,0.0424505996848786,0.0132253639240033,0.0083452756825351,0.462404229420891,0.3072243260513276,1.1630008819572728,1.0790781365041653,1.205181431383746,1.212223809118218,1.2672973288706266,0.8230065412199178,14.0,4,0,63.75,87.0,23.25,12.4465524,20.53470815,32.19963338,11.66492524,2.781737277,19.0,10.25,10.5,18.5,29.75,57.25,False
S000279,phase,full,4,300261665,56.0,60,4,8,10,15,12,0.0205546377442035,0.0348719609314112,0.1405213693550756,0.0305512836935834,0.1657641547128296,0.1896079924501534,0.1669400401593433,0.0492718932311125,0.0827879297941923,0.0259447706859623,0.0236350481892936,0.0078014943445787,0.8422802588307805,0.3920805915554058,0.9711320914599813,0.9778583639131738,1.275861313192295,1.0350432344924958,1.2007679742585209,0.9547554769766788,14.0,4,0,28.75,31.25,2.5,3.415650255,16.9045762,20.1647961,3.260219904,1.330287351,31.75,10.25,6.75,8.25,9.75,21.5,False
S000280,phase,full,4,301261668,56.0,60,4,8,10,15,12,0.0261941166701379,0.0329692156938461,0.2952621558194564,0.0322179702442603,0.2137383555410431,0.2566190967668541,0.0787831399112916,0.119894815314174,0.0822879116188059,0.064651259142753,0.0351760916063254,0.0024397434730576,0.8508314842972077,0.144642614366508,1.194431402274311,1.291031178079997,0.919453222702508,0.9630924819143312,1.1884030584684642,0.9843410103855608,14.0,4,0,177.5,330.75,153.25,55.9367202,107.2809814,199.9088089,92.62782757,32.03264475,25.5,11.5,95.75,119.75,128.75,202.0,False
S000281,phase,full,4,302261671,56.0,60,4,8,10,15,12,0.0190551698843615,0.0538740548530297,0.1251673535050399,0.0532044503499085,0.106793309268284,0.2198356000779969,0.1742007613385725,0.0580885307806184,0.084796447716974,0.0264909499482862,0.0396451483887893,0.0017500701279824,0.4553721672272071,0.3897144757204928,1.1535148003609512,1.2408875563496404,0.942525061105743,0.9083068606521556,0.9215527568004288,1.03535940220808,14.0,4,0,29.5,26.25,-3.25,4.11298756,11.10685866,8.823367638,-2.283491025,1.367119075,31.0,6.25,5.5,9.5,6.25,20.0,False
S000282,phase,full,4,303261674,56.0,60,4,8,10,15,12,0.0278971185959208,0.0412448650187258,0.2726732249062011,0.0336199013643722,0.1986062229854854,0.1954450465283406,0.142763938736423,0.0700163273171735,0.0468670128981323,0.0345919376740964,0.0251131461116201,0.002733298042686,0.5489335982509499,0.3705636105796978,0.974564360334588,1.1027777412818611,1.427283877176182,1.1324129929748847,1.3277041337784383,0.9746579610120076,14.0,4,0,122.5,151.25,28.75,25.22399651,37.4676029,62.503015,25.0354121,8.484676089,27.75,14.25,37.75,42.25,58.5,92.75,False
S000283,phase,full,4,304261677,56.0,60,4,8,10,15,12,0.0154758229205635,0.0452569486719925,0.1423638077635094,0.0222021959939974,0.1283930972455417,0.2579505477455791,0.1063205819817423,0.1118767407143839,0.0482418406438095,0.0420331072158474,0.0340568814361942,0.0020717498143334,0.3840583335147059,0.3018454355008123,0.9548443177200872,1.1705456553908449,1.2250215319795623,1.1033069419545989,1.087680677489483,0.7921758181602836,14.0,4,0,61.75,73.5,11.75,12.94539815,17.26177158,19.87153136,2.60975978,2.614851537,43.0,9.0,7.75,10.75,23.5,50.0,False
S000284,phase,full,4,305261680,56.0,60,4,8,10,15,12,0.0133517042269448,0.0362648456224541,0.1391459022992275,0.0172386252535972,0.2155771571865462,0.152742235934507,0.0786964828666154,0.0726421953758248,0.0425458271372049,0.070267050889092,0.0133042468522367,0.0044321750602253,0.4949330603227458,0.1396046127041063,1.1114512460107409,0.9992355854747264,1.143347531462046,1.181492982851985,0.9992545473308052,0.8706801954357745,14.0,4,0,175.0,188.5,13.5,18.15672511,57.62574035,64.12182413,6.496083785,6.591398547,42.25,10.75,63.5,86.0,59.0,129.5,False
S000285,phase,full,4,306261683,56.0,60,4,8,10,15,12,0.0258685063387612,0.0717101472819181,0.1818924932695478,0.0277289050797313,0.1347474332114047,0.229805120140483,0.1465801729591734,0.0459613957243444,0.0631973821211638,0.0201277246342227,0.0228078199472948,0.0016759538269514,0.6686804361609906,0.409011894910264,1.309256244155991,0.9828925133696396,1.4603936727143318,0.9148293843114168,1.0910028664013711,0.9836559589437436,14.0,4,0,43.0,52.25,9.25,1.707825128,18.14746858,22.13524311,3.987774536,1.425552843,34.25,10.75,8.25,15.5,21.25,31.0,False
S000286,phase,full,4,307261686,56.0,60,4,8,10,15,12,0.030206666360745,0.0478068103636905,0.1360400045086987,0.0274495009072489,0.1680257728067187,0.170520184073402,0.0709597775929407,0.0659341759618587,0.0530043238426613,0.042634659221086,0.0106037021904166,0.0084106800537502,0.8448780525360872,0.1382699138363071,1.1393679850084428,1.124495444081136,0.9430058654032556,1.349171817192975,0.9162780655394852,0.92765084727207,14.0,4,0,99.25,107.0,7.75,10.53169819,51.82447732,53.88118573,2.056708405,4.818777348,32.5,13.75,30.25,49.0,38.5,68.5,False
S000287,phase,full,4,308261689,56.0,60,4,8,10,15,12,0.0177112865569588,0.0703696436258366,0.2457940997967268,0.0255763490037034,0.19204305435459,0.2457826370242734,0.0767879353316516,0.0501859743531878,0.0614954871118548,0.0506806819937946,0.0294300164855077,0.0011336181857032,0.8908926258655452,0.2031830779566147,1.091781347176176,0.9540110881755692,1.1427849102533605,1.3124578512422609,1.274416456148785,0.8631397992845485,14.0,4,0,84.25,95.0,10.75,14.88567544,53.05247789,74.66702711,21.61454922,7.766748281,42.25,10.25,17.5,47.0,24.5,70.5,False
S000288,phase,full,4,309261692,56.0,60,4,8,10,15,12,0.0308538138646535,0.0716299351969346,0.1446057715529842,0.0594050379261583,0.1537290834029476,0.1528703858964905,0.0760894454734485,0.114801523234427,0.0216024010054662,0.0289190080746758,0.0373217242126949,0.0111467609952975,0.7340562978531385,0.2569805658228893,1.0717693900865954,1.2936346320179004,1.4740251148110612,1.3415566482903456,0.9927770179425665,1.0347574614288255,14.0,4,0,74.0,113.5,39.5,48.14215062,30.52135521,45.2652026,14.74384738,12.59890511,22.5,7.5,33.0,28.25,53.0,60.5,False
S000289,phase,full,4,310261695,56.0,60,4,8,10,15,12,0.0152306778089478,0.0755057535956003,0.1296419693693458,0.0362568178207232,0.1236976560309896,0.1587444579625368,0.0922569004314537,0.0485730103497343,0.0467285170315758,0.0814108045167145,0.0247556033012032,0.0067949789318849,0.4481644726648164,0.4333294242239036,1.199365791695488,1.253794918776265,1.0053584332399037,1.0522431415632336,0.9739786995791612,0.7963763197399364,14.0,4,0,43.5,55.25,11.75,9.464847243,16.40979564,20.7871388,4.37734316,4.475983319,43.25,8.0,9.0,16.25,9.75,45.5,False
S000290,phase,full,4,311261698,56.0,60,4,8,10,15,12,0.0134242560188751,0.0354867599755439,0.1227540240043518,0.0342127812012777,0.129703262399386,0.2277679862343784,0.0863967390333425,0.0633800195547755,0.0793300880152656,0.0203708638469288,0.0096609869573356,0.0019533651340995,0.7913265329936287,0.3422651980251876,1.2785994531557132,1.1463822055978647,1.1652570203038004,1.2693086207772302,1.331810967136717,1.014036812347064,14.0,4,0,46.75,55.25,8.5,5.446711546,22.00246404,30.22063566,8.218171615,1.376250607,36.25,11.75,11.25,16.0,22.5,32.75,False
S000291,phase,full,4,312261701,56.0,60,4,8,10,15,12,0.026832466070407,0.0424544696375029,0.231622273542809,0.0250401679842078,0.1144447855309479,0.1573930499972207,0.064939449009526,0.0781694095304551,0.03611569186001,0.0638358959679015,0.0426263162628473,0.0032669040923784,0.4511036050503585,0.3471179633579707,1.3486466728164437,1.0131954882335557,0.9675938829460904,1.0495786842902468,1.2058622925428,1.0495815599611718,14.0,4,0,114.0,113.0,-1.0,9.899494937,36.1758884,41.35424698,5.178358576,5.726765032,26.25,14.5,30.75,56.75,33.5,79.5,False
S000292,phase,full,4,313261704,56.0,60,4,8,10,15,12,0.0200580999191839,0.0488777061854661,0.1742713998399008,0.034826801557895,0.1670376212441733,0.2582033324619302,0.156131549015166,0.1022484003332561,0.0846352740006647,0.0238514035929592,0.0089453527862823,0.0044212732088072,0.5956795902297155,0.3680481941793914,1.0928631153942103,1.0055332828188384,1.3231737812910642,1.290903396927536,0.8782512760091004,0.8041002132764948,14.0,4,0,60.5,70.75,10.25,7.274384281,20.06684447,25.0649466,4.998102131,2.997871107,35.25,9.25,6.5,8.25,25.25,45.5,False
S000293,phase,full,4,314261707,56.0,60,4,8,10,15,12,0.0124761002882305,0.0477786792006396,0.2811705891401352,0.0212047127843814,0.2133328450287094,0.2791698282991697,0.0807903279576416,0.1060760152248644,0.0749219997665577,0.0471636360533808,0.021576102051285,0.0077274867279341,0.5624801818210614,0.3980372662249742,1.2093247396632247,0.9918400877022792,1.1212710330185225,0.9372022409978272,0.9219845136982276,0.9044410168565474,14.0,4,0,102.5,98.0,-4.5,25.43619468,39.30614561,34.8935866,-4.412559008,6.975706022,46.75,8.75,13.0,18.0,31.75,66.25,False
S000294,phase,full,4,315261710,56.0,60,4,8,10,15,12,0.0234760268682899,0.0623344800659944,0.124034931692056,0.0169367939078375,0.107145900684763,0.1844688020804082,0.126564590319506,0.0470752889029571,0.0270063307118643,0.0267489363062739,0.0108248903080703,0.0088681607465792,0.7343478876861136,0.1763366197764225,1.333221430477756,1.0714604324252257,0.973120185512181,1.0861863213196352,1.0180282040024125,0.7565656323848937,14.0,4,0,46.75,55.75,9.0,7.023769169,19.59605949,23.34638427,3.750324777,2.024066829,37.75,14.0,8.5,25.25,24.0,31.75,False
S000295,phase,full,4,316261713,56.0,60,4,8,10,15,12,0.0337943908725444,0.0597131146777405,0.1245028441749775,0.0155591780734119,0.1187879011955359,0.2246170431156295,0.1451798361085398,0.0491643504584132,0.0549810842261537,0.023332602347089,0.0143455012409649,0.0012771970510107,0.5704715370050901,0.3576132534205721,1.1674541494071915,1.2471436285399555,1.032542849414808,0.8739307288974026,1.2607227728891328,0.9660853346946268,14.0,4,0,48.25,58.25,10.0,6.055300708,17.60968898,21.44686915,3.837180168,2.560067903,32.0,18.25,12.0,27.75,25.5,32.75,False
S000296,phase,full,4,317261716,56.0,60,4,8,10,15,12,0.0285337302555651,0.044377352248477,0.2915354648721258,0.0172067197246733,0.1764171603805699,0.143463671182776,0.0952889441409072,0.0812132916932285,0.0694826535204085,0.033511721499275,0.010916162327195,0.007786660401398,0.8051890060967708,0.1710161069707325,1.0030302106327662,1.2640270901831074,1.2529569545159536,1.2184250176630325,0.864398949948314,1.0080828897254055,14.0,4,0,166.75,344.25,177.5,27.54995463,66.03786773,109.6269621,43.58909438,7.604930901,31.25,18.0,199.0,145.25,188.75,155.5,False
S000297,phase,full,4,318261719,56.0,60,4,8,10,15,12,0.0311672682274894,0.0300223033195556,0.1690940693693671,0.0478408686475521,0.2186374133741096,0.2719379019749701,0.090963777374882,0.0543602098528079,0.0202302400458515,0.0391559309908654,0.0084362191527947,0.0039687482293741,0.5622450488181956,0.4240298253928218,1.1984966294599924,1.1203685980801217,1.459169803711999,1.389826868010235,1.3920488537543334,1.0152779112515136,14.0,4,0,130.5,180.25,49.75,25.7859781,39.04877734,76.58705644,37.5382791,8.115049661,17.5,10.5,16.0,63.75,73.5,106.75,False
S000298,phase,full,4,319261722,56.0,60,4,8,10,15,12,0.0260105736459051,0.0470600217664471,0.2009970276358693,0.0364104747208218,0.1704302968830147,0.1680678823648373,0.0733463537273663,0.0926860243802116,0.0511137921442704,0.0467932943843399,0.025348965312919,0.0010954229919495,0.4961404056978077,0.2773891332153358,1.057013598918248,1.0575876715539936,0.9855496257153632,1.446100044355325,0.9049883289371172,0.9750554851129606,14.0,4,0,124.75,148.5,23.75,13.81725974,38.92459785,49.04420901,10.11961116,6.643120866,29.0,11.5,36.0,50.5,42.25,106.25,False
S000299,phase,full,4,320261725,56.0,60,4,8,10,15,12,0.0294337575651798,0.0394085907517112,0.1917932542637807,0.0231060166118615,0.1739279761217718,0.1927949897858669,0.0854467218011272,0.0556993108338882,0.024134137330612,0.0266938772740604,0.0244354924854035,0.0024349131418003,0.5513229272757164,0.1188130065730247,1.275637225922637,1.027290627521437,1.065748070175273,0.8627294754904912,0.8920456722137138,0.8480884505203419,14.0,4,0,118.25,141.5,23.25,14.43086969,32.40413128,33.22427582,0.8201445411,2.887380367,24.5,17.25,33.75,77.0,76.5,65.0,False
S000300,phase,full,4,321261728,56.0,60,4,8,10,15,12,0.0214213318429605,0.0421806983844439,0.3094208776741158,0.0160441966907704,0.1724938088623964,0.2480433198744314,0.064883343334798,0.0843850781247124,0.0420824959815332,0.0212035504588003,0.0140076262086817,0.001169404410627,0.4885553643698838,0.1670421232864747,1.1873642065156398,1.2989442863787672,0.9409071272677916,1.344976490700969,1.003344741409084,0.7555170311968435,14.0,4,0,200.0,360.75,160.75,41.89172552,40.117157,75.40984533,35.29268833,6.639296843,33.25,18.25,70.5,141.25,207.5,153.25,False
S000301,phase,full,4,322261731,56.0,60,4,8,10,15,12,0.0171852101061817,0.0333837369676592,0.1364253508695671,0.0526239062577551,0.1392416376395851,0.2351971658160325,0.0674796215717643,0.058042065801546,0.0347060112662972,0.0254150956797592,0.0251926974482642,0.0012922474535118,0.8678806870829493,0.2118801133667783,1.2376862192802476,1.0003344293146426,1.476457894542942,1.4082758645219269,1.1422413889138257,0.7918101467360302,14.0,4,0,55.75,70.0,14.25,15.5,30.93865187,43.34846302,12.40981114,5.596464256,31.5,6.5,6.75,14.75,23.0,47.0,False
S000302,phase,full,4,323261734,56.0,60,4,8,10,15,12,0.013384822422309,0.0627035680990618,0.2490180913489325,0.0505374383338481,0.1076365304529046,0.1764357306770861,0.0856987808556743,0.1083593043120584,0.0709309184443627,0.0200219749935141,0.0437541656057315,0.0062430503445768,0.8365453536337799,0.2358229772393904,0.9511198815009088,1.1952983066487624,0.9111467444817942,0.9764206995863814,1.259860032497042,0.9105671237845736,14.0,4,0,43.75,48.5,4.75,14.61449053,24.14275538,23.41982715,-0.7229282226,6.486497103,43.25,5.0,7.5,9.25,24.0,24.5,True
S000303,phase,full,4,324261737,56.0,60,4,8,10,15,12,0.0348418505075877,0.0444382206178538,0.1954150512645972,0.0297854131089458,0.1561303344323016,0.1546960065712445,0.1257580069131161,0.0485658968278235,0.0757210091571342,0.0518174159869215,0.0223108835288369,0.001721442915416,0.5722321444069309,0.128570045156296,1.046825229503363,1.0432130627524174,1.1752269876956738,0.9658672619523346,1.0498799569293678,0.8159427990977627,14.0,4,0,74.0,89.25,15.25,10.04572878,31.14403848,36.38831212,5.244273636,3.071028992,23.5,16.0,23.0,37.0,28.0,61.25,False
S000304,phase,full,4,325261740,56.0,60,4,8,10,15,12,0.0322451686972362,0.0302444017510083,0.2345701543244365,0.0548429839473474,0.1504514038304443,0.1634164368680316,0.0758695919398098,0.0552899102763257,0.0567254984908966,0.033107817754522,0.0156756766708492,0.007357387904669,0.881355648304416,0.3495354383545379,1.1583414391269096,1.2381701284035551,1.0142228529896504,1.1894029726106043,1.0763068780688596,0.8233148763790435,14.0,4,0,105.75,154.5,48.75,9.069178574,50.63699746,80.19129003,29.55429257,6.722993735,16.5,12.5,66.75,100.5,70.5,84.0,False
S000305,phase,full,4,326261743,56.0,60,4,8,10,15,12,0.0183924803970827,0.0707226941517078,0.1730766920796205,0.0196450743263058,0.2007092433460815,0.181694830167083,0.0904449735296515,0.0592273439343175,0.0501352296216388,0.0393726435823768,0.0141986503403543,0.0019423428542576,0.6888168017100333,0.2267796083849265,1.0567135460783008,1.013651969566838,1.0871138013247457,0.9522666643765966,0.890875869202166,0.7216106818728862,14.0,4,0,88.5,112.25,23.75,7.588368292,34.96394611,37.90158014,2.937634032,3.537351906,42.5,10.5,27.5,45.5,51.75,60.5,False
S000306,phase,full,4,327261746,56.0,60,4,8,10,15,12,0.0198635426900134,0.0748597832300658,0.1375474154125539,0.0188424165426298,0.1281019980809192,0.1719431563566316,0.1515985241844636,0.0759796072236045,0.0837724991151883,0.0250307776497666,0.0176794251875241,0.0119858000578509,0.8859536585292369,0.2938911882615369,1.0805349165578226,1.219757419581198,1.1820274068112442,1.0125573679654112,0.91309119119631,0.8899256079398842,14.0,4,0,33.25,40.0,6.75,0.5,16.93654553,18.31816311,1.381617575,1.888053914,44.25,10.25,8.5,10.25,19.0,21.0,False
S000307,phase,full,4,328261749,56.0,60,4,8,10,15,12,0.0164662898523173,0.0667372789311007,0.2188580623771739,0.0205136535351706,0.1089969510012739,0.1702907953894316,0.1128189579135103,0.0993370191958102,0.0249977374569024,0.0823444034254944,0.0312088850207254,0.0079337499348975,0.8839919631239779,0.2289316588295626,1.1665788099946366,1.2324328950760082,1.1683613474399952,1.3785896965633462,0.9319075520078196,0.9080033186394664,14.0,4,0,53.75,91.0,37.25,7.804912983,37.51949676,62.13524148,24.61574472,4.842845097,42.75,11.25,25.0,22.0,19.0,72.0,False
S000308,phase,full,4,329261752,56.0,60,4,8,10,15,12,0.0211939198142585,0.0386823501695869,0.1315519576662051,0.0194835223205108,0.1185960529837046,0.2128113650114705,0.0649028205017347,0.0561417710443568,0.0417934222083315,0.0432851290460042,0.0096063922616564,0.0119372379615188,0.7985762257818065,0.3143194533253995,1.2007349766254314,0.9913267411412758,0.9734017992392148,0.973407155684352,1.0609308544287148,0.7847170755266012,14.0,4,0,58.0,75.75,17.75,6.130524719,28.2501336,38.07648748,9.826353881,3.272708251,31.5,16.0,15.5,36.0,30.25,45.5,False
S000309,phase,full,4,330261755,56.0,60,4,8,10,15,12,0.020760515474054,0.0310795244097146,0.1677367311780334,0.0162385639099495,0.1214442584479974,0.1514271166822401,0.1706903361098936,0.0888945108936416,0.0461701489363469,0.0676695466524965,0.0397951742429701,0.0071533109059137,0.6635869043041083,0.1046970304410342,1.33827600038336,1.1472545666172518,1.1703497901241484,1.1620994894493557,1.3427794047876742,0.7515223227915192,14.0,4,0,61.0,86.25,25.25,14.43086969,29.66893972,52.62915903,22.96021931,5.86586915,29.5,17.25,18.5,21.25,21.75,64.5,False
S000310,phase,full,4,331261758,56.0,60,4,8,10,15,12,0.0183127678889721,0.0702867119368022,0.1954989590791171,0.0484938364783955,0.1039988703620195,0.2626860493780697,0.070129455217808,0.0971399361555699,0.0404381727325334,0.024196160518804,0.0339400575248343,0.0047303088332177,0.431738210231973,0.1136089950885441,1.133239863120188,1.2628991300738093,1.3758301760895302,1.0582356426804158,1.3814871642346922,0.7297323120581494,14.0,4,0,56.25,78.75,22.5,3.0,13.95069907,24.68300771,10.73230865,2.352227212,36.75,6.0,7.25,11.75,32.75,46.0,False
S000311,phase,full,4,332261761,56.0,60,4,8,10,15,12,0.0195062849505106,0.0376546943793921,0.3176730301021181,0.05967319758032,0.211087589980366,0.2993814273354201,0.0715799540460132,0.0477545421092194,0.057543911989432,0.0445933614903916,0.02893731375148,0.0023507674996267,0.8623641439533508,0.1449489634885396,1.195999993630921,0.9594507084003252,0.9380674553309136,0.9134621543905788,1.1651220556411988,0.9231525955592916,14.0,4,0,83.75,83.25,-0.5,8.185352772,52.23218924,54.12048542,1.888296179,7.594400937,31.0,8.5,18.75,47.0,27.0,56.25,False
S000312,phase,full,4,333261764,56.0,60,4,8,10,15,12,0.0232799570188068,0.0724687013898039,0.1305107191088418,0.0281228068709303,0.1192920089865053,0.1935857953902579,0.1248038507965977,0.0768674794926206,0.0249764438197955,0.0219821689642864,0.0220133756177346,0.0042855011987008,0.5040877832492251,0.1273970564380919,1.186331365732919,1.0663867232440396,0.9891931080791042,1.3624182053238971,1.166733871653813,0.8673869634329587,14.0,4,0,61.0,67.25,6.25,1.5,16.05604083,20.92582144,4.869780613,1.427704387,32.75,12.0,10.0,18.25,30.0,37.25,False
S000313,phase,full,4,334261767,56.0,60,4,8,10,15,12,0.0184411440061665,0.0597426442942784,0.2330693214240763,0.0254822811141446,0.1246517952029688,0.2515393787226814,0.0643478695069144,0.0800359212376239,0.0461169965541168,0.0233530334892004,0.0177851498680843,0.0030312469171797,0.474646004321103,0.3778059900067393,1.1132783055272708,0.9939051424881792,1.1251303747941264,1.264959806468816,0.9973458445055502,0.8510002116037573,14.0,4,0,87.0,97.0,10.0,15.57776193,20.86046829,26.00835922,5.147890932,1.860283243,43.25,8.5,7.5,17.0,42.25,54.75,False
S000314,phase,full,4,335261770,56.0,60,4,8,10,15,12,0.0240126712243008,0.0792543764920016,0.2586424583349056,0.057369510421151,0.1171812679502348,0.1692803945914971,0.0704124039099356,0.0725055080853229,0.0817435518651145,0.0551087217716026,0.0124617442652514,0.0065514984377834,0.8005302274330903,0.4360823189464249,1.3161569613179318,1.243491154986636,1.4148187206545804,0.8785214514851012,1.0104769181296884,0.8793356914636942,14.0,4,0,75.0,127.5,52.5,8.266397845,43.74795236,60.93913833,17.19118598,6.122000445,32.25,7.5,24.0,30.25,51.0,76.5,False
S000315,phase,full,4,336261773,56.0,60,4,8,10,15,12,0.0137459363154304,0.0587692258919088,0.1547162661980509,0.0161662541307104,0.1557859252616169,0.272332791292022,0.1165710164216814,0.0951043175794904,0.0328036621407551,0.064392826716254,0.0167709857898139,0.0035559355321275,0.3681107184587783,0.33279154176499,1.0772857304960506,1.2107225802454484,1.0942333991447144,1.0665967719796383,0.984923979089132,0.9606556947572146,14.0,4,0,77.75,97.25,19.5,8.020806277,22.14783553,27.47244729,5.324611757,4.205431959,46.25,11.25,9.75,18.25,23.25,74.0,False
S000316,phase,full,4,337261776,56.0,60,4,8,10,15,12,0.0198837848262335,0.0849362667176735,0.1338610983242403,0.0578380586194546,0.1392956610897981,0.1423597176261722,0.1226517624974921,0.0451134464839735,0.0262808438811585,0.0760035876945008,0.0191299105618667,0.0104012412261019,0.7901055381565062,0.1551009629863602,0.9983567813635532,1.1112765079958753,1.3890336396661087,1.191559336357717,1.3096617664722572,0.7261502031222519,14.0,4,0,34.75,48.75,14.0,5.228129047,22.66199185,39.33813922,16.67614738,5.670655843,39.0,7.0,8.0,14.0,7.0,41.75,False
S000317,phase,full,4,338261779,56.0,60,4,8,10,15,12,0.0214949933430385,0.0777184420139348,0.1421547859606049,0.0549667072912699,0.1114336367608461,0.295679357205139,0.1340147174507473,0.0578826517523491,0.0278726262804334,0.0329668772473137,0.0133166114327938,0.0063592318380224,0.6824770475714514,0.1299463410371376,1.3436853252485712,0.965552081953845,1.2660516105781772,1.1063796380404445,1.2426574194595954,0.8184374786759494,14.0,4,0,52.5,58.25,5.75,4.34932945,23.16540818,30.60663042,7.441222247,1.949902561,31.0,6.0,2.25,10.5,19.0,39.25,False
S000318,phase,full,4,339261782,56.0,60,4,8,10,15,12,0.0343554221050642,0.0507055143229148,0.2015391659144141,0.0191631347276798,0.1465157557674103,0.1526920746562397,0.1306356663449926,0.0965271247663003,0.0228212885369452,0.0306867919488333,0.01004304748992,0.0027945993958591,0.6484714950682006,0.2693248905848734,1.170553635194809,1.288558308862222,1.160923613222847,1.0036711703260677,1.0055985033911043,0.8474689664168793,14.0,4,0,128.5,200.5,72.0,33.41656276,45.53833295,62.6477004,17.10936744,15.25407423,30.5,16.0,44.25,55.25,105.0,95.5,False
S000319,phase,full,4,340261785,56.0,60,4,8,10,15,12,0.0233505087583123,0.0468408356488503,0.1587305547495884,0.0194002959266981,0.1461253765053124,0.2032153286272738,0.0671393287088577,0.0770127588537648,0.0416988787737787,0.0846816174231897,0.0407947090873131,0.0019830708516078,0.4014893761352781,0.2555963763471173,1.135382696890193,1.0298670017349407,1.442559379371127,1.1141809050605616,1.262745005832003,0.9367594244679446,14.0,4,0,91.0,111.0,20.0,22.46478726,28.7960963,42.612524,13.81642769,8.169760844,33.0,15.0,19.25,28.25,20.5,90.5,False
S000320,phase,full,4,341261788,56.0,60,4,8,10,15,12,0.0120014182033898,0.031082948321467,0.1629108463111284,0.0150492493676841,0.1678389463508966,0.2006214680414809,0.1008672786564602,0.0686737120263032,0.0313934639274004,0.0522454859770557,0.0112586718781161,0.0093125873103144,0.8134871678505453,0.1204870622449487,1.0820695248063612,1.0270592357427464,0.9401384777220876,1.0873639656437848,0.9655752116472192,0.7419488121097021,14.0,4,0,65.25,80.0,14.75,6.020797289,36.04569055,39.70269459,3.657004039,1.065183241,42.25,13.75,15.25,31.25,30.0,50.0,False
S000321,phase,full,4,342261791,56.0,60,4,8,10,15,12,0.0138170594067288,0.0498368998326698,0.1262837289673881,0.0164254850305803,0.1714746509640453,0.1984763905653352,0.128721565586159,0.0906957945296629,0.0567791925921803,0.0280756036310492,0.0126570447747356,0.0095604796500079,0.677808754791948,0.2350251914146232,1.1236688621268285,1.2250252340456915,0.9099871307406578,1.287940944214574,1.3159899228484675,0.9145540765004796,14.0,4,0,51.5,64.75,13.25,2.5,19.87228945,30.17861919,10.30632974,4.220221108,45.25,8.5,12.0,20.0,26.75,38.0,False
S000322,phase,full,4,343261794,56.0,60,4,8,10,15,12,0.016072223344398,0.0450490275747189,0.2002577044177853,0.0562563742978854,0.1004165667275859,0.1859347177021494,0.099162187175655,0.0609343576651594,0.0549338453290726,0.0319064719519928,0.0084825144143783,0.0010198247897014,0.5379256933240055,0.4169689364721964,1.1634559138801692,0.9772467684342542,1.4029397897818234,1.326773667976773,1.382823929041804,0.8645373964894927,14.0,4,0,59.75,67.0,7.25,12.6062154,21.73831866,32.45058298,10.71226433,6.02741055,35.0,8.25,7.5,11.5,17.5,49.5,False
S000323,phase,full,4,344261797,56.0,60,4,8,10,15,12,0.0313076164514051,0.0348928044270931,0.1355592407752392,0.0210613985670832,0.1355769566054462,0.1579195607812406,0.0883636404840428,0.1031217471058422,0.0249511986056365,0.0832632525747637,0.0246459825723414,0.0027349962102667,0.56707551954419,0.2753825696011268,0.9636704681241194,1.1971976868048262,1.3060721957915586,0.8607175101358593,1.163812999445501,0.8017731347966385,14.0,4,0,113.75,158.0,44.25,18.39157416,51.75346823,74.13009466,22.37662643,8.23896186,30.25,16.25,29.75,30.25,43.75,114.25,False
S000324,phase,full,4,345261800,56.0,60,4,8,10,15,12,0.01836328309758,0.0466309313348408,0.1394443275987698,0.0564910856266934,0.1117061196755344,0.1794713877848326,0.1268991232684299,0.0653484349134935,0.0594473613368193,0.070890812963796,0.0230572157439133,0.0012026818096106,0.8282243659935679,0.1883180759627333,1.044909885296362,1.2938513553800537,1.4996436132756632,1.293865618839256,1.0633103087327664,1.0307765862085947,14.0,4,0,50.25,63.0,12.75,7.762087348,37.16311524,46.24496434,9.081849099,5.101763082,34.75,5.75,12.5,10.0,8.5,54.5,False
S000325,phase,full,4,346261803,56.0,60,4,8,10,15,12,0.0195835897145381,0.0379290523763187,0.2970381585336269,0.0449715982532693,0.1338393737145606,0.1814875216598054,0.1706247041127871,0.0860074137793395,0.0722947447311467,0.0387284121992399,0.0417875229108188,0.0011952061376201,0.8780915327476487,0.3507572467695762,1.2352470694169466,1.0718179520951303,1.160682333849979,1.120730664431694,1.0781584318422268,1.0397118574284892,14.0,4,0,57.25,70.75,13.5,4.725815626,36.84676542,45.88017011,9.033404694,3.34767086,29.75,9.25,19.25,18.5,22.25,48.5,False
S000326,phase,full,4,347261806,56.0,60,4,8,10,15,12,0.023213501130785,0.0546650295980007,0.1963239316062733,0.0218573741149326,0.2115514484828917,0.28466178076725,0.108703669219543,0.0743404081397196,0.0801577616746703,0.0423810642253393,0.0338840658482034,0.0065662389507099,0.672955573200048,0.2049077528316183,1.3184494846275618,1.1699105345303529,1.1493611041538665,1.2126313479715924,0.8828227386379889,0.9536225685609644,14.0,4,0,59.5,102.5,43.0,10.09950494,26.12053856,38.48502322,12.36448466,8.123344531,30.75,18.75,30.25,53.0,40.5,62.0,False
S000327,phase,full,4,348261809,56.0,60,4,8,10,15,12,0.0293722865925144,0.0545688969902879,0.2755692117076659,0.0181024002850335,0.1995754718454654,0.2830216254972144,0.1454612791031585,0.0972169609204643,0.0766194173247313,0.0701362108838783,0.0250135468949772,0.0014776956270636,0.6341735659015102,0.3493546778510912,1.2486348945922838,1.2758009935673016,1.1627241836024025,1.2034121701980536,1.1075790204267546,0.8919250245627907,14.0,4,0,132.5,229.5,97.0,10.95445115,62.53078756,112.0878635,49.55707595,6.018121125,28.25,20.0,35.75,63.0,67.25,162.25,False
S000328,phase,full,4,349261812,56.0,60,4,8,10,15,12,0.0314124466455491,0.0416182765163912,0.3043108928193145,0.0304070894725171,0.1182460035366189,0.1494120687794182,0.1751078663592067,0.0727483180317289,0.026111106953589,0.0633697248767308,0.0413016839600357,0.0094331196126664,0.8665606396535896,0.1452511545548721,1.2841935264958937,1.0648222175112834,0.9014857699256342,1.161373528927273,0.856552091565061,0.8937115738539018,14.0,4,0,76.0,84.5,8.5,10.34408043,51.3284368,48.44985657,-2.878580227,7.911590743,19.25,17.5,25.5,41.5,21.75,62.75,True
S000329,phase,full,4,350261815,56.0,60,4,8,10,15,12,0.0138597756200275,0.0741641069151268,0.1389036713818122,0.048458713085024,0.1329431980235708,0.2170067055757892,0.0790058148983001,0.0601862411554765,0.0310092868308636,0.0573873280576752,0.0110646257269734,0.0012553554271743,0.8374790428821273,0.3786868333476596,1.176249930585855,1.1527287937452917,1.04418159128262,0.9175301037079102,1.1746715522813782,0.9281739744471104,14.0,4,0,53.5,65.5,12.0,8.717797887,36.87173524,43.94728853,7.075553288,3.689464608,41.25,7.5,12.5,20.75,16.5,49.0,False
S000330,phase,full,4,351261818,56.0,60,4,8,10,15,12,0.0156301358413432,0.0500498301888417,0.2658725344072074,0.0187188618444587,0.2095546856033242,0.2980364935616268,0.0979844971195264,0.0699226356783649,0.0571172146692393,0.0274137990107921,0.0205161068915991,0.0030087083860404,0.5656145926640606,0.3960473206879782,1.172678497383788,1.0891642740356768,1.159599875877107,0.8652216121554442,0.9621742110012192,0.8695316753262217,14.0,4,0,93.75,105.0,11.25,14.56880228,27.08231726,27.24176973,0.1594524618,1.640179643,41.75,9.75,14.5,38.75,54.75,50.25,False
S000331,phase,full,4,352261821,56.0,60,4,8,10,15,12,0.0196250073249807,0.0512631332736067,0.1681039158509131,0.0224154045199146,0.1866403180265891,0.1976781514693894,0.0985593944162214,0.1002230097136412,0.0540095240122829,0.0600981431402086,0.0219561843820673,0.0014169712409983,0.8656032448884194,0.1358156981085632,1.3208145128769704,1.1894069981214104,0.9717496409910896,0.8929418365909303,1.393482369944655,0.8894745256181458,14.0,4,0,111.5,139.75,28.25,12.36594787,65.44916006,100.3501305,34.90097043,16.22175308,33.25,13.0,33.5,44.5,48.75,91.0,False
S000332,phase,full,4,353261824,56.0,60,4,8,10,15,12,0.0180337578908165,0.0464720930736932,0.2081803562566657,0.0187379526131841,0.2132240595754402,0.234906617308127,0.1464860426547045,0.0629300742052953,0.0290690909694144,0.0262703884620705,0.0316026396245439,0.0091818667687138,0.8336043261277115,0.1810501581531325,1.3099801674828089,1.2195799609725446,1.211566441858225,1.2821529920567296,0.91906189409205,0.7634294623557347,14.0,4,0,58.5,122.5,64.0,26.95675549,27.43835921,47.27930031,19.8409411,4.938657588,38.25,13.25,29.0,60.0,63.25,59.25,False
S000333,phase,full,4,354261827,56.0,60,4,8,10,15,12,0.0204996824334398,0.0649005040885664,0.2020821970690955,0.0275366698476498,0.1129384776446583,0.22375475896529,0.1637011018609871,0.0472300037466342,0.0519294416702477,0.0269578758009625,0.0308592695401825,0.0068503900395192,0.5344736342834375,0.3605862754965934,1.2749426160312582,1.0446516166036413,0.9114165936522136,1.3112088143411855,0.8576197295998528,0.7637201244481048,14.0,4,0,34.75,42.25,7.5,5.322906474,11.12303119,12.55198539,1.428954204,1.895622957,35.25,10.0,8.0,22.0,17.0,25.25,False
S000334,phase,full,4,355261830,56.0,60,4,8,10,15,12,0.0211673560293522,0.0376281935056865,0.2211136948978009,0.0343566265388965,0.1043596028102027,0.2074173218230152,0.1056845231543338,0.1151098565409957,0.0574783186727339,0.07782562717239,0.0414197805679875,0.0028973016619273,0.7263403573087993,0.4128296863566723,1.0826025656234113,0.9519060495945588,0.9934163881066816,0.8552855438959387,1.0848891455402017,0.9378943781966628,14.0,4,0,67.75,69.75,2.0,9.831920803,39.46998662,40.92080948,1.450822861,5.1308837,32.0,10.0,9.75,15.25,15.25,54.5,False
S000335,phase,full,4,356261833,56.0,60,4,8,10,15,12,0.020513735773505,0.0569947450688532,0.2638854008414583,0.0332640619722996,0.2176544287512203,0.1572315052763645,0.076829022485969,0.0492474964389345,0.0316528970883554,0.0810072707452628,0.0082478029628892,0.0117068909361671,0.897074620567241,0.4465156082532675,1.323783289427478,1.275462612309444,1.197928722670736,1.319918233520527,0.8584412354684732,1.0427325043771565,14.0,4,0,182.5,471.5,289.0,83.77350416,100.527517,223.1271854,122.5996684,47.54095902,32.0,10.5,456.25,536.25,184.75,286.75,False
S000336,phase,full,4,357261836,56.0,60,4,8,10,15,12,0.0341148363152461,0.0443960787528446,0.180150976522587,0.0301074713258424,0.1397033158543537,0.1785320736255606,0.083803889418633,0.0981587026318927,0.0385651334925094,0.0585288026914001,0.0126109266629756,0.0084007807377877,0.793871734841812,0.411058634971214,1.2649185347471317,1.192135524075686,1.0205259887655391,1.1771410018540651,1.0236361635458129,0.830553612134782,14.0,4,0,118.75,177.0,58.25,31.2449996,63.53107656,98.5509299,35.01985334,16.9491332,19.75,16.0,37.0,59.5,57.75,119.25,False
S000337,phase,full,4,358261839,56.0,60,4,8,10,15,12,0.0131527517387158,0.0449948555437622,0.1414655200588263,0.0251625939354223,0.1368670305418549,0.2841561556246247,0.127215973523798,0.0964934905908001,0.0294612635930305,0.0531698630324766,0.0200294930041924,0.0022227481051062,0.4547132015135613,0.3246382319298083,1.0173077125730112,1.2180911897211684,1.24154595209496,1.4166285835200476,1.2421330861773003,1.0186426023827608,14.0,4,0,61.0,79.75,18.75,14.5,20.97377451,33.37655217,12.40277766,5.562529458,44.5,8.75,8.25,13.5,16.0,63.75,False
S000338,phase,full,4,359261842,56.0,60,4,8,10,15,12,0.0164011618003049,0.08234948693786,0.1323426552185418,0.0417603565177779,0.1285782744053509,0.1538438355378912,0.072113121593939,0.12683242360768,0.0354847962428437,0.0808507395357945,0.0139481412033642,0.0117723126362669,0.8712613413955815,0.4279028840856301,1.0132324956469736,0.9909507175991652,0.9440154373056708,1.1684385893112783,1.06815699836205,0.8876958984249484,14.0,4,0,60.0,57.75,-2.25,3.593976442,41.61527186,44.69806905,3.082797184,4.678827588,44.0,5.75,5.75,7.0,8.75,49.0,False
S000339,phase,full,4,360261845,56.0,60,4,8,10,15,12,0.0229370723210573,0.0351640754275099,0.2721595910718506,0.0476748042799451,0.16513443864045,0.1712608142157492,0.0937512452515822,0.0537048617085302,0.0803280423296713,0.0731912009744269,0.0173349816725862,0.0108580036702583,0.6841274221092237,0.1690814707556443,1.3492673986923664,1.0774986236457174,0.952032862611755,1.3549606637995977,1.2669476169264673,0.992964861239458,14.0,4,0,63.5,91.5,28.0,16.0623784,32.50826007,56.93606156,24.42780149,7.666487397,21.75,10.0,33.0,49.25,22.75,68.75,False
S000340,phase,full,4,361261848,56.0,60,4,8,10,15,12,0.0298117242620832,0.0332881033368202,0.2500916113782822,0.0423170316959117,0.1741135639830796,0.2780859681117948,0.0896525058920173,0.1269864249299442,0.0546571179837389,0.0267653285220646,0.0185052890490252,0.0012332690180041,0.6303873732845959,0.2586554900770904,1.1493848940297844,1.2496783971244587,0.927917505984708,1.2445235352584685,0.9405006999625544,0.7940560381580204,14.0,4,0,152.0,212.25,60.25,27.43932701,51.30752639,69.01693709,17.7094107,4.313385151,21.0,12.0,18.75,43.25,99.75,112.5,False
S000341,phase,full,4,362261851,56.0,60,4,8,10,15,12,0.0284716733371448,0.0729333173084817,0.1297585494938994,0.0475096603481271,0.2088581042303531,0.206112143459111,0.0749406622549348,0.1291067618003308,0.0365387377925849,0.0235393590395655,0.0130511238281634,0.0017475080605114,0.795599021102581,0.4175816859008247,1.1895787608188615,1.2071985778963858,1.437221248891157,1.0110453695096493,1.2771738415236804,0.7931983997131485,14.0,4,0,118.0,240.75,122.75,33.69841737,46.22271333,90.59988663,44.3771733,17.22119813,27.5,10.25,49.5,51.0,146.5,94.25,False
S000342,phase,full,4,363261854,56.0,60,4,8,10,15,12,0.030266544752497,0.038922402874331,0.1259711251295372,0.0224600114876697,0.1213249155529947,0.2426503162763595,0.0901425795047525,0.0675263657089542,0.0418540958623342,0.0348234135023261,0.0324612769865067,0.0085949758362945,0.739186153614112,0.1597400335275652,1.3201876728612814,1.26109728974479,0.9947874297679684,1.3589705285641167,0.986515136216045,0.9269624244350102,14.0,4,0,49.5,70.5,21.0,11.19523708,20.88817586,31.56182566,10.6736498,5.269800641,25.25,17.0,14.75,31.75,27.5,43.0,False
S000343,phase,full,4,364261857,56.0,60,4,8,10,15,12,0.0155433464548609,0.0328591862883176,0.2098301548042818,0.0173152347772265,0.1174665965676945,0.1718425891151052,0.0798145442095168,0.0967701274711293,0.0263810114031079,0.0480908416601489,0.0246864281034002,0.0019939051801683,0.8287649774815614,0.4300957438018625,1.341958541423124,1.0169542468410355,1.3775777407280376,1.2630603903890836,0.8886408583742521,1.0158175232860682,14.0,4,0,111.0,132.25,21.25,11.17661249,62.28680572,69.1934527,6.906646978,7.397904438,33.75,15.0,21.75,22.5,39.75,92.5,False
S000344,phase,full,4,365261860,56.0,60,4,8,10,15,12,0.01804920722469,0.0405198266863842,0.2479268275984569,0.0171074324315679,0.1107945335587585,0.1684981408272468,0.1720319188274367,0.0984346055083384,0.0652766261534421,0.026239591901576,0.0184057187933941,0.0051242169584268,0.628560403340225,0.2901209255766653,1.210530560206538,0.9629589311931448,1.1419538748997613,1.2298408400893766,1.1780463285151082,1.0197522156727978,14.0,4,0,65.25,75.5,10.25,4.34932945,24.10488444,32.74451337,8.63962893,1.450095086,35.25,15.25,17.0,15.75,28.5,47.0,False
S000345,phase,full,4,366261863,56.0,60,4,8,10,15,12,0.0179609508685513,0.0415520879331256,0.2231417752764624,0.0239258036782827,0.1098998942054564,0.2851802352706533,0.1675333689911509,0.045166026021086,0.0508350771288369,0.0521107460426649,0.0287600336942686,0.0031672438995461,0.7579724063697775,0.2553472984621183,0.9708702795621428,1.1547361997332943,1.4222956262791917,1.0632477253078312,1.3481915657206844,0.7549979390979231,14.0,4,0,50.75,69.5,18.75,1.707825128,28.58906389,48.83042058,20.24135669,3.29567818,37.75,12.75,9.75,23.75,17.75,51.75,False
S000346,phase,full,4,367261866,56.0,60,4,8,10,15,12,0.0220995740441315,0.055199649220965,0.1551243784606559,0.0323408422721668,0.1395346314871701,0.2368893151061734,0.0806246635043153,0.1177300453446451,0.0271411199880642,0.0295950989250117,0.0301590024999429,0.0062531875882645,0.8223333237309712,0.1733010148992948,1.184266115817595,1.279346596547923,1.1078489919013668,0.8698308647544277,1.3449894255011237,0.7766863684242323,14.0,4,0,71.25,96.75,25.5,15.92691642,32.11956169,45.19703082,13.07746913,4.879399865,31.5,10.75,11.75,21.25,51.5,45.25,False
S000347,phase,full,4,368261869,56.0,60,4,8,10,15,12,0.0268202300100159,0.0483216310937369,0.1389481741197162,0.0183951868120109,0.134804074726332,0.141763678289007,0.0661025392283763,0.0849352676983817,0.0240781989868747,0.0548167798764552,0.0352763898799124,0.0018163004708706,0.8416449904458599,0.4358729153486563,1.0061754434688388,1.264545153713707,1.17887490767585,1.24937130980475,1.0694203341915922,0.7746879353984026,14.0,4,0,98.0,150.75,52.75,12.84198842,56.94303578,83.65781434,26.71477857,3.943924429,36.0,15.0,44.5,59.25,55.5,95.25,False
S000348,phase,full,4,369261872,56.0,60,4,8,10,15,12,0.0145374023875055,0.0430294380059441,0.2890060568192936,0.0177818492268815,0.1820501188681612,0.1617330009995427,0.1341564361376318,0.0861069222915769,0.0230279934095471,0.0256978331528002,0.0144199168536036,0.0013615297792011,0.7705738466328667,0.3684918890721927,1.0120017438667472,1.1602375563624296,0.9197822572453525,0.8732717517048296,1.0143293027457885,0.8190005803112984,14.0,4,0,126.25,185.5,59.25,43.98768767,49.41980677,57.93003913,8.510232365,6.233703337,43.75,13.0,51.75,76.5,108.75,76.75,False
S000349,phase,full,4,370261875,56.0,60,4,8,10,15,12,0.0133269747793364,0.0689487099833535,0.3148615490991593,0.0539094381183496,0.1785107273859561,0.2566786252883763,0.1268061392110206,0.1087971531035897,0.0330161965091607,0.0229946576249511,0.0219953023144385,0.0020160835635423,0.7531533870303084,0.3381674877688876,1.0218098267748343,1.1846039348818391,1.0842687944437894,0.9428527204087208,1.092443215014154,0.7323946439870165,14.0,4,0,75.75,112.0,36.25,22.42580359,36.57310618,47.44781398,10.8747078,5.445454677,43.0,4.5,8.75,21.0,54.75,57.25,False
S000350,phase,full,4,371261878,56.0,60,4,8,10,15,12,0.0138626690051629,0.059692673382643,0.1371902085122087,0.0277036301164424,0.1517354999446852,0.2017735735451588,0.1583417064723412,0.1084857373136,0.025043485891728,0.039461422126286,0.0180087610896665,0.002883377594505,0.4357412908833047,0.1141543084523437,1.255432343871955,1.2448421131611056,1.2520251153163435,1.445372770560737,0.929853570767994,0.8214912674710442,14.0,4,0,56.25,78.25,22.0,13.88044188,18.46420078,23.64138086,5.177180084,3.122333608,41.5,9.75,9.5,10.25,22.0,56.25,False
S000351,phase,full,4,372261881,56.0,60,4,8,10,15,12,0.0223475439170976,0.0553367695564668,0.2365581122782987,0.0467311224996076,0.1001488401742588,0.1532983173610722,0.1323051258898315,0.0520305727270223,0.023948836535813,0.0240469458446149,0.0160713756726406,0.0012660821499693,0.432286166589765,0.1353697160753268,1.0187572965669396,1.2652119388749603,1.3397230545898189,1.0142545825999136,1.1318612720324512,0.9535332575965174,14.0,4,0,71.5,91.25,19.75,6.396613687,18.43168544,24.37928332,5.947597881,1.742330494,32.25,6.25,13.0,29.25,39.25,52.0,False
S000352,phase,full,4,373261884,56.0,60,4,8,10,15,12,0.0256374705755397,0.0303733630662533,0.2180291907789924,0.0292043662305388,0.2147406746511702,0.2800693808231049,0.0617987521566467,0.119015172316942,0.0595959051203849,0.0688281455184956,0.0185733348764825,0.0092190749831789,0.8318797898607011,0.416559366794914,0.9667517772696618,1.2330527747008604,1.354750317890447,1.1251441199738326,1.0499726887242726,0.8188375093251395,14.0,4,0,158.0,277.5,119.5,38.301436,96.49907641,163.9643867,67.46531024,15.48840626,28.5,13.5,41.5,51.0,89.75,187.75,False
S000353,phase,full,4,374261887,56.0,60,4,8,10,15,12,0.015980815351588,0.0695130201933293,0.1471638015646666,0.0475736300505958,0.1578532127156532,0.195292742334341,0.1683635548536514,0.0831353456051966,0.0475857370712034,0.0590376966065286,0.0210021220069132,0.0081312904941971,0.3804685393487008,0.1565374062281465,1.1014970854731734,1.1195776925635912,1.0957844837482622,1.3967812945140616,1.0002159066653218,1.0048728446069968,14.0,4,0,43.75,48.0,4.25,8.381527307,13.52204475,14.76171902,1.23967427,2.425529921,37.25,7.5,6.25,7.5,9.25,38.75,False
S000354,phase,full,4,375261890,56.0,60,4,8,10,15,12,0.0199435783591748,0.0667052777758181,0.165499752194405,0.0175177320172374,0.1810839992907058,0.1982252259161787,0.0778414715154716,0.0863296595581634,0.0727644525078308,0.052219704791873,0.0404820753441164,0.0054580523503736,0.7942763108046624,0.31734343723779,1.3415389309848829,1.088109744318606,0.9049609515049644,1.2762052575133789,1.2874137911502748,0.8534358131836527,14.0,4,0,57.0,81.5,24.5,14.6628783,32.09689933,55.78571316,23.68881383,7.812954726,41.0,13.25,27.25,40.0,24.0,57.5,False
S000355,phase,full,4,376261893,56.0,60,4,8,10,15,12,0.0312093176086608,0.0605723346602642,0.1516426641462236,0.0536627012502331,0.1367190157806285,0.2281542050660355,0.0794679171036505,0.0605784023253167,0.0277716430281308,0.0332267541173768,0.0405899915452215,0.0026320996267505,0.4921287247695175,0.2619837688940969,1.1360412859589948,1.15176873718664,1.235999301237126,1.2502303606951908,1.1819540658981484,0.8310859368350539,14.0,4,0,52.25,67.25,15.0,8.041558721,17.10303302,25.06141225,7.958379231,2.34762239,23.75,7.5,12.25,34.0,21.5,45.75,False
S000356,phase,full,4,377261896,56.0,60,4,8,10,15,12,0.0150661319134316,0.0778392984348279,0.2720435628082117,0.0232410458441919,0.1406282499571318,0.1811292547219421,0.0639419598976348,0.0915263668706216,0.0246885681016762,0.0667301927606541,0.0309686109159636,0.0023963354740176,0.7203433166642932,0.445815405430488,1.2342664036717657,1.0584191247160817,1.493944289427642,0.8559616425196995,0.968256051416208,0.8704212534279955,14.0,4,0,102.0,110.75,8.75,12.03813385,54.6103486,54.38669139,-0.2236572104,5.658272289,45.25,10.5,24.0,21.0,31.5,79.25,True
S000357,phase,full,4,378261899,56.0,60,4,8,10,15,12,0.0132230614490904,0.0378686481767366,0.1963673234564713,0.0308276882323223,0.1380446589314267,0.1598474288531553,0.0728867885846122,0.1131064956655248,0.0355424371488241,0.0844945967548845,0.0393108076038229,0.0017436431589657,0.4349703262612348,0.383191593934186,0.9502033328564672,1.1835810732050187,0.9938461509519528,1.3015183294543524,1.157002868275142,0.8601118681877528,14.0,4,0,93.0,134.0,41.0,13.58921141,31.80957465,51.77154056,19.96196591,5.583755689,39.5,7.75,30.5,32.5,26.5,107.5,False
S000358,phase,full,4,379261902,56.0,60,4,8,10,15,12,0.0229648193047955,0.0527549635055271,0.2022344719203472,0.040321703348547,0.1348715955253789,0.2905435969875257,0.1002390636391514,0.0502812139861782,0.0374070200580272,0.0797538630872843,0.0120487514909362,0.0089042609969773,0.6338432479235698,0.362660000307217,1.155163965280906,1.22541803976631,1.368283521008813,0.8683543508022428,0.91820410389677,1.0455732648455536,14.0,4,0,61.0,88.25,27.25,8.883505314,29.77011753,37.1460524,7.375934877,6.039912839,28.75,11.5,16.0,38.25,25.75,62.5,False
S000359,phase,full,4,380261905,56.0,60,4,8,10,15,12,0.0140643651279323,0.062622581875029,0.1584192901707807,0.0391308540972917,0.1356681285770164,0.1673559832711293,0.137684296569428,0.0870544047718721,0.0720559911476209,0.033564485756828,0.0331662465707097,0.0096697754128455,0.7016163572467766,0.2232504634727636,1.1813690649336832,1.0865437085712175,1.1289155259252812,0.9546172107286582,1.3887210084460189,0.7445087192506237,14.0,4,0,25.25,44.0,18.75,7.410578025,14.41504383,24.63031847,10.21527465,3.918307566,41.25,7.25,8.25,8.25,15.25,28.75,False
S000360,phase,full,4,381261908,56.0,60,4,8,10,15,12,0.0141729972699069,0.0824527562014616,0.1898541916137107,0.0507895825174475,0.148603606954728,0.1650519293374822,0.0958509279462523,0.0457513215669259,0.0808814618115383,0.0494146656492218,0.0232108468348015,0.0014585749732509,0.6901394113692144,0.2726494242278041,1.1915029206447836,1.2289996547371398,1.1293920671319595,1.2117206523832775,1.175772459307885,0.9203368485799264,14.0,4,0,45.25,58.0,12.75,7.410578025,22.70826993,33.75247536,11.04420543,5.546299504,46.5,5.25,15.25,20.5,14.25,43.75,False
S000361,phase,full,4,382261911,56.0,60,4,8,10,15,12,0.0209240852343649,0.0834210755144522,0.1951531793977157,0.0405511165115852,0.1423323975224931,0.283638726430601,0.0722359546053756,0.07633589851937,0.0227373990691058,0.0403585632390411,0.0266030928818616,0.0112087984792906,0.7886529874572088,0.3310837856724389,1.1027102296731135,1.075754913695817,0.9145681832404248,1.229472447681844,0.8556189700562749,1.0182396087291716,14.0,4,0,60.75,58.25,-2.5,24.79919354,26.68550401,25.86344504,-0.8220589767,8.565843463,41.0,5.75,8.0,25.0,21.75,36.5,False
S000362,phase,full,4,383261914,56.0,60,4,8,10,15,12,0.0183308428878164,0.0440457225250196,0.2673181999872992,0.0175680269856028,0.1940135265174901,0.1582438414625362,0.1215515839309743,0.0836612801599294,0.0494776683095399,0.0830964081021369,0.0223598066286503,0.0032729272371718,0.8763049697863031,0.2287689842612549,1.1074135769515814,1.1812997996671637,0.949240770943843,0.9738705717135622,1.2219193935060126,0.8976501885216135,14.0,4,0,121.75,182.75,61.0,35.83294573,72.81431982,125.3102893,52.49596948,21.70019319,35.75,14.5,84.0,85.5,60.5,122.25,False
S000363,phase,full,4,384261917,56.0,60,4,8,10,15,12,0.0165039465398849,0.034052039095475,0.1971689590036818,0.0255953976854136,0.1649432492529309,0.1931317014079595,0.0766170356503309,0.1090644730108914,0.0524351953353857,0.0466727721354026,0.0195592195209147,0.0014280622019298,0.4462555579969819,0.1508643621308319,1.044176686102154,1.0180148813233691,1.0048145418187322,0.8695468872594593,0.9911341000516686,0.7791280333318212,14.0,4,0,101.0,107.0,6.0,12.83225104,30.17851242,29.36360697,-0.8149054502,1.801494005,37.5,12.25,16.75,26.0,40.5,66.5,True
S000364,phase,full,4,385261920,56.0,60,4,8,10,15,12,0.0127989095662911,0.0575896240745757,0.1902782182806452,0.042797499862627,0.187277267784344,0.2171824872419898,0.0674308391402664,0.104228466293055,0.0600217804590347,0.0346649669715699,0.0171992247369104,0.0019050178940522,0.6619526778351525,0.4213242589750703,1.228146055202327,1.268239661663479,1.338832718271922,1.0066026673965291,0.9613897980551612,0.8348252331860198,14.0,4,0,86.0,151.75,65.75,39.20352875,33.68621375,52.7171402,19.03092646,15.01142305,39.25,7.5,19.0,23.25,66.25,85.5,False
S000365,phase,full,4,386261923,56.0,60,4,8,10,15,12,0.0267466386975727,0.0773586168860414,0.1340778326620129,0.0543178346004416,0.1885032060690629,0.251344230193466,0.0657607179544393,0.0884186942160566,0.0345962214035493,0.079848028381527,0.0344052479627874,0.0060930293786833,0.7947565470048856,0.3480143720888264,1.141133265714638,1.1568501098170492,0.9187464284240724,1.0830875910613935,1.37618613986396,0.7883867970555593,14.0,4,0,79.25,95.5,16.25,17.87689384,46.61236932,72.89882654,26.28645722,12.95233659,30.25,7.75,11.25,27.0,22.0,73.5,False
S000366,phase,full,4,387261926,56.0,60,4,8,10,15,12,0.0132331233000941,0.0392231952114944,0.1390463616734403,0.0288899788607747,0.1160105850947487,0.2213114733944005,0.145756509039142,0.1094001543228948,0.0510536718771986,0.0341222218392002,0.0310619515599546,0.0086307098114044,0.8879215320314383,0.3053457620259848,1.0234978721923134,1.115809390096114,1.0039872725499868,1.2903924898418284,0.8781102621438741,0.8986836051978869,14.0,4,0,47.0,49.75,2.75,3.947573094,27.50654354,29.00018122,1.493637675,3.648504722,38.0,10.0,9.0,11.5,14.0,35.75,False
S000367,phase,full,4,388261929,56.0,60,4,8,10,15,12,0.0170760418667744,0.041945236725478,0.2615147029715377,0.0192146063261348,0.1145714430170638,0.2381105887645734,0.0834512131508278,0.0458486601294456,0.0771086465464611,0.0221354680024766,0.0124455305927835,0.0062928363786265,0.3761775090007671,0.3287225796057364,1.292919125863074,1.0407898161291895,0.9890163342969476,1.1057386758697791,0.9113693623548302,0.7443940123790049,14.0,4,0,61.25,81.75,20.5,12.89702808,11.38711037,13.07914699,1.69203663,1.280798929,35.5,14.5,15.0,44.5,45.75,36.0,False
S000368,phase,full,4,389261932,56.0,60,4,8,10,15,12,0.0253799138582536,0.0761662069675522,0.2134950316042825,0.0174097724238296,0.1618734537640984,0.2770901592190957,0.1447796266246985,0.0611502240702138,0.0227900122748103,0.0300898468600553,0.0211508701907239,0.0026573341846669,0.4717979869194014,0.2034595708271507,1.2213704869434594,1.2836524189615948,0.954993539028549,0.8576660275111834,0.973544063552551,0.9007722546758364,14.0,4,0,79.75,104.25,24.5,9.746794345,22.98881408,24.64246542,1.653651339,3.386554989,36.5,18.5,21.0,61.5,51.25,53.0,False
S000369,phase,full,4,390261935,56.0,60,4,8,10,15,12,0.0175770338129939,0.0651229876270367,0.1639992606743928,0.0515022138028088,0.1172759380736294,0.154592085229173,0.1711214824044012,0.1121079178898325,0.0202974766395858,0.0294356010148128,0.0366240635163124,0.0029847149314265,0.645616502432961,0.2687917386159654,1.2804717237040752,1.2449750324311957,1.2578764243020435,1.0735589651187345,1.2088224177455744,0.9627823856466328,14.0,4,0,37.25,49.0,11.75,11.26572974,18.17512017,24.71885409,6.543733924,4.581920935,35.75,6.0,5.5,7.5,14.25,34.75,False
S000370,phase,full,4,391261938,56.0,60,4,8,10,15,12,0.0235466561745917,0.0579082611918168,0.1610449295477179,0.0275552332203347,0.1496438361444743,0.2278042190271878,0.0971624529168568,0.0564772333796628,0.0349704586463527,0.0236216072499117,0.0371719225576869,0.003035800617316,0.5762453749821403,0.1462773244858437,1.0349390532508704,1.1881961424524197,1.397250249790137,1.1998832944017996,1.1123447596038094,0.8934977527880079,14.0,4,0,59.25,79.25,20.0,5.354126135,18.80113025,28.02033113,9.219200882,2.076457495,33.75,11.5,12.0,28.0,33.75,45.5,False
S000371,phase,full,4,392261941,56.0,60,4,8,10,15,12,0.0129364596211997,0.0674399577509469,0.1218669141189989,0.0161957387368359,0.1024109274807698,0.2700815236751761,0.1501449403336801,0.103614013386257,0.0637868921706503,0.0294740666716688,0.0144873722027275,0.0039525736354984,0.3507238582955406,0.163147953454321,1.035847549656073,1.1288556080394372,1.0482668108282025,1.2201390748596028,1.1817776953007424,0.8166553829497011,14.0,4,0,42.25,47.75,5.5,7.681145748,10.96637724,14.43985162,3.473474378,1.667491195,51.25,6.0,4.0,5.75,10.25,37.5,False
S000372,phase,full,4,393261944,56.0,60,4,8,10,15,12,0.0306566120294659,0.0544553109708205,0.1889210085000545,0.0276408062530209,0.165977696177993,0.2643350039221554,0.0640173813370447,0.0664718570323441,0.0348176117325946,0.0405136924674765,0.0118129385810496,0.0039909176430487,0.6148790098933532,0.2109390821534961,1.2718171957284268,0.997493722486944,1.4637928359482173,1.1383046866428963,1.2817128935520647,0.7698201644215814,14.0,4,0,122.0,160.0,38.0,20.70426687,43.51421999,69.60009434,26.08587435,7.314132128,27.25,11.75,14.25,35.0,66.5,93.5,False
S000373,phase,full,4,394261947,56.0,60,4,8,10,15,12,0.0230495790962348,0.040426008059032,0.1762292850987412,0.0170153275975618,0.1400853864639605,0.2537644547231674,0.151217778356238,0.0712109200570149,0.0583708987015516,0.0300571289175781,0.0173756555219921,0.0023374415214429,0.7633985781164295,0.4009098532586211,0.9866165866095368,0.9560288977036314,0.950518217363284,0.8500233298713209,1.0420748258126178,0.7289202112677066,14.0,4,0,71.25,75.0,3.75,1.892969449,32.31873186,30.74224249,-1.576489372,3.274049656,35.75,17.5,9.0,26.5,34.5,40.5,True
S000374,phase,full,4,395261950,56.0,60,4,8,10,15,12,0.0143658625550112,0.0309680910941428,0.1449617828894485,0.0234922599793869,0.1511057521678957,0.2304982303017521,0.1187812830268708,0.051101735231289,0.0368429982086346,0.0623929865526854,0.0107005856422905,0.0068575384553767,0.8327929657528335,0.1646929403527897,1.2753772438275068,1.062383548292121,1.04839594995454,0.99234343496474,0.905950862665948,0.8258463777859595,14.0,4,0,57.0,65.25,8.25,18.00694311,37.00318891,39.05138658,2.048197668,6.843237844,36.0,13.0,7.0,19.5,15.25,50.0,False
S000375,phase,full,4,396261953,56.0,60,4,8,10,15,12,0.0348769869519502,0.0480539720696645,0.1775686382321758,0.0582846196340779,0.1297878692204524,0.2156940674989627,0.1041182728841637,0.0626497593731314,0.0661089032849114,0.0327082669806098,0.019686259769244,0.0030644898398874,0.86408723345442,0.3788791921915323,1.1147473725151302,1.130141582099114,0.9339987746061172,1.0055304658142772,0.9211522455886064,0.9440414698297268,14.0,4,0,58.0,70.75,12.75,19.60229578,33.29930645,35.73045632,2.431149871,3.585775933,18.0,8.75,12.5,24.0,26.5,44.25,False
S000376,phase,full,4,397261956,56.0,60,4,8,10,15,12,0.0236347391704784,0.0315426181943611,0.2044185833093006,0.0383743803602279,0.1258509065411729,0.2613120707233139,0.1651914684933976,0.0515689387231841,0.0315972270407744,0.0793806971773525,0.0254152541299274,0.0047135658792202,0.7670927970844748,0.1693163954609209,1.1843152441663591,1.0707480429049734,1.4354049415131631,1.336739043477161,0.8627592631332632,0.9423894634586644,14.0,4,0,62.5,75.75,13.25,7.228416147,39.23481998,45.10257957,5.867759589,3.242908381,24.25,12.75,6.75,29.25,11.5,64.25,False
S000377,phase,full,4,398261959,56.0,60,4,8,10,15,12,0.034676092757679,0.0366751989684649,0.1979734762051128,0.0222800624069756,0.1757598447690484,0.2294920125661103,0.0846935407362842,0.1068740947331508,0.0255129989684733,0.0558506394791181,0.0330048362883645,0.0059494959453829,0.7154198792124404,0.3988983736029209,1.1560952684192112,1.265598783738069,1.4976259283014413,1.053897871544048,1.1599098311621991,0.8736017532343575,14.0,4,0,147.0,300.0,153.0,66.24701251,70.58520657,135.7877182,65.20251167,21.58300795,26.75,18.5,63.25,80.0,127.5,172.5,False
S000378,phase,full,4,399261962,56.0,60,4,8,10,15,12,0.0177883826221051,0.0569645089607513,0.1491507304720206,0.0159584117033489,0.1883959371768636,0.173531487026179,0.080180493960401,0.0468095812362138,0.030302698988209,0.0733241347957164,0.0154609760915487,0.0028678958328246,0.848128227554761,0.138117768390583,1.030644782119288,1.1859575097133002,1.238407652532206,1.2739771045939667,1.1308056129955546,1.0419062743571197,14.0,4,0,115.0,194.25,79.25,19.05037182,75.3547701,134.8925126,59.5377425,13.48920182,46.25,9.5,52.5,96.0,49.5,144.75,False
S000379,phase,full,4,400261965,56.0,60,4,8,10,15,12,0.0253202862807441,0.0304721244514448,0.1663306490670558,0.0152816834901736,0.1099742357677101,0.1903816871761469,0.0816690069835122,0.1094746093536822,0.02315616132046,0.0433777553868853,0.0094717823553392,0.0022725905912857,0.7640717163287096,0.2689457467779904,0.9885883226593796,1.0210683873633668,0.972918097266949,1.2735563404335504,0.9452631436781452,0.7579816450994954,14.0,4,0,132.25,139.25,7.0,13.03840481,56.24764997,66.10992115,9.862271181,3.569770844,29.5,18.75,19.75,32.25,49.75,89.5,False
S000380,phase,full,4,401261968,56.0,60,4,8,10,15,12,0.027536564361909,0.0836791410987985,0.2205084848527163,0.0502499100382487,0.197677041225364,0.2139618694554678,0.1162017503802576,0.0780210658418261,0.0775977017144048,0.0337480594171571,0.0266676267983858,0.0063311003691937,0.6818994290783491,0.3653058255910401,1.2938400040620066,1.061727581473475,1.3576091754409665,1.3107880051179726,1.146224005247754,1.0123922122362357,14.0,4,0,63.0,74.0,11.0,6.976149845,26.55575427,35.49419764,8.93844337,4.442695531,30.25,6.5,16.0,15.75,27.75,46.25,False
S000381,phase,full,4,402261971,56.0,60,4,8,10,15,12,0.0170463960905975,0.0554681646386049,0.2266352053498861,0.0242174528532094,0.1151193287510095,0.2444890831453541,0.0653087284917524,0.0599661852853394,0.0304030085326325,0.0721077904762938,0.0148478737059726,0.0033485022971445,0.5086234504187438,0.4290522609838308,1.2315524670021911,1.100897289318124,1.2866411821189057,1.366915592809573,1.0142165925725335,0.919095559473732,14.0,4,0,102.0,122.75,20.75,9.912113801,37.23651865,50.59892927,13.36241062,5.546279352,38.25,10.0,10.5,36.0,22.0,100.75,False
S000382,phase,full,4,403261974,56.0,60,4,8,10,15,12,0.0247047783015788,0.079182444511931,0.171274588626168,0.0225788954964389,0.1429733306597516,0.2251495423835081,0.0922003932151041,0.1041177332460398,0.0450603351935894,0.0355928833365833,0.017416559159031,0.0022847524809487,0.7883707101688765,0.1588360993347924,0.9561101069251192,0.9642264576693088,0.9917707175339224,1.0979127199725636,1.2359655807755972,0.8507453091233885,14.0,4,0,105.5,104.75,-0.75,11.02648327,54.33446501,64.0641262,9.729661193,7.171683114,43.25,8.5,7.75,12.75,35.25,69.5,False
S000383,phase,full,4,404261977,56.0,60,4,8,10,15,12,0.0121055850624084,0.041337856997952,0.1335047488542018,0.0412870306711373,0.139177364904705,0.2485486035684657,0.0750529560134122,0.0666275699626718,0.0292662051896546,0.0397257438320498,0.0281304327579628,0.0039162969965104,0.4988464991704238,0.1053231147301468,1.1129556994307497,0.9621555981701926,1.439581711502807,1.3258911949549823,1.0557420730788662,0.8067378397687404,14.0,4,0,49.0,59.0,10.0,3.366501646,18.07716497,22.95506723,4.877902259,3.034136148,42.25,6.5,3.75,10.5,14.0,45.0,False
S000384,phase,full,4,405261980,56.0,60,4,8,10,15,12,0.0288254129524258,0.0737789607651066,0.1750749774997761,0.0461765111471582,0.1616682453095219,0.2147844636968071,0.0841907678009044,0.0706006146464162,0.0287260501726382,0.0336413682772326,0.0148107093732473,0.0102870671694564,0.741282528880395,0.279533631984572,0.9671311581233418,1.269541419898901,0.9474345511459582,1.2724284106979644,0.8964856905829659,0.931267253166667,14.0,4,0,68.25,85.0,16.75,16.66083231,27.54831152,35.34174243,7.793430918,8.395348968,33.75,8.75,19.25,32.75,33.25,51.75,False
S000385,phase,full,4,406261983,56.0,60,4,8,10,15,12,0.0278358607660737,0.0744627812989784,0.1580408555431927,0.0302115250539761,0.1481074666138808,0.2304274580626517,0.1436104611095913,0.1162765273595464,0.0412095801850746,0.0544037717565493,0.0114175243422564,0.0024647765305663,0.6295678516592048,0.4439706164573087,0.9531196614935497,0.9516508331174232,1.220598787722012,1.0836176239347577,1.031870751483904,1.0062562409033753,14.0,4,0,81.25,80.25,-1.0,15.23154621,40.48437337,41.93164514,1.447271765,5.572201075,33.75,12.75,8.75,11.5,15.5,64.75,False
S000386,phase,full,4,407261986,56.0,60,4,8,10,15,12,0.0121529779563691,0.0337874796849495,0.202868726529255,0.0156082641392431,0.1661420803038351,0.27153658399702,0.0763035262868967,0.0684169048517011,0.0737055670222991,0.0268341794894814,0.009909227725724,0.0038697277179623,0.5560410189614808,0.4036327809726711,1.122375334485701,1.1778816294658496,1.0008726453330492,0.8971625882009677,1.1628247293468803,0.8761282446576509,14.0,4,0,95.0,126.25,31.25,17.21191448,27.32905079,34.24476901,6.915718219,4.870154829,41.25,13.75,16.5,49.5,71.5,54.75,False
S000387,phase,full,4,408261989,56.0,60,4,8,10,15,12,0.0271201372212321,0.053961844543506,0.2128273462812872,0.0171019219511218,0.1793477319985309,0.1434449533728911,0.1638808728293028,0.0885974636052211,0.0689148090123608,0.0598316644530358,0.0322806451093546,0.0023624818319405,0.5176353931650963,0.2025466927296523,1.124632180327886,0.9916866300149132,1.2945275062224677,1.0675144118319069,1.0770711525526049,0.827487470079306,14.0,4,0,86.75,106.25,19.5,6.757711644,35.36414642,44.08646449,8.722318076,2.789627727,36.5,14.0,31.5,22.5,27.0,79.25,False
S000388,phase,full,4,409261992,56.0,60,4,8,10,15,12,0.0140402578805182,0.0577690717970016,0.1588096347548508,0.0267306750759286,0.126992401485822,0.1496049122563027,0.0895505295236646,0.0704999452657857,0.0393934992840255,0.0593183991833768,0.0410844092930406,0.0079795904290071,0.8863455491199019,0.3223957712187264,1.2164894549625778,1.264621905994076,0.9910998286658612,0.9300550233063556,0.9845652562709324,0.7729822959667074,14.0,4,0,50.25,67.5,17.25,8.381527307,35.41453372,40.94529342,5.530759694,1.728414039,44.0,8.0,23.0,39.25,19.25,48.25,False
S000389,phase,full,4,410261995,56.0,60,4,8,10,15,12,0.0257049745002774,0.0402662561102888,0.2628585808077285,0.0371602646975797,0.1702597478191989,0.2449358704904045,0.0701563459165197,0.0685433702795188,0.0308102102069569,0.0249260332615718,0.0193037462098613,0.0060516733942373,0.5978970880888277,0.1265752336931306,1.0735513021764846,1.0975802839194455,1.4580527036218234,1.0959808251244487,1.0627159360603624,0.7205386446603003,14.0,4,0,122.5,189.5,67.0,35.27983371,32.23687967,52.85757022,20.62069054,9.277030347,27.5,10.5,23.25,55.5,105.0,84.5,False
S000390,phase,full,4,411261998,56.0,60,4,8,10,15,12,0.0250582131558243,0.0701828853853826,0.2302692921923612,0.0584683662523778,0.1431789610998737,0.1967844163376682,0.0917697098984507,0.0660049013608608,0.0276073991307412,0.0435099224991404,0.0220535845841822,0.0054278162318978,0.6096346729307014,0.270107923587861,1.1224497405236415,0.9667701681901874,1.3862714819526794,1.11180747421051,1.3395107876676255,0.8862192615133038,14.0,4,0,71.75,70.75,-1.0,9.416297928,30.22674159,37.91095003,7.684208434,2.688156111,30.0,6.75,10.5,21.25,21.0,49.75,False
S000391,phase,full,4,412262001,56.0,60,4,8,10,15,12,0.0124961920583965,0.0704473680199854,0.2452961653834608,0.0241737409392673,0.1414813509312275,0.1424647914829275,0.071034046594374,0.1203049431746724,0.0314567366333298,0.0828130333129215,0.0212578392712031,0.0013872500169306,0.4232274598628525,0.2982361199038066,1.3390028007321857,1.0029654015123146,1.0786062774377465,1.0645782441948737,0.993972042624832,0.9200342323513576,14.0,4,0,103.75,123.0,19.25,24.24011826,34.5891519,41.04209384,6.452941943,6.591441453,48.0,8.25,24.0,25.5,25.75,97.25,False
S000392,phase,full,4,413262004,56.0,60,4,8,10,15,12,0.0255747939839173,0.0393757478840801,0.1321754359733745,0.0464372608612453,0.1131718981901095,0.2073399169634719,0.0854947464093226,0.0475669589576559,0.0248110886731083,0.0298086293741983,0.0104131278418546,0.0027857566458763,0.765423383369422,0.1430090216642796,0.96987814157369,1.2074050679148007,1.3711845831916036,0.908108820195726,0.8793376406348529,1.0113474726080371,14.0,4,0,71.75,87.25,15.5,5.507570547,32.54742152,32.65898211,0.1115605903,3.362590236,25.5,8.0,11.0,31.75,40.5,46.75,False
S000393,phase,full,4,414262007,56.0,60,4,8,10,15,12,0.0149478123168354,0.0484798756285359,0.1525997249347484,0.0234754303760324,0.1522252156008533,0.2132393983227903,0.1024572889405653,0.0593431267072775,0.0514914532045025,0.0202911498520962,0.0373438775170759,0.0039459006714638,0.855895161714629,0.2800872629875977,1.256425443079014,1.2325887736282406,1.2954888675578542,1.0619073351877386,0.9236422484496252,0.7881925574972964,14.0,4,0,39.75,61.25,21.5,12.4498996,20.72849771,28.36602771,7.637529993,3.49074067,41.5,8.75,12.75,23.0,27.5,33.75,False
S000394,phase,full,4,415262010,56.0,60,4,8,10,15,12,0.0199311166034638,0.0329785341125527,0.17078959764674,0.0270106649820772,0.212457000152981,0.1795045270175965,0.1204961556503208,0.1266323297782043,0.0453644217371698,0.0339799044456592,0.0149266378781332,0.0067703890213351,0.6570175012529922,0.2801500787008961,0.990386797629096,1.0193837226052087,1.3454832944636843,0.9771082273647854,0.8704248953951896,0.7370629925896652,14.0,4,0,127.5,156.25,28.75,17.17313794,51.97907064,53.16690934,1.1878387,5.180569443,31.25,13.25,26.0,22.75,66.25,90.0,False
S000395,phase,full,4,416262013,56.0,60,4,8,10,15,12,0.0177413417572877,0.0718258578669595,0.2427131156236984,0.0196933274609945,0.1758420684764154,0.2184241572716882,0.1136009660404174,0.0822769036910472,0.0363164105841561,0.0216891035704263,0.0158299388337293,0.0015855604243687,0.7714731565025066,0.313239587765262,1.20441554646084,0.9545921654624367,1.2801452875919004,1.0579698116925669,0.9255972531700604,0.8741248750660742,14.0,4,0,83.75,101.0,17.25,9.97914492,33.8678234,38.90963814,5.041814743,4.229060571,44.75,10.25,19.25,26.0,46.25,54.75,False
S000396,phase,full,4,417262016,56.0,60,4,8,10,15,12,0.0290028281645702,0.0392868262218145,0.1615186134034359,0.0182490664982152,0.1456410534235531,0.1507374015708078,0.0730914688693877,0.0712418580780039,0.03692369239443,0.032602102715328,0.0316914537978547,0.0013037808782259,0.543951488065187,0.102371668612148,1.3343223394840027,1.2142846077977678,1.088286295696042,1.3981769371687442,1.353705241712536,0.9059120041379513,14.0,4,0,103.75,186.0,82.25,31.78443015,30.03500147,68.78388773,38.74888626,10.018544,23.5,20.0,84.75,103.75,86.25,99.75,False
S000397,phase,full,4,418262019,56.0,60,4,8,10,15,12,0.0145446682485373,0.058941126397591,0.2067952646152398,0.0398130306810461,0.1200489744216146,0.1973719190535481,0.115050015580888,0.0755686512640961,0.0481362343317648,0.0216472657822687,0.0152146521579647,0.0067630694935239,0.750242745929214,0.1075178758614759,1.226789993751926,1.1398663817019268,1.0968498429316311,0.8817685041394056,0.8809440349652649,0.8110330553215886,14.0,4,0,63.25,70.5,7.25,5.123475383,23.73843546,23.01257348,-0.7258619745,5.292815522,40.25,5.25,9.25,15.75,37.25,33.25,True
S000398,phase,full,4,419262022,56.0,60,4,8,10,15,12,0.0142105851618129,0.0683675216869769,0.195991051156702,0.0288450127991816,0.1477268640077471,0.2135943733293605,0.0744642940484946,0.0703240747561584,0.0522152908307826,0.0672044692027647,0.0153002716079964,0.0045846974495193,0.5872261397647026,0.4249448110645762,1.1746848565886114,1.0280943783074474,1.481363289722171,0.9693339114575534,1.0185260076742515,0.765996736136398,14.0,4,0,60.75,82.75,22.0,10.39230485,28.87352161,37.11430393,8.240782327,6.708739871,43.75,7.75,10.0,17.0,20.75,62.0,False
S000399,phase,full,4,420262025,56.0,60,4,8,10,15,12,0.0128801282022741,0.0695548837447323,0.2692825300811673,0.0592972047808239,0.1341316876300399,0.1971788737858252,0.0788364538901751,0.1053803571525668,0.0247083139802669,0.0643419927140499,0.0088167353538186,0.002219784346657,0.6238321139734523,0.4116406025276814,1.1667888480604285,1.0894741923254612,1.0518470383949432,0.9130038463398064,1.1434126498887165,0.7728101188777734,14.0,4,0,89.25,94.75,5.5,19.22671752,44.29826546,48.53983996,4.241574496,9.265957359,39.0,6.5,11.0,16.0,22.5,72.25,False
S000400,phase,full,4,421262028,56.0,60,4,8,10,15,12,0.018076545991652,0.0314624295020189,0.1280310479900374,0.0222238352946472,0.2185693364871591,0.2053307429626882,0.0637955677627662,0.0615124785149089,0.0252158981499513,0.0600228892829506,0.0201032615052666,0.0011364705123653,0.6655943455206872,0.2837730780740521,1.1976979745749483,0.9952118446682128,1.355951885259927,1.199201464946063,1.1729333724023625,0.8781426033454063,14.0,4,0,128.0,171.75,43.75,2.872281323,58.47270954,87.00204477,28.52933523,4.233037718,30.0,15.75,38.5,63.25,56.0,115.75,False
S000401,phase,full,4,422262031,56.0,60,4,8,10,15,12,0.0190936392303379,0.0717555563203578,0.1920650718565557,0.0177432732934379,0.1208268665631191,0.2159820057367436,0.078308845137779,0.1199816354722067,0.0284523909083658,0.0451280103674122,0.031049368759147,0.0052201320779481,0.8804737607973459,0.3473390413832873,1.1450842057602195,1.237290127995649,1.2038508154037877,0.9807466800310242,1.0801411153222094,0.9976522807063506,14.0,4,0,80.75,101.0,20.25,8.381527307,48.24610823,56.79993449,8.553826263,1.601987122,43.5,9.0,21.5,18.25,40.25,60.75,False
S000402,phase,full,4,423262034,56.0,60,4,8,10,15,12,0.013634551567167,0.0534729076071257,0.2314965553847423,0.0380408827426001,0.2148924196115249,0.1430969825379599,0.0737793315161792,0.0541803300581402,0.0242834256720574,0.0584849288267995,0.0358183144358391,0.0019611803932789,0.6139936895468177,0.3945265611107287,1.0535849740494794,1.1988635342142735,1.1741009488061185,1.0175521861155354,1.2788240043075445,0.839460641181278,14.0,4,0,167.75,354.75,187.0,126.6701754,59.19452386,137.0448373,77.85031346,39.43074946,41.0,6.5,395.5,422.25,178.0,176.75,False
S000403,phase,full,4,424262037,56.0,60,4,8,10,15,12,0.0198955677233354,0.0492311953042239,0.1312342323992887,0.04611639190903,0.1635603935310574,0.2949997080691135,0.1301389020579593,0.0884410053586907,0.0524986341317232,0.0761770339769184,0.0100874203803525,0.0037013145031028,0.6772452978849983,0.3511582031749679,1.2121642392392888,1.2247571255372072,1.0922214910584065,1.002407664014922,1.204975164349804,0.93615753442355,14.0,4,0,58.0,73.5,15.5,8.888194417,34.78463117,46.27849528,11.49386411,2.50010762,34.25,7.75,6.0,11.75,14.0,59.5,False
S000404,phase,full,4,425262040,56.0,60,4,8,10,15,12,0.0282748279243468,0.0382246493237197,0.156500023536066,0.0556150866610994,0.1324468240170194,0.2390249547646514,0.0919842247980211,0.1045843275563581,0.0394344481779157,0.0407872624963465,0.0227399766065799,0.0015759754466758,0.4698567801656127,0.3767530688007304,1.229522788888703,1.14118494008384,0.9488336321246024,0.9683076916059248,0.8700338916917619,0.9062440583056872,14.0,4,0,73.5,82.0,8.5,5.686240703,25.10232043,24.85724265,-0.2450777856,2.969583147,21.25,9.25,10.25,20.75,25.5,56.5,True
S000405,phase,full,4,426262043,56.0,60,4,8,10,15,12,0.0238515665711993,0.0706553769157053,0.214101810100157,0.0445962963955683,0.112805399136133,0.183535224146741,0.1635362487897631,0.0529227855200229,0.0496275672351911,0.0251660400445817,0.0359726300083367,0.0061226742066649,0.7822090796122394,0.1152311446139481,0.9531888914760572,1.2280650723073654,0.9740575059944092,0.9742376683275752,1.135290163303116,0.906823975197453,14.0,4,0,37.25,45.25,8.0,5.477225575,17.86021825,22.33268573,4.472467486,2.268496355,31.25,8.5,11.5,19.5,18.25,27.0,False
S000406,phase,full,4,427262046,56.0,60,4,8,10,15,12,0.0342165242173884,0.0672936719894424,0.2037518907127811,0.0241452639427299,0.1346132888786649,0.1511201468116628,0.0882436630338347,0.0823820490285302,0.0533409548449986,0.0488174966618475,0.0091750230000352,0.0010540507728483,0.7721651464340349,0.1151095132112149,0.998532984790187,1.248064540630671,0.9460580671017348,1.2781177565381483,0.8562232807338802,0.8296184481872385,14.0,4,0,133.5,173.0,39.5,10.78579312,71.68013896,81.51100963,9.830870678,4.787438018,30.0,15.75,54.25,62.0,53.75,119.25,False
S000407,phase,full,4,428262049,56.0,60,4,8,10,15,12,0.0340801256285765,0.0706077641855518,0.191134872757374,0.057966773773153,0.1549545659928182,0.1409819145516059,0.0739598101819392,0.0621351778669807,0.0362691441640633,0.0212383276087815,0.0374221333209118,0.0089465424774502,0.7776619638265561,0.3263365161568578,1.1573082831248842,1.253306760807619,1.4722889132664776,1.0324878472523435,1.285398418516083,1.0161964090363165,14.0,4,0,80.75,144.25,63.5,7.0,21.71290555,43.8036286,22.09072304,9.266456054,24.25,7.5,67.25,82.0,98.75,45.5,False
S000408,phase,full,4,429262052,56.0,60,4,8,10,15,12,0.0151546684784946,0.0844778080031325,0.1272594388243462,0.0543975771672079,0.1530560695552479,0.2249008505317088,0.0685718914845229,0.0837821154267209,0.0738325466519282,0.0382446362707397,0.0098595102237363,0.0053282887696965,0.7951650927167506,0.3290479271313372,1.110052311018968,1.0884872072618508,1.1757315064135463,1.2837577925398012,1.1357090975941222,0.9228158145367572,14.0,4,0,48.0,57.75,9.75,6.946221995,26.793261,39.60940943,12.81614843,9.559638606,44.25,5.25,4.5,8.0,11.25,46.5,False
S000409,phase,full,4,430262055,56.0,60,4,8,10,15,12,0.0163660436126692,0.0830243873782374,0.2673675900688687,0.0429262413677361,0.146187134737974,0.2894452113513842,0.0613214980385902,0.113084582289641,0.032760538274747,0.0228879676339742,0.0206732954275878,0.0077101096133553,0.3534746915412923,0.2890142579832242,1.1329759053089603,1.260574630842209,1.0238652564977495,1.388610957264,1.117754004703036,0.946555771021279,14.0,4,0,91.5,114.25,22.75,15.64981363,17.0473065,26.54077263,9.493466134,4.290953779,42.25,5.25,8.75,20.75,46.75,67.5,False
S000410,phase,full,4,431262058,56.0,60,4,8,10,15,12,0.0165960045672739,0.0660991572432894,0.2112203204618847,0.0452716122274552,0.1755127699734061,0.1496812738438692,0.1696094967564946,0.0813813379968718,0.0568106667194611,0.0331687517539133,0.0137355047673408,0.0097556421304723,0.3988757649248562,0.1352306787305229,1.3091054091981948,1.0585396575681212,1.1249031717490758,0.8816008071106312,1.164573847358252,0.8486081690017537,14.0,4,0,46.75,62.5,15.75,6.184658438,11.68442578,14.35595678,2.671530996,0.3522003779,40.5,8.25,11.0,11.5,29.75,32.75,False
S000411,phase,full,4,432262061,56.0,60,4,8,10,15,12,0.0189744155826974,0.0447508497413495,0.1246947683209983,0.0333136803980805,0.1695246619756358,0.2226051967395079,0.1354277659731261,0.0838016942294292,0.0506928152722982,0.025730240409964,0.0367581811142598,0.0011464980430259,0.530509606207973,0.351622408031953,1.012292511421423,0.9658580863091472,1.4673878117494128,1.215595272143176,1.120728483947637,0.7768969191260813,14.0,4,0,45.0,53.25,8.25,6.800735254,16.66311462,21.59902517,4.93591055,1.933725564,34.0,12.25,6.75,8.0,16.0,37.25,False
S000412,phase,full,4,433262064,56.0,60,4,8,10,15,12,0.0233202928670141,0.0462326460277819,0.1456251738354864,0.0340090044495296,0.1485525194478548,0.1502459001092231,0.1487282071150128,0.1226405328546081,0.0756292808919987,0.0333690571588431,0.0132776217779912,0.0064690183745861,0.3683793917487696,0.351871861266064,1.1956205836988936,1.0808975264565914,1.387780413253389,1.1228875035709858,1.1642794907141014,0.7544448980645135,14.0,4,0,56.75,78.0,21.25,4.5,13.15210876,19.31647127,6.164362509,1.4442501,26.75,14.75,16.0,10.75,30.0,48.0,False
S000413,phase,full,4,434262067,56.0,60,4,8,10,15,12,0.0234909770195891,0.0822742954537488,0.1589823174449314,0.0159397710182205,0.1665433562160662,0.2510756481215854,0.1181174640601607,0.1270862437597359,0.0448832121353187,0.0609382383181098,0.0175192989052379,0.001426465847531,0.656665927783185,0.4476769243592922,0.954378788519506,1.0475673013593678,1.4865985048936008,1.3394132576336846,1.1094080694358834,0.9173114203909352,14.0,4,0,104.0,111.75,7.75,17.57602534,53.79315177,66.01126778,12.21811601,7.767637865,42.5,11.25,10.0,9.0,17.5,94.25,False
S000414,phase,full,4,435262070,56.0,60,4,8,10,15,12,0.0161287665927589,0.0363380768264087,0.2495081084324088,0.0217419550286218,0.1537214293946205,0.1764027950701695,0.1019804277180415,0.0598571397528633,0.0219924832510978,0.0216852671884932,0.0147476946630507,0.0032631670564251,0.5156208880309556,0.1270713405245031,0.9596836675855492,0.9806596601748744,1.208746662563326,1.2302070475907845,1.143114449178805,0.7317647366577035,14.0,4,0,94.75,112.25,17.5,16.11417595,21.97787779,32.45669623,10.47881845,5.710785184,42.0,11.25,18.0,42.75,54.75,57.5,False
S000415,phase,full,4,436262073,56.0,60,4,8,10,15,12,0.027043701503037,0.0321699644525054,0.201829041930812,0.0363313357016051,0.1006794651117701,0.1611705401235498,0.0613592915701638,0.0594566966617664,0.0354165645237973,0.0309093919639374,0.0084463651889363,0.0010991002744049,0.7746162516003567,0.4017082550751261,1.325368790036218,0.9508048200043154,0.9325041002006308,1.3285987802827324,1.2999021615255748,0.7320679570966163,14.0,4,0,105.25,111.0,5.75,7.041543391,45.85394695,66.28496837,20.43102141,1.723260147,22.25,13.25,21.25,45.75,41.25,69.75,False
S000416,phase,full,4,437262076,56.0,60,4,8,10,15,12,0.0187982691293069,0.0672544257651379,0.157218405107108,0.021215746997713,0.1503390851586012,0.2398472803345116,0.1647407735810522,0.1034453440367099,0.051360706836531,0.0693915881981204,0.0160226682080876,0.0097750714982826,0.6938650573457918,0.4100627564758597,1.1069186790133168,1.17221961683489,0.9410962873700062,0.850771110893993,1.194823269464425,0.9160914001023026,14.0,4,0,58.75,72.0,13.25,8.057087977,31.67453112,42.15875647,10.48422535,6.793057598,43.0,11.25,7.25,13.75,20.0,52.0,False
S000417,phase,full,4,438262079,56.0,60,4,8,10,15,12,0.0239228838251129,0.0490121510382164,0.1613978404898676,0.0313369506303048,0.1404588324187545,0.1621105484427702,0.1623745268585764,0.0575645912205274,0.0799038943561734,0.0330898595800214,0.0117283189527916,0.0027222257539052,0.558944109040176,0.1025712937059613,1.3264858961570254,0.9616326571817472,1.2324901617401474,1.3972354243089022,1.2525351429772882,0.8287470715591191,14.0,4,0,47.0,62.0,15.0,4.546060566,18.42101427,29.10511737,10.6841031,1.699853937,26.25,13.75,12.5,15.75,17.25,44.75,False
S000418,phase,full,4,439262082,56.0,60,4,8,10,15,12,0.0335087988278114,0.0837448933706615,0.1651357457086572,0.0432591211620296,0.1670096546112316,0.2661612877635589,0.1036842959727994,0.0629197070055584,0.050944508061003,0.0333884380622516,0.0198347015780772,0.0074123314324591,0.3842549424079411,0.1888819239767003,1.2033948313165117,1.076487702611984,1.216000649991345,0.9492302534161224,1.05452383744761,0.7394233942043819,14.0,4,0,63.5,84.25,20.75,14.54590435,16.09038913,20.69304183,4.602652704,3.236390089,24.75,12.0,8.0,30.5,32.25,52.0,False
S000419,phase,full,4,440262085,56.0,60,4,8,10,15,12,0.0124264281120422,0.0324846601234293,0.2792826770937828,0.0188978429996179,0.1067180902319989,0.2838398509084314,0.0783697443409721,0.1030520594703932,0.0288594504817406,0.0275616212456208,0.0208893289047359,0.002420232921239,0.4280331720591078,0.3389863326436692,1.1304728395354948,1.1691986667539815,1.490840935510494,1.051773250413592,1.277196891667487,0.8219650062285508,14.0,4,0,126.75,178.0,51.25,11.58663023,30.37986675,44.86549858,14.48563183,3.1673769,40.5,10.75,17.5,24.75,89.5,88.5,False
S000420,phase,full,4,441262088,56.0,60,4,8,10,15,12,0.0130350654996297,0.0372362727704872,0.1231212773710824,0.0517214151039294,0.1598377025707502,0.2769721874945265,0.1671066051629753,0.0533528278344475,0.0488693476691257,0.0281466766213505,0.0160141197898572,0.0099645213336982,0.8195373797117753,0.1321678790284186,1.1965336013227943,1.0948250375611108,1.4179756219060724,0.8739523991540682,1.3190017638247062,0.9963931054510716,14.0,4,0,38.75,41.75,3.0,3.559026084,20.14716499,24.03543366,3.888268675,1.661850384,34.25,8.5,3.5,9.0,16.5,25.25,False
S000421,phase,full,4,442262091,56.0,60,4,8,10,15,12,0.0178434020917626,0.0455741489069922,0.1245662589071605,0.0158147971697263,0.1463973363187498,0.1838805539028955,0.1020489890833774,0.1240142707748588,0.0217285173799539,0.0232452545983677,0.0080082725621262,0.0092783215120273,0.5275044114290541,0.2918818386310832,1.255987260544717,1.1643370951379266,1.3138558657918258,1.4060325179881183,0.9082283826713928,0.7714799759569964,14.0,4,0,78.75,104.5,25.75,13.12440475,23.04954122,29.78804383,6.738502612,1.154131776,41.75,12.0,14.0,11.75,44.25,60.25,False
S000422,phase,full,4,443262094,56.0,60,4,8,10,15,12,0.0169233725383346,0.0362554967257528,0.2329947104348062,0.0210010535687134,0.1162385071263053,0.2053662869895747,0.0840949347295183,0.0550200499078912,0.0271680288204555,0.0230150173801423,0.024053366044859,0.0024489169490378,0.3719696868580553,0.3668777863281921,1.0810093186497884,1.2217934984055288,1.0613200862754408,1.3004223678526754,1.3103539553988737,0.9866369321691186,14.0,4,0,68.75,98.0,29.25,12.03813385,13.45076378,21.58452783,8.133764046,1.699597836,37.0,13.0,33.25,67.75,48.5,49.5,False
S000423,phase,full,4,444262097,56.0,60,4,8,10,15,12,0.0263718589072536,0.0467375649293659,0.2285228052749665,0.0348085975776364,0.15347513618595,0.1429302640574069,0.104353474676329,0.0728456533364508,0.0685807933897259,0.023651226487741,0.0265784241840497,0.0011507123852702,0.5717802825241154,0.2099442082456984,1.187346319425307,1.1828098579324855,1.3824541697830324,0.8554910011454098,0.950922955615576,0.7239539100123494,14.0,4,0,84.75,146.0,61.25,18.2825053,24.38362246,30.07232988,5.688707416,3.38457484,25.5,12.75,57.25,47.5,90.5,55.5,False
S000424,phase,full,4,445262100,56.0,60,4,8,10,15,12,0.0258177889790623,0.075735863510359,0.2995421200624913,0.0191273744329569,0.1683819227841904,0.2114508548008911,0.1223704729450683,0.0787753797137998,0.064531057649252,0.0213591425524375,0.0103515087448615,0.0019458576784894,0.6350130785019426,0.1036916559608686,1.1631574594717704,1.0206376413660612,1.101759450779659,0.9916745728726029,1.0204640287907585,1.003416901303155,14.0,4,0,110.25,129.5,19.25,11.95477589,31.46815974,38.21192049,6.743760749,4.522260309,38.75,14.75,30.5,45.0,70.0,59.5,False
S000425,phase,full,4,446262103,56.0,60,4,8,10,15,12,0.0230828596045844,0.0336370472272186,0.1397548099269828,0.0518132000402013,0.1788594707985858,0.2792910666766993,0.1050974838899382,0.0802734935576047,0.0318896148169472,0.0777370866776993,0.0104164310811058,0.0070272937107907,0.3936308330997941,0.3221725202664616,1.1941597792258831,1.2338545904245233,0.9610382714433786,1.004447917302653,1.3437893311772398,0.9107306143456526,14.0,4,0,66.0,88.25,22.25,13.17510278,21.5471245,33.57282145,12.02569695,1.837162301,24.0,8.5,5.25,19.75,18.5,69.75,False
S000426,phase,full,4,447262106,56.0,60,4,8,10,15,12,0.0269782311219337,0.0355268956259107,0.1912927508137487,0.0389217982764351,0.1519253028840339,0.2622373822629327,0.0663452980503418,0.0581517116720318,0.0285899907524465,0.0224032624340084,0.0107588523912032,0.0068844414639142,0.626020846973647,0.1800643738850445,1.273538475976264,0.9994708974939398,1.4703751038688362,1.170488050627429,1.2659384559801787,0.9713162660407992,14.0,4,0,96.25,119.5,23.25,6.238322424,27.60425615,41.43237721,13.82812106,3.133008144,22.0,11.25,16.25,53.75,64.25,55.25,False
S000427,phase,full,4,448262109,56.0,60,4,8,10,15,12,0.0180101153819212,0.0434018794251459,0.2209004233107642,0.0350157630725671,0.1527699103211303,0.1775983875060431,0.0603434136633719,0.126422966268339,0.0379872961811832,0.0215271756569738,0.0112013575018507,0.0029656469271176,0.7313893080712235,0.4386714250770679,1.1349154050869126,1.2117542730016908,1.0749504501554734,0.8864094664854442,1.1307202915022827,0.7700058523138816,14.0,4,0,126.75,211.75,85.0,35.65576157,41.88767528,59.77049156,17.88281629,5.409388565,35.5,11.25,49.0,52.0,135.0,76.75,False
S000428,phase,full,4,449262112,56.0,60,4,8,10,15,12,0.0292353007786494,0.0314337555178858,0.1838721306319864,0.0197374575323299,0.1692372477208753,0.2748703467903694,0.1459214833951403,0.0883524031524483,0.0326690257719664,0.0527063396394848,0.0417459033201875,0.0011521154652246,0.4876215248322526,0.3934767480277348,1.0510665649903257,1.0959265711694328,1.110155870962852,1.079445565854743,1.2034492515893462,0.7503833239200284,14.0,4,0,91.25,114.5,23.25,9.394147114,30.6907003,42.69066346,11.99996316,3.489386153,24.75,19.0,14.0,34.0,32.5,82.0,False
S000429,phase,full,4,450262115,56.0,60,4,8,10,15,12,0.0246694222875542,0.0664490135962822,0.1733418323811084,0.0224314321647569,0.1208828715594756,0.2299439297949154,0.076865496356459,0.0682662606974491,0.0796465796053575,0.0573397567903345,0.0274009634381401,0.0010934838867278,0.5385899884503442,0.3253803502260463,1.1496497818037952,0.9980366824777034,1.0475797633296835,1.3867032230367464,0.8864098591943798,0.9036135876134912,14.0,4,0,54.75,67.75,13.0,10.23067284,23.7976924,27.79448002,3.996787626,3.481675733,35.5,13.0,11.5,14.25,11.75,56.0,False
S000430,phase,full,4,451262118,56.0,60,4,8,10,15,12,0.016896914554088,0.0307653292531398,0.3007724857530801,0.0151373561557046,0.1498454712486378,0.2778207394554714,0.1329707018012302,0.0452191371172058,0.0424152551524273,0.0595346445467243,0.0172316183683996,0.0025128371537558,0.4211142235021297,0.283367659922145,1.1445942246835012,1.1593481759718738,1.4184858435522525,1.3276736961078508,1.3209908905294776,0.850431195888667,14.0,4,0,89.25,138.25,49.0,22.46478726,26.24233518,50.95562748,24.7132923,7.576816413,34.25,16.75,35.5,78.25,40.25,98.0,False
S000431,phase,full,4,452262121,56.0,60,4,8,10,15,12,0.021255866457555,0.0313438338936804,0.1228073390090623,0.0385070484705373,0.126181267425887,0.2551560986248343,0.0807109246371281,0.0734045917731738,0.0466605637491878,0.0830383846196795,0.0172747755486765,0.0053099636378364,0.68007623540818,0.3637828062421951,1.2770358893417,0.974696191240976,1.2136462493117066,1.3354697663405408,0.9877893434702156,0.7948383953460834,14.0,4,0,61.75,72.75,11.0,5.033222957,35.58917166,43.80653856,8.217366905,4.442207006,27.0,10.5,6.5,14.25,7.5,65.25,False
S000432,phase,full,4,453262124,56.0,60,4,8,10,15,12,0.0238321978986429,0.0331813395967473,0.2450170873360632,0.0368764139968444,0.1056903218124263,0.1644542050342376,0.1536263429499943,0.0458141287175618,0.0750185056931681,0.0216031413157369,0.0342164011962961,0.0037361084675126,0.7827513559292929,0.4025207702826168,1.0746072361569117,1.087677459584806,1.3412423589163445,1.4428961334123134,1.0442094687042671,0.788002573163029,14.0,4,0,37.75,51.75,14.0,4.320493799,19.70864428,25.72217979,6.013535517,2.86862244,24.75,11.5,17.25,16.0,19.25,32.5,False
S000433,phase,full,4,454262127,56.0,60,4,8,10,15,12,0.0160102729181646,0.0459679840397066,0.3030256879440368,0.0394561070449126,0.1726742608353385,0.2918113026847573,0.1054742312492939,0.098460649271178,0.0273951691233266,0.0278120973888844,0.0084911761676152,0.0023749392344353,0.8093274617804173,0.1698693256748882,1.2537458785499818,1.0956647604328795,1.4789939075789975,1.4420271827034106,1.2368486290147482,0.9637908723858029,14.0,4,0,138.25,194.5,56.25,20.05617112,57.26879637,107.5000597,50.23126329,8.985832965,35.5,7.75,15.0,30.5,82.75,111.75,False
S000434,phase,full,4,455262130,56.0,60,4,8,10,15,12,0.0254193280857144,0.0421190111061959,0.2900985477727041,0.0361598664172801,0.119085287580629,0.2071968177711956,0.1038341613829527,0.0707297173340075,0.0765528732332087,0.0477084236420264,0.0271749233353659,0.0018917565492305,0.4129790695915276,0.2727570420848537,1.2989776346143889,1.274083647325627,1.48204324245646,0.8900870944065454,1.0472145457942683,0.9240110988604076,14.0,4,0,74.75,137.0,62.25,31.6267292,22.28590329,35.14961423,12.86371094,8.165181359,27.5,9.75,25.75,38.0,55.0,82.0,False
S000435,phase,full,4,456262133,56.0,60,4,8,10,15,12,0.0211489036091486,0.0539105380859311,0.1204811518027338,0.0269116475415855,0.1079070002448941,0.2740827562528798,0.0961763045926445,0.0568107457284841,0.0577759756295142,0.0234579589585978,0.0127316818261194,0.0028689717481373,0.4214451266857231,0.1459778852659047,1.0955835744449267,1.0184369887947873,1.222376402943636,1.359936344279913,1.27222881118482,0.7631981172102538,14.0,4,0,52.5,62.75,10.25,6.701989754,13.86611826,20.16407384,6.297955572,0.7827240688,33.5,12.0,7.25,15.0,22.0,40.75,False
S000436,phase,full,4,457262136,56.0,60,4,8,10,15,12,0.0202280333206142,0.0325619495603914,0.2073857958116996,0.0515203584229153,0.1906231497771405,0.1750714618124516,0.061653722121705,0.1290111094441186,0.0422920570514854,0.0353315175817603,0.0108444902505757,0.0035274216867398,0.7489343232844945,0.4482966497339107,0.9980326231555076,1.186168108698596,1.3787976304443958,0.9027017474184365,1.0209032025980431,1.0458740167154832,14.0,4,0,178.5,255.25,76.75,53.67417132,74.71682396,91.61401611,16.89719216,12.30888533,29.0,8.5,66.0,49.25,137.75,117.5,False
S000437,phase,full,4,458262139,56.0,60,4,8,10,15,12,0.0139118762369257,0.0436013121460282,0.2930465911166253,0.0415822452110257,0.1004979238909617,0.180946101562989,0.1674673174953114,0.0599811663257778,0.0655577012275758,0.0284072362283008,0.0182861887279857,0.007921753650147,0.5781937477497809,0.1324703063047418,1.0322314948715487,0.9507240165147196,1.4015528223537874,0.995963937988692,1.1992747107444874,0.7389706379943118,14.0,4,0,41.0,59.0,18.0,8.831760866,13.66873595,20.17072477,6.501988821,2.045456795,36.75,7.75,5.75,13.75,27.25,31.75,False
S000438,phase,full,4,459262142,56.0,60,4,8,10,15,12,0.0164925321123888,0.059525910896871,0.2963955114547617,0.052950831210814,0.1031816329972205,0.2022407777032182,0.162897785789918,0.0626950811390267,0.04472936578583,0.0311244947764642,0.00962797079449,0.0013386789603822,0.3853465018337605,0.3621182664999356,1.063680025531157,1.0382502885393108,1.059977544431475,1.1376246351276011,1.006744455553961,0.8495308164696045,14.0,4,0,66.0,75.5,9.5,5.259911279,16.1289464,19.17933121,3.050384805,1.264889566,37.5,3.75,4.25,17.75,26.25,49.25,False
S000439,phase,full,4,460262145,56.0,60,4,8,10,15,12,0.0193967826669123,0.0385114259499078,0.1275410423283217,0.0283021152839202,0.151849514716711,0.1991503923797063,0.110477955756249,0.0777747442103373,0.0615497166827382,0.0394803061568388,0.029169758695244,0.0022524610593812,0.6435891107291652,0.2685588139358348,1.0523871618450955,1.0201660755577435,1.067251169662365,1.301972483956343,1.1774373685113153,0.9363418456744208,14.0,4,0,54.25,63.75,9.5,6.557438524,24.68671958,32.9750721,8.288352522,3.495009464,32.75,12.75,9.5,14.75,17.25,46.5,False
S000440,phase,full,4,461262148,56.0,60,4,8,10,15,12,0.017722051418758,0.0528928066270545,0.2875623432257704,0.0225995820188329,0.1028076079196322,0.1498308049158455,0.1216473767026811,0.0590472233487904,0.0297276679482387,0.0620357544652763,0.0168023207771327,0.0060615167983766,0.4855155867800012,0.382120333470532,1.106016498788939,1.180274952138744,0.9292055767872528,1.1807800959461578,1.155205930567896,0.7246668665425819,14.0,4,0,75.25,97.25,22.0,10.09950494,25.79998692,39.55422323,13.75423631,4.908237759,39.0,10.25,26.25,48.25,25.0,72.25,False
S000441,phase,full,4,462262151,56.0,60,4,8,10,15,12,0.0327228742730541,0.0497524903298452,0.1291939619834742,0.0419757059552981,0.1417798357817966,0.1754766730004305,0.1080767854782473,0.1235241781247907,0.0587581009052113,0.0839694473060851,0.0107921087693958,0.002589700452791,0.4485331392369877,0.147116954413579,1.0902877949895544,0.9672510464249648,0.9648750751794156,1.1566432316883075,1.310964274034674,0.7939709834087969,14.0,4,0,91.75,96.0,4.25,15.58578412,35.52847395,45.29481337,9.766339426,7.247043436,23.0,9.5,12.25,12.5,12.75,83.25,False
S000442,phase,full,4,463262154,56.0,60,4,8,10,15,12,0.0139260093157396,0.0654259132250995,0.167337113266835,0.0506751583122844,0.172311856375365,0.1979664209037175,0.1134120992147756,0.0720193377319176,0.0265194310958413,0.0642392458301852,0.0212034006435206,0.0011874878469049,0.6021770562760855,0.375438435737764,1.336659504979418,1.225590326296413,1.0568668636774108,1.3794822135232616,0.8633593536188113,1.001518227383672,14.0,4,0,64.0,93.5,29.5,5.916079783,29.8471529,39.0874919,9.240339004,3.282496953,36.75,7.25,9.75,25.25,20.0,73.5,False
S000443,phase,full,4,464262157,56.0,60,4,8,10,15,12,0.0227223084688476,0.0350275831035694,0.2213100355374006,0.0388504261095338,0.1707273253107553,0.2214282936115522,0.1106291839775683,0.0716514640340365,0.0447108164947401,0.0604592103015923,0.0272631362959457,0.0054731296026731,0.7973687503533593,0.2772628740187333,1.196955286690493,1.0967248795553723,0.9397594404650732,1.0501398973470697,1.3066315288348165,0.8869693347318671,14.0,4,0,86.25,105.75,19.5,15.54563176,49.19687076,68.73411727,19.53724651,15.42775466,29.5,10.75,17.75,38.75,34.75,71.0,False
S000444,phase,full,4,465262160,56.0,60,4,8,10,15,12,0.0297939560820679,0.0734108835157601,0.1833356883764222,0.0240701818037318,0.1297197600694634,0.2768142682507305,0.0789189001369557,0.0608518866060731,0.0309082758179004,0.0366978390848072,0.0154808709026038,0.0062121648200041,0.6065756217301055,0.2185145707097643,1.2387383340469411,1.0921957185953972,0.9533567532228392,1.1124672029991511,1.288832700077552,0.7870938334164345,14.0,4,0,80.0,106.5,26.5,7.593857167,31.55805582,47.69956981,16.141514,4.339914108,33.0,15.0,11.25,46.25,42.25,64.25,False
S000445,phase,full,4,466262163,56.0,60,4,8,10,15,12,0.0131129805348287,0.0326842473956423,0.1558683582667452,0.0465083727243135,0.1015961270278369,0.1454938072051445,0.0848114726644193,0.1227324967546504,0.0621038779752543,0.035294951566286,0.0081388591952032,0.0030517031113924,0.6600254725930217,0.4435472808999957,1.1685279160955084,1.0357566954204125,1.1394315826775316,0.8535633877739843,1.0238571002984296,0.8787514882257605,14.0,4,0,62.75,81.75,19.0,6.733003292,26.28026409,32.30801733,6.027753242,2.616257949,35.75,8.25,13.75,10.0,33.0,48.75,False
S000446,phase,full,4,467262166,56.0,60,4,8,10,15,12,0.0148799686221483,0.0743887864911548,0.2964771957778133,0.0218265766598965,0.1601127541614001,0.2315134800474551,0.1174948127729994,0.0865665913686242,0.0375089531891501,0.0206243214100573,0.0103650222905647,0.0029133436059688,0.8751392976000931,0.3489334545923236,1.3374825365400187,1.276788435030778,1.019630588760134,1.2418910945844233,0.9293187179432224,0.9471245196375688,14.0,4,0,104.25,146.75,42.5,20.09145755,40.87582564,50.75484239,9.879016758,7.777452153,44.25,9.0,22.75,44.5,85.0,61.75,False
S000447,phase,full,4,468262169,56.0,60,4,8,10,15,12,0.012202361269437,0.0799035517281344,0.3179885062681781,0.0330860340282265,0.1183611540847896,0.1533731702598832,0.0727073910304646,0.1263036457876898,0.0349570505455612,0.0224786106529884,0.0091444565480323,0.0013767326438153,0.7733440363052565,0.2186133249779482,1.129800920292076,1.2713633445251766,1.3319624384059727,1.3720177441178996,0.9581636109839716,0.7650452622638472,14.0,4,0,102.5,165.0,62.5,29.89425809,40.35861197,62.93468628,22.57607431,7.449394236,47.5,6.25,35.25,28.25,82.25,82.75,False
S000448,phase,full,4,469262172,56.0,60,4,8,10,15,12,0.0202622666395823,0.0615618313446024,0.1311256852694005,0.0483430126846943,0.1827046798233299,0.1643168922176369,0.068508794419535,0.0516403668051923,0.0685308994639387,0.0291330137063126,0.0106820309277522,0.0012393690533733,0.5191343067326555,0.3627835717221841,1.2010360620062837,1.082053438638334,1.232026783027451,1.1860167873783285,0.8580466580178217,0.939036526095831,14.0,4,0,76.0,93.75,17.75,18.26426383,23.96388664,26.8434123,2.879525664,4.13352445,35.25,7.25,37.0,36.75,36.0,57.75,False
S000449,phase,full,4,470262175,56.0,60,4,8,10,15,12,0.0155556208586276,0.058129620742498,0.1404045244315638,0.0243051085296667,0.1990318543429639,0.2776564443476075,0.0620355700789169,0.0644734683705794,0.0267869729814047,0.0305871949246479,0.0325074369099983,0.0031151208921485,0.3950778987972203,0.1263154700215529,0.9572810445798746,1.1186862329826155,1.335076456838787,0.913241720992316,1.223910347980014,0.8698292055160393,14.0,4,0,75.75,91.75,16.0,17.66352173,17.27524328,22.21247433,4.93723105,3.880390039,44.0,7.25,15.0,37.75,42.25,49.5,False
S000450,phase,full,4,471262178,56.0,60,4,8,10,15,12,0.013450929330611,0.0806949794729057,0.2193576688533969,0.0504071632995524,0.157020307562676,0.2698623489316306,0.106736234541466,0.0722251093006282,0.0777849161253865,0.0690392508748479,0.0084343826864677,0.0021460725113007,0.8203514904750742,0.2868964733724005,1.2854957225713382,1.248914592731702,1.398246575455044,0.9444007676949708,0.975676314378999,0.9504523902840304,14.0,4,0,63.0,78.25,15.25,2.753785274,44.15202478,50.2146919,6.062667123,0.893903158,40.5,5.75,6.25,11.75,15.25,63.0,False
S000451,phase,full,4,472262181,56.0,60,4,8,10,15,12,0.0155705521085704,0.0721287780526334,0.2175786059964896,0.018540381998858,0.1011593875359097,0.1635484386942699,0.072056309466519,0.0656183363144007,0.0244489700118671,0.0237374888046173,0.0135478197232865,0.0026264661597223,0.5144205050049846,0.3285276445615712,0.9820444569963171,0.962284970396722,1.3360311115971089,0.9180551306608018,0.8677225388201539,0.8228058036081022,14.0,4,0,77.0,85.0,8.0,5.416025603,21.42906316,20.35651061,-1.072552546,3.354131254,46.25,8.25,9.0,20.0,41.5,43.5,True
S000452,phase,full,4,473262184,56.0,60,4,8,10,15,12,0.0346332665198851,0.037263993371297,0.1751562940763572,0.022134864175728,0.1972172647487763,0.1613859788070346,0.1076967695576791,0.0691453653859277,0.058015314841918,0.0789576514771853,0.0408781576437012,0.0071154610090181,0.4458446343501451,0.3372145746346278,1.0031903089961574,1.0536274091041082,0.9481370250543574,1.21806421500742,0.8568516189535568,0.8830695661419871,14.0,4,0,114.25,129.5,15.25,11.32475165,38.51309253,38.65298885,0.1398963221,1.772023782,21.25,22.0,67.0,83.5,33.25,96.25,False
S000453,phase,full,4,474262187,56.0,60,4,8,10,15,12,0.0246843439278232,0.0779920580973474,0.1823643768005506,0.0311732423143007,0.1465684889956693,0.1488370732620677,0.0736688445025108,0.1048985420466833,0.061430930501167,0.0643066164953636,0.0094545347394609,0.0010359764092488,0.4174874854508902,0.4403299538526095,0.9771131011896572,1.0586869116996471,1.0958564585793464,1.394847168966978,0.953356644438539,0.80316105236637,14.0,4,0,116.25,122.0,5.75,17.05627939,35.12395411,39.41354159,4.289587476,5.378911075,34.0,10.75,32.25,24.25,25.25,96.75,False
S000454,phase,full,4,475262190,56.0,60,4,8,10,15,12,0.0289155179095104,0.0380830476685086,0.2799311617880419,0.0232612422544916,0.1895159717282001,0.2009143238338648,0.101146917582167,0.0998973386214747,0.0442383061989387,0.0470121949640657,0.0112891893666477,0.0085295867136206,0.7880425249739624,0.1046489635371345,1.3293393498315385,0.9711021956751044,1.3285173298445536,0.9212434451289124,1.371131029603163,0.8224845135501109,14.0,4,0,237.75,269.75,32.0,18.88562063,103.9753315,152.6119535,48.63662205,9.939088666,22.0,16.75,45.0,47.75,122.25,147.5,False
S000455,phase,full,4,476262193,56.0,60,4,8,10,15,12,0.0121917306620563,0.0662232272210721,0.1256667279217114,0.0445060863196345,0.2096844056803838,0.2766183098003422,0.1756094853400922,0.1223873010879354,0.0490221575844798,0.0433275107855931,0.0143188747964682,0.0040941260186615,0.6083385879197509,0.2394511135179736,0.9720368878504014,1.0434956000146147,1.2557731869144002,0.8670217114419088,0.9019172889103791,0.7622440859403042,14.0,4,0,49.5,58.75,9.25,8.539125638,25.32345079,24.47726664,-0.8461841557,3.148091631,44.75,5.75,4.25,4.75,16.0,42.75,True
S000456,phase,full,4,477262196,56.0,60,4,8,10,15,12,0.0274725938160327,0.045907837102859,0.1410991325986396,0.0274663237832896,0.1170024791806307,0.2576085046383342,0.071270594172444,0.0467012583047587,0.0368001666629516,0.0782139520908513,0.0129664584216311,0.0040506495839158,0.7302421071869956,0.2175672010345126,1.1345644605525709,1.0139930211348374,1.4163966035779143,1.2995139195832248,0.9571217536980888,0.7885469509310435,14.0,4,0,69.25,88.25,19.0,1.414213562,41.90270514,51.14314012,9.240434976,3.3625775,26.75,15.25,7.0,33.0,17.0,71.25,False
S000457,phase,full,4,478262199,56.0,60,4,8,10,15,12,0.0165271139898168,0.0617733587012943,0.1363049358167888,0.043864280367474,0.1555173043651348,0.2648684135677145,0.0723162831401149,0.0522338672114402,0.0711446411121824,0.0624722887317565,0.0295666138251637,0.0018073864575824,0.8936006560552165,0.204655606806621,1.3176645547381505,0.9929795525895034,1.2125583990124875,1.2768600331626383,1.081170898665503,0.8051436508335172,14.0,4,0,45.25,49.5,4.25,11.1168041,34.71753194,40.8553915,6.13785956,7.007952958,34.0,11.5,7.25,12.25,5.5,44.0,False
S000458,phase,full,4,479262202,56.0,60,4,8,10,15,12,0.0341988906569012,0.0336469604108876,0.1728085786456189,0.0579198333132606,0.1142169275370776,0.1731477043423682,0.1283776825007841,0.0955722212074597,0.0335047880795309,0.0217190928956476,0.0121968846988895,0.0032063832023686,0.6208584628284781,0.2314100392880001,1.0338566930336517,1.0944921086687778,1.4808168815700138,1.1526731144111595,0.9006342833199427,0.8627937469081715,14.0,4,0,87.25,114.0,26.75,16.52018967,27.90060998,31.92194831,4.02133833,5.33939252,16.75,8.75,10.5,13.75,57.75,56.25,False
S000459,phase,full,4,480262205,56.0,60,4,8,10,15,12,0.0219852959414529,0.0488114242125067,0.2774644428594584,0.0408998386559976,0.1019778137059067,0.2315988880538318,0.1312226482164817,0.1007716309322634,0.0203174886203302,0.0630696425368863,0.039362477639714,0.0074854343289105,0.8730321000525011,0.4274221136850884,1.3125216642133055,1.114015501876931,1.136914060391734,1.01161248647497,1.2194199849449867,0.9794154689217248,14.0,4,0,83.0,105.75,22.75,7.135591543,52.1122055,79.68348993,27.57128443,6.329340283,28.75,11.25,14.0,20.0,27.25,78.5,False
S000460,phase,full,4,481262208,56.0,60,4,8,10,15,12,0.0165590544674451,0.0723532311231398,0.1353094247397654,0.0181486019872165,0.1164478951657808,0.1871528696063613,0.0711354845552576,0.1095503229220577,0.037280948755715,0.0632705782772697,0.011849127679657,0.0017340593032868,0.5432347932653006,0.1533668237528064,0.9867909197456596,1.0720824180256756,1.0074130200173004,1.1825821364807323,1.2691691493564474,0.8564938554345988,14.0,4,0,71.25,72.75,1.5,7.724420151,29.55857693,37.91325396,8.354677031,3.448588959,47.5,8.0,9.25,11.0,12.75,60.0,False
S000461,phase,full,4,482262211,56.0,60,4,8,10,15,12,0.0122156843641111,0.0662498703806543,0.1528281629254317,0.0197933710799373,0.1816162145605577,0.1844972537579006,0.0633304505295343,0.1164073638240389,0.0258625927218995,0.0612044143693926,0.0330530699104215,0.0018401118132682,0.5417769110701675,0.3021744026887512,1.131653007341823,1.004266493093664,1.0344801751648298,1.2914582342843393,1.0655182571480566,1.014976742806069,14.0,4,0,94.25,95.25,1.0,24.42676128,35.39261111,38.38809754,2.995486428,8.919778789,46.0,9.0,24.5,22.5,26.75,68.5,False
S000462,phase,full,4,483262214,56.0,60,4,8,10,15,12,0.0308454831313825,0.0817359376262378,0.2130062566827386,0.0154621930667656,0.1096879412956169,0.2583106418360929,0.0880222938240223,0.0741924111229709,0.0819384717604699,0.0731076046341378,0.0119954541753759,0.0105757536371601,0.8989589141399974,0.1957995462415754,1.1565555649806891,1.178895921530497,1.316568612078283,1.1007628242308325,1.3958714849647202,0.960361556772315,14.0,4,0,72.5,103.25,30.75,5.909032634,50.78157761,87.74095191,36.9593743,8.620884105,40.25,15.25,12.25,24.5,27.75,75.5,False
S000463,phase,full,4,484262217,56.0,60,4,8,10,15,12,0.0189946171391801,0.0463892190762402,0.2034506289516419,0.0413265551602281,0.2140518814032541,0.2474667493023086,0.0614721474776917,0.0859060983147877,0.0305108004053301,0.0733497472242667,0.013370383295111,0.0091126412454124,0.536704915998989,0.33351318472262,1.3289124918534694,1.1375497595627757,1.0717294018401176,1.3224961783971323,1.1970059928679122,0.897154908418046,14.0,4,0,134.75,216.0,81.25,51.51941382,50.25588699,96.66060885,46.40472186,23.46364091,34.75,11.25,37.0,79.25,59.25,156.75,False
S000464,phase,full,4,485262220,56.0,60,4,8,10,15,12,0.0320583547695925,0.0688808418156136,0.1646454208432787,0.0278045820473624,0.1472957757927021,0.1593813597821149,0.1153905210965653,0.0910714840288627,0.0488095482304033,0.0685836295352876,0.009958810068398,0.0022636853851084,0.6476545190223595,0.1606409531746301,1.0777687176752029,1.2744902198446977,1.4945292849528888,1.1216431060633727,1.3358997780032222,0.8092762566913438,14.0,4,0,87.5,162.0,74.5,27.45299012,43.02349219,94.85954412,51.83605194,13.05860874,31.25,10.25,37.0,32.0,45.75,116.25,False
S000465,phase,full,4,486262223,56.0,60,4,8,10,15,12,0.0248882091326899,0.0647364212854096,0.3113604498303886,0.0232866842162449,0.2005331897513282,0.1599049996150499,0.1228953185908201,0.0501584292924316,0.0562885329442388,0.0618457039438026,0.0196856680181562,0.0019189733567992,0.3993626741924729,0.4350997803013173,0.9557060975880208,1.1875273511821915,1.217453520577026,1.1877660581831555,1.3694259938267277,0.8506538429694884,14.0,4,0,115.25,165.25,50.0,31.75951301,31.4761791,60.49669226,29.02051316,12.22581104,40.0,10.0,81.75,108.0,49.75,115.5,False
S000466,phase,full,4,487262226,56.0,60,4,8,10,15,12,0.0263324310981228,0.0390105173331084,0.2272572556878389,0.0307533375601207,0.1639386507654739,0.2608464764716655,0.1086164842423472,0.0737135211309409,0.0844434083942804,0.0414591402246294,0.0195092723063338,0.0016936351868801,0.3699260471849802,0.226388906512938,1.1037227355134809,0.980788128677626,1.394193328581111,1.4415368800685149,1.0558946196217294,1.0244686437982589,14.0,4,0,84.5,93.5,9.0,7.348469228,22.79250295,28.09996329,5.307460348,0.4440346735,27.75,10.25,14.0,17.5,20.0,73.5,False
S000467,phase,full,4,488262229,56.0,60,4,8,10,15,12,0.0186980178536027,0.0652259682025606,0.2487039094964252,0.0223339815175846,0.126278524400814,0.2497821212098152,0.0928081648808108,0.0824922669280897,0.0579339070801529,0.0496603069833037,0.0095734522083829,0.0026595706572306,0.5726322517036051,0.3729845187018902,1.14922004175334,1.1715841778701894,1.3570560468470254,1.2195777390928395,0.9484833258526466,0.8183376405928305,14.0,4,0,101.25,147.25,46.0,19.40790217,43.40514455,55.05551024,11.65036569,1.144444966,41.75,11.0,20.75,28.25,50.75,96.5,False
S000468,phase,full,4,489262232,56.0,60,4,8,10,15,12,0.0191345382100821,0.0722917667836072,0.2751398054826596,0.0182053881361481,0.1310436415632319,0.1752551463070858,0.1016323671866175,0.0637583684673359,0.0204959751678386,0.0350362150073841,0.0226892792644078,0.002841680826312,0.6040172068596423,0.1277670471287936,1.097691384037356,1.039099300278434,1.0833792738521475,1.0181953039168046,1.3633617406658762,0.8373357957735823,14.0,4,0,87.5,104.0,16.5,8.888194417,31.74008729,44.9880747,13.24798741,3.172221528,45.25,9.5,23.25,42.5,44.5,59.5,False
S000469,phase,full,4,490262235,56.0,60,4,8,10,15,12,0.0346805741837332,0.051546008129566,0.3199085666408512,0.0185109961836067,0.1314274076673108,0.1808077910297242,0.1015199292877157,0.0765549875418607,0.0366605125942847,0.0405390820383434,0.010382343419404,0.0072395363622274,0.624071964030018,0.1098964035492125,1.3265404939150245,1.2769840620476332,1.259509114791953,1.165406360232249,1.2494177617457645,0.7866970502274307,14.0,4,0,183.25,330.75,147.5,11.35781669,60.8841623,141.4346466,80.55048428,6.891141313,28.5,17.25,69.0,107.75,142.25,188.5,False
S000470,phase,full,4,491262238,56.0,60,4,8,10,15,12,0.0242256421553779,0.0532053699349583,0.1214702110886026,0.0555161307386486,0.1939074915103959,0.1455430337921699,0.0788903554310749,0.0803248771548895,0.025960904381172,0.0284283399087113,0.0180192158558348,0.0010873718175613,0.5322058190557981,0.1812332262335235,1.30882161503127,1.0226013528286884,1.0855295035888424,0.8801601940077094,1.0901184192098514,1.0070625018108172,14.0,4,0,102.75,105.5,2.75,16.52018967,27.84583952,27.32623632,-0.5196032019,4.230969897,27.75,9.0,36.75,41.0,57.5,48.0,True
S000471,phase,full,4,492262241,56.0,60,4,8,10,15,12,0.0151690721344779,0.0735989194104947,0.1943455894093237,0.0319385070744577,0.108326141130254,0.1474666299837294,0.0777305332289843,0.0566189313269052,0.0324733825785183,0.0437267622767233,0.0447712835600131,0.0040461227568663,0.716835007113479,0.4190135659056002,1.1430791062649168,1.230903628179124,1.046577876210682,1.3132443803815024,1.0046431645163347,0.991594448542323,14.0,4,0,41.75,56.25,14.5,10.66145706,22.04636245,29.46091908,7.414556636,3.732300013,47.5,7.0,22.25,40.0,14.25,42.0,False
S000472,phase,full,4,493262244,56.0,60,4,8,10,15,12,0.0332556625056228,0.0742485892300863,0.2344644827394924,0.0166339257176824,0.2084774696490014,0.1609128111450063,0.0752891621551785,0.0694493770229025,0.0616091267561533,0.0539020513284535,0.0113772266423613,0.0046539936681036,0.681229824931386,0.2624403318935273,0.9626727896024212,1.2486675946206272,1.3504553812788784,1.0765050279425206,1.373963629225327,1.0400382721403816,14.0,4,0,222.25,553.0,330.75,90.98488886,87.74332539,236.7409174,148.997592,51.53890094,39.0,11.5,389.5,336.5,288.25,264.75,False
S000473,phase,full,4,494262247,56.0,60,4,8,10,15,12,0.0221852924652828,0.0613222009704565,0.2369539825490949,0.0372746091761348,0.1383388607416291,0.1756518102667707,0.068899225349907,0.0782676581135865,0.0260588364326396,0.0534491799418008,0.0097808310299154,0.0019964815652096,0.607970353295484,0.2163004985577891,0.9674261219229304,0.9731439001763308,1.377632552751494,1.0772370222187526,1.1940691770027845,0.9756227938119268,14.0,4,0,116.75,124.5,7.75,7.365459931,50.00058004,60.06152942,10.06094938,4.635177091,40.25,6.75,18.0,28.75,35.75,88.75,False
S000474,phase,full,4,495262250,56.0,60,4,8,10,15,12,0.0170638676264497,0.0502573906628686,0.1685194232638397,0.0560616477161135,0.1170620952120199,0.1479955698434702,0.0760485848440744,0.0647123860608107,0.0252513987758977,0.0665773050209669,0.0210448495789824,0.0011421607996642,0.3756114345543849,0.2921283749413011,1.0788332159785403,1.162853889715093,1.3630771602224057,0.9551049981729414,1.099912491806169,0.9558123173707744,14.0,4,0,58.75,75.5,16.75,13.72042273,18.27858551,23.84789703,5.569311522,3.245549346,38.5,6.75,14.75,18.75,16.75,58.75,False
S000475,phase,full,4,496262253,56.0,60,4,8,10,15,12,0.015126064568139,0.0518645874050389,0.2482442701443278,0.0570479326452998,0.2025926829471362,0.1472978289381201,0.1337557442073536,0.0919985650372483,0.0690124608231491,0.0621135668581492,0.0197747880920473,0.0012368892443389,0.7140012163442989,0.4154038755006848,0.970036365649474,1.2670933646523894,1.2773294923568324,1.0814912413801234,1.2796378681392513,0.7394950132588674,14.0,4,0,91.5,188.5,97.0,33.59563464,48.05889253,110.4398443,62.38095175,14.9246912,41.25,6.0,62.0,47.25,63.5,125.0,False
S000476,phase,full,4,497262256,56.0,60,4,8,10,15,12,0.0170225142303013,0.0483856881099355,0.1644329452250841,0.0275948327248221,0.1886490620030163,0.17364636258082,0.0706481630319777,0.1108915635634256,0.0780682734391568,0.0501122294809657,0.0086776507519909,0.0018368445839167,0.6681505953127677,0.345548230952112,1.2068974529515433,1.1847473321191917,1.495903505201453,1.167790426053991,1.2647888286247206,0.9910033303293416,14.0,4,0,130.0,233.25,103.25,27.47574688,57.88601606,122.7043072,64.81829116,15.02285626,38.25,9.75,70.0,50.75,80.25,153.0,False
S000477,phase,full,4,498262259,56.0,60,4,8,10,15,12,0.0184767786715651,0.0844553265685405,0.2814967436812903,0.0257377423884814,0.1728934232341808,0.2614799423349843,0.0670631018918794,0.0864913308802889,0.029211871332932,0.0325324671698444,0.0183600514557734,0.0012504211149145,0.5910385849564189,0.1654416416281014,1.0386534581019602,1.040354031787265,1.0137200291426602,1.0894081383875514,1.1865664700606022,0.9580165053091548,14.0,4,0,119.25,123.0,3.75,7.182153809,42.88917288,51.5225183,8.633345415,2.681224606,43.75,7.25,10.5,30.0,45.75,77.25,False
S000478,phase,full,4,499262262,56.0,60,4,8,10,15,12,0.0199698679287789,0.0783687867153189,0.2885232286733186,0.0308082350839514,0.1130378859529275,0.1994553599268503,0.1466765849203945,0.0576927930390473,0.0460087843817745,0.0228103014060467,0.0306057048821278,0.0014076903729994,0.7472146098826353,0.2436069280365102,1.2962200029755435,1.0442042709609374,0.9738737899004104,1.0309368426950207,0.8990111906713915,0.8590067463143491,14.0,4,0,51.5,63.0,11.5,2.645751311,23.47853046,25.80313091,2.324600451,3.517130643,39.75,9.0,9.5,28.5,25.75,37.25,False
S000479,phase,full,4,500262265,56.0,60,4,8,10,15,12,0.0149041417789989,0.0477195887065075,0.1658884316540896,0.0348523135962617,0.1484471712380944,0.1539612063195911,0.1553310188212497,0.0651942425278848,0.0252761104842348,0.0689071449926987,0.0228303194853768,0.0043294427671491,0.5258157469182363,0.1341922263253136,1.2577461651834083,1.1320035323751003,1.2200712021278464,1.3153005776099669,0.937068064870042,0.9126221135192032,14.0,4,0,46.5,65.75,19.25,5.057996968,19.60260826,24.9451915,5.342583244,2.940540631,39.75,9.0,14.75,19.5,16.5,49.25,False
S000480,phase,full,4,501262268,56.0,60,4,8,10,15,12,0.0249559614833102,0.047919052059794,0.2201632589556553,0.0551181191966951,0.1017029931486152,0.2276053541510538,0.0906274893698761,0.0921786571793414,0.0619535201740847,0.0549103628436799,0.0177120515749148,0.002938312417732,0.8208328816078296,0.3697278805742834,1.177493966877705,1.1122526202667675,1.2928201460843431,1.067680353601247,0.9751062590663232,0.9429342233288044,14.0,4,0,73.25,85.5,12.25,4.193248542,45.43262682,51.64717107,6.214544244,1.066483157,24.75,7.5,10.25,14.0,19.75,65.75,False
S000481,phase,full,4,502262271,56.0,60,4,8,10,15,12,0.0332172824170949,0.0642113796303187,0.2635269400130961,0.0585453207739431,0.1268012150990493,0.271124520256016,0.0934116086393309,0.1062316336477176,0.0341677849532898,0.0252375214520736,0.0111000289510067,0.0040239644864455,0.6622456528717466,0.444239440856065,1.002302923544803,1.0307316484696762,0.9239704805518376,1.1513353731288158,1.364247813360178,0.7923338061199336,14.0,4,0,99.75,106.5,6.75,8.098353742,37.40559168,52.40593655,15.00034487,4.022977083,29.25,5.0,8.5,16.25,42.25,64.25,False
S000482,phase,full,4,503262274,56.0,60,4,8,10,15,12,0.023656242482751,0.0329306976747183,0.2311735537124484,0.0150855021172705,0.1992724891174574,0.208638807118017,0.0687181084109433,0.0993806293002869,0.0257969383942786,0.0317430693285437,0.0224409796790103,0.0022804829869828,0.7858878225502169,0.3260765422916997,0.9515835150514792,1.2587172428905082,1.071066313822334,1.4334732911954942,1.3468666673732823,0.7927659785126392,14.0,4,0,223.0,468.0,245.0,89.51349991,88.61560527,234.4688449,145.8532396,29.85921811,32.75,15.0,143.5,209.5,241.75,226.25,False
S000483,phase,full,4,504262277,56.0,60,4,8,10,15,12,0.0249952543304644,0.0557221377517717,0.2008851068320715,0.0320313052151099,0.1879618542963751,0.1834459355169332,0.1050280222721019,0.0797384240385855,0.0388278330997612,0.0483976490935949,0.0439389784033453,0.0010137672745819,0.4556525188937263,0.390640817095096,1.2085316767319336,1.162636287129763,1.4927030089695374,0.8629445294386375,0.9942610714918564,0.8289125105686791,14.0,4,0,96.0,151.5,55.5,29.45618215,28.57751131,39.67657644,11.09906514,5.743152198,30.0,9.0,31.0,47.5,63.5,88.0,False
S000484,phase,full,4,505262280,56.0,60,4,8,10,15,12,0.0180444196376283,0.0411177938871272,0.1642888841511846,0.0177506684944651,0.1089349143807944,0.155502752876361,0.1543465335079328,0.0591489045972637,0.0541524998692871,0.0375751178243963,0.0376042562320228,0.0023859391574081,0.8790811269806763,0.1030519077491811,1.0290334354089508,0.9700059111170978,1.1749005424977097,0.8513730984279496,1.308373443894156,0.8844892731744657,14.0,4,0,43.25,47.0,3.75,2.217355783,30.77576503,33.64979788,2.874032851,4.341921251,39.75,11.5,11.75,11.0,13.75,33.25,False
S000485,phase,full,4,506262283,56.0,60,4,8,10,15,12,0.0218985151999141,0.0330779308891096,0.1770697781302655,0.0300640697984789,0.1546537868488983,0.1987913360211338,0.1027609577195692,0.0718973805420268,0.063663677528924,0.0349471198351666,0.0261785417096842,0.0028733385954057,0.4157472125658934,0.2213939778461646,1.0087937743844406,1.2060163025981103,1.0403819057953672,1.3960489697241094,1.2229143978020365,1.0247174263963943,14.0,4,0,72.25,102.5,30.25,26.04323329,18.22080031,30.75933406,12.53853374,3.898262862,32.25,12.75,22.0,31.25,38.75,63.75,False
S000486,phase,full,4,507262286,56.0,60,4,8,10,15,12,0.0344746072367241,0.0497837882997445,0.2103063411848893,0.047769953083191,0.1834994500564724,0.2415988616400771,0.0956653034796332,0.090378582353241,0.0630956149214717,0.0280340815080732,0.0288542812078922,0.0080892140747485,0.5877779445006958,0.3441624438600545,1.091075815099716,1.0439799703657195,1.4934102095094963,1.4325031583604806,1.2805300576337433,0.7563763908644233,14.0,4,0,76.0,146.25,70.25,12.81600562,22.96216544,59.40073912,36.43857368,5.025018778,26.25,9.0,14.75,22.75,63.75,82.5,False
S000487,phase,full,4,508262289,56.0,60,4,8,10,15,12,0.0166652078305507,0.0545358898039674,0.2660426202382128,0.0331769341463345,0.1420455306996274,0.2274930651312466,0.1443195354496475,0.080458439027224,0.046454221510596,0.0682686605543221,0.035670683807455,0.0044076273740397,0.5517167180341218,0.2646630538704847,0.9938618198962964,1.012538278570726,1.0683303768442276,0.9433840331212844,1.1372942365197831,0.9644276351015468,14.0,4,0,62.75,69.0,6.25,2.362907813,27.15013042,32.87208069,5.721950262,1.566118706,44.25,7.0,15.5,16.75,14.0,55.0,False
S000488,phase,full,4,509262292,56.0,60,4,8,10,15,12,0.0255066382382021,0.0330102675762492,0.1452978128582558,0.0527047298798906,0.2044914228306228,0.2241191137521123,0.1733628932308061,0.1079168130319734,0.0660668148083307,0.0732427282556105,0.0435111252075451,0.0035461158163078,0.3809530288988422,0.1100836442171813,1.1250543313055554,1.0835871016766812,1.4408509669581442,1.4255001870776285,0.9444592322487628,0.8473138017643802,14.0,4,0,59.25,81.5,22.25,8.341662504,19.46747841,26.0430494,6.575570992,2.62525035,23.75,10.25,4.75,7.5,10.5,71.0,False
S000489,phase,full,4,510262295,56.0,60,4,8,10,15,12,0.0208906544123211,0.0328486705619445,0.3172062999340435,0.029964504369528,0.1319026812453404,0.1959012731170905,0.1234471956779556,0.0909502937720897,0.0391260840973006,0.0514908964421554,0.0104347792360848,0.0032518783509187,0.7989999558983094,0.1822166783200179,1.0043487155443018,1.070575789106601,1.001993846812492,0.9565033438454416,1.1022787836757777,0.9904670554098114,14.0,4,0,121.25,124.25,3.0,10.86278049,59.91946811,65.55121557,5.631747466,9.047878895,32.5,12.25,21.0,42.5,46.75,77.5,False
S000490,phase,full,4,511262298,56.0,60,4,8,10,15,12,0.0205890583323298,0.0351958432618273,0.3157901905640115,0.0173853396255369,0.1443791999928063,0.1593140868697819,0.10453698712111,0.1213989976457473,0.0256383147307155,0.0545259840896911,0.0221147192601469,0.0041538309492623,0.4797013662490424,0.1004634894096722,1.039803396090165,0.969451904513408,1.2816443626665226,1.0659719416913944,0.8719710907906855,0.7450722951912554,14.0,4,0,166.25,186.0,19.75,32.09750769,49.49612389,51.46704458,1.970920694,5.969880478,39.0,14.75,39.25,33.75,66.75,119.25,False
S000491,phase,full,4,512262301,56.0,60,4,8,10,15,12,0.0248155737234577,0.0591035767099664,0.235624715582808,0.0272099167582522,0.2010825750124098,0.2272780485516084,0.0796449958744748,0.0827031507575909,0.051174661538731,0.0530831060462324,0.0165615388074199,0.0063976474861488,0.5210191708431452,0.1827915239969139,1.1719299637864915,1.277176563303014,1.2543948316038769,1.2507614512766134,1.2044070731720815,0.8892070474398753,14.0,4,0,140.0,242.5,102.5,4.932882862,46.84151969,91.14343662,44.30191693,10.33421167,33.0,13.25,54.25,79.75,91.75,150.75,False
S000492,phase,full,4,513262304,56.0,60,4,8,10,15,12,0.0266009648286603,0.0537733374200961,0.1594313585131325,0.036017727746997,0.1742072811047447,0.242358602489552,0.0772789647693691,0.0630068648128817,0.0274517649771859,0.0222763439891423,0.0203335223600863,0.0029058629581425,0.7188497827940394,0.328059454405798,1.0827526743684337,0.9727810474272482,1.0202273602876637,1.1380046399909214,1.307515289336448,0.8172411826958488,14.0,4,0,84.0,89.25,5.25,12.03813385,32.67240461,39.63357861,6.961173998,1.430861005,32.5,10.75,10.75,31.5,42.75,46.5,False
S000493,phase,full,4,514262307,56.0,60,4,8,10,15,12,0.0141655980781534,0.0466573675457425,0.2050439509870668,0.0469267575387728,0.120656240541139,0.1663730436118897,0.0765405525135222,0.1259680242865271,0.0279872481988629,0.0525041467321971,0.0348655501247131,0.0013016022156207,0.4681725237302286,0.4225762188911891,1.0938316051344874,1.215781876276352,1.3299303726420395,1.0700735204349765,1.0480716873495055,0.9351713325706484,14.0,4,0,69.25,93.75,24.5,15.58845727,24.68711925,32.32160079,7.634481541,3.374692073,41.0,5.5,14.5,14.0,26.5,67.25,False
S000494,phase,full,4,515262310,56.0,60,4,8,10,15,12,0.0283736660387058,0.0561609797769859,0.1481011247139387,0.0162974458763861,0.1459075137002647,0.2196390330000087,0.075538594202598,0.0829967877491009,0.031351696803135,0.0257714335759897,0.0242228399488208,0.0066013289489524,0.3794332822779253,0.122133371737615,1.0080993673520835,1.0847285232294706,1.4629290985886294,0.9153358716470444,0.9923672221376836,1.0224940863433791,14.0,4,0,81.25,95.75,14.5,9.036961141,14.79042657,16.29761227,1.507185694,0.4811233151,35.75,16.5,19.0,23.25,52.25,43.5,False
S000495,phase,full,4,516262313,56.0,60,4,8,10,15,12,0.0171948752237018,0.0374015294318307,0.1598434082194297,0.0541351487189272,0.1137183515645096,0.2541445117023271,0.1735561067067878,0.0918803671350058,0.0216850149473864,0.0363312691199143,0.0387992406546631,0.0064124539398175,0.5852958020643451,0.1211043206025241,1.085260454776799,1.0596102677404744,1.2288505831827767,0.9648446552228732,1.3366555047098485,0.9324295358795076,14.0,4,0,39.5,38.5,-1.0,5.715476066,16.53054186,17.69213894,1.161597088,3.48845236,34.25,8.25,5.0,8.25,12.75,25.75,False
S000496,phase,full,4,517262316,56.0,60,4,8,10,15,12,0.0202829409390632,0.0658073639257216,0.2039683701134131,0.0189328728289968,0.2068120560971554,0.2465296969742372,0.0662244561026535,0.0788818822465229,0.0231865169144968,0.0240777480997019,0.0157726028472431,0.004914655889119,0.8086079917608925,0.3028280250950266,1.062925714735793,1.1356288167545707,1.001329094759923,1.178656428827095,1.3195344513141514,0.7541621081141843,14.0,4,0,121.25,161.25,40.0,16.43167673,43.29056755,76.44272497,33.15215742,12.79429383,40.0,12.75,27.5,67.0,85.75,75.5,False
S000497,phase,full,4,518262319,56.0,60,4,8,10,15,12,0.0123000792572984,0.046577416779459,0.2297462969986403,0.0406912203623548,0.1450502495212955,0.2036584346433178,0.0697821977581247,0.0676519917734933,0.067529006530997,0.0258028341954144,0.0196050529488914,0.0117935698581463,0.6132345354030038,0.1787047985571072,0.9664525671210714,1.1441971305072336,1.0538998870102974,1.1755699976921623,1.0818874009209514,1.0281044221857911,14.0,4,0,47.25,49.25,2.0,6.055300708,14.59156567,18.03973755,3.448171882,3.272502411,46.0,6.5,17.0,23.25,21.75,27.5,False
S000498,phase,full,4,519262322,56.0,60,4,8,10,15,12,0.0181725629860389,0.0463583053410986,0.2789897364107555,0.0260860756520428,0.1184508054488743,0.2808816185524369,0.0652627626359442,0.0474936128977803,0.046910457826589,0.0314085640052609,0.0386331158360862,0.003484175248087,0.5468362587973297,0.2715172845687933,1.139887859672508,1.1427427116783075,1.007083899859103,1.1661632238615482,0.8766343172036475,0.7256628545194316,14.0,4,0,63.25,85.75,22.5,7.937253933,23.22123488,24.62475295,1.403518066,3.346014038,35.25,12.0,22.5,64.75,36.25,49.5,False
S000499,phase,full,4,520262325,56.0,60,4,8,10,15,12,0.0195706483520347,0.0814625825514624,0.1361196941264179,0.0337187591320653,0.1028687818717607,0.1577905320796562,0.1289107450158489,0.0539472802091357,0.0419355841081246,0.0630058617210199,0.0282115762303364,0.0040681025224757,0.3737175102237425,0.336271114248117,1.0812233272310767,1.1445151354062726,1.2718205465071248,1.080308873658658,0.8565093730312118,0.9460477306345256,14.0,4,0,37.25,51.5,14.25,9.878427675,12.12665991,13.54589816,1.419238249,2.478131857,41.5,7.25,7.25,10.25,11.75,39.75,False
S000500,phase,full,4,521262328,56.0,60,4,8,10,15,12,0.0197357443109635,0.0583115533161107,0.2343199043929944,0.0393605809439488,0.2009248689839706,0.1970681711775211,0.1488847348344072,0.1180430832000741,0.0618909770722614,0.0750669587412461,0.0139639915334851,0.0013589331553535,0.5570122867237124,0.1948269825715696,1.1011582572964091,1.1599458070711792,0.967134270227482,1.1099576109376854,1.0322016083532182,0.8438287962544585,14.0,4,0,106.0,132.25,26.25,22.47035084,49.41372098,61.04660322,11.63288225,6.41778295,36.5,9.5,20.25,20.0,26.0,106.25,False
S000501,phase,full,4,522262331,56.0,60,4,8,10,15,12,0.0200780859465181,0.0387540744089343,0.2262094733513603,0.0259884088715955,0.2060513297768016,0.1627156962350449,0.074984153918867,0.0547463597930105,0.0838559579968087,0.0674218432415286,0.0236751193892359,0.0022572086224942,0.7972416891041929,0.3555673044349527,1.1336026918951363,1.2293314987566586,1.3667539232456176,1.094362226367639,1.2849002235410316,0.8470229873236664,14.0,4,0,130.0,280.25,150.25,40.54935265,69.6991804,165.4989464,95.799766,26.22357457,33.0,11.75,215.0,203.25,114.5,165.75,False
S000502,phase,full,4,523262334,56.0,60,4,8,10,15,12,0.0286575082490982,0.0366455963497955,0.2938374708445203,0.0316794177762001,0.1302586299202761,0.1567778365985891,0.0895976307825572,0.0925002716737725,0.0233256284778054,0.0440489644852204,0.0090668513628071,0.0026519329139285,0.5359037566926689,0.3344582138512729,1.1877575504789384,1.015019521942504,1.0311416284220922,1.3076782970705465,1.3282320425060885,0.923083694635846,14.0,4,0,183.5,218.5,35.0,24.85960579,54.14782654,89.57394902,35.42612248,6.938898474,24.25,15.0,39.75,53.5,85.0,133.5,False
S000503,phase,full,4,524262337,56.0,60,4,8,10,15,12,0.0210607201474485,0.036884093450184,0.1846662753665307,0.0360555061520651,0.1299237405045837,0.1681016594854627,0.0709479196840081,0.0532894173622921,0.0207060350001329,0.0411775089458022,0.0302213243345535,0.005381747750841,0.4116685478630499,0.3957133819451016,1.347983202001673,1.0080166855798598,1.0230081683374583,0.9883441256156804,1.0131954831961854,0.7643767102338682,14.0,4,0,71.75,83.75,12.0,6.976149845,19.18198185,22.08709127,2.905109411,3.214349284,25.75,11.5,17.5,48.75,34.25,49.5,False
S000504,phase,full,4,525262340,56.0,60,4,8,10,15,12,0.0249424708634249,0.0820281383706789,0.2967984956200624,0.0248133210347698,0.1136483303979342,0.2555972586845458,0.0633608300269005,0.0576311889163989,0.0779953033943319,0.0740464091236305,0.0449527267432556,0.0010708421301227,0.4445125502695327,0.2618943032464719,1.0935471452909449,0.9726171313906352,1.3336921531354695,1.1730269075636732,1.2917849987360586,0.854205805677928,14.0,4,0,68.75,92.5,23.75,12.12091856,24.03979564,36.87592625,12.83613061,2.142972562,41.0,7.0,10.25,26.5,23.25,69.25,False
S000505,phase,full,4,526262343,56.0,60,4,8,10,15,12,0.0189208605841333,0.0547382694235796,0.1557153386732601,0.0401712270037372,0.1312842185675997,0.1930148347084122,0.081043446988091,0.0923649007060858,0.0282384584500391,0.0512034416751757,0.0401788917033919,0.0099145872968895,0.52214413873579,0.1633655477808989,1.0779270955445848,0.9847094305613776,1.2297186993446672,1.3889126141503167,1.2604178097498873,0.7837620116073093,14.0,4,0,53.0,67.0,14.0,0.8164965809,19.54026284,32.48525689,12.94499405,1.630076431,35.0,7.25,8.75,12.25,14.5,52.5,False
S000506,phase,full,4,527262346,56.0,60,4,8,10,15,12,0.0180203038344895,0.0598923644279718,0.2377593401946321,0.0303283206977369,0.1068947625519475,0.1695075084098301,0.1768602550539856,0.0792888298418334,0.0604983538011799,0.0605813122249579,0.0252289822547163,0.0093673727568065,0.4294801563406711,0.2326240687586429,1.1168102798462314,1.261310736605947,1.431394957260535,1.010136556428009,1.1401366751504094,0.8657643500848984,14.0,4,0,57.0,80.25,23.25,12.03813385,18.97000582,27.54046759,8.570461769,4.305623632,36.75,10.0,12.5,15.25,22.5,57.75,False
S000507,phase,full,4,528262349,56.0,60,4,8,10,15,12,0.0158798727965838,0.0532790606322552,0.1879565547878343,0.0486047985059792,0.1617935078462368,0.1775497420478575,0.1026009285448875,0.0842839712566221,0.0687269549508656,0.049755014051081,0.0160536773245726,0.0016613365846071,0.7285303285377389,0.1865590886831087,1.0158371143620482,1.001871831815132,1.081668909307889,1.0163419334615813,0.9634314895161478,1.023630149494264,14.0,4,0,68.0,69.0,1.0,4.69041576,35.73691207,36.81564042,1.078728343,2.870805892,36.75,7.5,11.5,12.5,16.5,52.5,False
S000508,phase,full,4,529262352,56.0,60,4,8,10,15,12,0.0122624595709017,0.0776619405184603,0.1273810262428693,0.0160773387113354,0.1451523004383052,0.2560716713965236,0.0995334624328596,0.0613377629351839,0.0280708310326897,0.0218756391212171,0.0134156105705441,0.0116853279449207,0.6906343708105424,0.4407533438799286,1.1527815375792048,1.166542975246263,1.463275634854718,0.9907046664036866,0.8675987231820363,0.8796244948467401,14.0,4,0,44.5,57.25,12.75,6.849574196,15.87862683,19.69329414,3.814667309,1.753179521,47.5,8.0,9.0,15.25,26.75,30.5,False
S000509,phase,full,4,530262355,56.0,60,4,8,10,15,12,0.0206314190864526,0.0714868110473484,0.1711776083474883,0.0320587594724738,0.1641992811127595,0.1698530749375459,0.0836433908052614,0.0756315434271178,0.0377297339732013,0.0261187576668745,0.0140590302834975,0.0014662950892761,0.4662576210249153,0.2732688473342835,1.2491708075141907,1.056937063691707,1.1151331703901062,1.2805390311190887,1.3728766018836,0.958230635987917,14.0,4,0,89.75,108.5,18.75,4.787135539,22.66422339,37.67040695,15.00618355,1.793903774,38.25,9.25,27.75,38.75,43.0,65.5,False
S000510,phase,full,4,531262358,56.0,60,4,8,10,15,12,0.0176073972518828,0.0344959601655913,0.2392673915337585,0.054599967448368,0.1457701476492518,0.1833119264626384,0.070447808686607,0.0547121395045135,0.0665016365679085,0.0303978559172442,0.0419475995415553,0.0116172712445229,0.4001360306659537,0.4194697865249851,1.070052621369583,1.1432259862660232,1.1759763358481707,0.8829739665969518,1.1742475541719088,0.7401345060056344,14.0,4,0,47.75,60.25,12.5,7.85281266,11.15829532,13.72139834,2.563103016,2.524126214,32.25,7.75,21.75,31.25,29.0,31.25,False
S000511,phase,full,4,532262361,56.0,60,4,8,10,15,12,0.0202096183581043,0.045027205712363,0.2680405823382056,0.0398865462965455,0.1501608197241969,0.2355241371823387,0.1408578432929864,0.0753644985851981,0.0523265524012224,0.0489339445937897,0.0111628519118499,0.0041229262073272,0.8048534231847038,0.1442694580963647,1.0007496820952135,0.9601133494746537,0.9417645649964768,1.4452093328265203,0.9269438796636106,0.8618791394049273,14.0,4,0,81.0,83.0,2.0,12.24744871,46.46686361,50.77420002,4.307336409,6.632414429,40.0,9.0,10.75,22.0,16.5,66.5,False
S000512,phase,full,4,533262364,56.0,60,4,8,10,15,12,0.0170867542607636,0.043351413588439,0.1501392860452106,0.0422172410750654,0.1841413680299601,0.154196343569254,0.1375412306510349,0.0513984507108912,0.0679594025844409,0.0202292883001984,0.0101244786708882,0.0033703542024855,0.6070205909580997,0.174413001150566,1.142469539548122,1.024232543096046,1.0520116464990383,1.110846145732986,1.0956846778128797,0.9304903938601384,14.0,4,0,54.75,60.5,5.75,8.057087977,18.48683365,21.58682043,3.099986774,2.08125377,34.25,7.5,9.5,16.25,26.75,33.75,False
S000513,phase,full,4,534262367,56.0,60,4,8,10,15,12,0.016829385234089,0.0663934516249326,0.2149498973363178,0.0272595139357173,0.1142383941239659,0.1845938224277079,0.1231239109436044,0.0635866589652768,0.0340446660518179,0.0461448145825352,0.0166753270774713,0.0072062225647871,0.8612027933688894,0.4161964519906801,0.9909448948872898,1.2088512122068518,1.2721908007396676,0.9356328882367932,0.8802630363867552,0.9526650139309636,14.0,4,0,59.0,70.0,11.0,6.055300708,37.08462359,38.09773638,1.013112785,3.52711009,45.75,5.5,12.5,14.5,25.25,44.75,False
S000514,phase,full,4,535262370,56.0,60,4,8,10,15,12,0.0185829191080035,0.0595323966154868,0.1395638187199836,0.0514525472491807,0.1186546335175358,0.2943210938065089,0.0726635987333695,0.0465089859702593,0.0459017466170309,0.0437561311508435,0.0258673798176493,0.0011993627489438,0.5130346464654549,0.270954979246392,1.1696989941663798,1.1423932323370722,1.4388002924320316,1.3348434422267854,1.1976288016681185,0.9918414394869408,14.0,4,0,51.25,63.75,12.5,8.103497187,19.8709075,29.51978199,9.64887449,1.446834089,32.5,7.5,7.5,18.25,11.25,52.5,False
S000515,phase,full,4,536262373,56.0,60,4,8,10,15,12,0.0264591254390877,0.0322406074995101,0.1556151479563575,0.0249816777346648,0.1286451127130169,0.2884324117033327,0.0978062726920139,0.0904937773618878,0.0659842639771897,0.0221644969112381,0.0100501736669242,0.0020272603902613,0.6846506377180539,0.185109905376153,1.0126470571071655,1.051324280392124,1.1326395724405598,1.2331004705855466,1.3312535044125655,0.7406910949503129,14.0,4,0,90.0,106.0,16.0,7.831560083,30.45816632,47.07441411,16.61624779,4.995810647,27.5,17.75,12.5,25.5,50.75,55.25,False
S000516,phase,full,4,537262376,56.0,60,4,8,10,15,12,0.0223136250609396,0.0692132270775883,0.1756582530210602,0.0191007191099192,0.210040310925171,0.1955173490841123,0.0766884270133855,0.1141815308314293,0.0719557573838561,0.0222880063875428,0.0213206898632575,0.0094690881548996,0.3501078572595714,0.3091437806771022,1.0283616657475874,0.9850647722797002,0.9181272119249276,1.377257784034275,1.1388475990738696,1.0351851469172435,14.0,4,0,109.0,109.5,0.5,1.732050808,18.54813314,21.93392723,3.385794086,1.969670183,40.75,14.0,32.5,31.75,51.0,58.5,False
S000517,phase,full,4,538262379,56.0,60,4,8,10,15,12,0.0122820949087462,0.0640460812641021,0.1704453542625043,0.0494899106288474,0.1901458228206197,0.1536377139485511,0.0812253980520076,0.1279519667454077,0.033048730814014,0.0404740202926118,0.0161867457974454,0.0037180117867596,0.3569916685252483,0.3214679667140817,1.2187025708293888,0.9752406998380396,1.0283026697043662,0.9943302126207124,0.8876115115188279,0.9289157745856672,14.0,4,0,98.75,102.25,3.5,20.88859338,22.0021988,20.26165216,-1.740546637,5.006425582,38.5,6.0,19.0,21.75,42.25,60.0,True
S000518,phase,full,4,539262382,56.0,60,4,8,10,15,12,0.0333110360411425,0.0820434381166401,0.1640627916841257,0.024779392127036,0.1120231449244495,0.1492372402554923,0.1102183061975768,0.0603443489902458,0.0211696122824338,0.0580856765393432,0.0165786273349237,0.0080633959364772,0.8219599590897806,0.449177194420772,1.2693873992186566,1.2377458660464826,1.451839795706159,0.9723613704096568,1.343153967288223,0.9175488382584778,14.0,4,0,70.75,111.5,40.75,6.020797289,37.06405106,71.40161566,34.3375646,10.88360042,33.5,14.25,23.25,37.0,42.75,68.75,False
S000519,phase,full,4,540262385,56.0,60,4,8,10,15,12,0.0244477651292606,0.0687930587718421,0.2744758557281475,0.0553713437381882,0.1202998801444837,0.1773336032155884,0.0849371394214805,0.0928277553239525,0.0215324635566746,0.0482321344870116,0.0202775073433684,0.0031726023884882,0.3741143072635242,0.2223692765809161,1.116633045376925,1.0523597961560551,1.282753623339201,1.2659209408871284,1.22922077968273,0.7418677010400413,14.0,4,0,103.0,118.5,15.5,7.047458171,23.77371419,36.16244068,12.38872649,4.038401363,30.25,6.0,15.75,19.75,35.0,83.5,False
S000520,phase,full,4,541262388,56.0,60,4,8,10,15,12,0.0260458400041683,0.0635396940638072,0.1406129142335817,0.0266933119275992,0.1252019257636593,0.1932938926659848,0.1170381796375345,0.0567025912071872,0.0200070215257242,0.0208829046634886,0.0084976049247461,0.0010694049274608,0.4246628483683041,0.1956415752898156,0.9907618998230616,1.2122905015683405,1.2278730118120422,0.852993259579197,0.9304283561849134,0.7610045177984617,14.0,4,0,75.75,89.0,13.25,9.604686356,17.70333997,17.127702,-0.5756379669,1.147633562,39.5,10.5,18.5,31.5,47.0,42.0,True
S000521,phase,full,4,542262391,56.0,60,4,8,10,15,12,0.0281482660344593,0.0685777685847364,0.1294241022335632,0.0482368078331937,0.1744017842843377,0.2043267712951011,0.1749896451159206,0.0502885318566807,0.037802053907594,0.0629466485088103,0.0422286645969267,0.0098273965964947,0.6533527169036495,0.238737621347237,1.2943347943553098,1.1387173146231002,1.2864023876207198,1.4218270308279242,1.3570236334154089,0.930110187783416,14.0,4,0,33.5,44.5,11.0,7.615773106,16.46721047,26.88227538,10.41506491,4.908188158,25.5,9.75,7.75,18.5,10.5,34.0,False
S000522,phase,full,4,543262394,56.0,60,4,8,10,15,12,0.0304680849939997,0.0473288792071398,0.289904717484727,0.0277466871264513,0.1887276964824571,0.2170625158017843,0.0718847328582575,0.0953898943658722,0.0257370231488223,0.0392168263052684,0.0361457480561976,0.0075454254500169,0.7371086047042592,0.2577203338945202,1.1135823442003825,0.956983051764979,1.1845489173353827,0.8871212102655534,1.3063417055709972,0.9328729130717532,14.0,4,0,200.25,210.25,10.0,35.08085898,74.36095602,93.73528662,19.3743306,8.248672125,24.5,12.5,39.5,80.75,108.25,102.0,False
S000523,phase,full,4,544262397,56.0,60,4,8,10,15,12,0.0272448691419499,0.0320952518718618,0.1474810546716551,0.0366632063811587,0.1123649559426779,0.2523734038114842,0.1645431128255423,0.061798223226507,0.0324411756639847,0.0447839762536762,0.0135831516039153,0.0055074860152577,0.7876921428474566,0.3486615806622948,1.3079714108826568,0.9534507340230292,1.447536168132409,0.905372543458432,1.370103062683686,0.9325306960084918,14.0,4,0,58.5,68.25,9.75,3.862210075,31.63548032,46.27782444,14.64234412,4.659608827,18.5,13.75,6.75,14.25,22.0,46.25,False
S000524,phase,full,4,545262400,56.0,60,4,8,10,15,12,0.031901311946433,0.0652924764165585,0.133277996968457,0.0280406788381163,0.1189486306320213,0.1811538844453277,0.1689661508568301,0.0851943277877289,0.0289738147494625,0.0213967030966505,0.0372844528087125,0.0025640883528637,0.4258748132748278,0.1907877253475809,1.211329867782505,0.9789770055188396,1.381105920315242,1.0586844405034257,0.9185382233931216,0.9875774402775426,14.0,4,0,50.5,57.0,6.5,2.886751346,13.20064044,14.93639953,1.735759082,1.220789969,27.5,14.5,8.75,11.0,20.0,37.0,False
S000525,phase,full,4,546262403,56.0,60,4,8,10,15,12,0.029660591723621,0.0450969460408252,0.1350077921498583,0.0158359707853123,0.1990922045544694,0.196516029971635,0.0869409479221027,0.0902813152733804,0.0241678797558416,0.055060621286785,0.0363242220599569,0.0109145830394119,0.4629741646767784,0.2722538681218891,1.2041127096070643,1.0783915077637842,1.293765250489485,0.9157060562658444,1.1867828446520532,1.0484060847531862,14.0,4,0,108.0,153.75,45.75,35.82713125,31.95991112,45.15588815,13.19597703,5.491121865,32.0,19.25,51.0,60.5,67.75,86.0,False
S000526,phase,full,4,547262406,56.0,60,4,8,10,15,12,0.0194808070971802,0.0657189718483883,0.1581794425047054,0.0277821553573777,0.2073707756560688,0.1502229303046216,0.0963160831552303,0.0791592170373157,0.0360630616050129,0.0365515806296682,0.0088663959378454,0.0088489891696985,0.5938117450357271,0.1616212181305109,1.1200535747997902,1.0125840996663171,1.224723824625025,0.9480780369223883,1.083771491121412,0.9082286770822364,14.0,4,0,106.75,125.25,18.5,25.52776266,31.17680764,34.4082896,3.231481969,5.808597547,37.5,9.5,38.0,43.25,70.75,54.5,False
S000527,phase,full,4,548262409,56.0,60,4,8,10,15,12,0.0253874904588909,0.0330215419649002,0.2515381964617557,0.057663960971386,0.133536931840551,0.164850091824872,0.1007537122291352,0.0679384329243184,0.0436215139324383,0.0594604254785953,0.012823769548616,0.0030623828708305,0.671467312397187,0.439275302733033,0.9953150819849048,1.1504421319825815,0.9369410474027484,1.019640340731739,1.0230790204054474,0.7827455727766441,14.0,4,0,91.5,128.0,36.5,17.71063711,42.79637033,58.88752491,16.09115458,6.490114416,22.0,6.5,22.0,41.75,41.0,87.0,False
S000528,phase,full,4,549262412,56.0,60,4,8,10,15,12,0.0272712250005341,0.0395855058232114,0.2365806426310352,0.0292487185571975,0.1410543948734232,0.2228784504673359,0.0792670290486216,0.0552143726487674,0.0361804574516746,0.0762930210043795,0.0216789676872055,0.0032349218665499,0.4399795338848896,0.1330279349827741,0.979580751179738,1.0613471777554335,1.075117192712775,1.0660413264719664,1.2431358904185514,0.8271738162036449,14.0,4,0,100.75,116.75,16.0,12.19289411,33.65629214,45.41445226,11.75816012,4.79284897,29.0,13.5,22.0,51.25,29.75,87.0,False
S000529,phase,full,4,550262415,56.0,60,4,8,10,15,12,0.0192920478490234,0.0469803175376804,0.1620698293237474,0.0574872798062802,0.1076133246102239,0.2438317720326418,0.1182638906561815,0.059534729463967,0.0421870368050145,0.0316756752996901,0.0160762092458496,0.0045051534873691,0.5055308289722421,0.406873251418781,1.285082503187206,1.2997303790996293,1.4616284626132827,1.102017982937885,1.2199593976746768,0.7354732506582,14.0,4,0,55.0,78.0,23.0,8.164965809,18.11426318,26.05484561,7.940582429,0.7982297712,29.5,6.75,8.5,15.5,31.5,46.5,False
S000530,phase,full,4,551262418,56.0,60,4,8,10,15,12,0.0276436322923696,0.0725544146347091,0.1239739160966761,0.0359903790861432,0.166714544027746,0.2064996588164183,0.0805194606323202,0.121184174974321,0.053107650971677,0.0565386017844824,0.0444574902784014,0.0014806582621488,0.4318501939429608,0.3871100782890214,1.0758994188485589,0.9951378664547148,1.0852911045352582,1.1007156666481102,1.010764836768484,0.8752070399186485,14.0,4,0,62.5,71.0,8.5,8.736894948,21.40920835,24.95378977,3.544581425,2.143442016,32.5,11.25,12.75,16.75,13.5,57.5,False
S000531,phase,full,4,552262421,56.0,60,4,8,10,15,12,0.0159561482574165,0.0370876352179449,0.2151123964477183,0.0353118272916302,0.1095796035045227,0.1487759260088055,0.08882563838115,0.0988750405963315,0.077761671469972,0.0253455988168968,0.0188281480366052,0.0020575282697875,0.4244012729136023,0.2946437772210291,0.983761146205876,1.1985748142420984,1.1344725673543226,1.1178318224754908,1.1516707629495198,0.92980837909034,14.0,4,0,65.25,91.0,25.75,24.43187808,17.19277128,23.76660705,6.573835767,3.025198259,35.75,9.75,20.5,19.75,40.5,50.5,False
S000532,phase,full,4,553262424,56.0,60,4,8,10,15,12,0.0235037267602469,0.0708952879218476,0.1956482348895363,0.0154967532729018,0.1825034643886925,0.2016794284901711,0.1500466863952825,0.0702766311986349,0.0505586446093381,0.0206731361009151,0.0089776103196372,0.0027820883251944,0.6695276383069593,0.2906069025307486,0.9928010860275888,1.0672375335882158,1.1615130321595533,1.19564027737305,1.028896976237866,0.7998168432767953,14.0,4,0,88.75,116.25,27.5,8.346656017,30.15269689,42.53943507,12.38673818,3.000722183,45.25,10.0,15.0,28.25,52.0,64.25,False
S000533,phase,full,4,554262427,56.0,60,4,8,10,15,12,0.0297440020096631,0.0830955436432485,0.2243450268432348,0.053525354397826,0.1913660633608187,0.2535238857748541,0.118164308742226,0.0559861192871898,0.0704052380562858,0.0499216064003253,0.0147442702080888,0.0046336559161788,0.7287771896307003,0.3848001491889468,0.9689887966272543,1.1757169853794638,1.103847367968432,1.2103927586942926,1.2946449455447693,0.9890116215927094,14.0,4,0,75.25,93.5,18.25,3.304037934,34.84412616,54.50594355,19.6618174,4.60774347,29.75,7.75,16.75,27.75,31.25,62.25,False
S000534,phase,full,4,555262430,56.0,60,4,8,10,15,12,0.026585094531346,0.0325523678518512,0.2172643338297854,0.0268553411229784,0.2144316309359353,0.2528387684885998,0.0752100905384774,0.0765146307768948,0.0283057936740004,0.0209598465254137,0.0116608463857828,0.0027979643401963,0.7166123975585927,0.1492706612549448,1.2542091039275187,0.9907653331535208,0.9020985563434568,1.0393739626159595,0.9408909044930028,0.7242806747712883,14.0,4,0,193.5,211.25,17.75,21.92981228,55.35770177,54.25364047,-1.104061298,3.850085066,26.5,14.5,31.75,80.0,132.25,79.0,True
S000535,phase,full,4,556262433,56.0,60,4,8,10,15,12,0.0121397002440608,0.053063656802357,0.18454664454813,0.0349745374274019,0.1224959145045835,0.2247807835504738,0.176293683086946,0.0600846246482526,0.0452740934960634,0.0575999844156284,0.0359954718841219,0.0057898327276585,0.4332977769631441,0.357056475451709,1.1310664067441567,1.0841547944316932,1.033285388651179,0.8758429130423273,1.3843525373765109,1.0026668921876238,14.0,4,0,37.25,35.0,-2.25,4.272001873,13.95283899,15.06081518,1.107976195,1.965031655,42.75,6.25,4.0,8.75,5.75,29.25,False
S000536,phase,full,4,557262436,56.0,60,4,8,10,15,12,0.0147168986406808,0.0639067829901082,0.2623384028836092,0.0296585064119414,0.1756761611399944,0.1631204623595477,0.1164791725114466,0.0661723480678812,0.0374513812972348,0.0370406819414321,0.027467788625707,0.0018034936828442,0.688636870823593,0.1377109683732902,1.2845177865173072,1.0024648658776218,1.0082411765425066,1.289398413481647,0.964699715632213,0.7310781334057006,14.0,4,0,85.5,105.0,19.5,11.73314394,38.16897421,47.02731309,8.858338884,8.669461707,44.25,6.25,23.25,39.0,35.5,69.5,False
S000537,phase,full,4,558262439,56.0,60,4,8,10,15,12,0.0323296638327556,0.0423197831107519,0.1766469787977738,0.0165313956498885,0.2006016050980459,0.1639722990307556,0.1586401291944382,0.1284503335925012,0.0559317841262139,0.0781380012424386,0.0189557376943497,0.007863312215573,0.3559184378330162,0.4427261364452567,1.2058034948326233,1.180326697769601,1.3105564970487915,0.9698133916303112,1.3617373946618971,0.7325266639365426,14.0,4,0,98.25,186.5,88.25,37.48221801,23.77732351,60.7607932,36.98346968,10.4303869,28.5,21.0,52.75,35.75,57.5,129.0,False
S000538,phase,full,4,559262442,56.0,60,4,8,10,15,12,0.0127456543340164,0.0470260900985603,0.2293368285051717,0.0250623796520921,0.1318021218365223,0.2718172703760073,0.1282222175806507,0.125510920305808,0.0480949463729789,0.0761257796183127,0.0164988326427537,0.0070783728840534,0.6587489240852424,0.1656182636232924,1.2339201550417145,1.001265225849161,1.1167684788587102,1.0856166488247088,1.009897354202284,0.7407802109465162,14.0,4,0,71.25,80.25,9.0,14.30617582,37.79618598,42.17455067,4.378364688,8.81388075,41.5,10.75,10.75,9.25,15.25,65.0,False
S000539,phase,full,4,560262445,56.0,60,4,8,10,15,12,0.0137637998054278,0.0336023707145912,0.1459069893163747,0.015797589821385,0.1190060681892428,0.179293164677555,0.1539465021459939,0.0861619932649842,0.0245241603467779,0.0215136634235043,0.0158619396853672,0.0015927100894306,0.6197431117096497,0.223997841251967,0.9545718829392308,1.2918022188323637,1.2734342603127136,1.381712856038536,1.3502558745551103,0.7483842912692635,14.0,4,0,60.25,80.25,20.0,13.92838828,21.46377374,34.84832197,13.38454823,6.769264329,43.25,13.25,11.0,16.25,32.75,47.5,False
S000540,phase,full,4,561262448,56.0,60,4,8,10,15,12,0.0206823569345793,0.0590128113918235,0.1744093951829214,0.0352922719011085,0.1038617248453162,0.2427518009581968,0.0875949376561986,0.0551800431021649,0.0694114418953035,0.0571417048627177,0.0135179708979228,0.0042463767072717,0.4079287311281714,0.2469642934888118,1.1618247988738306,1.0750221660152677,1.3378215580315127,1.0319159454720543,1.2629616518961266,0.8396967442072738,14.0,4,0,53.75,68.0,14.25,7.5,17.94690668,24.19162554,6.244718862,0.7627910386,33.25,12.75,12.75,19.75,16.5,51.5,False
S000541,phase,full,4,562262451,56.0,60,4,8,10,15,12,0.0172731129185123,0.0445007802642864,0.26882604353314,0.0312351808569365,0.1038508215323235,0.167167792147594,0.1551679469017469,0.0462870360563378,0.0265509379907881,0.0828603527646697,0.0337993637822295,0.0010516942283148,0.7404926840338218,0.192682057006959,1.0991957262916847,1.145008611121973,1.0702237465086986,1.0525852007028498,1.033598919714491,0.7979734649958751,14.0,4,0,69.0,83.25,14.25,10.04572878,44.25824931,54.25512338,9.996874068,6.607697534,37.5,7.5,13.75,35.25,11.25,72.0,False
S000542,phase,full,4,563262454,56.0,60,4,8,10,15,12,0.0236795534718828,0.0831510169399576,0.2601956813897301,0.0264957306728593,0.1281868497260701,0.2784929442384077,0.097116241376822,0.0690090235718881,0.0231295012202216,0.0772914798919089,0.0131028322708421,0.0014321058380299,0.6171896407432149,0.1713157581402066,1.286035831959558,1.0132397809728113,0.9865695876316568,0.9400948411176197,1.169565420588948,0.8524002258359641,14.0,4,0,114.25,119.5,5.25,9.322910847,56.54214481,67.26733425,10.72518944,6.902501491,36.0,8.25,11.25,30.75,23.25,96.25,False
S000543,phase,full,4,564262457,56.0,60,4,8,10,15,12,0.0163827773764186,0.0523542280246714,0.2218539751481003,0.053046693790322,0.129043597974705,0.1461403748723245,0.1530564086523426,0.067910886730849,0.0444815942776964,0.0709024829297375,0.0304406430735854,0.0092423588741813,0.5286041889236287,0.2696861429925147,0.9829610055617392,1.0736420303144885,1.0383869857640626,1.051215053705108,1.1249970937093716,0.9885998389481004,14.0,4,0,44.0,48.5,4.5,10.72380529,18.78693061,23.48316667,4.696236065,4.204973094,36.0,5.5,7.25,15.75,6.5,42.0,False
S000544,phase,full,4,565262460,56.0,60,4,8,10,15,12,0.0261596648845201,0.0314037940693254,0.1559179190811822,0.0165099627947105,0.1706688748081036,0.1697943922561209,0.077208363666123,0.048405316056907,0.0216232185014922,0.073763764240838,0.0447380520498714,0.0018871306039567,0.6626083432116114,0.1873772553912072,1.1333967277246255,1.1161527969242937,1.2003933250773815,0.955352702130438,1.0666683066832956,0.7273180636077928,14.0,4,0,102.0,157.5,55.5,25.83924664,48.72780642,74.37381608,25.64600967,10.34309302,27.75,17.75,54.25,114.75,51.25,106.25,False
S000545,phase,full,4,566262463,56.0,60,4,8,10,15,12,0.0190774493556646,0.0367421841157791,0.3033821942521139,0.0237218103100855,0.1152355655015358,0.2451106225411063,0.0667435391534753,0.0611870048693074,0.0804414863983366,0.0748701915172154,0.0206949836691273,0.0081207404726671,0.6710585719607234,0.2095662891548536,1.245724654946052,1.2570126669747246,1.166470028952773,1.2832474833665957,1.004011036362666,0.9805103538816764,14.0,4,0,73.75,128.5,54.75,25.88918693,36.44876071,61.64602633,25.19726562,9.842908069,31.75,15.25,32.75,61.0,36.25,92.25,False
S000546,phase,full,4,567262466,56.0,60,4,8,10,15,12,0.028017719449271,0.0442490852471872,0.1284684547822938,0.0417002133519489,0.1239729095640031,0.2454030084386075,0.1430112742988526,0.0584826476091931,0.0712122362425482,0.0278301218744914,0.0215596488560615,0.0044984010278343,0.8006749359881783,0.3709092032281343,1.2088367644386244,0.9638512733190676,1.0970947940763136,0.957246630831888,1.12425857028863,0.7911510403211013,14.0,4,0,31.25,39.75,8.5,8.582928793,15.63384031,18.54316848,2.909328174,3.13837301,23.0,10.25,8.5,10.5,17.5,22.25,False
S000547,phase,full,4,568262469,56.0,60,4,8,10,15,12,0.0250100826162732,0.0456823080977773,0.194033413699925,0.0182850113688956,0.1088228835501746,0.2964373692253093,0.0793550922717058,0.0648829589119221,0.0609228492451497,0.0821555890511999,0.0099361442664905,0.0011449335833404,0.7924310310440362,0.1114593331033989,0.979617406937972,1.116966193476186,1.077475501877734,1.2450317103836104,1.0973799538624969,1.0453892444919255,14.0,4,0,93.0,114.5,21.5,6.608075867,59.09727518,78.67138628,19.5741111,8.30196105,36.5,14.25,9.25,29.75,21.25,93.25,False
S000548,phase,full,4,569262472,56.0,60,4,8,10,15,12,0.0172964860315271,0.0379477249026011,0.1567656551104503,0.0547119982253086,0.1717428173031811,0.2975904165218634,0.090322630697905,0.108185264913403,0.047409720601021,0.0739225248930017,0.0083937878796004,0.0056367916957745,0.6466045340838651,0.2454232684287362,1.1670179271982248,1.238617990150496,1.276049753338769,1.0908813968825692,1.198739985832517,0.950065396650186,14.0,4,0,69.25,100.5,31.25,13.20037878,33.19303226,53.72843815,20.53540588,5.185425484,32.0,8.0,10.5,19.5,25.5,75.0,False
S000549,phase,full,4,570262475,56.0,60,4,8,10,15,12,0.0125579690760912,0.0329033692772676,0.1708258731460505,0.0414871663311661,0.1861490844741742,0.1870159501698762,0.1568734132896576,0.1175245657366274,0.0547879805133033,0.0422399166964151,0.010028397912118,0.0028081426281795,0.8162551117494816,0.3064156575407428,1.264857466546518,1.2786393927713842,0.9720454336007412,1.3405502382773526,0.9379960435663844,0.757685028943321,14.0,4,0,79.0,112.25,33.25,18.55397532,46.7845804,63.87740207,17.09282166,10.46587233,32.25,11.75,21.75,20.5,30.75,81.5,False
S000550,phase,full,4,571262478,56.0,60,4,8,10,15,12,0.0317007923300072,0.0333580355155672,0.1950289577030358,0.0170848631682896,0.1535002134129104,0.1520113401225371,0.0655138031491966,0.0844783247302212,0.0262118617471235,0.0429749533671577,0.0123239948907365,0.0069278649127119,0.5873546621111327,0.2483472686966773,1.056206841186696,1.2176137366847544,1.1027228625437837,1.0635940619045443,1.2205519509013858,0.8860118002723619,14.0,4,0,210.5,350.0,139.5,53.9660387,68.37531187,123.1210584,54.74574649,9.873176699,28.75,18.5,121.0,144.0,173.75,176.25,False
S000551,phase,full,4,572262481,56.0,60,4,8,10,15,12,0.0267002819501213,0.0829869206840938,0.1301380324013172,0.0216767937087298,0.1224151673509735,0.237269738819667,0.1141163714309895,0.10472420118543,0.0849327180235924,0.0666395391671108,0.0315628999018994,0.0027127546130683,0.4059032023444432,0.3623439474725906,1.2853209669279144,0.9894088082253928,1.091764705121658,1.3410559952659291,1.0451931789805062,0.7226136840441024,14.0,4,0,50.75,58.0,7.25,12.84198842,17.55971091,19.51793917,1.958228267,3.339786545,34.75,14.25,8.75,8.0,10.25,47.75,False
S000552,phase,full,4,573262484,56.0,60,4,8,10,15,12,0.0140800704809813,0.0723567436468575,0.1887006699588374,0.0539999093262747,0.1231735382511306,0.1530592850983973,0.1136593253053544,0.065173888618413,0.0315131577337259,0.0276974104510701,0.0317797499427291,0.008186290611845,0.8599594129149654,0.3088910239798763,0.9540145088451962,1.175022480928423,0.944292517364271,1.2069961002364675,1.2462527765424525,0.7429680407847048,14.0,4,0,34.0,38.0,4.0,5.354126135,18.11510046,23.93525115,5.820150682,3.040720907,43.25,5.0,9.5,12.5,13.0,25.0,False
S000553,phase,full,4,574262487,56.0,60,4,8,10,15,12,0.0194291539076924,0.0412258125708134,0.1891754592255421,0.0290831395865671,0.200840775757123,0.2048196413470212,0.0608687637083777,0.1020922558443292,0.0565982373333799,0.0509494933293938,0.0199558087594035,0.0027400343463499,0.8732358201578919,0.1569741448440461,1.0952063878445968,1.2588754488613028,1.0345278989954891,0.8853575221283289,1.2996139434019849,0.7745164773087524,14.0,4,0,147.0,310.25,163.25,43.98010914,87.37580611,177.2042932,89.82848705,18.37864273,31.25,12.5,108.75,119.0,147.5,162.75,False
S000554,phase,full,4,575262490,56.0,60,4,8,10,15,12,0.0225534431570338,0.0737480381872163,0.1972621273712608,0.0491813712019834,0.2119350580854869,0.2429149789895715,0.1649714486463074,0.089427436400026,0.0290012396714669,0.0342285507443621,0.0320185168207159,0.0018557268141789,0.4056701340533905,0.2542043647874049,1.301589605583384,1.0401068424475537,0.9288775944258264,1.001360547635238,1.0915698947034982,0.9183458953580652,14.0,4,0,73.0,80.75,7.75,5.909032634,20.22601092,22.49679182,2.270780895,1.574898414,32.75,6.0,7.75,20.5,29.0,51.75,False
S000555,phase,full,4,576262493,56.0,60,4,8,10,15,12,0.0149521164503784,0.0474908753219176,0.2400154610930958,0.0471344822911518,0.1783813073228848,0.1730020095764279,0.0802959075525747,0.1192068614299554,0.0367161503052606,0.0282698673365075,0.0157978900977393,0.0082692209310228,0.5599822780577988,0.4059445708420833,1.076902892384693,1.025271924202131,1.3028033858312065,1.059352025029053,1.2514677843623772,0.9553861142112492,14.0,4,0,106.75,118.0,11.25,17.74589154,29.65953695,42.63205266,12.97251572,7.94783136,39.5,5.5,19.25,20.75,53.5,64.5,False
S000556,phase,full,4,577262496,56.0,60,4,8,10,15,12,0.0206926215790286,0.0682260825119526,0.1785064711391214,0.0558655431105748,0.2047726489083542,0.162381692985827,0.0729426383116961,0.0591248426373213,0.0319166394069736,0.0720438868236758,0.0155347509554113,0.0053966382804794,0.5752530385126666,0.3984257236813874,1.0726738030572789,1.0193302314547994,1.2012227435009333,1.3453683167109176,0.9852540159678128,0.9017718138680432,14.0,4,0,109.5,131.75,22.25,4.11298756,47.71338714,59.35787147,11.64448433,2.774471708,35.5,5.5,29.75,46.25,30.75,101.0,False
S000557,phase,full,4,578262499,56.0,60,4,8,10,15,12,0.0130644735788382,0.0356022534388915,0.1771925654788839,0.0238181985573701,0.1833847469010651,0.1807412034710777,0.0766440465275148,0.1125633876893543,0.0316866669513956,0.0323349645374142,0.0235511286578131,0.0013515259513032,0.8489629830117784,0.1780086276365899,1.2583065241229991,1.0039482913664042,0.96168560870655,1.2679789863352209,1.250500488247248,0.926427356538374,14.0,4,0,109.25,131.75,22.5,21.31509637,55.12882522,84.23755081,29.10872559,11.95412342,39.5,11.25,20.75,30.0,49.25,82.5,False
S000558,phase,full,4,579262502,56.0,60,4,8,10,15,12,0.0274343171292561,0.0393379596309255,0.172672167737983,0.0591382440099004,0.1257412221633667,0.1541260923481931,0.0707205856864823,0.1136557151569926,0.0229887819385435,0.0340496082142984,0.021045656075987,0.0026082523084037,0.4597889376750472,0.4150307753932039,0.9658216405198364,0.994719527262387,1.404802358710434,1.1964267964757953,0.8917479405335548,0.7493333774411779,14.0,4,0,90.25,109.75,19.5,12.87115638,27.6146312,30.94023763,3.325606431,2.365715778,23.75,7.25,11.5,14.75,40.5,69.25,False
S000559,phase,full,4,580262505,56.0,60,4,8,10,15,12,0.0344205877715027,0.034186807103057,0.2847566139747893,0.0335729648475872,0.1459340464584775,0.154466697812777,0.1518006497269896,0.0571171608378939,0.0277057676515618,0.0453871864825041,0.0149326836191964,0.0025959823147235,0.8026837697889448,0.4265010713282865,1.0802276549184269,1.0379582010851682,1.2748704069304693,1.258754993126672,0.9420271001574744,0.9616514333437176,14.0,4,0,111.25,134.0,22.75,8.057087977,55.69006058,71.96196798,16.27190739,5.086199663,20.25,12.5,32.0,46.25,39.5,94.5,False
S000560,phase,full,4,581262508,56.0,60,4,8,10,15,12,0.0123955191155005,0.0767238214605572,0.2593481948347677,0.0185593735404929,0.1327667144649638,0.2546653075122166,0.0666712464789172,0.1241892417167945,0.0521591927342536,0.0430983594470063,0.0119688941473225,0.0014232368748994,0.7443112085211465,0.2003459308440472,1.2208393601077248,1.2129648197268612,1.37180018393578,1.353275863631484,1.0426282626871304,1.0055815940833284,14.0,4,0,89.75,122.75,33.0,13.58921141,46.25398498,65.85243544,19.59845046,5.912609868,50.5,7.75,16.5,18.75,36.25,86.5,False
S000561,phase,full,4,582262511,56.0,60,4,8,10,15,12,0.0313226330170189,0.0365972768422295,0.2572931746223279,0.0265728126609888,0.127238961863268,0.1484685301490023,0.1352064910366567,0.0573088585204768,0.0238813613328965,0.0396993547060258,0.0105318988164825,0.0093448573702823,0.6799919052349862,0.1094086045624419,1.0274517807851573,1.1621428324761698,1.331198772334817,1.3190378470367767,0.9471946112933872,0.9785728896991176,14.0,4,0,119.0,166.75,47.75,23.79600807,44.10275752,65.89712275,21.79436523,8.969491077,24.25,17.5,37.75,57.5,65.0,101.75,False
S000562,phase,full,4,583262514,56.0,60,4,8,10,15,12,0.0239739682870581,0.0432332578645023,0.1356873218002758,0.0157813246994177,0.2159322161171455,0.1636246821460587,0.1197476876309701,0.1237514740758198,0.0435019367272407,0.0243215938928157,0.0269729074152134,0.0020468200526711,0.8088757391535342,0.3384935132131127,1.3321979351902238,0.977556775473913,0.9316738488090516,1.3134862760495474,1.3659484056429032,0.9052997022196484,14.0,4,0,116.0,120.25,4.25,14.99722196,50.00334379,68.44188578,18.43854199,12.21839127,31.25,18.0,36.25,37.0,54.5,65.75,False
S000563,phase,full,4,584262517,56.0,60,4,8,10,15,12,0.0310482563359807,0.0512174042681851,0.1566798480269074,0.0570258605534422,0.1171220453698098,0.1417969886968457,0.1283145790605262,0.1151275232627246,0.0550936281430055,0.0293809343591613,0.0141310869810303,0.0089720070280034,0.6118803141060766,0.143749972380575,1.060884398035988,0.9833702873715644,1.117615129487747,0.9006992197013703,1.3452808096964015,0.9973941267256298,14.0,4,0,62.75,58.25,-4.5,8.020806277,22.88874105,24.67689854,1.788157484,2.037627839,20.25,5.5,9.0,7.75,25.25,33.0,False
S000564,phase,full,4,585262520,56.0,60,4,8,10,15,12,0.0120339328424726,0.0429326602292681,0.2052740683491469,0.0159531736735465,0.1168164173018934,0.1864898469671158,0.0639909717716264,0.1055203955422152,0.0373949655352402,0.0449521177065438,0.0244143233008274,0.009497983901032,0.6424891342657184,0.3096454942657712,1.043400777631665,1.212473114348391,1.3291857622177337,0.995275700047223,1.1542931899877122,0.7545454666562509,14.0,4,0,70.5,113.25,42.75,5.909032634,29.62597905,48.58004089,18.95406183,2.914965777,47.0,8.75,19.25,24.5,44.75,68.5,False
S000565,phase,full,4,586262523,56.0,60,4,8,10,15,12,0.0257512585941634,0.0436626356510746,0.1392427857710534,0.0260975206601687,0.1961650864999198,0.2903867232187556,0.1607675626434012,0.1165543650238101,0.031492380950478,0.0246030708498937,0.0426780838154392,0.0035639984252601,0.5134317978491207,0.3049683830970995,1.038921821689952,1.0978093143425969,1.2965056990168389,1.34604086668223,1.1287221734037045,0.7774158803044354,14.0,4,0,70.5,103.75,33.25,14.40775254,20.4146722,33.90291575,13.48824355,4.230595311,33.0,12.0,9.25,14.5,42.5,61.25,False
S000566,phase,full,4,587262526,56.0,60,4,8,10,15,12,0.0304379919794552,0.0334175533980403,0.1864437203684847,0.0327941339700849,0.2157617417135935,0.2295991040181089,0.1079971913887987,0.1104503474847892,0.0207166866041769,0.0372281515736688,0.0198937224762572,0.0010777926742991,0.8979885990901036,0.3545873299851646,0.9935780240658166,1.2189053907130918,0.9816551686806329,1.1116455980371758,1.290674827898519,0.758573783916445,14.0,4,0,178.25,275.0,96.75,36.28015987,91.06907875,172.1538483,81.08476959,31.1002867,25.5,11.5,33.0,74.5,118.5,156.5,False
S000567,phase,full,4,588262529,56.0,60,4,8,10,15,12,0.0140944676989403,0.0317462230416975,0.1888088015634914,0.0169704729156506,0.1482142888960999,0.1790100948867612,0.1517427294779349,0.0472082218137977,0.0467997227559133,0.0427779182392903,0.0203851131472646,0.0011926059169398,0.3895172428259183,0.3581049548654362,1.118727581753387,1.2205073710850682,1.4169117305861991,1.390386423546206,0.8619315116277659,0.9411443824478553,14.0,4,0,55.75,84.25,28.5,15.96871942,17.64365165,22.82031637,5.17666472,3.59685239,41.5,12.0,17.0,31.5,21.25,63.0,False
S000568,phase,full,4,589262532,56.0,60,4,8,10,15,12,0.0216429104506178,0.0455561973505285,0.203321529115573,0.039852506829853,0.1176862412493609,0.2090627161455637,0.0602107711886118,0.0854253504622308,0.0338137996572135,0.0331493209736577,0.0095384495618618,0.0073797653922946,0.3625617157142032,0.3077517257221216,1.0536829497539335,1.069219685395521,1.121713258807382,1.2487744775156937,1.130260670451653,0.7548152253825882,14.0,4,0,99.0,121.25,22.25,4.34932945,19.5530077,27.471222,7.918214298,1.40095916,32.0,8.75,17.25,28.75,48.75,72.5,False
S000569,phase,full,4,590262535,56.0,60,4,8,10,15,12,0.0229041418660248,0.0342891290384863,0.1489538909542868,0.0359189448096354,0.107526719273888,0.2239989082240169,0.0762731674411131,0.1225749735436497,0.047946962127084,0.0284880315555794,0.0183017443929971,0.0016360295678174,0.3607418044180508,0.1687453417660841,1.0257445839481485,1.2146094871678756,1.0033645729091325,1.30358878322925,1.2210545021216983,0.7253462957964166,14.0,4,0,79.0,114.5,35.5,16.8424068,15.11171761,27.10496021,11.99324261,6.032909706,28.25,10.5,12.0,18.5,49.5,65.0,False
S000570,phase,full,4,591262538,56.0,60,4,8,10,15,12,0.0178302403190172,0.0529396129716126,0.2498538320450694,0.0188758250312797,0.1119477747522715,0.1513818778379159,0.1191215065886891,0.116198863675284,0.0446523629479756,0.0452265695724056,0.0404129745781883,0.0036756217634737,0.5327914122453681,0.4138989097501218,1.18281076188449,1.093590461420302,1.0185972943227204,1.2100285813850342,0.9225411437943024,0.9889784194114076,14.0,4,0,74.25,82.0,7.75,6.184658438,28.29731196,29.93039185,1.633079886,2.681918052,41.0,11.0,26.25,18.5,24.5,57.5,False
S000571,phase,full,4,592262541,56.0,60,4,8,10,15,12,0.0252460249943472,0.0425723691553443,0.1901535467960639,0.053395288795242,0.1266351430127772,0.2469136224573914,0.1010017448861007,0.0569719500414381,0.0762915626731274,0.0287971055229388,0.0290418098941282,0.0029696841183464,0.8849175749784262,0.323468569528481,0.980324938261306,0.9550175071643774,1.150186502201226,0.983355632370226,1.382887511176364,0.7955315754215335,14.0,4,0,45.25,50.5,5.25,0.5,24.906384,32.48590423,7.579520229,3.598319695,26.5,7.0,6.0,10.75,20.25,30.25,False
S000572,phase,full,4,593262544,56.0,60,4,8,10,15,12,0.0262588210622737,0.0376897413199126,0.1627738588596161,0.0198401821964911,0.2095010049536781,0.2951032894338578,0.1092824938631963,0.1158070232267247,0.0273546579870037,0.0330437161155116,0.0138139883779929,0.0026189881148989,0.3630028876590275,0.4084678341481665,1.1241359586884507,0.9866105488444304,1.0488472128576254,0.8749028227488852,0.9345941586988206,0.8639351992096252,14.0,4,0,146.5,159.25,12.75,8.732124598,30.6527318,28.28027802,-2.372453777,2.558602359,29.25,13.75,12.0,30.0,78.0,81.25,True
S000573,phase,full,4,594262547,56.0,60,4,8,10,15,12,0.0264793248020195,0.0691894676795768,0.1907777491376205,0.0369302950754008,0.212127372398654,0.1686994927330969,0.0699748111133948,0.1186520114933469,0.0390546439380361,0.023945515260208,0.0234645748957058,0.0098049485337283,0.4587064722479649,0.1676021845030951,1.0887155843222405,1.2056631485442808,1.0512415146911929,1.2005576657881931,0.8957611987149646,0.7475314692579053,14.0,4,0,147.0,336.5,189.5,98.0697031,27.40587515,50.40067761,22.99480245,14.15800164,33.25,8.25,169.25,133.75,216.25,120.25,False
S000574,phase,full,4,595262550,56.0,60,4,8,10,15,12,0.0141403620827474,0.0522379658244334,0.3035795248218934,0.046560123710475,0.2058070582525981,0.1812962292569006,0.1082820077777435,0.0748547981835954,0.0527255633395614,0.0377938850979204,0.0276823767819785,0.0083128911415061,0.7028642628800887,0.2509060100470955,0.9810275818854604,0.960820954495226,1.2992420557942124,1.0023156876421826,1.0506742884189704,0.8551104903084288,14.0,4,0,89.25,112.75,23.5,19.0,37.3129728,46.2946522,8.981679396,5.010685592,39.0,6.5,27.75,33.75,49.5,63.25,False
S000575,phase,full,4,596262553,56.0,60,4,8,10,15,12,0.0187408049929999,0.0554063790777799,0.1247688478257972,0.0165253800628832,0.143417749572166,0.2109755034283736,0.069250093844647,0.1039573244948118,0.0220241327548358,0.0321983433665939,0.0262565406797255,0.0030103255318947,0.4468924838931679,0.1816203416466716,0.9827841599447,1.2755229610285297,0.9879901582346198,1.4048483108396024,1.265142647763975,0.7357455401746172,14.0,4,0,66.0,91.25,25.25,19.03286631,19.55447389,31.13866947,11.58419558,6.005113466,43.5,11.75,18.25,23.5,32.75,58.5,False
S000576,phase,full,4,597262556,56.0,60,4,8,10,15,12,0.0231307097811677,0.0472153011415297,0.2630378660175274,0.0270425452977653,0.2021955838430853,0.2141677993082025,0.0683564224697642,0.0757852410159831,0.0284256434106007,0.0312072352969492,0.0345481487899732,0.0021840394591896,0.6053920185173389,0.277917728051525,1.0052037232815727,0.95619244319201,1.178443295149443,1.3723120724985955,0.8635602683663496,0.7330792106500635,14.0,4,0,146.75,200.0,53.25,19.2418814,47.91952227,63.44234818,15.52282591,2.361768514,35.25,11.0,38.75,79.5,82.0,118.0,False
S000577,phase,full,4,598262559,56.0,60,4,8,10,15,12,0.0278835772018438,0.0603062062521036,0.2075281953988816,0.0306035914389235,0.1907245843867316,0.1607227882932085,0.0831457623744224,0.0457360417833154,0.0494470234074496,0.0802869762422938,0.0343386126055893,0.0097029634037317,0.519420277878136,0.3181814917861401,1.0445366646296372,1.0260613737883446,0.979687149532719,1.164971501334772,1.079133029587158,0.7486827052108057,14.0,4,0,103.0,124.5,21.5,7.593857167,38.1955448,50.81081167,12.61526687,2.304687036,29.25,10.0,44.5,89.5,31.0,93.5,False
S000578,phase,full,4,599262562,56.0,60,4,8,10,15,12,0.029310802197123,0.0846808196897018,0.2181656527336059,0.0428685010278556,0.1105109002896246,0.2821780235937237,0.1303906920497599,0.0637841921378887,0.0218201020951034,0.0621891343448308,0.0082034997189374,0.0036510449140444,0.8298358460638962,0.2089446993107072,1.1082503264390131,0.9584437686580864,1.0636232337933609,1.448601617628863,0.9521853918712416,0.7829499250746286,14.0,4,0,83.5,90.25,6.75,14.08012784,53.37302532,58.26967804,4.896652722,7.208764244,35.0,9.5,7.5,25.5,16.5,73.75,False
S000579,phase,full,4,600262565,56.0,60,4,8,10,15,12,0.0274570769480741,0.0380397938279139,0.1977198645908757,0.0212504312724053,0.1234266444110541,0.2616068589958552,0.0821621924031596,0.0822610977095507,0.0347614507181864,0.0722881540575861,0.0149596916433466,0.0024556296171107,0.6915739736868947,0.2190545625726199,1.2656146456866797,1.209061052430466,1.1407694044747645,1.0373933294089437,1.0397674791422196,0.8319187182505393,14.0,4,0,119.0,166.75,47.75,17.55704987,64.4152959,88.23480243,23.81950653,13.32229019,26.5,17.25,20.0,42.5,44.0,122.75,False
S000580,phase,full,4,601262568,56.0,60,4,8,10,15,12,0.034175019143269,0.0836417063605718,0.1905222123111557,0.0420113033472179,0.1447260559557324,0.1602651009498838,0.1588778129249117,0.0641072853158909,0.0253857262491003,0.0326614333101593,0.0125446177160925,0.0044350603440387,0.8332369317901358,0.2241775583525759,1.2672791485710595,1.2901330718876238,1.245291082937995,1.1938295331753987,0.931177387222736,0.8338288708019524,14.0,4,0,60.5,99.75,39.25,6.238322424,32.23272934,43.69697198,11.46424264,5.175386132,27.25,9.25,19.75,34.5,45.5,54.25,False
S000581,phase,full,4,602262571,56.0,60,4,8,10,15,12,0.0166880698287157,0.0592037672816156,0.1506577246907166,0.0575362735531471,0.1899184824189463,0.2227451691893138,0.1163927777294347,0.1182802252774763,0.0260099363023103,0.0401030843269625,0.0147755985827957,0.0050154340012698,0.7295770278515793,0.3296478855161034,0.9732290270182616,1.0538880489751667,0.92483387530252,0.9775362306389008,1.1476020332470118,0.9940390655241352,14.0,4,0,64.5,76.5,12.0,24.24871131,35.68835947,42.43454105,6.746181587,8.218118271,40.75,5.5,6.75,12.75,24.0,52.5,False
S000582,phase,full,4,603262574,56.0,60,4,8,10,15,12,0.0128626669830778,0.0361872012689903,0.2406116949510807,0.0458367963328245,0.1733021656278266,0.2837487850283678,0.065351969868903,0.0742091789718442,0.04562316667509,0.025084644532495,0.0177353144510931,0.0042110144685718,0.8923445998198193,0.1803352040865129,1.1640960961457858,0.9613340523689624,1.2035167715803048,1.207287597750191,1.371502904889758,0.7589979839491082,14.0,4,0,81.0,104.75,23.75,7.274384281,35.93261321,60.95478727,25.02217406,3.429690312,34.5,8.75,7.0,27.25,50.0,54.75,False
S000583,phase,full,4,604262577,56.0,60,4,8,10,15,12,0.0176380595221459,0.0313405722620041,0.2306033090672779,0.031735440188174,0.145483483152002,0.2759833526520001,0.1499534909585198,0.0775981227516519,0.0527660341052619,0.0624988422637182,0.0408476300946288,0.0016916128510037,0.8036575733124,0.1185167575680914,1.2927049097580552,1.2138732452305816,1.2511340450654358,1.037731438484142,0.8510630881592036,0.819617878605529,14.0,4,0,62.0,102.0,40.0,10.23067284,39.41895177,55.82010536,16.40115359,5.937951944,31.75,12.75,15.0,23.5,25.25,76.75,False
S000584,phase,full,4,605262580,56.0,60,4,8,10,15,12,0.0174008789762905,0.0370501888156028,0.2520480618617201,0.038886213683399,0.149554799197486,0.2926223576726103,0.1355821846518672,0.1075919664911065,0.0766999118396601,0.0469984006072712,0.0401191629215701,0.0013444240637126,0.7436618795530744,0.1987579176042089,1.2669931427027168,1.0811075567004056,0.938180754511716,1.4393671206078582,0.926736374552862,0.7606156752325764,14.0,4,0,71.75,97.5,25.75,7.041543391,36.80746763,50.27295119,13.46548356,4.674530927,34.0,11.25,9.25,22.25,26.0,71.5,False
S000585,phase,full,4,606262583,56.0,60,4,8,10,15,12,0.0341054660616878,0.0350677537021837,0.2316852604326368,0.0364630323563884,0.1041339509725311,0.1851608475796184,0.0672248979548831,0.1053398247434395,0.0448920535897631,0.0218836221820934,0.0222217911084043,0.0012638096574691,0.4765267674009937,0.2145426145378679,1.2015547674567535,1.2890857224912131,1.2834345788075854,0.9596396041181574,0.8930171417774965,0.9177465071853176,14.0,4,0,117.25,198.0,80.75,25.1180546,26.80827823,34.95995535,8.151677126,2.991179671,19.0,15.25,35.5,42.5,118.75,79.25,False
S000586,phase,full,4,607262586,56.0,60,4,8,10,15,12,0.0206464743188586,0.0320798739343963,0.2646221795003394,0.0437217067674876,0.1301209738036685,0.2796421537056225,0.1190746089374468,0.1074866860394036,0.0763886251467134,0.0752950870153775,0.0211133521998826,0.0027696391659107,0.7961792552123717,0.4320186595741746,1.2631644330403116,1.250022571555359,1.3200009342916348,0.9380376734460714,1.352310045988202,1.0233529607826115,14.0,4,0,101.25,128.5,27.25,2.872281323,61.99419672,96.63187497,34.63767825,3.183056918,28.75,9.0,15.5,17.25,31.0,97.5,False
S000587,phase,full,4,608262589,56.0,60,4,8,10,15,12,0.0133969235913078,0.0337111405803873,0.2781173724775513,0.0504427182607235,0.1259708193488692,0.2260505995327557,0.1093741411701066,0.1122529762486714,0.0445898658741999,0.0623503269936314,0.0135051525500743,0.0055244000237828,0.4957446931314292,0.1015912550842693,1.2353534062478526,1.1795162632152811,1.0946392131279468,1.358133097684387,1.1714817369069417,0.8339730839102891,14.0,4,0,81.5,102.25,20.75,5.188127472,30.63507187,43.99788945,13.36281759,3.040608634,34.0,8.25,10.75,24.0,23.0,79.25,False
S000588,phase,full,4,609262592,56.0,60,4,8,10,15,12,0.0158929507105869,0.0562465392169179,0.2407477979936573,0.0418400974064396,0.1468764510459673,0.2143635269849065,0.0769363351602372,0.0826285545199757,0.0425201439684897,0.0818575634526691,0.0178044996871379,0.0016299834630433,0.6095615763191842,0.1925465225316765,1.346503418660988,0.9767346811707636,0.9562152626070284,0.9382352431087536,1.0456032093820364,0.8205596705372973,14.0,4,0,95.25,101.25,6.0,13.49073756,48.22564894,51.12236147,2.896712525,5.347086198,34.5,10.25,11.5,24.5,19.5,81.75,False
S000589,phase,full,4,610262595,56.0,60,4,8,10,15,12,0.0273976085572652,0.0306415834161479,0.243796240090633,0.0230395338503251,0.1621288532276473,0.1776728168270323,0.1298560087530589,0.0882460909441656,0.0282032387620095,0.0212955991596436,0.0130660939801455,0.0017707766902078,0.3617951541510388,0.3398777207441056,1.1059203981016268,1.1943744329393025,1.1274728370131144,1.3744008181481109,1.098182011875213,0.8688925189100791,14.0,4,0,155.25,224.75,69.5,28.9194283,22.64394137,36.74758956,14.10364819,4.858308582,24.25,18.25,48.25,73.5,128.25,96.5,False
S000590,phase,full,4,611262598,56.0,60,4,8,10,15,12,0.014732482497453,0.0455192438990753,0.1606217862237138,0.0262535748209342,0.1647328266742644,0.2173660883909211,0.1091621431600452,0.1185351974521723,0.0593200647626345,0.0451631147797372,0.0448625803748586,0.001946472814194,0.7522026188347345,0.3633153736614248,1.2441901989424349,1.1012323467471732,1.0996201675256791,1.0769818862155698,1.140403840599141,0.8004319612601462,14.0,4,0,54.75,76.0,21.25,13.40087062,31.94979657,44.56260787,12.6128113,7.261937965,36.0,12.75,14.25,13.25,23.25,52.75,False
S000591,phase,full,4,612262601,56.0,60,4,8,10,15,12,0.0135967584039703,0.0673950726526246,0.1234183624941094,0.02070918643735,0.1867792831456003,0.2893288482763282,0.1480527772389621,0.0723559528892572,0.030118383269989,0.0561773077410575,0.0307758056153328,0.00726882409893,0.6329705366344008,0.3835601262706248,1.3029948078027167,1.2902823410261235,1.3161089318789796,0.9096626825544176,0.8934943930410207,0.7520287870681505,14.0,4,0,48.25,80.5,32.25,7.544313532,22.66896055,30.74902365,8.0800631,2.493631953,45.5,7.25,11.5,22.25,29.75,50.75,False
S000592,phase,full,4,613262604,56.0,60,4,8,10,15,12,0.0317396096714866,0.0558597778543453,0.227052855160179,0.0287568456606597,0.1204013219707328,0.1772763607611573,0.0735012929517871,0.0845931935734705,0.0532501618042149,0.0748275505739748,0.019483992464157,0.0042733356565235,0.6766688676570483,0.3396292201166541,0.9750233474187175,1.1959026293825392,1.1885766674114064,1.021352524216539,1.2864866600703582,0.7292703196527268,14.0,4,0,113.5,154.25,40.75,6.994045086,59.01387553,94.40721123,35.39333571,9.698302153,30.5,13.75,28.75,41.5,41.5,112.75,False
S000593,phase,full,4,614262607,56.0,60,4,8,10,15,12,0.0219347519705316,0.0522084555788667,0.133641502547896,0.0236525825141124,0.1553090537207195,0.2866939891200563,0.0800238845674679,0.0454523441098626,0.0670018212563572,0.0235640213089415,0.0189126313292833,0.00145121335431,0.8900445045878971,0.1685217829591375,1.1214269996726505,1.181742420319022,0.970621194913328,0.8520816002848746,1.3956204343904026,0.939121102822034,14.0,4,0,56.0,57.5,1.5,8.346656017,30.61131963,32.70737433,2.096054703,4.401949925,35.25,13.25,14.5,38.0,26.25,31.25,False
S000594,phase,full,4,615262610,56.0,60,4,8,10,15,12,0.0134038325435233,0.0674817699853139,0.2924289993323469,0.0259689215086114,0.1863678588883426,0.2722249304258284,0.0967400767028932,0.0482560776692396,0.0226653490824915,0.026412810828626,0.0398511621732963,0.0027154104319178,0.7396848477937992,0.1359345099116649,1.035292106158506,1.1557192810544623,1.36693330775189,1.40302793186657,0.8969329660731997,0.8489881230959461,14.0,4,0,63.25,94.75,31.5,7.85281266,30.4816795,40.30472393,9.823044434,4.232877525,45.0,7.25,14.25,53.0,36.75,58.0,False
S000595,phase,full,4,616262613,56.0,60,4,8,10,15,12,0.0173083314509758,0.061954019369856,0.1619799034149761,0.0201313327398806,0.1375545728940795,0.1550807592734366,0.1183718560190578,0.129814066875703,0.0729824412724868,0.0550103670230396,0.009744401185969,0.0086562357343608,0.5077308050744451,0.1913057860996855,1.054061444597031,0.9590667270976913,0.9328456398188018,1.22444328720079,1.3040255823164189,0.9548282514920292,14.0,4,0,51.75,58.25,6.5,7.724420151,19.33541483,26.12657643,6.791161599,1.85081223,44.0,10.0,11.0,10.0,15.0,43.25,False
S000596,phase,full,4,617262616,56.0,60,4,8,10,15,12,0.019404433414511,0.0536591990774327,0.173248399268323,0.0361568067957851,0.114019464435339,0.2340065808600647,0.0720457142377778,0.0814825279869844,0.023854303392412,0.0463899334723199,0.014878780828346,0.0023650102085166,0.4271155679812747,0.361130355473375,1.1008040302733582,1.1592143952043517,1.0364530354858454,1.170112730937696,0.9596936037433392,0.9004333070427908,14.0,4,0,85.5,102.0,16.5,17.93506807,26.48204681,30.51514375,4.033096937,4.059104782,37.75,9.5,8.75,20.5,28.5,73.5,False
S000597,phase,full,4,618262619,56.0,60,4,8,10,15,12,0.0127708021264914,0.0465555023228585,0.282182143032452,0.051956098191989,0.2045907827356126,0.1699099316186285,0.1048517250568467,0.0456344259967038,0.0393384112282097,0.0244452442760642,0.0194593674572679,0.0011970213092116,0.5826771747647977,0.1111130366525296,1.1505612005262271,1.0504703664164223,1.0163454811905543,1.1634436364649028,0.905551273150701,0.8055106380283749,14.0,4,0,67.25,87.0,19.75,3.774917218,22.57030539,25.0409003,2.470594907,2.584605992,36.5,6.25,30.75,65.5,41.5,45.5,False
S000598,phase,full,4,619262622,56.0,60,4,8,10,15,12,0.0286760019480702,0.0305539724730292,0.2878180651934127,0.0186537763554398,0.1288305493808642,0.2179539640582877,0.0692743668317353,0.0651045925532659,0.0382255048090665,0.0205464751991983,0.0093190951010531,0.0027778883674111,0.3902653829230089,0.2902398815147446,1.3030877579744382,1.1724274497496263,1.0245181046421932,0.9640686120202776,1.145819860751648,0.8057404646746498,14.0,4,0,162.75,232.0,69.25,17.21191448,23.11957097,34.13147324,11.01190227,1.714299195,24.25,20.25,56.25,111.0,153.75,78.25,False
S000599,phase,full,4,620262625,56.0,60,4,8,10,15,12,0.0163275678973525,0.0343714649654075,0.2516189348318433,0.0326399478308947,0.1357539679937905,0.2146511380347193,0.1372687773181439,0.081535365115784,0.0526337733037894,0.0290777267281405,0.0294667581806537,0.0058619079290773,0.4182496018539771,0.3051489752782343,0.9850164576269428,1.0625535463189022,1.3253978949448149,0.9958233525562384,1.094135925227602,0.7709189846912158,14.0,4,0,58.25,80.5,22.25,15.73478101,15.58480089,20.69261953,5.107818646,4.759459535,37.5,12.25,8.5,19.25,34.0,46.5,False
S000600,phase,full,4,621262628,56.0,60,4,8,10,15,12,0.0167283232922154,0.0516999258129175,0.2042797364658436,0.0360665042334964,0.1606210984811777,0.2334403842364696,0.0743293153228898,0.0468819215679653,0.0361986559992594,0.0844267869417736,0.0181371321180346,0.0040108154029188,0.6610640041998912,0.3108248745640589,1.337114197614003,1.149891036797998,1.1363560776569068,0.8812325135093912,1.3215790305947237,1.0051806802109142,14.0,4,0,68.25,91.0,22.75,14.33817748,36.11302838,56.435794,20.32276562,7.441224717,33.25,9.75,17.75,36.5,23.0,68.0,False
S000601,phase,full,4,622262631,56.0,60,4,8,10,15,12,0.0160378166157196,0.0333156312991338,0.2533118371194137,0.0254030066950576,0.1563660487398453,0.2285218462358973,0.1630538984835794,0.1103590984035007,0.0671245881031454,0.0284459794430111,0.0167480431325593,0.0095318206286713,0.4998124597514431,0.2432043694899206,1.324346819927681,1.0781998998117577,0.904223085121418,0.8570770003478135,1.304436145399391,0.7981445399884757,14.0,4,0,71.0,96.75,25.75,21.45343795,20.61527529,28.715021,8.099745704,5.218072473,34.5,14.0,20.75,24.75,50.0,46.75,False
S000602,phase,full,4,623262634,56.0,60,4,8,10,15,12,0.0157401294703394,0.0605648176897762,0.29685247984188,0.0536027205961535,0.1688431982061897,0.2525376781416049,0.0827906664547802,0.1082818582654969,0.0329388729942828,0.0300122185102015,0.0164199775411257,0.0113635716365974,0.3830042657893902,0.2756996983513781,1.144825543921285,1.1166116531207444,1.26221697948661,0.9094408055350772,1.0382002466608378,0.8606305879149596,14.0,4,0,87.0,118.25,31.25,11.8988795,13.9757254,19.78874424,5.813018838,1.96214404,40.25,6.5,14.5,23.5,67.75,50.5,False
S000603,phase,full,4,624262637,56.0,60,4,8,10,15,12,0.0218622017265431,0.0397556983078236,0.1884803385206085,0.0350783639734331,0.2025464978273523,0.1415420470389002,0.0658740669545947,0.0643873672892537,0.0337799356703207,0.0465017371030212,0.0274470172892583,0.0015324473146247,0.8408256496952715,0.3231379105945272,1.0409530884185272,1.046819873512967,1.4333193248723062,1.393984970824344,0.9149620760491316,0.9035238678127184,14.0,4,0,200.5,292.5,92.0,49.55804677,86.20651003,125.6035802,39.39707013,17.62158076,32.25,8.75,188.0,169.5,131.25,161.25,False
S000604,phase,full,4,625262640,56.0,60,4,8,10,15,12,0.0317559779318621,0.047624527262425,0.1342134756616157,0.0473197523274086,0.1263031205996873,0.2158578379420327,0.0612804846886767,0.0459917985300371,0.0518105279978449,0.0609287728028865,0.0421276112415326,0.0010559961486717,0.8755179708025521,0.4181022819218979,1.3337869357486605,1.110565980327154,0.9967880621423004,1.1866090163673029,1.0070850836538645,0.9102826520833666,14.0,4,0,46.25,58.25,12.0,4.242640687,35.56118515,43.80005938,8.23887423,2.519744047,20.75,11.0,10.75,31.0,9.5,48.75,False
S000605,phase,full,4,626262643,56.0,60,4,8,10,15,12,0.0125303115444772,0.0551125241204464,0.1720424597003658,0.0283087178495967,0.2064578748297699,0.2908434350701923,0.0679880616484552,0.0584260714274309,0.0707391018975428,0.0562672271089311,0.0225209497101048,0.003636989848508,0.3644020872426887,0.3187989025780208,1.092186650131073,1.126608052092535,1.1279513745995573,0.9559166429077112,0.867080524947572,0.8081633965279356,14.0,4,0,57.25,69.5,12.25,16.58061117,15.33391738,16.83191092,1.497993533,4.18519339,44.25,7.5,13.5,26.5,18.75,50.75,False
S000606,phase,full,4,627262646,56.0,60,4,8,10,15,12,0.0126334243265247,0.0317659818668148,0.2607813594628355,0.0266355080728597,0.1859652299300095,0.2607211876861445,0.1319969912454569,0.0733297230863285,0.0340015188005498,0.0377140447358954,0.0171771757207801,0.0070605906433037,0.4811105318350185,0.4277266866637871,0.967800087361927,1.2592535628793646,1.1177369705899438,1.3643169949156866,1.2074135536466295,0.9444470831362404,14.0,4,0,88.25,113.25,25.0,12.24744871,24.46253478,40.65805558,16.19552081,5.417951703,42.25,9.25,18.75,35.5,41.5,71.75,False
S000607,phase,full,4,628262649,56.0,60,4,8,10,15,12,0.0123190614839568,0.0767690503671243,0.2291631619644184,0.0245958288406376,0.1928545444434547,0.2833304827625322,0.1292574028818438,0.0797789723129887,0.0377135047932453,0.0390313687536779,0.0239870714735375,0.0056775718373742,0.5812638389160822,0.3154110307045625,1.297964194243039,1.223426292868426,1.1635555235184911,0.8940261730491845,1.1226648098696708,0.802527048032839,14.0,4,0,49.5,82.25,32.75,7.675719293,20.41206454,32.13899161,11.72692707,4.743091854,48.75,6.25,11.5,23.0,31.75,50.5,False
S000608,phase,full,4,629262652,56.0,60,4,8,10,15,12,0.022759164637748,0.0698540533549415,0.1664416203600141,0.0276095485167847,0.1932968998234007,0.2941911876857508,0.1195382082510113,0.0634511524093194,0.0259144219221655,0.0619473931517134,0.0354270549539491,0.0023442467706692,0.4552245369488352,0.2368896134879204,1.3408088100549376,1.2382964115261934,1.063911257983353,0.864122615752687,1.2940048212572737,0.8672559939108807,14.0,4,0,77.5,102.0,24.5,19.08751774,26.74544807,36.613292,9.867843926,4.653984641,36.25,10.5,12.25,47.25,34.5,67.5,False
S000609,phase,full,4,630262655,56.0,60,4,8,10,15,12,0.0230636288535868,0.0351097647587363,0.2579818340972833,0.0370591299382255,0.219345908725599,0.229186920025819,0.1339882034794217,0.0848621161552082,0.0376260781486571,0.0846387538137541,0.0161426244577198,0.0013777826505359,0.5469992597752905,0.2096688406359914,1.19684373094021,1.0589223751469563,0.9362354000368316,0.9754045156631412,1.211027238004161,0.8890965420700928,14.0,4,0,171.75,185.75,14.0,7.571877794,71.07805309,89.20995982,18.13190674,2.156184724,23.75,12.0,24.0,60.5,45.25,140.5,False
S000610,phase,full,4,631262658,56.0,60,4,8,10,15,12,0.0208139099468784,0.0369357716615111,0.1343138876632655,0.0347454681447569,0.1759395235607319,0.1875690538570347,0.1184665276869041,0.1245422857327413,0.0507814380948649,0.0358702353309643,0.0088773827904471,0.0025564135614841,0.4065447478062908,0.3944583459095054,1.338371371480511,1.2552241700863151,1.4544594836806788,1.1018397401004645,0.8722755148227043,0.8809515210098816,14.0,4,0,89.0,152.25,63.25,17.65172324,22.44596527,31.00711497,8.561149694,5.265969473,25.0,12.25,24.25,18.25,67.25,85.0,False
S000611,phase,full,4,632262661,56.0,60,4,8,10,15,12,0.0324454422573098,0.0640105591732225,0.2016027745485326,0.0457641980998639,0.2090522544660503,0.2182698420098064,0.1661500341879173,0.1116405161374858,0.0529813748101252,0.0529406030330867,0.0119532528670541,0.0110590161915339,0.768244052015371,0.3855309917321665,1.0164615123408332,1.0740245623365792,1.209852345563671,1.09229842394754,0.8693385149618108,0.8467391059117612,14.0,4,0,89.0,114.0,25.0,14.30617582,49.44504241,55.84614077,6.401098364,5.614959147,24.25,8.5,14.75,14.0,33.25,80.75,False
S000612,phase,full,4,633262664,56.0,60,4,8,10,15,12,0.0208015043852129,0.045461488208687,0.261910496420186,0.0216970586596043,0.1473573378299263,0.1879523412347777,0.0833624827774078,0.0693056197933944,0.0802698383206036,0.0249930076462129,0.0117599811684648,0.0032192068497328,0.4579258618585977,0.1740621284677718,1.0938937692691464,1.1523591815937917,1.290716549160024,1.2856758400186383,1.270317597581574,0.7449329190864659,14.0,4,0,95.75,171.5,75.75,26.84989137,21.74876386,48.72360143,26.97483757,11.93337763,35.0,12.25,39.75,51.0,85.0,86.5,False
S000613,phase,full,4,634262667,56.0,60,4,8,10,15,12,0.0280947469524338,0.062184574149042,0.1345977912245106,0.0174386295321947,0.1467104612548066,0.2435769126243933,0.1151235607012382,0.1129698806997621,0.0426341000662,0.0424080666022446,0.0233707634249318,0.0013718721427,0.6805056533015756,0.2407762014583213,1.211936545065254,1.066739433217839,1.1795476145105923,0.9114754402074968,1.368931718135586,0.8867186019133997,14.0,4,0,73.25,84.5,11.25,10.56330125,30.72070789,40.38747675,9.666768861,3.753787991,34.0,16.75,10.25,14.5,35.25,49.25,False
S000614,phase,full,4,635262670,56.0,60,4,8,10,15,12,0.0299306695474329,0.0728545077365453,0.2092935617057284,0.0363682809112847,0.1155949703457932,0.1788931267410566,0.1241956815667566,0.054152254336765,0.0535735768958771,0.050979247497601,0.0385484832733292,0.002587442250434,0.7384790757324173,0.2402181345366737,1.0864923615921596,1.1238256812118876,1.2620178446254229,1.0419914302513178,1.1127367309013845,0.913150983729466,14.0,4,0,51.75,61.5,9.75,8.341662504,30.41245746,35.62731216,5.214854696,4.345662979,31.25,11.25,16.75,23.0,17.25,44.25,False
S000615,phase,full,4,636262673,56.0,60,4,8,10,15,12,0.0125458705543669,0.0441808295217687,0.178042581077317,0.0443410331243519,0.1265647312168555,0.14583642075446,0.1159492750169002,0.0645711840658286,0.0264866521248159,0.0635633338473011,0.0152748818721567,0.0074235235435777,0.7422683897280068,0.3558670994943574,1.0619009508728467,1.272880689452908,1.1055968466781028,0.9901862728694644,0.8760291983464086,0.7432791716170779,14.0,4,0,53.0,77.75,24.75,6.448514041,32.93802901,41.000235,8.062205991,2.594525006,41.5,5.75,17.0,29.25,20.0,57.75,False
S000616,phase,full,4,637262676,56.0,60,4,8,10,15,12,0.0248824644665884,0.0536268170989346,0.2038177013357228,0.0279462405021183,0.1389074374490413,0.1495547220860975,0.0600075986153151,0.047811058224526,0.0412599690249128,0.0580059778217923,0.0102159276476668,0.0094092663458243,0.7274285013263854,0.443841298713065,1.0383064110778504,1.2242521726631586,1.1010592081301742,1.0614253162988088,0.8776673616803301,0.749783136970352,14.0,4,0,95.5,153.0,57.5,11.81806527,47.28102848,62.1212857,14.84025722,3.299861767,34.25,10.75,54.75,97.0,59.75,93.25,False
S000617,phase,full,4,638262679,56.0,60,4,8,10,15,12,0.0166046272907454,0.0832259444855329,0.224686547574558,0.0177263337132522,0.1146886290953549,0.2491475672344976,0.0743849786525012,0.0488809849578057,0.0453616209218841,0.0736488369780154,0.0357398522465641,0.0067870411552125,0.4384522978342461,0.3851263424622848,1.2681658704382148,1.1217402956286546,1.4095704709320938,1.2564373074392072,0.943322649463434,0.9290193525097328,14.0,4,0,52.25,69.75,17.5,12.71482075,18.11097506,23.28337203,5.172396964,4.166960299,46.0,9.5,12.5,24.5,14.25,55.5,False
S000618,phase,full,4,639262682,56.0,60,4,8,10,15,12,0.0130549343604565,0.0727753784457973,0.1473256284056214,0.0393202970149787,0.1027607794380614,0.1625612004452357,0.0747277443512378,0.0931321080010274,0.0407075555477606,0.0431351601637469,0.0321570947783274,0.0012749753608434,0.5043861906387772,0.2614690234441029,0.9769099679734882,1.034817088760681,1.3306502287424764,0.8599694776256527,1.3487092212712284,0.8223117362313995,14.0,4,0,47.5,53.25,5.75,6.652067348,19.22488274,23.98762447,4.76274173,2.901529502,48.0,5.75,10.5,6.75,12.25,41.0,False
S000619,phase,full,4,640262685,56.0,60,4,8,10,15,12,0.0193531939184892,0.0338138995465071,0.2450871187600289,0.0561588480559068,0.1230491484562626,0.2912796969972752,0.0646257707678576,0.0748059360077107,0.0493029710548094,0.0447480917553406,0.0196628076985589,0.0012233885605642,0.5198516951082552,0.1042923060051943,1.1355401375033545,0.9528437320200962,1.0092983212331794,1.008085290204582,1.198327197699414,0.8128509872109694,14.0,4,0,82.0,96.5,14.5,2.081665999,30.95751157,37.92725037,6.969738802,1.376421455,27.75,9.25,6.25,24.25,32.0,64.5,False
S000620,phase,full,4,641262688,56.0,60,4,8,10,15,12,0.0317704783826836,0.0321446319719572,0.1213789044453137,0.0301262512972225,0.1179188518450412,0.1462313125890326,0.1313151732321614,0.0962899364283303,0.0626541030915451,0.0252095249849829,0.0346808799239685,0.0012675419952427,0.4343575617533685,0.3257811431866822,1.0106114301151827,0.9635563180517316,1.2228462145572043,1.1235875043045718,1.030161830168134,1.0178429324798874,14.0,4,0,43.5,44.75,1.25,4.573474245,11.58075462,13.25238136,1.671626743,0.8025864305,22.0,15.0,9.5,7.25,14.25,30.5,False
S000621,phase,full,4,642262691,56.0,60,4,8,10,15,12,0.0318386955878503,0.0594275513668725,0.3197755843258162,0.0223045269417023,0.1150011807851132,0.1537221085896927,0.106969478162514,0.0463434331858324,0.0759238469438424,0.0628743483636338,0.0154141288082065,0.0033900724829688,0.7061769959009423,0.1069866086566903,1.2426938165606556,1.149106054879737,1.417105387069457,0.8834837024648666,1.3355102760344526,0.8799970368419551,14.0,4,0,79.0,123.75,44.75,10.21028893,41.29816427,70.37889544,29.08073117,9.077377212,28.0,16.75,51.0,58.75,45.0,78.75,False
S000622,phase,full,4,643262694,56.0,60,4,8,10,15,12,0.0190256018134149,0.0809887834016058,0.1252245848323131,0.0183507487659783,0.2082735654235755,0.1648986229299537,0.082078327352446,0.0961796386791622,0.0687966907260612,0.0638090856479898,0.014146898644603,0.0033664858833039,0.7229270884533663,0.2587060206450892,1.2706047850199118,0.971684447566297,1.1441540780279678,1.406623474125313,1.23342317450432,0.9719121681173988,14.0,4,0,103.5,103.0,-0.5,17.54042949,51.35475605,66.08596108,14.73120503,10.18999038,41.25,11.75,27.5,24.75,22.5,80.5,False
S000623,phase,full,4,644262697,56.0,60,4,8,10,15,12,0.020161250814453,0.0676709162151233,0.2709972191955522,0.0180659834241976,0.1453430337480855,0.2847397069907378,0.0857543098946422,0.1058815479719756,0.0212429488002191,0.0703258202216132,0.0098083201005008,0.0022151999101009,0.7280542515395835,0.3826961493762277,1.2593023830027172,1.2532109658809765,1.2319638575142795,0.9846297641082146,0.9763457527692908,0.7758574746401325,14.0,4,0,154.75,216.5,61.75,11.58663023,86.36764556,109.6854948,23.31784929,5.88742283,44.0,11.25,23.0,41.75,69.25,147.25,False
S000624,phase,full,4,645262700,56.0,60,4,8,10,15,12,0.0249859923012099,0.0328185366638443,0.2506178000259553,0.0500610201763079,0.1069619653226232,0.2733907626550393,0.1657084605500826,0.0846976642946278,0.0336059070349956,0.0458385001657357,0.0155819281600998,0.0102689842328263,0.3940831021352203,0.2261166543510851,1.160160948733438,1.2437743705804984,1.064520733769449,0.8726244571885751,1.3124656793905076,0.82404381634985,14.0,4,0,73.25,82.5,9.25,6.34428877,18.65671011,24.96516409,6.308453972,1.422467067,25.0,6.75,5.25,20.75,30.75,51.75,False
S000625,phase,full,4,646262703,56.0,60,4,8,10,15,12,0.0126602881601689,0.038726196525745,0.285189117191417,0.0352425068034399,0.1063087003866472,0.1551941765595862,0.0963735573109172,0.071122553653067,0.0483668796017961,0.0780014861979216,0.0183888275683258,0.0103434205097477,0.7768786484616069,0.2226091907841283,1.1111279539571834,1.0256925585853125,1.2489920143287212,0.9650838329620977,1.3781887798165398,0.9543729381480854,14.0,4,0,66.5,79.5,13.0,6.976149845,40.05222244,57.13510363,17.08288119,6.4791551,38.75,7.75,16.25,20.75,21.75,57.75,False
S000626,phase,full,4,647262706,56.0,60,4,8,10,15,12,0.0218327056633588,0.0447539320614599,0.1325671498113806,0.0330535963596596,0.1374434823688007,0.237791255329165,0.092644348412102,0.0952045678418402,0.0849140542616757,0.079221110112126,0.0333709670266941,0.001058638497543,0.7676778396914843,0.161307372798053,1.0207670703219338,1.017355109260336,1.4319857161310188,0.9509044444572085,1.2971543502802323,0.7985925936387986,14.0,4,0,52.75,64.0,11.25,4.787135539,33.56895002,45.08633537,11.51738535,0.6944648694,32.75,9.75,8.5,7.0,12.25,51.75,False
S000627,phase,full,4,648262709,56.0,60,4,8,10,15,12,0.0291741391242034,0.0376020895385767,0.1665323552330402,0.0442792694796895,0.1577726682994675,0.2452366597661612,0.1298184647416152,0.0484884800161572,0.0492359563260454,0.0333452374068034,0.0259810858706861,0.0043429277577353,0.3891855796791114,0.3262765584878403,1.1762878478232686,0.9883798342234726,1.385691740249131,1.352192943620664,0.9610423005228546,0.7507887383507876,14.0,4,0,51.75,72.75,21.0,10.67707825,14.50870016,19.7304338,5.221733645,0.778181588,21.25,9.0,9.25,17.25,20.0,52.75,False
S000628,phase,full,4,649262712,56.0,60,4,8,10,15,12,0.0301648493912971,0.0371685898485127,0.1438140775296325,0.0511202316196222,0.1682954376099849,0.2243747543684037,0.1663492662321558,0.0886659710316676,0.0649538746094605,0.0426638067420745,0.0445223074699099,0.0013894061551386,0.6357048056297308,0.2063867043566004,1.3316405071815998,1.0372141778013952,1.0120807719743168,1.021015607147113,1.1537716948721473,0.745607653377772,14.0,4,0,56.5,65.5,9.0,9.486832981,28.27781871,35.63891757,7.361098862,5.508427845,17.5,8.75,8.75,14.5,14.0,51.5,False
S000629,phase,full,4,650262715,56.0,60,4,8,10,15,12,0.0347074354397886,0.0349894118380441,0.1544905832254158,0.0291529370855352,0.1224318088115342,0.1489894563810048,0.0797521622586137,0.087462785641921,0.031551792252375,0.0465793593100109,0.0103391085394664,0.0038265180964804,0.6963942364507447,0.1161714749161596,0.9716077349739806,1.0916172371503798,0.9853202024824652,1.086593034799539,1.3148714324297208,0.7447549607385201,14.0,4,0,107.5,125.5,18.0,8.906926144,46.66535293,68.93169856,22.26634563,5.841006825,22.0,15.0,28.5,27.5,45.5,80.0,False
S000630,phase,full,4,651262718,56.0,60,4,8,10,15,12,0.0153103736504583,0.0773141820475054,0.1432581806259349,0.0214010998852456,0.2154062201778297,0.1427753135196783,0.0889536699791644,0.0975768414093533,0.0237496658104063,0.0622757117642937,0.0146183933194294,0.0022942639772694,0.6767176805362464,0.4105191046853274,1.0616149101378,0.9859316556963535,0.94621231025643,1.1212821352044382,1.1507540117618331,0.8984420410417299,14.0,4,0,175.25,168.25,-7.0,14.23610434,79.5662387,88.01282038,8.44658168,5.16203389,50.25,6.25,40.5,44.5,54.0,114.25,False
S000631,phase,full,4,652262721,56.0,60,4,8,10,15,12,0.0259702155967744,0.0334380639273979,0.1367824882666273,0.021832110186661,0.1196920340846264,0.2673464300054183,0.1377823083036803,0.0893011747414691,0.0232730203718934,0.0741932829549249,0.0081582774552405,0.0084945357998119,0.4679537736530556,0.3080598729123856,1.3483765838266526,1.0955667093589057,1.2803648717015552,1.363111624082792,1.2876677508728955,0.8108240396266273,14.0,4,0,72.75,90.75,18.0,11.13552873,27.27418728,41.97329606,14.69910878,5.944720246,21.25,21.25,13.0,17.5,16.0,74.75,False
S000632,phase,full,4,653262724,56.0,60,4,8,10,15,12,0.017923864393163,0.0812479380385184,0.1697128901578977,0.0300486917050496,0.197097720305094,0.1500623938885661,0.1132746693859976,0.0486376100796669,0.0640736700170896,0.0736046819830432,0.0149701513222665,0.0054050171347188,0.7249397933929289,0.1666340748710585,1.2217914833730283,1.0800844993193233,1.466602004128945,0.9661241707938876,1.165912941355541,1.0377958226975497,14.0,4,0,57.75,77.75,20.0,9.899494937,33.6062544,48.79185708,15.18560267,6.611787523,42.25,8.5,29.0,22.0,17.75,60.0,False
S000633,phase,full,4,654262727,56.0,60,4,8,10,15,12,0.0184840323788953,0.0464267658369342,0.122592810582495,0.0176495193416404,0.110968196590136,0.2929665997379988,0.1408170079063812,0.0649175696149605,0.0236632564937622,0.049700629733256,0.0283068098666574,0.0012182950868333,0.7312415924842384,0.4015967132068699,1.264455494142254,1.1915903023246417,0.9054958763254296,1.0508661758101037,1.0933035124803057,0.8815693761082628,14.0,4,0,59.0,69.75,10.75,10.30776406,30.96998772,37.94325139,6.973263662,1.680297341,35.25,15.0,7.75,26.5,19.25,50.5,False
S000634,phase,full,4,655262730,56.0,60,4,8,10,15,12,0.0203608318764172,0.0713289352002349,0.3150205939136598,0.0572618968144582,0.1722015416831646,0.1549044720002124,0.1261793256515602,0.0684691399164182,0.0409276808257538,0.0374770432771649,0.0191878491002442,0.0088044363695435,0.7508472894896691,0.1175409199315621,1.3211860352188485,1.1475144165938287,1.3025410168498428,0.8546404278767865,1.1454985536581317,0.94899170535245,14.0,4,0,70.5,119.25,48.75,22.94013949,32.11667697,48.75425626,16.63757929,6.641572947,27.5,7.0,36.75,43.5,60.25,59.0,False
S000635,phase,full,4,656262733,56.0,60,4,8,10,15,12,0.019541469839841,0.0385384856438599,0.1612431850177131,0.0156457675829942,0.1999544924183949,0.2094367386546333,0.1051496425376927,0.0695575480895836,0.0249000132780182,0.0282350265904615,0.0178255638348184,0.0018834165705132,0.6218528143963573,0.1610669322576296,1.2049871195378572,1.2229941459007132,1.0168415814571647,1.3383283358435174,1.0272380420428529,0.8456296935296125,14.0,4,0,117.75,173.5,55.75,17.23127002,38.64715726,56.57477941,17.92762214,3.114362122,35.0,17.75,39.5,89.5,84.75,88.75,False
S000636,phase,full,4,657262736,56.0,60,4,8,10,15,12,0.0133798171261068,0.0380417648049039,0.2955670989357285,0.0208436549685941,0.1126233405959311,0.1510637761717773,0.1291235352569904,0.1085526138512922,0.0309443154487906,0.0420572052914847,0.014228653659662,0.0023893045303744,0.7541526438316836,0.129642702122831,1.0256314495008254,1.07957544320939,0.9031349704092634,1.2151339209093257,0.8738029885227472,0.7695909044832595,14.0,4,0,93.25,113.0,19.75,7.93200269,45.55703238,49.78809288,4.231060499,3.548924658,43.25,10.5,24.0,30.5,40.5,72.5,False
S000637,phase,full,4,658262739,56.0,60,4,8,10,15,12,0.0275526887433635,0.0446502857345999,0.3006892926741984,0.023622332064763,0.1568360020736589,0.1726252931036615,0.1567840740608667,0.0825557511438834,0.0427414431583449,0.0234943452612756,0.0238518522888657,0.0034133955494317,0.4850597394547308,0.3580002215214536,0.9888855516935734,1.201080353907669,1.119195428473355,1.200695648857989,1.2127441858381378,0.8122582744183163,14.0,4,0,111.75,163.0,51.25,20.15564437,24.67437194,42.69617747,18.02180553,7.732575789,31.75,15.5,41.5,49.0,87.5,75.5,False
S000638,phase,full,4,659262742,56.0,60,4,8,10,15,12,0.0125348303948608,0.044624147871802,0.150295270165313,0.0157299794369226,0.1874489243071398,0.2140409587300915,0.1393260051220096,0.0587940949094075,0.0219104960137867,0.0248992234271837,0.0431643598053456,0.0035919054152121,0.4902933923060871,0.3765127091289367,1.3027595221432993,1.0733391365536238,1.326263633377819,1.126932988289958,1.1892576369689054,0.8312592997048251,14.0,4,0,50.25,61.5,11.25,6.751543034,14.54963135,20.44884246,5.899211106,1.541768251,43.75,12.0,10.5,22.5,23.75,37.75,False
S000639,phase,full,4,660262745,56.0,60,4,8,10,15,12,0.0185198039052267,0.0686850707438955,0.2223458521232676,0.0283451268980616,0.1015801345890731,0.2578400268445233,0.1570407644905858,0.110872420263613,0.042595026558616,0.0704208440399015,0.0350473348188204,0.0032834315055855,0.7765514980136545,0.3537785392582868,1.041145900720768,1.222061215753428,1.4874721595439715,1.4209013827957682,0.9803553358957704,1.012939136669772,14.0,4,0,69.0,88.25,19.25,8.261355821,43.20624973,55.51246918,12.30621945,7.1700013,41.0,9.0,7.5,11.5,14.5,73.75,False
S000640,phase,full,4,661262748,56.0,60,4,8,10,15,12,0.0311095488723055,0.0408997892478774,0.2395920583296567,0.0310392650965544,0.184206351389161,0.2549158419533588,0.0621288800886883,0.0655934436555977,0.0206862808590293,0.0723911432452219,0.0237715290663538,0.0030904062062051,0.6160295129416122,0.1746632469977617,1.1489469596820747,1.0171401384521062,0.9927890907457464,1.0370838820513708,1.0515163623345931,0.8492009749643771,14.0,4,0,163.0,186.0,23.0,31.37939876,69.00586262,82.45348905,13.44762643,13.24438557,19.75,14.25,24.5,98.75,56.75,129.25,False
S000641,phase,full,4,662262751,56.0,60,4,8,10,15,12,0.0327328353012982,0.056759068233829,0.1422835668622676,0.0226549693013507,0.1113565703459205,0.1640738864889148,0.0829611397459014,0.05206405208968,0.0375757147405719,0.0718403813815484,0.0288901069579374,0.0010725316553699,0.64966464500343,0.1535408771592181,1.33408286751102,0.9818041230687032,1.2942454147852045,0.9725742866424468,0.94398562589512,0.9733380795706922,14.0,4,0,71.75,82.75,11.0,7.527726527,35.63774937,37.9998555,2.362106131,2.635341895,26.0,17.5,14.25,30.0,22.5,60.25,False
S000642,phase,full,4,663262754,56.0,60,4,8,10,15,12,0.01296484152448,0.0378349684567341,0.3017684159592852,0.0552527739998576,0.2081033286255544,0.2446327656802141,0.0629993117339943,0.0978343855573138,0.0463333646468937,0.0819135364132695,0.0245032506989151,0.0014387406345873,0.5323248358875774,0.4217944667265544,1.1220928601000892,1.165954188721977,1.1156985175234528,1.3376282642578188,1.1336354050615496,1.019313355161871,14.0,4,0,117.5,151.25,33.75,27.30537188,48.58848678,71.72683241,23.13834563,11.55293469,38.5,4.5,19.25,33.5,28.25,123.0,False
S000643,phase,full,4,664262757,56.0,60,4,8,10,15,12,0.0189416862409773,0.0306307956733532,0.1599273670708484,0.0224664323475762,0.1638235549682119,0.150884211273471,0.0817623317659459,0.1168227103354411,0.0358950344342427,0.04793139010656,0.0114592306057901,0.0016517588727895,0.6211607445068623,0.2595877941684782,1.019904122923504,1.173640701859357,1.485692614833512,1.3084566878530517,0.9034825126460462,0.938508458769903,14.0,4,0,119.0,173.25,54.25,31.47882886,51.9992542,65.12912216,13.12986796,7.928554877,32.25,15.5,52.0,36.5,60.75,112.5,False
S000644,phase,full,4,665262760,56.0,60,4,8,10,15,12,0.0226730465235551,0.0714144923672119,0.1799890383613244,0.0161354065692473,0.1187210278518937,0.2362664000403877,0.0762306042110304,0.0736076725995146,0.0305442126729669,0.0345955943501555,0.0139695601352858,0.0075149663621854,0.4364255475144978,0.3963099215744143,1.2821893297413074,1.0296406972564178,1.2869029846811473,1.0528785040237425,1.2390948028064983,0.7477700407228773,14.0,4,0,87.0,115.75,28.75,8.460693431,23.3416851,33.80353819,10.46185308,3.704022135,39.0,12.0,14.25,29.25,50.5,65.25,False
S000645,phase,full,4,666262763,56.0,60,4,8,10,15,12,0.0246512425310395,0.03888721225041,0.129340585463045,0.0354825598649032,0.1062226637564112,0.1862199940761461,0.0653795867728047,0.0514621675828877,0.0234426911874297,0.0240933655900014,0.0090906861556854,0.0015133032069504,0.8075818425046797,0.1591646815512575,1.239805975370882,1.0210308105671009,1.173284428554729,1.3763070026709074,1.0346791089252032,0.9571857600020288,14.0,4,0,75.5,90.75,15.25,9.215023965,35.08866979,46.95509148,11.86642169,3.425507837,25.5,14.0,16.75,31.25,34.0,56.75,False
S000646,phase,full,4,667262766,56.0,60,4,8,10,15,12,0.0177459504271667,0.0810392381302841,0.2731866451250794,0.020117402175367,0.1226631322275464,0.2855713018225238,0.1263460864382072,0.0495823223401911,0.0386628256854507,0.0229738984882116,0.0152851271101537,0.0013808470189578,0.6009258706684724,0.2767730891506032,1.31091784504584,1.2318602638750151,1.0419430899605295,1.428596866282298,0.8815389426047349,0.8180154379428218,14.0,4,0,71.25,101.5,30.25,10.1447852,26.55646122,33.31215197,6.755690756,2.02662231,45.5,9.25,16.5,44.5,41.5,60.0,False
S000647,phase,full,4,668262769,56.0,60,4,8,10,15,12,0.0304126570320216,0.0482952884793802,0.1513936749743218,0.0313189564002911,0.1030083604235004,0.1633321554085394,0.1387667825458754,0.1246205026786341,0.0841925485354652,0.0227380769363062,0.0140906274023782,0.0015173319849918,0.7563877127316347,0.2142440448939615,1.2622080553285375,1.2458523233902905,1.2140906142943133,0.8891596767389345,1.1059689055566877,0.939455110037615,14.0,4,0,65.0,86.0,21.0,2.449489743,27.96512664,34.18567875,6.220552111,1.626494048,22.5,13.75,15.0,8.5,43.5,42.5,False
S000648,phase,full,4,669262772,56.0,60,4,8,10,15,12,0.012356624953409,0.0841206537530892,0.2777117311034785,0.0325989173779579,0.1864740409216755,0.2532542328407272,0.1175815354478871,0.052626626995443,0.0748517158625419,0.0729610149616348,0.0111164762927095,0.0036034636292401,0.5353670746090889,0.2500080767334779,1.1849425730197245,1.2744217711120165,0.9434965517898888,1.1085630173590757,0.9469713444398038,0.9708016065324996,14.0,4,0,55.75,65.75,10.0,9.831920803,24.35662754,27.09935544,2.742727902,4.646886314,48.25,6.5,17.5,36.75,13.25,52.5,False
S000649,phase,full,4,670262775,56.0,60,4,8,10,15,12,0.0159127191518984,0.081803860516547,0.1370297326507662,0.0509420155898268,0.203256459007821,0.2046309551140722,0.0650945387741856,0.0895147035640498,0.0760372399446632,0.0534125393599835,0.0179024951425726,0.0108706320752574,0.3829524449605838,0.1963659511329767,1.070637448939548,0.9870061804390564,1.1396496455253715,1.2134428758025808,1.0449389992879845,0.7801266559864648,14.0,4,0,63.75,75.75,12.0,4.898979486,16.41877332,22.06979675,5.651023427,0.5701982897,41.75,3.0,8.75,12.0,19.25,56.5,False
S000650,phase,full,4,671262778,56.0,60,4,8,10,15,12,0.0142218525306129,0.042619569477366,0.1215216104449247,0.0184800509803775,0.1251184581481613,0.2674854363557722,0.1506659920054684,0.1273393590806643,0.0463991674339518,0.0415068283307609,0.0201437718302508,0.0010434242426015,0.6122697568753146,0.1338217945315006,0.974015933271112,1.1401069636930805,1.3885656152899384,1.4300814691838697,1.3972594501166409,0.9480742832508864,14.0,4,0,58.0,69.75,11.75,8.180260795,26.95180319,42.49174786,15.53994468,2.180165707,41.5,12.25,6.0,5.75,14.5,55.25,False
S000651,phase,full,4,672262781,56.0,60,4,8,10,15,12,0.0132608972284304,0.0540565042870805,0.1449043199577888,0.0212931472971346,0.1833135809807223,0.264367870134217,0.1616899318272878,0.0665531521727919,0.023304752353343,0.0355672762140315,0.0214202317358709,0.0106165110722999,0.5266041451521435,0.1319241796713592,1.0725650439420606,1.0158342262391304,1.4418011004883409,1.4491363359328266,1.3009439152164377,1.02717793069549,14.0,4,0,55.75,64.0,8.25,10.4363148,19.72754081,27.52734226,7.799801459,2.488042392,45.25,10.0,9.25,15.25,21.0,43.0,False
S000652,phase,full,4,673262784,56.0,60,4,8,10,15,12,0.0173531881974273,0.04690971912313,0.2049081509313,0.0587701769838671,0.1007504187583992,0.1665720230310887,0.063808136033357,0.0746621222810305,0.0203619525495284,0.0304555788730809,0.008930919272238,0.0015118356925792,0.485843444364731,0.2247157816189833,1.0506690412684812,1.2170859942935837,1.2785283954481133,0.9975285123348154,1.0685642218494686,0.8847921057687682,14.0,4,0,78.5,105.75,27.25,13.20037878,24.24524335,28.52051978,4.275276431,2.81393611,33.25,5.75,11.75,23.5,48.0,57.75,False
S000653,phase,full,4,674262787,56.0,60,4,8,10,15,12,0.0204241905206644,0.0302547185405233,0.1521192871047268,0.0233759424982234,0.1081003815531103,0.1856912142540986,0.1124615083485437,0.0500701256614029,0.0380374037148164,0.0254456768390259,0.0282836543537606,0.0010123385413504,0.4636990901949632,0.101974412276133,1.215227813215917,1.2306737096568867,1.1002558085960183,1.2160477057274,0.9242659573499228,1.0300586816235069,14.0,4,0,54.5,65.75,11.25,5.560275773,15.11857503,16.57882954,1.460254515,0.6768497003,29.5,16.25,12.25,23.25,28.0,37.75,False
S000654,phase,full,4,675262790,56.0,60,4,8,10,15,12,0.0314254879323021,0.0687611229098996,0.1653254387285794,0.0157476052845736,0.1579943159665056,0.2781408009782948,0.0957268744340422,0.0812660486426603,0.0458735038143369,0.0242151705158271,0.0311545539109376,0.0092234344031936,0.7696915816232626,0.2442862074525628,1.2517377573180797,0.9742095837073862,1.026816711152829,1.251641669799913,1.275676021501806,1.0267658571303837,14.0,4,0,71.5,71.5,0.0,15.85349593,25.91271079,34.74292516,8.830214371,7.351046687,34.5,14.5,11.5,15.75,33.25,38.25,False
S000655,phase,full,4,676262793,56.0,60,4,8,10,15,12,0.0167452750535091,0.0305758302942877,0.1460875483809244,0.0444103344576914,0.1482723357529701,0.1846816475568604,0.1678444738263191,0.0750531210107026,0.0574189486522465,0.0335867071026408,0.029117095807776,0.0015035599044378,0.6634761709397929,0.1057181647842426,1.2066110704224051,1.1685779056817929,0.9080667896664948,1.1719463926268865,1.065935819434394,1.018801594300358,14.0,4,0,49.25,54.5,5.25,5.909032634,23.14935078,27.76501537,4.61566459,2.55424537,30.75,10.25,6.75,11.75,14.5,40.0,False
S000656,phase,full,4,677262796,56.0,60,4,8,10,15,12,0.0191415721860224,0.0673594477834607,0.1278618912380178,0.0285058222303097,0.1922770587566036,0.152455249509551,0.0955217810685876,0.0491267466300498,0.0530487121793586,0.0507218219521527,0.0086580621314528,0.0020680860424998,0.4626388205426689,0.2532543971117192,1.2211182808001193,1.2540899030709918,1.376772621373206,1.0426851358177227,1.0365220982730283,0.7278807944461991,14.0,4,0,66.75,136.25,69.5,15.80084386,22.33738465,41.5865843,19.24919966,3.250797466,35.75,10.75,49.0,61.25,48.0,88.25,False
S000657,phase,full,4,678262799,56.0,60,4,8,10,15,12,0.0143141318458206,0.0400593132350942,0.2492643969334441,0.0189877232703367,0.1543468399727832,0.2760331800337843,0.0966900005057635,0.0493208354604129,0.0202726032534175,0.0744431296574514,0.0363338631348099,0.0018131978227608,0.4937687514246577,0.4323006082284349,1.3066164575611292,1.0254596792654282,1.0317894093442743,0.9856802201305984,0.9222871698843867,1.0168855772935412,14.0,4,0,89.0,85.0,-4.0,5.715476066,32.49812843,30.12674885,-2.371379588,2.246910085,39.75,13.75,15.5,49.0,19.5,65.5,False
S000658,phase,full,4,679262802,56.0,60,4,8,10,15,12,0.0149912554290495,0.0457585500877107,0.1577486270203735,0.0463524620166578,0.1494415948592848,0.2870511943260292,0.1367225037845363,0.0935288600685057,0.0491561011692904,0.0681052324174714,0.0106378791352141,0.0082885392421014,0.549897376213301,0.3974508940889029,1.1480276380057652,1.00338095711453,1.0367356066952949,1.346594686458774,0.8500147183564536,0.7566130712858515,14.0,4,0,49.0,65.25,16.25,8.61684397,22.84249872,29.4607954,6.618296678,4.21085277,36.5,7.25,4.25,8.25,7.25,58.0,False
S000659,phase,full,4,680262805,56.0,60,4,8,10,15,12,0.0155655593426086,0.0383089043363203,0.2479705537323065,0.0212545383207167,0.1949816319740978,0.2629712032204592,0.1725440126433683,0.1181436347535749,0.0205125617004894,0.045727525178697,0.0376990644298161,0.0034344229364654,0.4497556955222266,0.3349796011517062,1.0301761441163149,0.9691604846821168,1.1914120217560964,1.15063732945995,1.2019141435064244,0.730129940908826,14.0,4,0,93.5,105.5,12.0,8.831760866,26.32504804,36.54690836,10.22186032,2.239722587,37.5,11.25,11.25,17.0,35.5,70.0,False
S000660,phase,full,4,681262808,56.0,60,4,8,10,15,12,0.0267194572657698,0.0431986682988927,0.1916215970380152,0.0588384275869203,0.1817032681372589,0.16726249292571,0.1336039958649567,0.0773384226007593,0.0701529092951592,0.043027627621422,0.0186568887606119,0.002688710729353,0.6526694646811804,0.2972012900232749,1.259767816723106,1.2093397016494434,1.0152060493334527,1.0383397373331067,1.1723751255089996,1.0024779277781517,14.0,4,0,74.25,89.25,15.0,15.68438714,34.05992832,45.23016468,11.17023637,6.763716719,19.5,8.0,21.0,25.25,28.75,60.5,False
S000661,phase,full,4,682262811,56.0,60,4,8,10,15,12,0.0193805824915312,0.0655988649503306,0.3096241076239114,0.0212749367839571,0.1532821114785408,0.198326067791595,0.1353631426636987,0.1156787866012079,0.0389293299727204,0.0412768323834522,0.0400280128270193,0.0055290291419819,0.5742025671106568,0.2880372460717259,1.3146751924693207,1.2892631698909855,1.4432790578894703,0.901361617018899,1.3374005079448392,0.8345699428199403,14.0,4,0,81.75,137.0,55.25,16.87947472,30.21133774,55.40469781,25.19336006,8.209386341,40.25,12.5,36.5,38.0,60.75,76.25,False
S000662,phase,full,4,683262814,56.0,60,4,8,10,15,12,0.0348157774540114,0.0711730534382737,0.1869651840677863,0.0216324574230718,0.1619476552047394,0.1535451353372725,0.1100536481967774,0.0772825049991739,0.0668742230422107,0.024885751804318,0.0082257993391213,0.0087998096851514,0.3594639746855242,0.2072963971386776,1.119114055859569,1.148268062833676,1.141748618791108,0.8915376604386408,1.29595248643776,0.9858521658255204,14.0,4,0,89.75,145.25,55.5,26.18523757,14.52616793,25.59674261,11.07057468,5.320633924,30.75,15.5,52.5,52.25,88.0,57.25,False
S000663,phase,full,4,684262817,56.0,60,4,8,10,15,12,0.0196697241452527,0.0828107919815707,0.1208287317241197,0.0402609078429326,0.1602510339813246,0.1961677243597135,0.0919188439486238,0.1207201787019211,0.0580054600603257,0.0256177579550908,0.0204548248260093,0.0011221416031426,0.6133086574135642,0.3650780202800817,1.03464362056812,1.0953283302046717,1.1498424812116013,1.2621413256014786,1.196239714859311,1.0279074453812669,14.0,4,0,59.0,68.25,9.25,11.17661249,22.92002541,29.89253843,6.972513014,3.105007173,40.5,7.25,9.5,11.75,25.5,42.75,False
S000664,phase,full,4,685262820,56.0,60,4,8,10,15,12,0.0209090885197141,0.0780432885638149,0.2707766178373119,0.0342912204111244,0.1093825722872598,0.2490818170037607,0.0915790534774057,0.0570259064450913,0.0511847609448076,0.0288348488344298,0.0089983694224701,0.0048078135028676,0.5651923634182034,0.2543693265437649,1.0571079954126748,1.1206252279570634,1.3593106476254286,1.0759619630791195,1.1470142684208473,0.7276384261243611,14.0,4,0,73.75,102.25,28.5,14.75353065,25.46627643,36.13421039,10.66793397,4.344772865,39.0,8.25,11.0,27.5,43.5,58.75,False
S000665,phase,full,4,686262823,56.0,60,4,8,10,15,12,0.0128903787898932,0.0769880460578849,0.1333223923898715,0.0419276044010706,0.193104616859415,0.2202328260103952,0.0918445731841339,0.0669896220752859,0.0292854727459041,0.0357382873133281,0.0082096439900984,0.010451728273641,0.4818477316974113,0.1491634978745368,1.1121187539785062,0.990505957020678,1.3040509541409924,1.0303985879413886,1.1700502702642377,0.9514459720112938,14.0,4,0,46.75,56.25,9.5,8.020806277,14.81486011,18.99671574,4.181855629,2.505444576,46.5,4.0,4.75,11.25,20.25,36.0,False
S000666,phase,full,4,687262826,56.0,60,4,8,10,15,12,0.0266843948200078,0.0449451203610254,0.2886990529140503,0.0355764879817728,0.189407243557917,0.1940614423337464,0.112062917111226,0.08895472598725,0.0360419491397178,0.0714946671663357,0.0188742608723906,0.001094372320392,0.3858891693697505,0.3941552115931326,1.067303246455053,1.2619142189919583,1.2343277185652752,1.152135881057776,1.0639093983956387,0.960302188143084,14.0,4,0,183.75,295.75,112.0,47.68647607,52.99617961,84.38500674,31.38882713,9.682595232,25.75,13.0,65.25,78.0,90.25,205.5,False
S000667,phase,full,4,688262829,56.0,60,4,8,10,15,12,0.0210946935123987,0.0681814474192194,0.2047240820095679,0.0336583911997796,0.1840372999423209,0.2467596170243156,0.0717975990090651,0.0483842065562099,0.0519958071597478,0.0219908152404999,0.0337403233194346,0.0074981061652681,0.7157474747096996,0.2363049938125103,1.253656764653378,0.9960473147348304,1.4036780410131218,1.0203141357136924,1.3285051804045125,0.7898042937214836,14.0,4,0,54.0,77.0,23.0,7.615773106,20.0389819,32.28800185,12.24901995,4.300822077,33.0,10.25,15.75,27.25,40.0,37.0,False
S000668,phase,full,4,689262832,56.0,60,4,8,10,15,12,0.0120372850877046,0.0739415794550234,0.1765571828309508,0.0209289471943912,0.1531942408939212,0.2880933469747056,0.0640487445678647,0.0914008563030983,0.0555529238204129,0.0588349632026614,0.0323266627298934,0.0065552166127825,0.5109514614184975,0.2018463657247058,1.009610749153876,1.1313360761059452,1.065069140136854,0.948766050702209,1.305391800381544,0.8523460465053195,14.0,4,0,40.5,51.5,11.0,5.715476066,17.00976733,24.29744063,7.287673308,1.57661126,50.25,6.25,7.25,10.5,11.25,40.25,False
S000669,phase,full,4,690262835,56.0,60,4,8,10,15,12,0.0293952894727609,0.0363103934685706,0.1835041073498184,0.0230299230113195,0.1593874388975046,0.259396578606598,0.1198388454671269,0.0751284465579845,0.0407625181211829,0.0684414173804083,0.0173448805967104,0.001089369091168,0.8984292465744893,0.3839345490480087,1.3143168000773129,1.2272963191670845,1.483303585528045,1.3609159839299565,1.1012328694134486,1.0467341095460403,14.0,4,0,106.25,164.25,58.0,12.30176139,73.58758717,121.8559647,48.26837758,11.55030135,22.0,19.25,30.75,35.0,41.0,123.25,False
S000670,phase,full,4,691262838,56.0,60,4,8,10,15,12,0.0348000703445717,0.0546197810394315,0.1571579072399185,0.0209133791732987,0.1240423822580406,0.1456224885309893,0.0731862945043609,0.0552734179613305,0.0820348744798086,0.0255248407852994,0.0108678418791441,0.0016786554403761,0.4309465867127702,0.2341850241700031,1.2888200742478406,0.982512982787062,1.3050589213863857,1.0194426919811632,1.1813584008130156,0.8463465357117411,14.0,4,0,81.75,97.75,16.0,8.906926144,19.57811754,24.894328,5.316210467,1.917204606,27.25,17.0,32.0,30.0,46.5,51.25,False
S000671,phase,full,4,692262841,56.0,60,4,8,10,15,12,0.0204825140060614,0.047161143667605,0.1213051646134771,0.0186264145245803,0.1128966713748473,0.2477783013837409,0.1595700213252786,0.0873188583335353,0.0832829551280259,0.0616270152301253,0.0107999968202597,0.0029181442794601,0.7009540361133095,0.3990910628546632,1.0057750644616057,1.1291983720125596,0.9060784556392872,1.1821391028988466,1.005934325630004,1.0365437454752329,14.0,4,0,48.5,65.25,16.75,13.72042273,28.36380373,37.97822732,9.614423587,6.120239724,37.75,14.25,7.75,13.5,14.25,51.0,False
S000672,phase,full,4,693262844,56.0,60,4,8,10,15,12,0.0196889952752124,0.0591237597726371,0.2867049815148687,0.017925775148321,0.1022562876703978,0.246202248445276,0.1744664285240345,0.0880524591413384,0.0241938980499504,0.033814111661059,0.0132063306214871,0.0016101555483027,0.5233474555088871,0.3088285842191922,1.014403835646824,0.993828336323206,1.263310258085821,0.8852018196011123,0.9586153708751336,0.9321033830973894,14.0,4,0,99.0,105.5,6.5,11.8462371,31.23960628,31.13787329,-0.1017329893,2.224573616,41.0,13.5,9.75,17.75,45.75,59.75,True
S000673,phase,full,4,694262847,56.0,60,4,8,10,15,12,0.0247170585823641,0.0315898235981262,0.2627319040394761,0.0545054084856456,0.1219625304965349,0.2517643732624763,0.0651531529377893,0.0496628685222768,0.0372148765548841,0.0221096164360903,0.0091653235517601,0.0015613915836169,0.6867930538981678,0.4428967063785946,1.2445935543044728,1.0427899050678984,0.988657390101093,1.3011396218181304,0.9664907020593164,0.8153068765515633,14.0,4,0,97.25,115.0,17.75,8.539125638,35.49698822,43.43471553,7.937727313,7.067087719,18.5,10.5,12.25,45.25,51.75,63.25,False
S000674,phase,full,4,695262850,56.0,60,4,8,10,15,12,0.0337030212818871,0.0312969205013788,0.2858652194393606,0.0423485096877781,0.1011696790979189,0.2481651618161712,0.0777754874960433,0.1015777501351553,0.0679166908872242,0.0257940891847771,0.0166841831969661,0.0013667321425109,0.5404110309205008,0.2573664098774604,1.0121548713746449,0.9881649680112452,1.2104995819187612,0.9367774358142774,1.0724091265740645,0.8979927248799274,14.0,4,0,120.25,129.0,8.75,5.315072906,34.2893513,37.19204148,2.902690186,3.310042594,19.5,12.0,11.25,24.75,63.5,65.5,False
S000675,phase,full,4,696262853,56.0,60,4,8,10,15,12,0.0268608515898314,0.0701157838163296,0.1763799398531425,0.0157962354763963,0.2070954103839671,0.159966246961362,0.1644345601479982,0.0805319577414302,0.0499151299342716,0.0835612390181638,0.0190285366104574,0.0085111967764434,0.8109268550139765,0.1750017500316272,1.09672720768887,1.299277310859207,1.0036346652204422,1.1291846260137175,1.3944955322292214,1.0409037964196015,14.0,4,0,85.5,137.5,52.0,10.16530045,49.85403457,102.7062034,52.85216885,3.900379753,40.75,13.25,39.75,48.25,39.75,97.75,False
S000676,phase,full,4,697262856,56.0,60,4,8,10,15,12,0.0311847759848213,0.0320025699620335,0.127005294725398,0.0274995698169585,0.1877280642543702,0.2260923298694846,0.1457735136318268,0.1169323916244713,0.0229266692160127,0.0756714511008829,0.0192375684771774,0.0053163353955668,0.8850312419855012,0.2300614036782699,1.0932441741349637,0.958833395431048,1.3093117782817092,1.0705531022002628,1.2122386071648192,0.8221467422946818,14.0,4,0,93.25,104.25,11.0,14.11854572,63.73958915,86.75677675,23.0171876,9.00212211,22.25,15.5,8.5,12.25,20.5,83.75,False
S000677,phase,full,4,698262859,56.0,60,4,8,10,15,12,0.015215619864362,0.0454319115577142,0.2125482350183115,0.0343770433154159,0.1007128590813854,0.2197263306931073,0.15268088925258,0.0627911219945167,0.0218709029599145,0.0460928053726355,0.0283423474225336,0.0015549630047087,0.8830696605420074,0.1667711440795628,1.2704087369480337,1.046554301886272,1.229328280578248,1.176363695309453,1.2138947708449708,0.904927529951612,14.0,4,0,54.5,65.75,11.25,9.178779875,37.17029234,48.36330328,11.19301093,7.252805502,38.0,8.0,5.75,17.75,17.75,48.0,False
S000678,phase,full,4,699262862,56.0,60,4,8,10,15,12,0.0138979445229818,0.0501726244198009,0.171034347849151,0.0311963029435916,0.1053259147336315,0.1686883494557463,0.1123294512223911,0.0557734780316326,0.0337160589610664,0.064586172542377,0.0227256296437435,0.0012948650911093,0.5423812105100037,0.2451769654470497,1.220283907433195,1.1910128084833036,0.9300677050094852,1.0366659515732612,0.8752007152844515,0.9469479763893546,14.0,4,0,50.25,58.5,8.25,5.439056291,21.93582472,22.45263686,0.5168121446,1.38162991,41.5,8.75,11.0,22.25,14.25,44.25,False
S000679,phase,full,4,700262865,56.0,60,4,8,10,15,12,0.0254639954770407,0.0388338344828921,0.290613015959584,0.0164779775087142,0.1047098300696085,0.2708920080298044,0.0924160501210663,0.1020563019294128,0.0250905331880721,0.044841523366835,0.0217662421802926,0.0096099688750159,0.6483005490995124,0.2627997501179617,1.1592193781697644,1.0756150988429314,1.1254005135513754,1.343904487682277,0.8818055640682991,0.8605008935078671,14.0,4,0,157.75,199.75,42.0,8.485281374,55.46419724,73.32954454,17.8653473,8.335428571,29.0,19.5,28.0,58.5,74.25,125.5,False
S000680,phase,full,4,701262868,56.0,60,4,8,10,15,12,0.0273654090843822,0.0588893299745248,0.1441658847675876,0.0512538442269952,0.1533521098334125,0.2702187636437956,0.1619960892980183,0.0862203394407107,0.0420034309767299,0.0570666820944301,0.0356572126847688,0.0027553934605827,0.5160984004134179,0.2446813496470342,1.2950556679288696,1.234237723422241,1.246584569095882,1.317685677889408,0.9195431972685412,0.9402704844869832,14.0,4,0,50.25,65.25,15.0,4.966554809,21.13526951,25.91281389,4.777544385,2.679083914,23.0,9.0,7.75,9.5,12.5,52.75,False
S000681,phase,full,4,702262871,56.0,60,4,8,10,15,12,0.0145732630062854,0.0342697793893088,0.1676571433574653,0.0194660565552981,0.1220109957718347,0.2637448995032557,0.0822657278567082,0.1299261340356215,0.036161238096321,0.0207302710797533,0.0102086640043753,0.0026467333396854,0.759973072941525,0.3226905669843762,1.102988678433462,1.077803564400568,0.9178976538497752,0.9613317075396184,1.3390187498263164,1.0337013481484232,14.0,4,0,95.0,108.0,13.0,5.944184833,35.58052217,45.47491149,9.894389321,5.95264459,38.0,14.25,14.25,20.5,58.0,50.0,False
S000682,phase,full,4,703262874,56.0,60,4,8,10,15,12,0.032166255024651,0.0417271106088441,0.2072152259794675,0.0231227268197883,0.1431940287844733,0.2152842414261456,0.076484493537942,0.1161706985615405,0.023927745549512,0.0769477736123399,0.0121301566171278,0.0043747518255106,0.860772823119315,0.252045800691102,1.2308756371561462,1.168317361460593,0.9368618215926404,1.057552863112203,0.8903484784693347,0.7957446913266005,14.0,4,0,195.75,250.0,54.25,9.287087811,120.9265903,145.159175,24.23258468,4.470589446,25.75,17.75,29.5,50.5,66.25,183.75,False
S000683,phase,full,4,704262877,56.0,60,4,8,10,15,12,0.016374832506207,0.080966081523118,0.1300584141265926,0.034415882081366,0.1023492387120742,0.2519481388635169,0.1279352564526861,0.0729690084398345,0.0243636748248002,0.0230409236349356,0.0304780682256627,0.0066877115827479,0.4954905389738943,0.1199327017409195,1.2335815582842011,1.0823278324189178,1.2488249220335128,0.9522027777369853,1.250996548595363,0.892860114794249,14.0,4,0,36.0,40.0,4.0,8.86942313,11.78321895,13.74794572,1.964726769,2.337831618,42.25,5.75,3.0,10.0,15.25,24.75,False
S000684,phase,full,4,705262880,56.0,60,4,8,10,15,12,0.022115812635785,0.0339126323385464,0.2005093539205884,0.0242971049979665,0.1741317495508308,0.1933796623696759,0.0620559907270857,0.0482859784842366,0.0311041572658804,0.0208284822455893,0.0218784492561027,0.001356004753418,0.4407993561896134,0.2014671813530573,1.321628407458617,1.0605154769621077,0.9595996066078502,0.9123283473816508,1.1042602763028648,0.7587807172129782,14.0,4,0,118.75,147.25,28.5,25.48855953,21.37963008,23.75595731,2.376327231,2.015829695,27.0,16.0,41.5,105.75,96.5,50.75,False
S000685,phase,full,4,706262883,56.0,60,4,8,10,15,12,0.0189631126358112,0.0373423918293214,0.1385109511753488,0.0340370987670333,0.1531213203326867,0.2024906077727837,0.1235957243359964,0.0489608764136258,0.0792499892643969,0.0367882877057206,0.01468247665996,0.0034072952277161,0.3786703646300035,0.3307974030843125,1.2296790588176398,1.011590752305865,1.2610421268045349,1.4173226892455502,0.9344889300455784,0.8328305856663022,14.0,4,0,44.25,58.75,14.5,1.732050808,12.34064877,16.23313652,3.892487747,1.445220265,34.0,11.0,9.0,12.75,13.75,45.0,False
S000686,phase,full,4,707262886,56.0,60,4,8,10,15,12,0.0276061780257345,0.0582566315275165,0.2361651102004629,0.0228271253321979,0.1064564371815897,0.2466525323829362,0.1049824794992981,0.083501946614626,0.0282922863954027,0.0805558746631981,0.019818262875062,0.0021860139602396,0.5062760935878592,0.3993086678294228,0.976033754712632,1.091466995843237,1.3405606719979692,1.202252086988765,1.2810675128944902,0.9267268223881432,14.0,4,0,121.75,140.0,18.25,9.673847907,46.05172211,67.92683562,21.87511351,6.874583428,34.5,11.25,11.75,25.5,26.0,114.0,False
S000687,phase,full,4,708262889,56.0,60,4,8,10,15,12,0.0181880837185531,0.0750666484067092,0.2397429819708179,0.0237391239739797,0.1884783280748614,0.2133415240985192,0.1724355826940335,0.1220840535545394,0.0238968176625253,0.0428196424142142,0.0293895233157496,0.0040171384320604,0.6002877135139821,0.2420148395021854,1.2272585181396112,1.2996955816569593,1.0165230027331824,1.1984687061582973,0.9039307356990348,0.7276776287440277,14.0,4,0,80.25,139.75,59.5,12.79322737,33.63236629,50.95015846,17.31779217,9.246750919,36.0,11.75,26.0,31.5,48.75,91.0,False
S000688,phase,full,4,709262892,56.0,60,4,8,10,15,12,0.0163151787639104,0.0688685798056814,0.2030651759168601,0.0223425949804704,0.1926738603524065,0.2049061004799424,0.08281780303836,0.0565282702777756,0.0531974862839978,0.0825930550913448,0.017501681748166,0.0018773778005869,0.5792632204330048,0.2643200993704721,1.0781969828634848,1.0743058596445465,1.0491533979743082,1.0554244422916157,1.3264963445257207,0.9648180978926651,14.0,4,0,96.0,112.5,16.5,6.454972244,42.04270631,60.97042352,18.9277172,3.567531826,43.0,7.0,27.25,48.75,27.75,84.75,False
S000689,phase,full,4,710262895,56.0,60,4,8,10,15,12,0.0140212124016528,0.0637202263541779,0.1649696528613266,0.0285821917403,0.163464057352547,0.1987172341529337,0.1317516723238023,0.1091343694091044,0.0684470092973428,0.0710945827087735,0.0380303288428339,0.002178690042224,0.4791809269048607,0.3206581074101022,1.0431784682654126,1.103403618593069,0.9429294589188256,0.9387730516176066,1.099987537126224,0.7804638691356134,14.0,4,0,51.25,60.5,9.25,6.551081336,20.48093204,25.08025266,4.599320621,0.9562115988,43.25,7.75,9.5,10.25,11.0,49.5,False
S000690,phase,full,4,711262898,56.0,60,4,8,10,15,12,0.0129045642413538,0.0470781435788378,0.1744313185235047,0.0568929841147881,0.147655412555133,0.1797192877377977,0.0686613508371961,0.0667859553545018,0.0537187563642679,0.0746524485941197,0.0143740125488238,0.0020991708336599,0.7196692913529075,0.1771855950576115,1.0864761836361707,0.9690315349411004,0.9503230735339112,1.209298865020595,1.3589812381319393,0.7329120969660023,14.0,4,0,60.75,70.25,9.5,6.8556546,35.91096793,50.24258454,14.3316166,4.028531,40.0,5.25,11.0,17.0,11.75,58.5,False
S000691,phase,full,4,712262901,56.0,60,4,8,10,15,12,0.0138903392031057,0.0401516841739693,0.1877066471504833,0.0503624754130998,0.1147566207781524,0.1563734654589135,0.0691194155057269,0.0621239957027652,0.0430600631132728,0.0685200273165312,0.0108850922456926,0.0045556972578607,0.8124256453895293,0.4334856368177365,1.3168656710667748,1.2933712005389395,0.9000651052548767,1.0077377064939814,1.0845499163972196,0.8624347675032379,14.0,4,0,55.0,63.5,8.5,5.066228051,37.14212227,41.7239739,4.581851624,3.976970149,35.75,7.0,18.25,29.5,13.75,49.75,False
S000692,phase,full,4,713262904,56.0,60,4,8,10,15,12,0.0154632908908185,0.0481528165931534,0.2602825384323262,0.0486949023066537,0.1615257928275258,0.254590625269733,0.1385278170579222,0.0451365814754615,0.0555133645742713,0.0209851505594529,0.035393801268572,0.001191675528729,0.634892286289781,0.2790147284682108,1.2912542533587823,0.9934099462760576,0.9687184804019896,0.8614251488937318,1.389876531323886,0.8322831043020521,14.0,4,0,43.0,54.5,11.5,8.426149773,15.4952335,21.63181187,6.13657837,6.110828668,33.0,7.5,9.25,31.75,25.25,29.25,False
S000693,phase,full,4,714262907,56.0,60,4,8,10,15,12,0.0330875069272514,0.0396067316956745,0.2694829168484409,0.0513007342867776,0.1779457153086171,0.1696884756638307,0.149459074472199,0.0598276690565742,0.0624438710541505,0.0269900226806108,0.014030021007588,0.0102438992525965,0.5140185971784608,0.3016932797545246,1.1483685654437128,1.118523688379029,1.3014414253150928,1.154266078314058,1.0511596478873833,0.8238521290359584,14.0,4,0,94.25,120.25,26.0,11.16542282,22.47809056,30.05580247,7.577711917,4.099912525,16.0,12.0,30.25,40.0,63.5,56.75,False
S000694,phase,full,4,715262910,56.0,60,4,8,10,15,12,0.0151000446712653,0.0832887086840554,0.1866217185348418,0.0222417717709292,0.2183746157303447,0.1468011137599908,0.1206916721402333,0.0481406768609652,0.0750758148716727,0.04259278362247,0.0278247453909832,0.0052641502172721,0.7092288906635953,0.2831101493368048,1.2529484896579337,1.0723862514670115,1.0002871410458292,1.3750120063176354,0.8940568970544376,0.7751567953963754,14.0,4,0,63.75,102.75,39.0,18.6726181,31.44106489,45.2776092,13.83654431,10.83859384,47.25,8.0,44.5,58.0,35.25,67.5,False
S000695,phase,full,4,716262913,56.0,60,4,8,10,15,12,0.0242966878372876,0.0745755837055221,0.3063397491282936,0.0150172020061251,0.1566012969998368,0.224224065465115,0.0972927820231645,0.0853723252156919,0.0254674265314831,0.0208903985639224,0.02040163399169,0.0058561583392073,0.4645071313082041,0.3908907435379628,1.2861161458145656,1.014530905195346,1.1474646116078868,0.96757757803677,0.9315874563663448,0.7744269268014905,14.0,4,0,142.25,175.25,33.0,24.80591327,25.72912197,26.93028422,1.201162251,6.113642833,39.75,14.75,25.75,57.75,115.25,60.0,False
S000696,phase,full,4,717262916,56.0,60,4,8,10,15,12,0.0183581812066395,0.0746307373117303,0.159272021769337,0.0500588869491376,0.2041430861080254,0.2003973166262576,0.077123674443234,0.0572729497963821,0.0798110424295333,0.036739286186607,0.0117675650031387,0.0088469622588552,0.6850335390600555,0.1797972450078342,1.0198521776122385,1.149361374545761,1.4611771095200374,1.148436655752461,1.032789012899946,1.0047823384121926,14.0,4,0,53.25,84.5,31.25,13.20037878,20.77898017,34.66690587,13.8879257,5.838539532,40.25,5.25,18.75,25.75,34.5,50.0,False
S000697,phase,full,4,718262919,56.0,60,4,8,10,15,12,0.0170052187102343,0.0546128077692132,0.1328414077900861,0.0193634367922537,0.2162874234897293,0.2063629405699047,0.1603566157630449,0.0569388267845035,0.0211064619609623,0.0591972205327115,0.0380758782325936,0.0048428515925151,0.5299081650495097,0.3445077350784546,1.2799709898867673,1.1053665493087126,1.1243530728099664,1.4056498976228684,1.1363835033403251,0.7380018042920643,14.0,4,0,61.75,86.25,24.5,3.415650255,23.6299586,35.99583472,12.36587612,3.159762818,41.0,11.5,20.75,40.25,22.5,63.75,False
S000698,phase,full,4,719262922,56.0,60,4,8,10,15,12,0.0131220050161201,0.0479917729902666,0.282013953212053,0.0522939733736967,0.1056663721648218,0.1516089674927094,0.1686688594606995,0.0719598357640463,0.0357593854424505,0.0277782581175938,0.0080180784788652,0.0017893578064956,0.7145631055976494,0.2846728660607477,0.9722602408324996,1.2337476446033533,0.9244928189761272,1.064979588632827,0.95164186889764,0.9467302506587704,14.0,4,0,68.75,81.25,12.5,6.137317547,29.01951983,35.7406382,6.72111837,4.890715075,43.0,5.0,10.75,18.75,29.75,51.5,False
S000699,phase,full,4,720262925,56.0,60,4,8,10,15,12,0.0262266235968546,0.0808294001935107,0.1762656658199658,0.0323290136889956,0.1765701560050905,0.2556610865903752,0.1776214322761607,0.0680753072066933,0.0791408359645453,0.0262883716972302,0.0175256063551329,0.0018538696776257,0.5737554513991863,0.3209378658216011,1.0530393736887331,1.203275493577228,1.2013277545408028,1.160057797961018,1.2882312135805487,0.7742381019611758,14.0,4,0,61.75,86.0,24.25,10.81280106,22.42925948,32.73944135,10.31018186,4.579604945,34.5,11.5,11.75,16.5,36.5,49.5,False
S000700,phase,full,4,721262928,56.0,60,4,8,10,15,12,0.0182566303960096,0.0684151149670913,0.2670124963770803,0.0226207454499059,0.1255168476377299,0.2788704760777551,0.060537221667646,0.0706377295484831,0.0231017066913823,0.0266353968986907,0.0181696890987436,0.0010495847178334,0.8778602920647548,0.2606847188724746,0.9763836858442732,1.227662793801011,1.3167187347169136,0.8734960951693628,0.9166658480673144,0.7500831995448931,14.0,4,0,90.75,125.0,34.25,9.10585892,42.61915099,47.35437552,4.735224533,2.275980349,44.25,10.0,12.75,39.25,68.25,56.75,False
S000701,phase,full,4,722262931,56.0,60,4,8,10,15,12,0.0123321747574971,0.040302236899771,0.1379223015068458,0.0215530005902964,0.1470019926666562,0.1869074085483894,0.1369862624831971,0.0574721436357654,0.0543109790394627,0.0424937394604195,0.0123690166702019,0.0080330220224679,0.6427338569736154,0.1752360790553803,1.2886385892026495,1.137689275286508,0.953313865472154,1.1842988343457794,1.2576940480203227,0.8405049816214336,14.0,4,0,33.75,45.75,12.0,14.44529912,14.48561437,23.82733279,9.341718417,7.842595566,42.5,12.25,6.25,14.25,13.5,32.25,False
S000702,phase,full,4,723262934,56.0,60,4,8,10,15,12,0.0129277941348831,0.0523173501378896,0.1273561851783228,0.0285638531107007,0.1121744451259838,0.2080289904254097,0.1109613238167196,0.090595294817583,0.060662491204418,0.0378741080157144,0.0336273515571165,0.0022376787162873,0.6665725906316593,0.1650949068578205,1.0893096736158443,0.9605298391441284,1.2958377186996728,1.130004612769921,1.1324932786276984,0.8570024299386605,14.0,4,0,43.5,46.0,2.5,5.567764363,20.81279445,23.23778476,2.424990308,2.495880375,40.0,9.75,6.0,7.5,13.25,32.75,False
S000703,phase,full,4,724262937,56.0,60,4,8,10,15,12,0.0295108784406822,0.0792997069466062,0.1985380528789821,0.0414501110569134,0.2022588546950457,0.2116723221159864,0.1300297889050112,0.0601466264544945,0.0403071244690211,0.0697102405841423,0.0106448648206066,0.0011205252944374,0.7076815474577413,0.3748385955555766,1.0167430623795863,1.1222276613701054,1.003004081917642,1.072734045564893,1.3994341913613586,0.9475773180801204,14.0,4,0,96.0,122.75,26.75,23.57081529,50.39574603,79.74475285,29.34900683,9.545260774,32.75,7.25,16.25,53.5,35.5,87.25,False
S000704,phase,full,4,725262940,56.0,60,4,8,10,15,12,0.0268819746167381,0.059792678069853,0.2944955151602385,0.0352272422052418,0.1705044606001789,0.1664363367304142,0.1537065883554679,0.0476431498494554,0.0699523540032597,0.0491948695457733,0.0085235236693586,0.0020017978288057,0.6551333530969126,0.1837018285713629,1.1768192731321057,1.0217296255448625,1.058992774847464,0.9222620076058244,1.1095431991025315,0.9385843252093612,14.0,4,0,83.0,87.5,4.5,3.872983346,37.97367211,42.29332619,4.319654086,2.910716263,30.5,10.5,26.5,32.0,27.25,60.25,False
S000705,phase,full,4,726262943,56.0,60,4,8,10,15,12,0.0322398876614454,0.0487172363693377,0.2474947420467003,0.057660709213514,0.1777146369824823,0.2533667467680924,0.1422299448846879,0.0908616051666488,0.0472544651100251,0.0437724891066189,0.0267606509405024,0.0059251598215879,0.8744209354153358,0.4076454382156507,1.1383145285982113,1.1416111332383654,0.9557628769323272,1.0568943567868587,0.9965024550188888,0.8059100455880921,14.0,4,0,81.0,110.5,29.5,29.82728058,49.09452508,60.92374225,11.82921717,8.25863714,16.0,8.75,16.25,32.0,40.5,70.0,False
S000706,phase,full,4,727262946,56.0,60,4,8,10,15,12,0.020064753036856,0.0438059929946368,0.2589595506672386,0.0340820108897152,0.1228088838725352,0.1951338575958756,0.0671920199326066,0.1056864150880318,0.0517551977896759,0.03488424003508,0.0343019741786265,0.0016013249456222,0.8987158279470318,0.2858758805300112,1.0908923902056478,1.1348230262379642,1.2349852286727718,1.4385998753994655,1.0242508166188933,1.0175847249264227,14.0,4,0,101.25,128.0,26.75,19.53415812,55.16028144,75.56423211,20.40395067,21.5697713,36.25,10.5,30.25,30.75,46.75,81.25,False
S000707,phase,full,4,728262949,56.0,60,4,8,10,15,12,0.0130067604966875,0.0840085298504605,0.1650613778334734,0.0256860946817731,0.1120808245831324,0.2751237521269307,0.1418147767010779,0.1153010250358075,0.0307315125655566,0.0329421204988605,0.0119263054480314,0.0023319728393993,0.3965706016876504,0.1716028371740307,0.980121218188704,1.0548639516770493,1.1052591516591246,1.439016523274847,0.9254545164298732,0.8655417811622931,14.0,4,0,58.75,63.0,4.25,7.365459931,16.25914976,17.79073388,1.531584126,1.472290627,47.0,6.0,1.75,4.75,16.25,46.75,False
S000708,phase,full,4,729262952,56.0,60,4,8,10,15,12,0.0279419205330007,0.0326080636935766,0.1313885515961707,0.042549908996193,0.1478900551793441,0.1929712237971907,0.0619146403595392,0.1064708291659041,0.0391912183292699,0.0439425437817858,0.0115592571753283,0.0112339894531217,0.6214859075043035,0.4209983859505503,1.175746259432746,1.1284600429184888,1.0450880851114557,0.9867044237992062,0.8799163309312366,0.7989247992903407,14.0,4,0,84.75,119.0,34.25,6.898067362,31.41976504,37.04993272,5.630167675,4.260454366,17.5,12.0,16.5,28.0,51.5,67.5,False
S000709,phase,full,4,730262955,56.0,60,4,8,10,15,12,0.0340031650578585,0.0516447839901858,0.2537376318323053,0.0345569217083566,0.1842943654416162,0.1562554463665549,0.0950753890261309,0.0972788552021794,0.0676186516601495,0.0665104970034183,0.0285636868508998,0.0105409887751264,0.7813960638086701,0.4129407554895473,1.1192880649936183,1.2359972953629184,1.1351939122523995,1.2674464222179578,1.0000246661363683,0.9790426683656996,14.0,4,0,127.5,269.25,141.75,40.92574577,69.41995034,135.3161067,65.89615633,20.21149407,24.25,11.0,131.25,114.0,101.75,167.5,False
S000710,phase,full,4,731262958,56.0,60,4,8,10,15,12,0.0122190691047809,0.0398699398999376,0.3193091336237145,0.0270786097281445,0.1718032613078212,0.1411522316732759,0.0625030905453418,0.0514223718553831,0.0566583434658002,0.0323111721446684,0.0284336577824847,0.0011641176808545,0.5123358364509886,0.2122916541501108,1.1614275741362443,0.9971479190400276,1.4895636903342864,0.8830337101189031,1.125264010913713,0.7232957766411168,14.0,4,0,119.25,161.0,41.75,16.87947472,31.55094528,42.07528244,10.52433715,4.273317641,40.75,9.75,70.0,67.5,86.75,74.25,False
S000711,phase,full,4,732262961,56.0,60,4,8,10,15,12,0.0234469053081595,0.057183459704427,0.2607212076998557,0.0155673311324654,0.1025457372004769,0.1442720761526627,0.0747456464420257,0.1057655744495706,0.0259448736185599,0.075039844296824,0.0293516719071888,0.0031976557050884,0.5100596150158293,0.2707994200066754,1.130201144651805,1.0940943599407695,1.047719520880848,1.0850930957902465,1.243988577342794,0.796859805731967,14.0,4,0,128.25,164.5,36.25,13.42572158,50.18607691,75.62858378,25.44250687,5.202067213,36.5,15.75,41.75,48.75,40.75,123.75,False
S000712,phase,full,4,733262964,56.0,60,4,8,10,15,12,0.0339195326852492,0.0617457449562298,0.1524281761326833,0.0332915049485868,0.2117136592995342,0.186588005247399,0.1113042462201766,0.0987368196437312,0.072801345821544,0.0718823666441884,0.0087351068544245,0.0057746899473905,0.7817754352504473,0.3772480152128092,1.1066535534223323,1.1940184149301096,1.1553080404005558,1.135010992814442,1.0643690490533733,1.001455729862546,14.0,4,0,123.25,202.75,79.5,35.55746523,70.41883075,116.9784072,46.55957642,13.59593693,27.25,13.0,46.0,48.5,61.0,141.75,False
S000713,phase,full,4,734262967,56.0,60,4,8,10,15,12,0.0148462030749655,0.0462967954406968,0.3174604248827086,0.0198765690201708,0.1035723264554648,0.2120022915612153,0.0643023680971144,0.120079721903414,0.0364486359246651,0.0555460609271596,0.0263078928207027,0.0035096766792119,0.3803039057462437,0.3039927365039637,1.2733047706573448,1.0485970076282702,0.9122680049201014,0.9229250676772904,1.237879785692133,0.7474118155646877,14.0,4,0,113.0,136.25,23.25,13.02241657,27.51423934,37.03632842,9.522089076,5.591067713,42.0,12.75,32.75,33.5,50.5,85.75,False
S000714,phase,full,4,735262970,56.0,60,4,8,10,15,12,0.0342527139987438,0.0794086140450675,0.1508699577547756,0.0491405220137096,0.1552326558809882,0.1722495691042714,0.1200723872580113,0.0652627372255101,0.0813773744244922,0.0360090558306465,0.0087454801915001,0.0102264532196135,0.5993084515435739,0.1717770316705262,1.0364755540268582,0.9603727109027655,1.4531858949492966,0.9043360294753592,0.9457546778267608,0.8806476523957805,14.0,4,0,51.25,56.5,5.25,12.01041215,17.90715694,18.59408514,0.6869281978,4.019582838,27.25,6.25,7.25,8.5,24.0,32.5,False
S000715,phase,full,4,736262973,56.0,60,4,8,10,15,12,0.0181610212095576,0.0566176448347606,0.1552722099543651,0.0546866649785497,0.1332681779347035,0.1806306009527742,0.0831900428510408,0.0603526772562523,0.0542098572000313,0.0314272806648579,0.0165146100534096,0.0034414531530957,0.4378988252454929,0.3160843070602021,1.0495710934873903,1.2711948359436531,1.134736454733583,1.1935087842354604,1.2308280616833944,0.8725104215065123,14.0,4,0,45.0,61.0,16.0,10.55146119,14.93386223,21.30904283,6.375180605,1.510500384,36.5,6.25,8.0,13.0,19.25,41.75,False
S000716,phase,full,4,737262976,56.0,60,4,8,10,15,12,0.0148612624382343,0.0543568482664958,0.2164679861533722,0.0294698275424676,0.1059110032174035,0.2155266139643571,0.1307564528023205,0.114404000150248,0.0295225300900214,0.0316246386602821,0.0125198681909197,0.001008980834297,0.4518518159646595,0.2459795913782716,1.1581186819282814,1.0850369875608146,1.2649216702485049,1.1798084884094109,1.1785389737820988,0.9136186575231758,14.0,4,0,86.0,104.0,18.0,15.03329638,24.2137761,33.56020627,9.34643017,3.151789944,41.25,8.25,6.25,14.5,37.0,67.0,False
S000717,phase,full,4,738262979,56.0,60,4,8,10,15,12,0.0210830287407486,0.0404825335847957,0.1316776013522292,0.0203231015777405,0.1136041568925651,0.1891923026768229,0.090519309093918,0.0531728248390786,0.0598042961764392,0.0265965829855901,0.01207433122333,0.0033594704874929,0.8249872182579667,0.4476157686742287,1.171249502822815,1.050760111820122,1.323376334550209,1.0050757532775108,1.211491282882789,1.0426201641894566,14.0,4,0,61.75,68.75,7.0,5.354126135,28.89006773,35.0655267,6.175458966,2.226635396,30.5,17.25,18.0,21.75,27.75,41.0,False
S000718,phase,full,4,739262982,56.0,60,4,8,10,15,12,0.0136421221520445,0.046084914706788,0.2570830936641398,0.0265824442754975,0.1242018526049475,0.1688939283736896,0.0843190454729802,0.1056170928144341,0.0281813294974264,0.0277628812369941,0.0171374147457637,0.004605227268651,0.8996047954664268,0.2504240871829409,1.2349459818685646,1.1261573611905404,1.3674672667023675,1.0344545794148443,1.0575754574316083,0.8121394650303706,14.0,4,0,91.75,145.5,53.75,13.20037878,44.62413088,65.23747889,20.61334801,7.161555742,40.0,9.0,33.5,24.5,76.5,69.0,False
S000719,phase,full,4,740262985,56.0,60,4,8,10,15,12,0.0204689078868487,0.0409494791210562,0.1318421119815521,0.0177744921195615,0.1873172367014592,0.1558304544439244,0.1419043318626081,0.0466165172303578,0.0217560661762594,0.0235078888799263,0.0222670878551322,0.0069500055794092,0.4108242773364698,0.3188976573947245,1.2771525741584144,1.045164417361619,1.2023594583549508,1.157885094105294,0.9232779669017548,0.8447613856476657,14.0,4,0,66.5,76.75,10.25,14.05643388,12.10628175,14.08194886,1.975667106,1.430340426,29.75,17.0,21.75,41.75,41.25,35.5,False
S000720,phase,full,4,741262988,56.0,60,4,8,10,15,12,0.0182447597912232,0.0412681415349986,0.1858466005137202,0.0295580961918428,0.1061745623852132,0.1803328188784463,0.0705344681654211,0.1172081034689569,0.0302136513293601,0.045416457979394,0.0083223161173693,0.0024937344435671,0.5610219282860198,0.4205553865881987,1.2334718374683444,1.0375243125222229,1.4668176034165454,1.0629088969089877,1.3722271756530815,0.8843961221109888,14.0,4,0,97.0,130.0,33.0,18.79716291,37.7979504,64.39172486,26.59377446,7.979401645,34.25,12.5,17.75,18.0,43.5,86.5,False
S000721,phase,full,4,742262991,56.0,60,4,8,10,15,12,0.0143298088048399,0.0599052567996147,0.1539800980508849,0.0299774322363105,0.197388328376359,0.2324533744947646,0.1008039179622475,0.1252304673919332,0.0457576084335306,0.0786260011265087,0.0270972595368127,0.0070289707518457,0.5183190024664402,0.4263149024085827,1.0764412422079466,1.1937452744677977,1.2822663190233718,0.9527651803711588,1.3439400796442282,0.8434864673557363,14.0,4,0,86.5,114.5,28.0,16.0623784,32.47720287,49.49320166,17.01599879,8.749369295,41.75,8.0,12.75,17.0,36.75,77.75,False
S000722,phase,full,4,743262994,56.0,60,4,8,10,15,12,0.0211130788945125,0.0669153730654552,0.2575040950665579,0.030355843214056,0.1275123243034906,0.2388549083347509,0.065455521314632,0.0618657937526539,0.0602653943638714,0.0416645934494992,0.0084548414393844,0.0074708133670141,0.7181548325217599,0.4252665886692138,1.0515460125317282,1.2414809494324308,1.0892657230792135,1.2697069962346244,0.8681789911795166,0.7333552176399125,14.0,4,0,80.75,127.25,46.5,26.45121295,35.02042805,47.75387264,12.7334446,13.38158382,40.75,7.75,25.5,53.0,50.0,77.25,False
S000723,phase,full,4,744262997,56.0,60,4,8,10,15,12,0.0128497371853528,0.0306553803031924,0.2380664314359582,0.0265140213221457,0.1228777718046508,0.2828796857635921,0.0742620890469097,0.0681115919693336,0.0217014135077241,0.0334549765982938,0.043335923865068,0.0018360188967258,0.8316644111484299,0.1640463441558446,1.0792446606565107,1.1025660076377046,0.9725036453936576,0.9063109944766528,1.3141057538622951,0.8014906186722691,14.0,4,0,77.5,97.5,20.0,16.39105447,41.72952065,55.83540104,14.10588039,8.56468312,39.25,11.75,14.25,44.75,42.0,55.5,False
S000724,phase,full,4,745263000,56.0,60,4,8,10,15,12,0.0121738353912786,0.0616726367384217,0.1418776577713769,0.0346669213719281,0.1023315503648383,0.1628943168989188,0.0608042532243281,0.0769421766781733,0.0422627589574712,0.0318813355384713,0.0082695320288876,0.0034262547865899,0.3595890284223148,0.3116598479962398,1.2731433887675716,1.2262205825927808,1.1072183838441665,1.046306518411517,1.1473812446912115,1.046910948122712,14.0,4,0,52.0,73.5,21.5,4.932882862,12.29131909,16.523247,4.231927916,3.075408342,42.75,7.75,17.5,18.5,31.5,42.0,False
S000725,phase,full,4,746263003,56.0,60,4,8,10,15,12,0.0158717130877632,0.0453350349707212,0.2717466334455652,0.0432547130339901,0.1243866149091014,0.24025548606978,0.1342091750513161,0.0503489981885101,0.055602966420034,0.0232551342346836,0.0299316084858462,0.0060731293968043,0.6335752482858416,0.1085243588372645,1.1826331509436532,0.9776678766847718,1.3325555004361878,0.9788640320863772,1.267495972073443,0.855508119887786,14.0,4,0,43.0,56.5,13.5,2.081665999,18.10223928,24.74494776,6.642708483,3.329597842,38.5,7.0,6.0,18.0,23.0,33.5,False
S000726,phase,full,4,747263006,56.0,60,4,8,10,15,12,0.0130961030932673,0.040690767857811,0.254939298908456,0.0216197478686729,0.1527148250481586,0.2208523841270238,0.0938173020110795,0.0983042126414579,0.0212716060075848,0.0379720682319067,0.0084648801579005,0.0013080987345757,0.6394348770295644,0.3901735545737392,1.0162549380170325,1.228580365081824,1.408041533638252,0.8969167694548799,1.276267066406308,0.7391854270294339,14.0,4,0,139.0,170.25,31.25,16.29672769,50.89652614,71.17373146,20.27720532,4.6375267,43.75,8.0,20.0,28.25,78.25,92.0,False
S000727,phase,full,4,748263009,56.0,60,4,8,10,15,12,0.0165708200444152,0.0464963952605657,0.2257168481758427,0.0451580943061869,0.1138052833099478,0.2697345563517822,0.149675808019518,0.123878198514588,0.0502012260630514,0.0589848625359944,0.0375754839410414,0.0038785334560096,0.3936879743859707,0.114649689167214,1.0621169820436398,1.2732200614506803,1.4734144705934062,0.9332098755850724,0.9607527721461526,0.7845053009715475,14.0,4,0,50.0,88.25,38.25,18.13605984,15.91928111,25.24539826,9.326117148,3.81648303,37.0,9.0,7.5,13.0,22.5,65.75,False
S000728,phase,full,4,749263012,56.0,60,4,8,10,15,12,0.0220605106224802,0.080379673815031,0.1527237519053217,0.052445230166609,0.1197812794195078,0.2447346631170214,0.1147816382586592,0.0995019990577367,0.0213223763623498,0.0201848047053984,0.0098361550636885,0.0082374563368597,0.5916291517887347,0.2323997024406783,1.3461656082507445,1.031197722995721,0.9416725693795028,0.9897070100539438,1.333034866620844,0.7715978236667688,14.0,4,0,64.5,78.0,13.5,8.22597512,18.79894975,25.94105742,7.142107664,4.255708952,32.75,6.25,5.25,12.0,41.75,36.25,False
S000729,phase,full,4,750263015,56.0,60,4,8,10,15,12,0.0207274894560169,0.0349289818536832,0.2326516474497668,0.0376267915466307,0.1217352215940044,0.2288086432436774,0.1277302284787049,0.0939203597466565,0.0228768923545254,0.0650489634700783,0.0091227666140778,0.0016490282090709,0.8548604902127103,0.1509635511736937,0.9878374472070536,1.239894981385419,1.2987300852983503,1.104927535288264,0.9934935869506436,0.8265821841907879,14.0,4,0,122.75,152.0,29.25,7.889866919,79.86227757,102.7641114,22.90183385,13.22544398,29.75,10.5,15.25,23.75,31.5,120.5,False
S000730,phase,full,4,751263018,56.0,60,4,8,10,15,12,0.0160953726345688,0.0368309443527202,0.3062556816969568,0.0476444073732865,0.1313535986182048,0.1894010268737345,0.1722413800020642,0.0917526322094443,0.0233713100026762,0.0213268870600721,0.0406985582350266,0.0055723535516616,0.4504285838264664,0.3645000054265848,1.0477166222178167,1.0392219361369748,0.9162306591705548,0.8807285113330181,1.0649708733878271,0.7690929092232819,14.0,4,0,68.75,89.75,21.0,13.4412301,16.48854926,17.83667986,1.348130595,3.247176001,33.25,8.25,13.0,28.5,52.75,37.0,False
S000731,phase,full,4,752263021,56.0,60,4,8,10,15,12,0.0152860314260249,0.0437310507321861,0.2578760183104155,0.0216041646962995,0.1092426919841997,0.1603451548841943,0.1713422985221028,0.0608196603516695,0.0683215811864961,0.0674660327796733,0.0145606387122153,0.0049392871464728,0.5190188640673213,0.131670083482345,1.0491411609431034,1.076133287462522,1.3351669770966892,1.069756305095562,0.9459394736857476,0.8430034275687212,14.0,4,0,55.25,69.75,14.5,4.509249753,22.95059995,27.77571046,4.825110515,1.799706567,40.0,12.5,13.25,17.5,14.0,55.75,False
S000732,phase,full,4,753263024,56.0,60,4,8,10,15,12,0.025443970299026,0.0341810781795066,0.2023952184116933,0.0198929157533781,0.1282287812628819,0.1690436846213502,0.0825560663276906,0.0517024132146856,0.0692909874751937,0.0601393130393575,0.009214518663086,0.0040556643789436,0.5678275625086425,0.1560736624704428,1.180714826053986,0.9797613869117558,1.4185725265522762,1.296038372505519,1.106890239879916,1.0422190512931486,14.0,4,0,87.25,102.5,15.25,5.909032634,33.67762435,46.53928402,12.86165967,0.9196439618,29.25,17.25,24.0,25.75,26.75,75.75,False
S000733,phase,full,4,754263027,56.0,60,4,8,10,15,12,0.0262082127950715,0.084716529813339,0.1630530839287106,0.0316163734338708,0.1115748767861607,0.149747106558848,0.1477890248030763,0.0920616243680661,0.0439163964257263,0.0500285479923403,0.0197095071676892,0.0014921078774993,0.4111349810448127,0.3148285272989014,1.0603166417661904,1.2789649188740857,1.225597609394919,0.8579910331953264,1.1941908561636314,0.8708761343626362,14.0,4,0,54.75,83.75,29.0,8.831760866,17.06599928,26.54456266,9.478563375,2.204469863,37.5,8.5,11.5,12.5,26.0,57.75,False
S000734,phase,full,4,755263030,56.0,60,4,8,10,15,12,0.0129978373167858,0.0321950775354621,0.1522878209697639,0.0521851861946673,0.2098162071515973,0.1716924038519213,0.1014886188760658,0.0857880031772148,0.0462360984078304,0.0751301402177421,0.0232774160752252,0.0068721935747507,0.6145365850087754,0.2968413635899076,0.999754524263782,1.079893086028139,1.1196055366877409,0.9317829707675968,0.894786312878985,0.9575041337295406,14.0,4,0,70.75,82.5,11.75,10.1447852,34.14865826,35.50605226,1.357393999,7.245785462,39.0,6.25,11.25,21.0,20.5,62.0,False
S000735,phase,full,4,756263033,56.0,60,4,8,10,15,12,0.0296509007131546,0.0758667814524759,0.1782155098350513,0.0473650212127304,0.1524795298952195,0.2455291911863973,0.0669317933640504,0.0622326335906391,0.0228330406628523,0.0514175348498807,0.0152484211409064,0.0033927394654244,0.486939398646346,0.3138275264277293,1.084923137482004,1.0361791100752886,1.111335979370626,1.363657070902864,0.9247955219687968,0.7211948685498357,14.0,4,0,97.5,122.0,24.5,5.802298395,32.3193104,43.59727175,11.27796135,4.490708499,28.0,7.25,9.0,33.5,26.0,96.0,False
S000736,phase,full,4,757263036,56.0,60,4,8,10,15,12,0.0135746734475419,0.0392516545010949,0.1829012980972972,0.0240140060664059,0.1849011731316009,0.1467257312307048,0.0938917438102764,0.0594609150178711,0.059523684051327,0.0314499774037083,0.0219626484283171,0.002861928855075,0.6177935243177993,0.2681041395181358,1.056090511886906,1.09102479833335,1.078045510030524,1.3315677188027282,1.199640479595412,0.9967188653474,14.0,4,0,72.0,78.0,6.0,15.51343504,26.05362693,33.54471334,7.491086409,6.214492442,41.75,8.75,31.25,33.75,29.0,49.0,False
S000737,phase,full,4,758263039,56.0,60,4,8,10,15,12,0.0186598731409404,0.0404480571229374,0.1535884661614807,0.0163561226943851,0.1509990910675331,0.1469386533051641,0.1107645060844297,0.0658551606508966,0.0295365655658112,0.0524310954228694,0.0355431458580371,0.0069076323979529,0.5532217137894275,0.4257832516368093,1.3229800923724095,0.9763849564120932,1.468893128870658,1.081941125928344,0.939613414387633,0.9207457850360063,14.0,4,0,66.25,82.75,16.5,4.358898944,25.50241552,30.03123678,4.528821269,1.394850326,37.5,15.5,20.75,24.0,25.5,57.25,False
S000738,phase,full,4,759263042,56.0,60,4,8,10,15,12,0.0171070503161621,0.0497006123540927,0.2992852457057946,0.0279008549248455,0.1965139686905627,0.1448445710580349,0.1729387942598407,0.1157442567881893,0.0429855533704109,0.0389414499686938,0.0330415629687365,0.001047765425304,0.882071844167694,0.4083490253688807,1.0018690777128356,1.2004064773883556,1.022401206418688,1.0387268684559692,1.0198670332101645,1.041363923223223,14.0,4,0,107.25,139.25,32.0,13.88044188,56.81841118,71.81535258,14.99694141,11.28255918,37.25,8.25,50.75,34.25,61.0,78.25,False
S000739,phase,full,4,760263045,56.0,60,4,8,10,15,12,0.0137062181594347,0.0775540527145721,0.2759724153994182,0.0383988406618232,0.216764596612702,0.1917686239568417,0.0636535141942521,0.0877534821421972,0.064318003461014,0.022468578758704,0.0302903823982254,0.0011806324991653,0.7499634717634538,0.2093578674233345,1.0416747166016314,1.1666311309102917,1.1559737189773795,1.4231196974335805,0.9145630534278428,0.7264505265081331,14.0,4,0,94.25,197.0,102.75,48.47937706,33.30028158,64.04858851,30.74830693,13.72259339,45.25,6.75,92.5,101.0,106.25,90.75,False
S000740,phase,full,4,761263048,56.0,60,4,8,10,15,12,0.0174451237783489,0.0740551596302631,0.1477403231533711,0.0197150700603243,0.1497777251550511,0.1873796302784914,0.1389307460793373,0.0930197762426229,0.0331751735192377,0.0385187006648219,0.0181898742182249,0.004458811669384,0.8152205803436963,0.1427764933278876,1.1694214346387688,1.2462037155446453,0.9778368866911296,1.3777336039845025,1.116028836689071,0.7294386442632413,14.0,4,0,58.5,85.0,26.5,15.15475723,33.36040801,50.80148489,17.44107688,7.516775162,45.0,8.5,11.25,23.5,26.75,58.25,False
S000741,phase,full,4,762263051,56.0,60,4,8,10,15,12,0.0230203331856209,0.064416518800481,0.2269410365660223,0.0230544462722364,0.1079201401258908,0.2370429306297878,0.1275976869134567,0.082166775602441,0.03633794433171,0.0374254791197632,0.041520634528924,0.0040077217574605,0.6392716836280037,0.2841370073967536,1.0224427135554768,1.2389262186476957,1.320285816108291,1.0753301057738576,1.086757536714541,0.7216939053406025,14.0,4,0,61.0,92.25,31.25,8.808140174,27.30949556,39.20649491,11.89699935,6.01513528,41.75,8.25,14.75,20.25,33.75,58.5,False
S000742,phase,full,4,763263054,56.0,60,4,8,10,15,12,0.0136172477809119,0.0315180098709226,0.2408870382851511,0.0355198304865595,0.1668500829236452,0.1652469686253207,0.1057051646969907,0.0673710160148197,0.0278230569053507,0.0446373364390969,0.0089547557370987,0.0010053613595646,0.8960276552374461,0.3238015794333864,1.2702198974439705,1.0185550406666308,1.1121860276652962,1.133847629928734,0.8516239723955331,0.8113352162314691,14.0,4,0,107.25,121.25,14.0,6.92820323,63.91577525,65.73245109,1.816675842,3.22477431,33.75,11.25,20.5,30.25,37.25,84.0,False
S000743,phase,full,4,764263057,56.0,60,4,8,10,15,12,0.024103310489222,0.0484509646893922,0.1532585507500271,0.0346269263506743,0.1012283524153475,0.2366445203812338,0.0654859746345796,0.0690876688508426,0.023501990043365,0.0226846915437484,0.0112264619499884,0.0012841578335684,0.8919557049889789,0.3607451037468332,1.1044955072395972,1.2236704394669475,1.3782204229323718,1.0474720666107775,0.8854397495420603,0.7822462919849487,14.0,4,0,82.5,122.0,39.5,24.41993721,42.16766377,48.54862952,6.380965748,7.540161876,32.75,9.25,11.5,26.0,63.0,59.0,False
S000744,phase,full,4,765263060,56.0,60,4,8,10,15,12,0.0296988623298106,0.0839405773035983,0.1339677228767466,0.0257161699309641,0.1412613716324279,0.2205467002267837,0.0953565347993715,0.1289450777411011,0.0788050988136264,0.0325177776239516,0.033537685414395,0.0035389012961383,0.4090492655370245,0.2798638429845815,0.9894973422826484,1.2929724630440549,1.4861981683810808,1.0997144414565714,0.8913939962857506,0.9589609065501232,14.0,4,0,60.75,88.75,28.0,17.02938637,16.94799786,21.7480644,4.800066546,2.490079965,36.75,11.75,14.75,12.5,32.75,56.0,False
S000745,phase,full,4,766263063,56.0,60,4,8,10,15,12,0.0164742707010085,0.0602481538251742,0.2816874416961389,0.0264603304382019,0.1288911619257218,0.1508210279360014,0.1313883867501704,0.0764125342770999,0.0487490032326874,0.0443800633626152,0.0089128981794895,0.0064270451706257,0.4936384275951786,0.3010678070772436,1.294619076871823,1.0414198658592446,0.9867074180317198,1.1171030632508845,1.0872770538568544,0.7558809741157206,14.0,4,0,62.0,85.0,23.0,6.377042157,18.77095063,27.71011163,8.939160998,1.236217647,40.25,12.0,25.5,29.0,32.5,52.5,False
S000746,phase,full,4,767263066,56.0,60,4,8,10,15,12,0.025240411046353,0.0421927956762047,0.181452950775746,0.0161534083545883,0.1133517562398421,0.2087624457093403,0.1146184687921253,0.0877017702865367,0.0232371661737231,0.0615788479730584,0.0086995131349999,0.0027004776875909,0.5459819771233436,0.1777361347712486,1.1254522360198376,1.0240590957656623,1.4517128844450502,1.4272637590943722,0.909596005435355,0.7970635348643653,14.0,4,0,107.5,123.75,16.25,7.762087348,41.81503934,49.62046381,7.805424476,4.149781002,30.75,16.5,16.5,21.5,26.75,97.0,False
S000747,phase,full,4,768263069,56.0,60,4,8,10,15,12,0.0187744228644058,0.0816035057675917,0.2797739908629526,0.0339533706907512,0.1353415024895355,0.1925463680922608,0.0933181270112727,0.0463682590485788,0.0516760870888641,0.0705938634870024,0.0298864383680202,0.0017253520570649,0.87019479094507,0.391166723286792,1.078897906338137,0.9619917685419008,1.38807626445349,1.0141141613768845,1.1580331256477925,0.7849329859852696,14.0,4,0,71.5,85.0,13.5,9.255628918,51.57415974,64.80854027,13.23438054,6.707109145,43.75,5.5,12.5,26.75,20.0,65.0,False
S000748,phase,full,4,769263072,56.0,60,4,8,10,15,12,0.0196057118458336,0.0419678483815168,0.1384129492445542,0.0239951652847487,0.1277520590475495,0.1650993383100756,0.1006372928765417,0.0880408900040796,0.0214099250635794,0.0220712129390358,0.0239155060973529,0.0021097198066583,0.5901644317324383,0.1166668146442133,1.1787520063392454,1.0535912099829403,0.9524660040791632,1.3027075215696893,1.068988432581239,0.8444024833077787,14.0,4,0,67.75,76.0,8.25,4.573474245,21.69075296,26.86070754,5.169954578,2.748599656,34.75,15.0,7.5,18.25,32.0,44.0,False
S000749,phase,full,4,770263075,56.0,60,4,8,10,15,12,0.0232246758297277,0.0699925677382437,0.1992751158773988,0.0322056535276426,0.1511704173726397,0.169595087218323,0.0634280979258645,0.1194889208536515,0.0640081652685636,0.038645830373174,0.0101358557559647,0.0013111130192417,0.8649186398943653,0.1636896727301581,1.1155655137298963,1.2923897498687311,1.3978079151433838,1.0824667265225854,1.015354635795416,0.9968110149080124,14.0,4,0,106.5,191.5,85.0,23.50886358,55.4990257,94.51807334,39.01904764,9.64835765,38.5,7.0,60.0,38.0,84.5,107.0,False
S000750,phase,full,4,771263078,56.0,60,4,8,10,15,12,0.0272123698609845,0.0343897326934261,0.1221894011376489,0.043388252178685,0.1972061190298397,0.2962435149410396,0.1519032700844177,0.0716044910328109,0.0650171030279242,0.0318336802802984,0.0154298932467158,0.0023698446460386,0.4415824939883351,0.1296275784686671,1.000490892622308,1.2300239254983034,1.0349008601444112,0.8996658635802566,0.9047220111237948,0.930897386709088,14.0,4,0,61.5,73.25,11.75,1.5,18.68326685,18.55931618,-0.1239506711,1.905935901,27.5,9.5,7.25,14.5,28.5,44.75,True
S000751,phase,full,4,772263081,56.0,60,4,8,10,15,12,0.0217203505787601,0.0558087932932226,0.1376542381143562,0.0441887241893503,0.13717998601716,0.1911595793842544,0.0684963269636796,0.1088722755041226,0.037541657280435,0.0800379709392523,0.0218065073747869,0.0010750310598712,0.6546684131210557,0.2907945229995441,1.03348091781884,1.0477967957691317,1.2567939617484938,0.999546619247627,1.0255994541644484,0.7619522131566544,14.0,4,0,75.0,88.0,13.0,7.118052168,38.49409549,45.80564943,7.311553935,3.085639222,34.75,5.5,7.25,12.5,16.25,71.75,False
S000752,phase,full,4,773263084,56.0,60,4,8,10,15,12,0.0280099692768484,0.0572725388207787,0.1938050977113337,0.0247149704089575,0.16862813699463,0.2495681365120694,0.1743834411589617,0.0949974625764951,0.082251298278753,0.057439397080851,0.0187189724985541,0.003781704989775,0.7895309413013444,0.1390049636234305,1.0696676135767151,1.1990672620085858,1.4359627864891673,1.0070529496484733,1.324857693696213,1.0017641712375072,14.0,4,0,69.75,87.75,18.0,9.38083152,39.80208744,62.63854792,22.83646047,3.113563203,34.5,11.75,13.0,14.0,22.75,65.0,False
S000753,phase,full,4,774263087,56.0,60,4,8,10,15,12,0.0143963055166549,0.0667804833659524,0.2833450186385624,0.0255600728832472,0.2059591689205856,0.2655740419451015,0.1761966527769452,0.0655499489522473,0.0221263069130833,0.0311442119140529,0.0179528566610418,0.001211164919468,0.3954718823048714,0.2999586469507745,1.1399393315992046,1.1534362944161534,1.093314305772409,0.8792918279409435,0.9263331272133188,0.8499152836536451,14.0,4,0,93.0,114.25,21.25,12.28481447,23.79142794,22.62588156,-1.165546378,2.518709745,42.5,7.75,8.75,35.0,54.0,60.25,True
S000754,phase,full,4,775263090,56.0,60,4,8,10,15,12,0.0337269493142136,0.0479359903501668,0.2435520150586291,0.0339147893803951,0.1597387543718326,0.1713305590166765,0.1390181834352043,0.0616930548032607,0.0434132909238124,0.0351518512154436,0.0130955147249816,0.0016853032108097,0.6277184793440918,0.3501858480958818,1.1837334657410783,0.9668960679772494,1.2693186251170974,1.2087484638734336,1.2150945425356798,0.9381241182610102,14.0,4,0,115.25,123.5,8.25,15.86137867,42.73042393,55.38610516,12.65568123,8.201060233,23.5,11.5,14.25,27.25,47.0,76.5,False
S000755,phase,full,4,776263093,56.0,60,4,8,10,15,12,0.0219199248409037,0.0498844744173301,0.2251199370451188,0.0430147872828487,0.1154582379344507,0.1441312558448257,0.0687592544904004,0.0957538089447966,0.0236316943202716,0.0546509394112527,0.0255574547803898,0.0044422090004721,0.4199636615003833,0.3376558845481691,1.1183737535562126,0.9977954761030204,1.1696105858227333,0.9211748011089272,1.1532669304003265,1.0191388435778403,14.0,4,0,88.0,85.0,-3.0,10.45625809,27.63441902,28.53288154,0.8984625145,3.452575695,31.5,8.25,14.0,15.75,24.25,60.75,False
S000756,phase,full,4,777263096,56.0,60,4,8,10,15,12,0.0142418628105743,0.0711511937484705,0.2903751851581196,0.0544035676023054,0.2134614282455878,0.2464344620838323,0.076375509556543,0.0756175322821885,0.0523023879199527,0.0767069809101312,0.0125874148359263,0.0048295361839007,0.5800604361153276,0.2158372546355294,1.087236538044232,1.0406654787022571,1.3193152038877527,1.252562979213754,1.1345987200430283,0.858754622657849,14.0,4,0,109.75,122.5,12.75,6.701989754,45.7209293,60.71232555,14.99139625,5.46594018,38.75,6.0,18.25,29.25,27.25,95.25,False
S000757,phase,full,4,778263099,56.0,60,4,8,10,15,12,0.0195292225691358,0.0849960932830283,0.1217038275634396,0.0203375726667172,0.1428854705924175,0.2516636115247677,0.1098156363084556,0.0649905497271386,0.0557398902716634,0.0412302616614292,0.0422446912433962,0.0012536335791849,0.5941959072462806,0.2490399318608637,1.2762204272136073,1.280007286050148,1.2886044336496945,1.1095172407468112,1.3273627565454729,0.915923240988008,14.0,4,0,40.5,63.0,22.5,12.12435565,19.33539373,31.48998416,12.15459043,4.600525609,41.75,11.25,10.0,19.75,18.0,45.0,False
S000758,phase,full,4,779263102,56.0,60,4,8,10,15,12,0.0316423400369732,0.0803217166171544,0.2447489348738764,0.0155166692979458,0.2027636768313814,0.2935654092178687,0.1558807289752598,0.1274501633398999,0.0336659337435321,0.0242756854458525,0.0200022039602146,0.0118777739598613,0.6521038252191513,0.3655587778179817,1.0099294132427143,1.2870189371954217,1.235707844184594,1.3862337094916517,0.8698698459426296,0.8497126969203125,14.0,4,0,124.25,205.5,81.25,19.98958062,38.31775562,51.61479596,13.29704034,5.462389523,38.0,15.75,23.5,36.5,119.25,86.25,False
S000759,phase,full,4,780263105,56.0,60,4,8,10,15,12,0.0299627996869137,0.0675781306817246,0.1786346467222912,0.0178522413193902,0.1323408431812106,0.1461005753707256,0.1316394880898095,0.0539015314546987,0.0394514012490948,0.0221170650938052,0.024619794453835,0.004701187426961,0.4687503479200734,0.4178172065839453,0.9858143789125088,1.0400161898539593,0.9712345423533828,1.0897377846285492,1.1482206193603286,1.0078457767554605,14.0,4,0,54.5,53.5,-1.0,3.366501646,14.69711428,14.7067287,0.00961441169,1.1440702,37.25,13.75,18.0,26.5,24.0,29.5,False
S000760,phase,full,4,781263108,56.0,60,4,8,10,15,12,0.0120499046939757,0.0415779143006186,0.1433329966838416,0.0181800094958684,0.1715118800382152,0.1997637503353018,0.082498201185623,0.0963435459747529,0.0238089862067445,0.0712531558844593,0.0377845154412134,0.0021942935960772,0.6895974556958145,0.4391356386793378,1.0150691458259784,1.0507257879206615,1.2677611907219484,0.9468432069289066,0.8934242339361277,0.8305901736381494,14.0,4,0,66.75,80.25,13.5,13.77195217,34.8580659,37.74294872,2.884882826,3.368185169,43.5,10.5,10.25,14.5,21.5,58.75,False
S000761,phase,full,4,782263111,56.0,60,4,8,10,15,12,0.0133708983962264,0.0549273139845023,0.3194469307575581,0.0252947290111815,0.1058339299155612,0.2404329913689814,0.1401897213550853,0.0947456636505204,0.0200255249869871,0.0438410528150107,0.0247877642835957,0.0017531935284634,0.4874939617132063,0.2608840844024725,0.9966489156216456,1.0990544630835133,0.9190625162032516,1.222000518076943,0.9120999733744428,0.7912424462043132,14.0,4,0,81.5,87.0,5.5,7.549834435,28.41260027,28.3242375,-0.0883627671,1.746933057,44.0,9.0,11.0,23.0,24.0,63.0,True
S000762,phase,full,4,783263114,56.0,60,4,8,10,15,12,0.0325398612962381,0.0335784656467063,0.1471274897723318,0.016484080652931,0.1479722913236643,0.2115208751431154,0.1715864375357796,0.066285428599171,0.0512796633620694,0.0231380650622527,0.0137566343378583,0.0028228696318613,0.4837600932270948,0.2970586985219702,1.1388274469986888,1.2775353586822693,1.4743980154270684,1.089002725294809,0.9026173422428267,0.766443583961485,14.0,4,0,72.5,118.0,45.5,20.174241,19.69226715,27.12845717,7.436190016,4.540642362,27.5,17.25,20.75,27.75,59.5,58.5,False
S000763,phase,full,4,784263117,56.0,60,4,8,10,15,12,0.0229980412545053,0.0524430459999646,0.1806417721221506,0.0168489108156422,0.1709105612152904,0.1748705553363093,0.1397116111372376,0.0599174081521367,0.0787274345132213,0.0381737206502317,0.0094078420227213,0.010203532164899,0.8153614886557814,0.2958923547207543,1.0315543836022474,1.0556377188172252,0.9364595603796192,1.4404560502891086,0.9243794319228632,1.029562782839853,14.0,4,0,63.75,68.25,4.5,11.32843031,30.35569805,34.45995843,4.104260372,5.875848232,38.0,13.0,22.75,32.25,23.75,44.5,False
S000764,phase,full,4,785263120,56.0,60,4,8,10,15,12,0.0145109204818061,0.0397310075003099,0.1759920916855124,0.0396020026674158,0.1790668404562519,0.2978984548058568,0.0982320121055205,0.0551130066121739,0.0643516776100241,0.0241735779353455,0.034782597402611,0.0018325899779167,0.354610364687376,0.2590631777530937,1.1475042855892497,1.1922919982102962,0.9898675708745728,1.083723517838102,1.217089532524642,0.7782812127199334,14.0,4,0,48.0,63.0,15.0,4.760952286,10.42651124,15.32984979,4.90333855,2.470101247,34.25,8.5,11.75,24.75,25.25,37.75,False
S000765,phase,full,4,786263123,56.0,60,4,8,10,15,12,0.0156096926218993,0.0390517820577404,0.1457457721363761,0.0596176953716434,0.1359430119747149,0.1801632749451441,0.1075281381845216,0.0482277393932276,0.0476412511658851,0.0262027617127818,0.0090544173340194,0.0019736748786186,0.3527404784988066,0.3872718134608613,1.010271233582278,1.0544713466290614,1.1358593987124836,1.27069693980661,1.3266802902116503,0.8855276373371207,14.0,4,0,48.0,51.0,3.0,6.831300511,11.62091838,16.93683405,5.31591567,1.974622145,34.0,4.25,3.75,10.5,10.75,40.25,False
S000766,phase,full,4,787263126,56.0,60,4,8,10,15,12,0.0201128157258145,0.0581874981582739,0.216901136489526,0.0198526826155818,0.153864365764746,0.2368250191680654,0.0913211621196661,0.0845192060153103,0.0308537545584167,0.0318060065630896,0.0384155911016744,0.0086838942138446,0.5834563747530763,0.1592805982846312,1.0019806365347432,1.2165468160743511,0.9475183593333448,1.1080595373579132,1.1679539188138313,0.8649338390895228,14.0,4,0,81.5,110.0,28.5,19.62141687,24.8397384,36.12122796,11.28148956,4.406732291,39.5,12.5,22.5,55.75,55.25,54.75,False
S000767,phase,full,4,788263129,56.0,60,4,8,10,15,12,0.0278260811931707,0.0732451773693757,0.120943576674717,0.0341275009505267,0.1043373889358391,0.2882615366569457,0.0681191254918836,0.056837108052786,0.0607228340238973,0.0523266636163334,0.0189501923274821,0.0017592632557043,0.4539531043003473,0.424722513126061,1.0158222460945123,1.151729125066407,1.16996580663186,1.3727495650805115,0.9448067392922072,1.0371368525204134,14.0,4,0,48.25,56.5,8.25,5.737304826,18.91513851,21.54968978,2.634551272,1.50667594,36.75,9.75,6.25,14.0,8.5,48.0,False
S000768,phase,full,4,789263132,56.0,60,4,8,10,15,12,0.0162283336559187,0.0601069641323737,0.1940601369769722,0.0191272007937695,0.1294699251364695,0.2163390427962664,0.1604895143251548,0.0607746799798843,0.0216299700142656,0.0556002136981485,0.0206058673745221,0.0036412230035539,0.5059321539980106,0.4454206274154386,1.2627175535181523,0.9703768331037802,0.969504438630663,0.9590231886177936,1.3475851256473814,1.030597609018901,14.0,4,0,64.0,60.75,-3.25,8.539125638,26.66536708,31.76038311,5.095016035,4.577410752,43.0,10.5,6.25,18.5,14.0,46.75,False
S000769,phase,full,4,790263135,56.0,60,4,8,10,15,12,0.0266312414665156,0.0344318232069884,0.238591603052053,0.0464549490926965,0.1084280146175573,0.1700660196092042,0.0819819066784568,0.1050319989569863,0.0493523046066887,0.0206291695346943,0.0085893083300866,0.0038766101113019,0.8501712861280137,0.4467722287692542,1.1924914857800104,1.1571610341862557,1.1116326690849447,0.898915987462369,1.0961952021093535,0.7551674027225553,14.0,4,0,93.5,148.75,55.25,24.30877756,34.55793404,52.8283266,18.27039255,9.719031952,21.25,11.75,24.25,26.0,90.0,58.75,False
S000770,phase,full,4,791263138,56.0,60,4,8,10,15,12,0.0256564756691753,0.0683420646628906,0.1924548167357588,0.0408161037776894,0.1984795410600038,0.1745013958416565,0.0628115178067017,0.1179137841373398,0.0573643556006389,0.0369129131257427,0.0081752537889181,0.0055542981997009,0.6628413386650236,0.1500183432952168,1.2453183331231283,1.121380815662507,1.184238922427977,1.380639019390461,1.0964246255645174,0.7942129104376229,14.0,4,0,164.5,258.5,94.0,26.31856126,56.70967308,106.9504039,50.24073078,12.26207748,32.0,8.5,68.75,58.5,110.0,148.5,False
S000771,phase,full,4,792263141,56.0,60,4,8,10,15,12,0.0177648816452061,0.030733947938982,0.1276809592081042,0.0175740275912373,0.1916351758444907,0.2153147067542966,0.1364222057392398,0.0753388343432379,0.0237147009978971,0.028208638920005,0.0360567085741603,0.0054849854639233,0.8349934411189746,0.1425290410301324,1.1077350370193244,1.0454145198021183,1.154058474382989,0.9348973886150138,1.3322147323522786,0.8817180771264778,14.0,4,0,55.75,72.5,16.75,1.5,26.56834459,40.00379125,13.43544666,6.804790534,36.25,16.0,16.25,30.5,32.75,39.75,False
S000772,phase,full,4,793263144,56.0,60,4,8,10,15,12,0.030544458445205,0.0302977739779185,0.2127157519987899,0.0373451754830686,0.1039542633810946,0.2514757425356358,0.0601371762528343,0.0775557537418652,0.0410603220694736,0.0355371395892558,0.0297258941431364,0.0077163847988006,0.8266243318524984,0.1455749229438739,1.2807921694904725,1.0509908294796588,1.0974443354984276,1.369871997265589,0.9961435955513698,0.9454759752458644,14.0,4,0,78.25,108.0,29.75,12.28481447,38.58337114,57.25137913,18.668008,8.966830606,18.75,13.25,16.25,37.25,38.25,69.75,False
S000773,phase,full,4,794263147,56.0,60,4,8,10,15,12,0.0255911281011123,0.0504890419318319,0.211403398550387,0.0166396858844054,0.1953046715531708,0.2084311033578229,0.0776140374954409,0.0702410436321284,0.0463574098377984,0.0501007314636857,0.0083390360702698,0.0013696711418621,0.8061829642682002,0.4224084022207121,1.1472703811865292,1.1770463728812426,1.035646949057672,1.3471677120802217,1.3408146270469026,0.8269675202510792,14.0,4,0,157.0,254.5,97.5,36.57412564,80.73243403,161.0337558,80.30132176,29.14441779,34.0,13.75,61.25,108.75,96.5,158.0,False
S000774,phase,full,4,795263150,56.0,60,4,8,10,15,12,0.028346255937067,0.0528210339296148,0.2230347251197404,0.0296334434419212,0.1854348483079788,0.1527980734944627,0.1225124407642175,0.1261432239021956,0.0322646305730695,0.0288820635147537,0.0089189172456685,0.0013643332220777,0.4670954280249586,0.2639343646743478,1.1205886053303198,1.0078303474099193,1.4822749806442272,1.3929372251274492,0.9463921634677556,0.8147599487626102,14.0,4,0,161.5,182.75,21.25,27.52423175,40.03741916,48.64170901,8.604289847,6.08667641,26.5,12.5,24.5,17.25,72.5,110.25,False
S000775,phase,full,4,796263153,56.0,60,4,8,10,15,12,0.0208680938142738,0.0395319437892792,0.1589313749233527,0.0263133212250978,0.1278965218892764,0.1564539405748685,0.1129423289274332,0.0708017115447431,0.0236353226574481,0.0371543825377164,0.0345731235255395,0.0104606052452595,0.5218133911438261,0.1845050360744133,1.0310956828617943,1.1434275086487409,1.354172905964821,1.0279430553340887,1.1515066722628624,0.9706548285576732,14.0,4,0,60.0,77.0,17.0,13.90443574,19.17697301,27.86822334,8.691250337,6.859490461,35.5,13.25,19.75,24.5,28.0,49.0,False
S000776,phase,full,4,797263156,56.0,60,4,8,10,15,12,0.0339064372615975,0.0633723014913847,0.1936507818302901,0.0429694529559774,0.1761881473429691,0.1615138566617974,0.1434818820153815,0.0572006480495472,0.0244819006289259,0.0571098849376761,0.0173078716038937,0.001966869328513,0.3514993827479195,0.3460629615874676,1.0075620659560054,1.0067037327634625,0.9603206060474568,1.4084614371397872,1.2780052606576011,1.0085823450056286,14.0,4,0,95.0,92.25,-2.75,8.421203398,23.5920294,29.74144883,6.149419425,2.147573964,24.0,11.75,21.5,32.0,20.25,72.0,False
S000777,phase,full,4,798263159,56.0,60,4,8,10,15,12,0.0121010954961271,0.0523491359197238,0.3132981818689442,0.0207609949617791,0.1390659095278008,0.261982529239067,0.1399149307227048,0.0621747476174544,0.0767385860458618,0.0404226165273747,0.0213909158068085,0.0028927529155676,0.4045871031392199,0.4307143984981559,1.1177424748385096,1.103062860752917,1.4504548269144035,1.3321179126667362,1.2884286707187569,0.8974178101269067,14.0,4,0,63.25,85.5,22.25,12.06579187,18.91876386,30.62529581,11.70653196,4.453503513,45.0,10.5,12.75,20.5,23.5,62.0,False
S000778,phase,full,4,799263162,56.0,60,4,8,10,15,12,0.0141407843048074,0.036561381236102,0.2387721469455836,0.0572014717578374,0.1369850470771655,0.1638104732905436,0.1035180141237954,0.0508189010469291,0.0635464326868246,0.0572809446029683,0.0088399212192859,0.0101567689069996,0.717559463820123,0.3812689765819259,1.3128122138620306,0.9963413861424416,1.1032730565113444,1.0877160063985378,1.048550339781574,0.8489221879172327,14.0,4,0,58.0,64.75,6.75,13.42572158,28.67834072,34.03810679,5.359766072,3.414259507,31.5,7.75,13.0,25.75,19.5,45.25,False
S000779,phase,full,4,800263165,56.0,60,4,8,10,15,12,0.0126737704098754,0.0305056736685993,0.285484533280405,0.0187904172424295,0.1826127087707461,0.29543959899022,0.0610111536745111,0.0453450878472024,0.03059622685018,0.0726890150273865,0.0142488835037638,0.0096453561909131,0.4290059840409554,0.4316028788942642,1.0774151691741616,1.1351058853966518,0.9566505749549672,1.3356686733920766,0.9158376783602394,0.7387984254355011,14.0,4,0,92.25,122.75,30.5,15.50268794,27.4702589,37.78175365,10.31149475,4.433221819,42.75,9.5,16.75,80.5,26.25,96.5,False
S000780,phase,full,4,801263168,56.0,60,4,8,10,15,12,0.0247438028677348,0.0505804074320444,0.2796628337681255,0.0235092962402456,0.2031068447405257,0.2167864523043511,0.1166608842156297,0.1030033788573224,0.0341582096867166,0.0260307076105183,0.0351244242732669,0.0031212690032889,0.8305171431213278,0.1658528142930021,1.3281845167843251,1.199988771736473,1.0026171671877433,0.966937956446584,1.2530635957564469,1.0068228185721104,14.0,4,0,131.75,192.0,60.25,61.8405207,50.86334529,74.79686967,23.93352439,22.78483539,32.25,13.75,41.0,79.25,116.0,76.0,False
S000781,phase,full,4,802263171,56.0,60,4,8,10,15,12,0.0121241948422973,0.0342225024292664,0.1667002673354924,0.033395056815523,0.1540737663453215,0.230844003251658,0.0645774410621007,0.059763419491034,0.0203784014438339,0.0344059289106055,0.0190951291650174,0.0015485032667598,0.557619880660729,0.2006875081865303,1.061290965740555,1.288845188274898,1.2166022788616633,0.9161781035070654,1.2108512682715469,1.0462111362885702,14.0,4,0,79.75,113.0,33.25,26.17091261,28.15019149,38.27577919,10.1255877,8.977583121,42.0,7.0,17.75,37.0,52.5,60.5,False
S000782,phase,full,4,803263174,56.0,60,4,8,10,15,12,0.0144396557750306,0.0636135865150212,0.2402720061051851,0.0332177652318145,0.1923745610171777,0.2476818859189436,0.0699063538749688,0.056226161626778,0.0784402312756804,0.0376522441928389,0.0211887029424823,0.0019151676124595,0.4611433981022884,0.1878535638957728,1.1212679294907295,1.0220234957946164,0.9139445923785204,1.1852628749320795,1.3422281927209527,0.8952654507497274,14.0,4,0,72.0,79.5,7.5,14.6628783,21.06945054,29.98157045,8.912119909,3.708851202,40.5,9.25,23.5,46.75,26.0,53.5,False
S000783,phase,full,4,804263177,56.0,60,4,8,10,15,12,0.0279623262804036,0.0534401354747011,0.259552653699509,0.0403854748848976,0.1752550827696628,0.2076857727851334,0.0940107716742094,0.1040423698180693,0.0320780598394868,0.0265151068187584,0.009231366801572,0.0024100477318709,0.4747319266951857,0.2810625082944993,1.3038847600406174,1.2921116846496343,1.2526837749057678,1.1241218496892396,0.9363742507623792,0.74682557828945,14.0,4,0,144.0,329.5,185.5,67.13915897,33.74457709,66.79214467,33.04756758,10.08421517,21.75,11.5,52.25,78.25,181.0,148.5,False
S000784,phase,full,4,805263180,56.0,60,4,8,10,15,12,0.019849941316548,0.0352523849387723,0.2088155933735482,0.0227638343154667,0.1501065052384813,0.2010533109246501,0.0804588733972235,0.0898506183766959,0.0474690744479654,0.0788710884825674,0.019621281615663,0.0024756829643702,0.8514927280340414,0.1387382321085339,0.9589864798653208,1.1535227624277735,1.027940730549609,1.0401458564152857,0.917433140567196,0.7629707521578121,14.0,4,0,114.25,147.5,33.25,24.67623688,79.26338163,91.30017127,12.03678964,14.5251709,37.25,11.0,20.25,36.0,33.0,114.5,False
S000785,phase,full,4,806263183,56.0,60,4,8,10,15,12,0.0158145434283869,0.0800682722516163,0.2370313737216061,0.0318181944276237,0.1969496238491701,0.1820257714574562,0.120324988582783,0.1288640065124787,0.0201276160117109,0.0507752289858761,0.0139344556506476,0.003520472887095,0.5037778540213979,0.2740446012755428,1.2720244091689654,1.173208293633289,1.1286804301702364,1.243434635561031,0.9001741876264131,0.8754703031469693,14.0,4,0,125.75,171.5,45.75,22.24672261,43.51078388,53.65046807,10.1396842,1.951451513,39.75,6.0,28.0,28.5,56.25,115.25,False
S000786,phase,full,4,807263186,56.0,60,4,8,10,15,12,0.0205253414048471,0.0729847226184263,0.2920954049632253,0.0168649352115515,0.2102582329107293,0.2827349898386486,0.1052783032857758,0.0801348376966983,0.0370361916496197,0.0578733177647369,0.0224170490556787,0.0020436264930014,0.7488991111019783,0.333872679987121,1.0801060281865942,1.2222579843921777,0.9223457903040164,1.274270089632333,1.2455240987278018,0.7685665554939328,14.0,4,0,119.5,182.5,63.0,27.14160398,65.23017988,120.3355837,55.1054038,21.19186944,41.75,13.0,31.0,67.0,50.75,131.75,False
S000787,phase,full,4,808263189,56.0,60,4,8,10,15,12,0.0256149883241025,0.0301177967016222,0.300202282858889,0.0225134121720073,0.1354871403988766,0.1571556829815455,0.0997383578076233,0.0699811638404922,0.0217947683570822,0.0418997356582993,0.0351377057505816,0.003118685559457,0.6923379354741341,0.1016985306836063,1.2881809881306765,1.1743401649192085,1.2440487111344989,1.1591150493517108,1.1862123042415662,0.913797418202966,14.0,4,0,128.5,213.25,84.75,8.180260795,56.2928561,99.85863244,43.56577634,4.603883147,24.25,16.0,56.25,86.25,88.25,125.0,False
S000788,phase,full,4,809263192,56.0,60,4,8,10,15,12,0.0146196899941999,0.0542307876762084,0.2738373354107931,0.0349389180788856,0.2051971741640328,0.2535612753001537,0.1138320421223684,0.114670254205664,0.0246051082286139,0.0400613159269142,0.0352308605391434,0.0068382322473709,0.3918232980424481,0.3689915316945276,1.305993203641631,0.9748637589993812,1.297146069570732,1.3714685404534597,1.3402416501504264,0.8326495309558941,14.0,4,0,91.5,122.25,30.75,5.737304826,21.32836462,41.13760775,19.80924313,2.249824849,39.0,7.5,14.5,23.0,38.25,84.0,False
S000789,phase,full,4,810263195,56.0,60,4,8,10,15,12,0.0274053018688609,0.0527850942094437,0.1503879240786082,0.0383253142687662,0.1684540519987251,0.2739845744459208,0.1445458837529847,0.0597497496447407,0.0442897787300382,0.0517713806337429,0.0137892411071622,0.0017371046945252,0.690439030076051,0.425973268368737,0.9653527890010402,0.9503457146131132,0.9010430407083736,0.8808318353874243,1.016767547033519,0.7636404901130185,14.0,4,0,71.25,65.25,-6.0,6.164414003,35.57891791,31.85087958,-3.728038334,1.902055251,31.75,9.75,3.0,17.25,18.75,46.5,False
S000790,phase,full,4,811263198,56.0,60,4,8,10,15,12,0.0292486124957033,0.0648143083652655,0.1795668845481645,0.0259226934424743,0.125446765967305,0.252093703576304,0.1047391404098608,0.0714418788872716,0.0386386999011394,0.0285607120118533,0.0305477451625995,0.0026791482644477,0.8254781427223016,0.2526328368349697,1.1532430043085893,1.1840846954822648,1.0691536186897015,1.3298893982794775,0.9931631612120724,0.7875238772408218,14.0,4,0,74.0,104.5,30.5,12.39623599,35.47907841,58.74647553,23.26739712,4.477477776,31.0,13.25,13.75,28.0,33.25,71.25,False
S000791,phase,full,4,812263201,56.0,60,4,8,10,15,12,0.0184076514129408,0.0600463896467879,0.1534477444639587,0.0203566441770795,0.144596979918851,0.2178867082193165,0.1039988969813353,0.1264955166888915,0.0253396641097492,0.0776347159900977,0.0195922611098493,0.0109453904788767,0.4134888111716552,0.2975794903870232,1.088077696718927,1.1290026359465637,1.2921421362230594,1.072919716104529,0.8550580095798838,0.7960530761964447,14.0,4,0,76.5,105.25,28.75,8.30160627,23.22792773,27.87364741,4.645719678,2.550492149,40.5,11.25,10.5,13.75,28.75,76.5,False
S000792,phase,full,4,813263204,56.0,60,4,8,10,15,12,0.032925602571002,0.0420910550761367,0.1226385372605415,0.030937789608029,0.1321560753714704,0.1919819624939672,0.1099922694591743,0.0454965913805288,0.063251560460772,0.0265506597116404,0.0084036559960153,0.0057597899006801,0.774995166118387,0.2079026151956821,1.2373637282948766,1.078863858868521,1.4084236375073926,1.201596075132365,1.2413954680096562,0.8162212513370675,14.0,4,0,54.25,70.75,16.5,5.916079783,24.32096422,33.67453213,9.353567911,7.338091877,22.25,16.0,9.5,16.25,32.0,38.75,False
S000793,phase,full,4,814263207,56.0,60,4,8,10,15,12,0.0295935141310979,0.0384289040643131,0.1958677110657165,0.0205483026277643,0.1249732822990263,0.2686939350166761,0.1089466290478607,0.0563137854829631,0.0809920442938447,0.0398297057862636,0.0357477964555634,0.0057065271816049,0.6325541603605987,0.302455100561954,1.0504003347141724,1.0520652742706025,1.0066283832098393,0.9704205837805998,1.210171256450777,0.8580212572913206,14.0,4,0,63.25,66.25,3.0,10.0,24.32906748,28.45738693,4.128319449,4.730096199,26.0,18.25,14.25,33.25,26.0,40.25,False
S000794,phase,full,4,815263210,56.0,60,4,8,10,15,12,0.0176167943610015,0.0439440188895998,0.1826764813847683,0.0376658910279451,0.1857803171358057,0.1654956596638204,0.1455869703971209,0.1093306040256415,0.0726816963588418,0.0690872996268464,0.0374739376338889,0.0077642480250376,0.398056624212988,0.2521889831964966,1.1291095766662689,1.2019926912058312,1.2889501232891631,1.0589230456782073,0.9072263493180668,0.808501419001972,14.0,4,0,58.5,90.5,32.0,8.831760866,17.6064352,25.1671961,7.560760899,2.725345508,34.5,9.25,17.25,16.75,22.0,68.5,False
S000795,phase,full,4,816263213,56.0,60,4,8,10,15,12,0.0317986096928366,0.0473711584767194,0.154284847770536,0.0344533053704652,0.2050804387949249,0.2177538556783692,0.1032351828189122,0.1181790780797431,0.0651032119348013,0.0566316915181294,0.0146950139944268,0.0010463408546228,0.8550528070128519,0.2513109539558924,1.0842434989963874,0.9558133396740393,1.462606221362546,0.9513427442780048,1.3299987635100554,0.8069640468078114,14.0,4,0,105.0,139.75,34.75,19.20720351,62.77547673,97.58353651,34.80805978,10.53995248,26.25,13.0,18.25,14.75,47.25,92.5,False
S000796,phase,full,4,817263216,56.0,60,4,8,10,15,12,0.0183851954859474,0.0729030023665153,0.1425106276211521,0.0413529475426146,0.2085432918747193,0.2751919453727675,0.0738684827735606,0.099130977029257,0.0398292841654456,0.0689524308763425,0.010893283468463,0.0011049330841971,0.589583836464563,0.1290406520625582,1.0731638110871786,1.1787658432594768,1.1729314596553486,1.2576849288996852,1.214437913136269,0.8011295125954024,14.0,4,0,85.5,127.25,41.75,11.17661249,39.88250955,63.22651161,23.34400207,5.234518084,38.5,7.25,14.75,33.75,33.5,93.75,False
S000797,phase,full,4,818263219,56.0,60,4,8,10,15,12,0.0174391243104359,0.0538653734443786,0.252733800783967,0.038462098960379,0.1207149465382593,0.1958705572746804,0.0969149534682236,0.0607036661623791,0.0323958831599808,0.0559647083424185,0.0088570608799497,0.0030230376610008,0.8966330615820064,0.3123865132883839,1.0977356852399758,1.1044500146381748,0.992560910514967,1.164313246074834,1.002345519208455,0.7230574856319755,14.0,4,0,85.0,98.5,13.5,6.350852961,51.1583346,61.8191175,10.6607829,5.868676411,38.75,7.25,14.5,46.5,31.0,67.5,False
S000798,phase,full,4,819263222,56.0,60,4,8,10,15,12,0.0312269257593179,0.0582779358457562,0.2062553239085201,0.0261825819855824,0.1645581530423454,0.2326947112563781,0.169097048295232,0.0695960327826966,0.0279022872668927,0.0758363579659799,0.0432026099091212,0.0063301451684168,0.8738538493406384,0.191846861325463,1.266397696438781,1.0642819138182351,0.9089645620620006,1.2596417307655068,1.2162943787661742,0.8947758803343284,14.0,4,0,75.0,90.5,15.5,9.327379053,48.1586606,72.04378243,23.88512183,5.496570896,29.25,12.25,14.0,39.0,18.5,72.0,False
S000799,phase,full,4,820263225,56.0,60,4,8,10,15,12,0.0304049830956223,0.0641431791148995,0.2996447381165544,0.0183147465248252,0.1605543383938461,0.1505657817297371,0.1196614536981775,0.0525692666274376,0.0477636551983707,0.04199294828808,0.0312455069260925,0.0011264384766321,0.7792565997202441,0.350127366083565,1.1981510130230462,1.136262404519742,1.4322878233092493,0.929770395525548,1.2836653210919151,0.904599745250332,14.0,4,0,97.25,156.25,59.0,12.72792206,50.04246331,84.93925151,34.89678819,10.27746633,31.75,16.25,62.75,72.5,65.25,91.0,False
S000800,phase,full,4,821263228,56.0,60,4,8,10,15,12,0.0154949566713028,0.0339730287664034,0.2808595089146374,0.0151539649411467,0.1296142411741521,0.2150540562894649,0.1428581230728781,0.0557292811258454,0.0214177743823992,0.0581373176217697,0.0089727658482646,0.0078658784708869,0.7200733666059635,0.2130448253874785,1.3398377492659623,0.9718140933013952,1.173811586328496,1.032315677270749,1.04169347718996,0.8951006144931257,14.0,4,0,85.0,106.75,21.75,24.95829855,37.88022524,49.8640712,11.98384596,12.07798926,38.5,15.0,19.5,42.25,39.75,67.0,False
S000801,phase,full,4,822263231,56.0,60,4,8,10,15,12,0.0282927429337089,0.0646426230982309,0.1234892268817658,0.0370360648261917,0.1475611326825328,0.2385221245897735,0.0744798546138831,0.0997652682502366,0.0627815398571246,0.0223228355995932,0.0421797498936624,0.0036611596268704,0.8691354126659028,0.3191356234163722,1.1678123555588151,1.1839028296280325,1.144254064089793,0.8619295978865118,1.1141271978581602,0.817687898788957,14.0,4,0,47.75,69.75,22.0,6.831300511,25.26359948,31.09733755,5.833738069,2.762016286,26.5,11.25,9.5,15.0,36.25,33.5,False
S000802,phase,full,4,823263234,56.0,60,4,8,10,15,12,0.0226422096890653,0.0351928986256974,0.1896536680254012,0.0297753403184627,0.2030790035672717,0.1779960231589474,0.1314793146145523,0.0911570209386127,0.0715264179816453,0.0586523454256001,0.0098186521829788,0.0062258075111232,0.3944963385075838,0.1524081449994076,1.0550896838802546,1.0885607201959002,1.0619379438794834,1.4016937112772163,0.9098977645804496,0.950780438761599,14.0,4,0,105.75,146.5,40.75,39.05871648,27.15345604,35.75169604,8.598240004,7.626057695,29.5,13.25,43.25,49.75,48.5,98.0,False
S000803,phase,full,4,824263237,56.0,60,4,8,10,15,12,0.0155253133568954,0.0327541047199014,0.1696846714703221,0.0219750985385698,0.1332244209900406,0.150687323906471,0.1779613851036961,0.1277846486636364,0.0525352962284834,0.0272687221560216,0.0093429193794697,0.0030012540426918,0.4735587903006571,0.408216120726093,1.2846525233328117,1.0272353211620808,1.0531389014500774,1.0806997016197768,0.981441211041944,0.8559439185309885,14.0,4,0,62.5,69.0,6.5,8.736894948,17.26222143,18.4349072,1.172685772,1.364154112,38.25,12.25,8.5,9.0,29.0,40.0,False
S000804,phase,full,4,825263240,56.0,60,4,8,10,15,12,0.0242835027874356,0.0462509815397415,0.1699628305063529,0.0256188914131252,0.1602065551893229,0.1886008346946255,0.0656869909359028,0.1052438711429199,0.0213599801691831,0.0791479826972813,0.0247002620316436,0.0049834250065195,0.6784640353614129,0.4375040840464923,1.2140761924888808,1.2823778313637475,1.13742396464285,1.0988175223412282,0.933201083493712,0.8465034018795322,14.0,4,0,117.25,229.75,112.5,85.2545209,62.53884043,102.7490041,40.21016365,37.64400274,29.25,13.0,46.5,69.75,68.5,161.25,False
S000805,phase,full,4,826263243,56.0,60,4,8,10,15,12,0.0198279625594355,0.0312238807963946,0.1224948458213504,0.017965518588333,0.109105979024403,0.1479252433323952,0.0893167666248251,0.121692102995109,0.0318309306679988,0.0313224678551262,0.0155627068217945,0.0049937677342614,0.8471821056859024,0.4039703518550143,0.9627797339001026,1.0456950887579612,1.4228815804559105,1.2716368189433858,1.3677958834780015,0.731528082303095,14.0,4,0,74.5,96.0,21.5,3.511884584,37.41813738,62.89304285,25.47490548,6.877249622,34.5,16.0,17.0,15.0,38.0,58.0,False
S000806,phase,full,4,827263246,56.0,60,4,8,10,15,12,0.0300008135359602,0.0629537350508744,0.2942600244008789,0.0456038771560863,0.1699998423462227,0.259936048447163,0.0947759776815079,0.0899034623666259,0.0286868052388422,0.0365459606101072,0.0146270216783437,0.002504735728487,0.351183331010338,0.3378127208807651,1.2284974591712867,1.228638077914476,1.2102115779321263,1.0252840817155686,0.9574743004583924,0.7667653741869301,14.0,4,0,145.0,227.0,82.0,18.12916619,29.13501044,40.26098338,11.12597294,6.345185888,22.75,12.0,25.75,64.5,106.0,121.0,False
S000807,phase,full,4,828263249,56.0,60,4,8,10,15,12,0.0128155934480582,0.0650051736347669,0.2113103065869608,0.0217562450349558,0.1669137382121279,0.2386327570028283,0.0672716292460449,0.0891647009848066,0.049790497883729,0.0586902853760839,0.0383463468349498,0.0113820587080471,0.7234386315208201,0.3031905169265402,1.3278587145458836,1.2632192365537178,1.2968968125878595,1.0168468972266222,1.3841309802625568,0.9336124801481274,14.0,4,0,53.25,88.75,35.5,9.949874371,28.28830486,56.55621786,28.267913,8.688354129,47.75,7.5,15.75,23.5,29.0,59.75,False
S000808,phase,full,4,829263252,56.0,60,4,8,10,15,12,0.0220842284736529,0.076083789084532,0.226754878538112,0.0379884215867993,0.1178583178559748,0.1855880096710512,0.063614519509602,0.066050094298366,0.0634688833398554,0.0481799637634702,0.011177889945396,0.0057235367654734,0.6838630982959115,0.2083612536480149,0.9705037548393998,1.1693468844001054,1.2588359886552047,1.2993071581343263,1.3999041641993917,0.7332607172133633,14.0,4,0,75.5,99.75,24.25,11.70113955,36.64886237,60.10730439,23.45844201,3.214836144,42.0,6.5,17.0,22.25,32.5,67.25,False
S000809,phase,full,4,830263255,56.0,60,4,8,10,15,12,0.0215407904431552,0.0690459816605391,0.2133738075645961,0.0249847386188683,0.2098664836083452,0.1625105632753415,0.0993672822063163,0.064191426181048,0.03111843046499,0.0292133460443896,0.0303830292096419,0.0080461938842612,0.3863976126868994,0.3851419913339706,1.2239884694109715,1.116791961012247,1.1471459524977994,0.8564131576626979,0.8963972324357788,0.7658809880749963,14.0,4,0,90.0,151.5,61.5,25.37058664,18.75158189,21.23004098,2.478459085,3.25269654,37.75,10.25,71.5,97.75,91.5,60.0,False
S000810,phase,full,4,831263258,56.0,60,4,8,10,15,12,0.0137610972474389,0.0520104295772319,0.1271069975855643,0.0243600689600089,0.1388738942597415,0.2677259669066777,0.062559378372908,0.1076861951898801,0.0294427482654947,0.0363844540960153,0.0091352273455205,0.0030728682512643,0.618110609016667,0.1563363981043325,1.2907352475020073,1.0038714211722577,1.0023879511010378,1.3231026798591288,0.9764833761817188,0.9851472521511772,14.0,4,0,82.5,89.5,7.0,2.708012802,36.40601723,39.57261836,3.166601126,2.202128833,38.0,13.0,9.25,12.5,25.0,64.5,False
S000811,phase,full,4,832263261,56.0,60,4,8,10,15,12,0.0266289614635669,0.0481334189167922,0.1604090551172756,0.0227501091825893,0.1690854726099315,0.2346400356908534,0.1402231032102015,0.1086331405848144,0.0716801868214899,0.0227657069337087,0.0113856974831369,0.0080062900720011,0.6154283553824302,0.3418881741279286,1.1078444021851606,1.1661139885016352,1.3357248150667704,1.383393713461558,0.901834282155019,0.7935682278283163,14.0,4,0,76.5,116.5,40.0,12.1380943,21.73859638,34.0438407,12.30524432,5.234551932,32.25,16.25,19.75,20.75,56.5,60.0,False
S000812,phase,full,4,833263264,56.0,60,4,8,10,15,12,0.0261189845653292,0.0550114747539604,0.3054545197131457,0.0455061052699017,0.2192864192276877,0.1556950471430803,0.0784407900614124,0.0811560943778626,0.0485190268217051,0.0239604403549202,0.0241561318036674,0.0032532154054388,0.8696017186440134,0.2909245541256856,1.1152698950748632,1.0765800811348845,1.359460032367798,0.9877075111056918,1.040164701026617,0.7854327893480031,14.0,4,0,215.5,473.0,257.5,120.9779594,71.51704533,128.1357592,56.61871389,16.614286,27.75,9.0,272.25,250.0,330.5,142.5,False
S000813,phase,full,4,834263267,56.0,60,4,8,10,15,12,0.0168361503759868,0.0510949187060904,0.1700753680521011,0.034257467098227,0.1123855762916284,0.2376301155149728,0.1361946020009488,0.064285861652661,0.0556968339501524,0.0678835225819973,0.0176660233787637,0.00224223709109,0.6077435209706976,0.3592296583038146,1.1443480840521336,1.2515524272060488,1.3394126122764782,1.2643806507714686,1.0992685550595072,0.8321272571185799,14.0,4,0,46.0,77.75,31.75,2.5,23.6117255,40.35317899,16.74145349,1.933579123,40.0,9.5,10.0,16.25,14.0,63.75,False
S000814,phase,full,4,835263270,56.0,60,4,8,10,15,12,0.0314000454595564,0.0526317478885121,0.2896702169180444,0.0199059367731809,0.1507601190589771,0.1720315846707472,0.0613978357985659,0.0632960005695022,0.0208897215229468,0.0495943454282847,0.0116139593623944,0.005654594732039,0.7611456290658045,0.1197202210740621,1.25058020924264,1.2428544982305971,1.274491231945815,1.032798407796237,0.8901301919165683,0.918885559490346,14.0,4,0,229.75,446.5,216.75,54.97499432,97.78497996,162.5100609,64.72508089,19.94822733,30.5,16.75,122.0,191.0,209.5,237.0,False
S000815,phase,full,4,836263273,56.0,60,4,8,10,15,12,0.0245284098446607,0.0521315515867783,0.2250199263684946,0.0409640151440054,0.1830686487944257,0.167810541485892,0.1676677331329431,0.0946258730064935,0.0210826616512573,0.0772295851663608,0.0151588529423431,0.0065240438482087,0.472942657169683,0.3510524752787796,1.2264825472512615,0.986372145666145,1.3724061950234523,1.0542858402471664,1.1719760778496051,0.9757187753811992,14.0,4,0,105.25,120.75,15.5,16.76305461,35.69995088,44.98115997,9.281209091,3.538825804,26.75,11.75,18.25,21.75,34.75,86.0,False
S000816,phase,full,4,837263276,56.0,60,4,8,10,15,12,0.0330276740169484,0.0323022511106672,0.1403692771167041,0.0515765422785732,0.2065697277276512,0.2991995855360738,0.0648348457546562,0.0783414735150625,0.0644559919659376,0.0361083162900347,0.0224808265660909,0.0022458310417687,0.5522753331324146,0.2231041311523223,1.1181024539505255,1.0228227315593998,0.9496163696766664,0.867320984223387,1.2169542590201496,0.966155263260528,14.0,4,0,73.0,81.5,8.5,12.76714533,27.53286538,34.17586409,6.642998715,3.131622272,19.0,11.75,8.5,17.0,27.25,54.25,False
S000817,phase,full,4,838263279,56.0,60,4,8,10,15,12,0.0218086969632755,0.0394767253703144,0.2953497495691815,0.0164433700418899,0.1401437992785136,0.2218172437314851,0.1534562931783415,0.0803991029843955,0.0266231332938198,0.0295481708948813,0.0134464453742022,0.0052356142469241,0.8108927146750309,0.3277257109337657,1.04464240193685,0.9735061176126444,1.4136584112556878,0.8875888267088305,1.3489917535295268,0.960944402817574,14.0,4,0,119.0,130.75,11.75,10.21028893,49.81771465,63.27881764,13.46110299,5.612446014,35.75,13.5,20.25,31.0,67.25,63.5,False
S000818,phase,full,4,839263282,56.0,60,4,8,10,15,12,0.0150872267205493,0.0552975859090227,0.2642520414811667,0.0314008392234147,0.1205194666861679,0.2256200210626974,0.0876718144443259,0.1117204483632649,0.024850119589012,0.066907904802708,0.025364668513707,0.0014715150798713,0.3664597186329374,0.1251010688346119,1.2017112859165076,0.9567057836057268,1.0577319964486964,0.9052640588081352,0.910950085171804,0.945112166707402,14.0,4,0,92.25,105.0,12.75,6.291528696,27.62274968,28.90749648,1.284746801,1.82363777,43.5,8.0,8.0,15.0,21.0,84.0,False
S000819,phase,full,4,840263285,56.0,60,4,8,10,15,12,0.0235676346567899,0.0389992831508533,0.1248872540751133,0.035397459712703,0.1517053679126868,0.1637800333887482,0.0954286782042043,0.080563087578507,0.0790159762322592,0.0207111252356561,0.012622971741141,0.0017114970138578,0.5315565997588321,0.1423272314970145,0.9713653191463888,1.165114106264136,1.3241336658671716,0.932251561735281,1.1411229541412873,0.9030479544604906,14.0,4,0,63.25,101.0,37.75,19.63627595,18.65554424,26.47855122,7.823006981,5.573009937,31.0,10.75,21.0,19.75,55.5,45.5,False
S000820,phase,full,4,841263288,56.0,60,4,8,10,15,12,0.0157179016083137,0.0460430631935112,0.1865165358988721,0.0446099921271834,0.11996279167215,0.2440200804309851,0.1333056404834553,0.1012070803313341,0.0743434912675097,0.0209310411875076,0.0092535437607114,0.0027591335317483,0.7837754552681641,0.3229215216759518,1.1917672229238263,0.9644312451353848,1.3650546711292857,0.877602463369672,1.2330608432581225,0.791939603967752,14.0,4,0,53.75,65.75,12.0,3.651483717,24.81230261,30.92327725,6.110974638,2.404178273,35.5,7.25,6.75,8.25,30.25,35.5,False
S000821,phase,full,4,842263291,56.0,60,4,8,10,15,12,0.022468234695783,0.0436811723542184,0.2810385543110877,0.0598713223848837,0.1206240387051168,0.1745675567034054,0.1453469153388736,0.0491065696169236,0.0274773847747699,0.0408543174007834,0.0090098223014618,0.0012349164094008,0.6503538456879547,0.36424158191453,1.0987911503136465,1.25444380773289,0.951588338650058,1.0565035007505987,0.9328573637124378,1.0321258039513528,14.0,4,0,84.5,93.25,8.75,9.569918147,37.53701983,39.90452489,2.367505056,2.848816355,31.0,6.0,13.25,40.0,29.75,63.5,False
S000822,phase,full,4,843263294,56.0,60,4,8,10,15,12,0.0298981043953474,0.0325071177160527,0.172099575764545,0.0358017608930641,0.1958136072118636,0.1864474521999151,0.0675507203733296,0.0472774833008767,0.0740024533677055,0.0346455278964925,0.0426837928459036,0.0058834597533744,0.4004473359602982,0.2510927976095791,1.2511100887077713,0.989932569448728,0.9205606658075592,0.9988734375865884,1.1967558942057532,0.9675573910275144,14.0,4,0,70.75,79.0,8.25,6.238322424,17.98113628,20.74692143,2.765785148,0.6533798352,20.25,11.75,34.75,62.5,33.75,45.25,False
S000823,phase,full,4,844263297,56.0,60,4,8,10,15,12,0.0203126267640671,0.0367549657465761,0.1674728817893712,0.0354515445198627,0.1018564939277433,0.1483959254853968,0.0957425705642629,0.0739961950505709,0.0678158835038683,0.0207499708207518,0.0147843211324237,0.0015624831650379,0.5473194965717342,0.3401178908524622,1.1653528633421937,0.9935485645667266,1.0128036381600105,1.2320204788502704,1.0088156827523396,0.8485237725096689,14.0,4,0,54.0,64.25,10.25,4.573474245,15.27942918,19.7107102,4.431281026,2.192261364,28.5,13.25,15.25,18.75,27.5,36.75,False
S000824,phase,full,4,845263300,56.0,60,4,8,10,15,12,0.0244401931731427,0.0613480971120376,0.1957641857025018,0.0168041289440695,0.1241261968099994,0.2705904309629848,0.0627599230892423,0.052321677902293,0.0444314744610265,0.0234328292382785,0.0376573771673958,0.0085578436019548,0.5163725440446891,0.1495770493177161,1.047338012702026,0.9530218451648568,1.4600544467304937,1.040328315860681,1.2909926237950895,0.8023708130268895,14.0,4,0,57.0,71.0,14.0,7.745966692,14.83091507,22.06367431,7.23275924,2.345895362,36.0,15.0,14.5,25.75,35.25,35.75,False
S000825,phase,full,4,846263303,56.0,60,4,8,10,15,12,0.0272385384465092,0.0612802326581306,0.2185612502944016,0.0565939161372137,0.1449042884159377,0.1568592836782632,0.1269345390571832,0.0952726943286285,0.0814820506358467,0.0429127224457265,0.0088429538115954,0.0040793073148307,0.8791190790193542,0.4481141967089048,1.309772401362117,1.2333781760154112,0.9588624335487976,1.2289768958747915,0.855388612931983,1.0471385694571942,14.0,4,0,73.75,102.5,28.75,17.96988221,46.99221829,54.85307352,7.860855238,10.07303842,26.25,7.75,20.75,13.75,30.25,72.25,False
S000826,phase,full,4,847263306,56.0,60,4,8,10,15,12,0.0237352369448468,0.0310382003575039,0.1465230261791229,0.019964239870608,0.1852491873884493,0.1832250826857825,0.12096735004209,0.0968327382192541,0.0830490187620747,0.0523214631061515,0.0326125468864884,0.0015661941089681,0.4982464409600968,0.2939859143371284,0.996814248232322,1.1317509793061489,1.2613279335294192,0.9140390515406168,0.9989151207892468,0.7733231883890557,14.0,4,0,74.5,103.5,29.0,16.02081979,29.16124441,34.85631396,5.695069553,4.262693898,33.0,12.75,24.25,26.0,34.25,69.25,False
S000827,phase,full,4,848263309,56.0,60,4,8,10,15,12,0.0221555703839959,0.0314222460479594,0.2101281880197291,0.0151027601063297,0.1513692296705824,0.2487680126892544,0.0907758522590645,0.0944201371371768,0.0479079941128454,0.0488987865393907,0.0259397541128649,0.0019041913526824,0.6942878480077996,0.4212369971387347,1.239097844144005,0.9888488755403224,1.0982012555405225,0.945606871826202,1.3347980856423591,0.9347871932074632,14.0,4,0,135.0,143.0,8.0,18.95608961,63.19204909,81.04265439,17.8506053,8.144755864,30.0,17.25,20.5,40.75,50.25,92.75,False
S000828,phase,full,4,849263312,56.0,60,4,8,10,15,12,0.0218032754650758,0.0753621878335516,0.1623651964492567,0.0152049587657296,0.1801672895772864,0.2590033831235194,0.105351191323319,0.1142560331450637,0.0624041855801129,0.081951278606501,0.0080471105382188,0.0014004956402934,0.6790442572381806,0.3776259863206532,1.248340219744159,0.9737569133403524,1.3484690071334748,1.125836083491906,0.8558876937113643,0.7470421257510299,14.0,4,0,78.0,93.75,15.75,10.87428159,44.12659466,46.35617633,2.229581669,5.848475628,42.0,14.25,13.0,13.5,16.0,77.75,False
S000829,phase,full,4,850263315,56.0,60,4,8,10,15,12,0.0316632456603635,0.0559942050874363,0.2216589012498343,0.0303816686624921,0.1763257818655307,0.286024637458548,0.0680822794791746,0.1010996088819359,0.0480112608457114,0.0812191070488998,0.0219316619796721,0.0026974339634921,0.6983740218689923,0.2765908729339651,0.9539081200800792,1.0383558806252708,0.9107815466085188,1.0870294374787184,1.0406923431518167,0.7903775277594451,14.0,4,0,135.5,153.0,17.5,6.8556546,74.1306656,85.18980557,11.05913998,1.865047111,30.25,11.5,19.25,44.5,35.25,117.75,False
S000830,phase,full,4,851263318,56.0,60,4,8,10,15,12,0.0178825450950045,0.0325166435259624,0.2119455535134171,0.0264392435771026,0.1882664396021878,0.2873429119994529,0.0754111508004909,0.0709133202794544,0.0438429011031978,0.0773610903533604,0.0124081787982088,0.0050839139185461,0.3972338966325231,0.1732345451483626,1.3308444203834116,1.215510653889286,1.2027983896134573,1.1229062074563794,1.280626824675813,0.7266323917291814,14.0,4,0,104.25,189.5,85.25,16.93861466,31.43819118,68.38108913,36.94289795,8.084322525,35.0,10.0,21.75,56.5,50.25,139.25,False
S000831,phase,full,4,852263321,56.0,60,4,8,10,15,12,0.0186475502725685,0.0473861721801227,0.1830179389473435,0.0318365980595491,0.1954567533232681,0.2326992168877233,0.0855701905627159,0.0480416137966209,0.02422087091772,0.031950260440503,0.0339856921692598,0.0020620213801105,0.8760157500624789,0.4137710702922076,1.17787737179255,1.1537020864007128,1.1765637760560823,1.3646488090648232,1.1620673819814753,0.9686905049134084,14.0,4,0,67.5,122.25,54.75,33.85631403,35.80843568,69.23006603,33.42163035,19.81940807,33.25,10.75,45.25,88.5,52.5,69.75,False
S000832,phase,full,4,853263324,56.0,60,4,8,10,15,12,0.0250689802423735,0.0779475254495593,0.2465736002245137,0.0263704719105611,0.1121245860928744,0.2203671562541723,0.1233736103620259,0.0794438667191935,0.0578587376913595,0.0468959887031626,0.0277739598127837,0.0021028078188635,0.6004588849717547,0.1247877034837467,1.2526345194566262,0.9573972630133444,1.1218976137973171,0.9677633622921952,0.8801443139099061,0.7973969218864913,14.0,4,0,68.25,79.0,10.75,6.652067348,29.81764778,31.25390034,1.436252564,3.83333486,34.75,12.25,6.25,19.25,22.75,56.25,False
S000833,phase,full,4,854263327,56.0,60,4,8,10,15,12,0.0212900269168226,0.0529120645689853,0.2200441172121755,0.0391918057015915,0.1772790769260277,0.2393335550660595,0.0885760460099043,0.073184497813188,0.0783711465111136,0.0525518420067618,0.0302104240606006,0.0075306788042954,0.5776798675581161,0.3714400038018035,1.0851718121617508,1.0630607353537913,1.4051584458206576,1.1343055056004496,0.8995740569085805,0.9699623311831632,14.0,4,0,68.0,84.25,16.25,8.015609771,27.66865699,32.74841867,5.079761683,5.410647402,32.75,10.0,17.5,16.25,23.5,60.75,False
S000834,phase,full,4,855263330,56.0,60,4,8,10,15,12,0.028410655883083,0.0366940248421253,0.3022614265282528,0.0262114551184694,0.1560293510050207,0.2108563651884701,0.1206103369675261,0.0819266201972763,0.0544657858022958,0.0276514950346854,0.03184855947318,0.0018812739875763,0.5301606007542181,0.2870365601117416,1.3220531829086075,1.113537869117147,1.2468104130166582,1.241308099974063,1.2046408041189336,0.9218262590653332,14.0,4,0,104.0,146.0,42.0,19.79898987,28.29957142,49.81060172,21.51103029,7.248887638,24.5,18.75,31.5,53.25,66.0,80.0,False
S000835,phase,full,4,856263333,56.0,60,4,8,10,15,12,0.0125073983672202,0.0359675894022146,0.2391549362215315,0.0485345033684157,0.1491821365758423,0.186812642975839,0.0623926401559598,0.1055134583084052,0.0807806664034343,0.0252746181712073,0.0153589177237195,0.0036144401862777,0.4489212425537845,0.2294579152133431,1.116049648982836,0.960614469483747,1.1299547732877138,1.3709368740168832,0.9077853320339592,1.0349839744220473,14.0,4,0,70.25,76.25,6.0,8.524474568,18.68477493,19.84709794,1.162323012,1.263753592,37.0,7.25,16.75,11.25,29.0,47.25,False
S000836,phase,full,4,857263336,56.0,60,4,8,10,15,12,0.0141065931469167,0.0370305775829491,0.1632688836923699,0.0150608523973561,0.1878183994014238,0.2848510137771866,0.1143088116254566,0.0827651680815173,0.0255682382812287,0.0238168933723661,0.0225351477752816,0.004859241689547,0.6892601629308217,0.3404857452303579,1.07677290185336,1.1015138728856966,1.0510852346182864,0.9420533969257058,0.9554117993286508,0.8838752275221321,14.0,4,0,77.75,88.75,11.0,4.546060566,27.721621,28.95583156,1.234210555,4.22045304,41.75,14.5,17.5,30.25,47.0,41.75,False
S000837,phase,full,4,858263339,56.0,60,4,8,10,15,12,0.0193591019311256,0.0588312413971383,0.1476288759539344,0.0204964093725244,0.2104574767466312,0.2785885337588812,0.090729645124565,0.0560155003149613,0.0373243614607322,0.0337207760376852,0.0083369493697808,0.0111916315642377,0.5340174105282817,0.1794346910655345,1.156890906886175,1.259954034383985,0.9375412860021344,1.2474928894051651,1.0194401606439454,0.9617946587444508,14.0,4,0,60.0,91.5,31.5,18.3757086,17.37569349,27.85064237,10.47494889,6.700156101,43.0,10.0,16.75,68.5,40.5,51.0,False
S000838,phase,full,4,859263342,56.0,60,4,8,10,15,12,0.0335961896075073,0.0403588471749091,0.2744043553068089,0.0299208147040229,0.2034464263337765,0.1967750488021706,0.0913950994223429,0.0715620808360638,0.0542495599621563,0.0482616898940024,0.0326744749397041,0.006997064494187,0.7382089231156168,0.2070840158148117,1.222515883262408,0.9813766532613022,0.9066779714461604,0.9792246057053848,1.2716635292945553,0.829767531809622,14.0,4,0,176.0,195.25,19.25,22.51480994,70.23788615,90.9569923,20.71910614,9.920623453,22.0,14.25,66.25,103.0,94.75,100.5,False
S000839,phase,full,4,860263345,56.0,60,4,8,10,15,12,0.0275031832742747,0.0357532358034917,0.278681513540479,0.0161163019484983,0.1379133932220305,0.2820336744410967,0.0946544409329857,0.0809413107267788,0.0741261358608435,0.0661653213097489,0.0169199371212024,0.0079626580189735,0.5550127562077383,0.3213569300543135,1.095717564333245,1.028212653274074,1.117037483164268,1.419832108216862,1.149118324168103,0.7776309093288725,14.0,4,0,124.5,181.25,56.75,16.5,50.08692523,84.54775379,34.46082856,9.434335643,27.25,20.25,26.25,44.0,48.25,133.0,False
S000840,phase,full,4,861263348,56.0,60,4,8,10,15,12,0.0179974939299485,0.0493525498560143,0.2542521489286687,0.0281880695105478,0.1045171743638104,0.2212635442405043,0.1148225067442678,0.0587466373452882,0.0275064889717525,0.0652760275753112,0.0080617411792645,0.0033062456341705,0.5511354601766748,0.3763209302612791,1.0039440760442786,1.0417607438049057,0.9230561339410036,1.029442632356102,1.1632417583371963,0.9884881530053014,14.0,4,0,91.0,98.25,7.25,21.31314149,38.42905119,44.78286338,6.353812189,7.731156309,39.0,9.0,10.5,31.25,25.0,73.25,False
S000841,phase,full,4,862263351,56.0,60,4,8,10,15,12,0.0297057022805858,0.0308860895387138,0.1644844091844874,0.0152959346357802,0.1326751527089712,0.1825194952831979,0.0869819370103624,0.0575568907467706,0.0364396761355466,0.0503542942677633,0.036723170014027,0.0036832653234576,0.3874636658942667,0.1538082551475971,1.045702604559538,1.2557937752688555,1.4929689719004984,0.8884252551106713,0.8870628445248954,0.8212658203970296,14.0,4,0,75.75,125.25,49.5,10.40833,19.81725263,25.81081094,5.99355831,2.2863839,28.5,19.5,39.5,57.0,52.75,72.5,False
S000842,phase,full,4,863263354,56.0,60,4,8,10,15,12,0.0238927106845914,0.0519350556159618,0.1507158424455889,0.0173919358844813,0.1013292240445203,0.2185402401807005,0.153789777087345,0.0663245957127089,0.0289630702991308,0.0533661880572466,0.0172130185086112,0.001422402881595,0.8347259944390241,0.3368129740143296,1.0794494881584291,1.1781466160021372,1.4753365852322955,1.1372941847219111,0.8523535422219023,0.8365573466587514,14.0,4,0,57.0,78.75,21.75,7.410578025,37.8755598,45.63371226,7.758152455,2.875155056,37.0,14.75,7.25,15.25,20.0,58.75,False
S000843,phase,full,4,864263357,56.0,60,4,8,10,15,12,0.0278132972090737,0.0347086897362968,0.1298428793710095,0.0152327726086033,0.1192361525786396,0.2798987453649553,0.1279540805530262,0.0739616844965964,0.0561792218158208,0.0450750059394337,0.026521014979639,0.0058148617149895,0.3953012235517001,0.2932201865243174,1.2124441011609508,0.953321385867548,1.3587547096973671,1.3308909369877977,1.1924657098246545,0.7720197616581087,14.0,4,0,53.5,68.0,14.5,5.802298395,14.0076496,22.16934811,8.161698515,1.042639453,26.25,19.75,10.0,13.75,17.25,50.75,False
S000844,phase,full,4,865263360,56.0,60,4,8,10,15,12,0.0157021900370938,0.0799665879554601,0.1209916167927791,0.0315063495142993,0.2190938504296654,0.1658961350306645,0.1122164787088145,0.1015428425679831,0.0500764750018939,0.0218182205448585,0.0136614309638544,0.0069652983094771,0.8453973755310054,0.3589546026153399,0.9977969191727856,1.0713681480404076,0.939110054238976,0.8865229029769673,1.1837482386515104,0.7207143017029995,14.0,4,0,90.75,114.5,23.75,14.43086969,37.94584218,47.12115255,9.175310375,6.21631108,46.25,5.75,29.25,37.75,64.5,50.0,False
S000845,phase,full,4,866263363,56.0,60,4,8,10,15,12,0.0145266767060147,0.0361570876115077,0.2017842435818947,0.0244552849194281,0.1062688054955701,0.2431198980342332,0.1799351451684239,0.0556275565703878,0.0225958388902588,0.0822574584400935,0.0085565447611613,0.0011596942700291,0.8717137872339064,0.3996015728567036,1.1173070563696972,1.1966211019150497,1.1644279939892932,0.8618719282542905,1.2637320308445787,1.0391310841883008,14.0,4,0,74.5,82.75,8.25,9.03234927,54.42889304,66.59559484,12.1667018,7.659337391,37.75,13.5,13.5,29.0,16.25,66.5,False
S000846,phase,full,4,867263366,56.0,60,4,8,10,15,12,0.0207540832582695,0.0400255309290982,0.3069913460960132,0.0497025487475131,0.1515817338567969,0.2940155911711407,0.1303073775135112,0.1197736727787556,0.044015664661883,0.0293147155505796,0.0251593943345762,0.0018118032512273,0.7451624681214177,0.2449185587699027,1.2259229246775727,1.0622128789094631,1.357541038224019,1.4342997033434284,1.2981908330196856,0.862626183817658,14.0,4,0,96.25,133.5,37.25,32.58194797,42.37358656,76.70751623,34.33392966,23.41844774,27.75,9.25,9.0,17.5,48.75,84.75,False
S000847,phase,full,4,868263369,56.0,60,4,8,10,15,12,0.0146042012373525,0.0629908474233245,0.2741699613185452,0.0438516561692672,0.1629048499345808,0.1492855326597893,0.0881021230049809,0.0863131076571883,0.0597722111207119,0.0202054313000265,0.0218148159564303,0.0041805064775202,0.3773519807460749,0.2647669985273574,1.213578284016256,0.957875825871652,0.9908339827023772,1.399032928955485,1.269685685710914,0.9681507866527204,14.0,4,0,67.75,73.5,5.75,9.358596761,13.50229981,17.64591128,4.143611478,2.027667855,40.0,7.0,22.75,22.25,33.75,39.75,False
S000848,phase,full,4,869263372,56.0,60,4,8,10,15,12,0.014352636903807,0.0398928153923206,0.2685027093435924,0.0406513048628601,0.1632614228999444,0.2937038413626673,0.0721782880120506,0.0816033637562092,0.08293821444959,0.0499691263855681,0.0098893072296162,0.0018432858976032,0.4826530753779804,0.1000032408507965,1.2108264916950178,1.2525528350408008,1.1972923561554658,1.0296443638762107,1.2682213823544792,0.8090055138657021,14.0,4,0,86.25,168.0,81.75,36.36275567,32.16022748,64.5579809,32.39775342,16.54431117,33.5,9.0,19.0,35.5,57.5,110.5,False
S000849,phase,full,4,870263375,56.0,60,4,8,10,15,12,0.0342905177412521,0.0685198555326103,0.245898369946193,0.0184075032576376,0.1649261987116623,0.1709904951898881,0.1293096313592168,0.1208318077613743,0.0228694491633581,0.0540744451112018,0.0434177355173594,0.0018276349279218,0.6508359855105235,0.2445674186127474,1.0944775916608067,1.1263424436346317,0.95386430694279,0.8999600872623473,0.9388854676409072,0.8280181539860394,14.0,4,0,132.5,167.25,34.75,18.64358692,59.57964566,66.01403635,6.43439069,8.62551679,35.25,13.75,35.5,45.5,61.0,106.25,False
S000850,phase,full,4,871263378,56.0,60,4,8,10,15,12,0.0172170567016151,0.0591598347008947,0.2949297274323711,0.0305008521185312,0.1713661429504488,0.2129812073254909,0.1736930876610367,0.0487380134230956,0.0240318197786452,0.0277285238477583,0.0248988631300619,0.0024126621215096,0.5365329902690745,0.2805877587547797,1.264166458210993,1.2659012029934062,1.1837986709731527,0.9042922870887748,1.2728419420462556,0.7282005500690627,14.0,4,0,72.25,107.75,35.5,9.146948489,20.83359113,31.05042737,10.21683624,6.029154637,38.0,11.0,19.5,52.75,57.75,50.0,False
S000851,phase,full,4,872263381,56.0,60,4,8,10,15,12,0.0160812725184279,0.0494388284175866,0.2662342607151194,0.0280077872402069,0.1653650944935367,0.1504555636567978,0.1544664507699327,0.102358023015072,0.0276373953079729,0.0245716783861004,0.0231969051522397,0.0107487945810075,0.7568641222291796,0.1213132593855363,0.9831481625930616,1.1851432723764266,1.1304994498506793,0.9981545105823424,1.0936343983354684,0.844207763219153,14.0,4,0,86.75,113.0,26.25,23.12826554,30.85114257,36.40402796,5.552885397,11.60560211,38.75,11.25,24.75,35.75,68.25,44.75,False
S000852,phase,full,4,873263384,56.0,60,4,8,10,15,12,0.025798675313444,0.0731143451974502,0.2613850272936923,0.0220612124225879,0.1913977821789969,0.2219107218489317,0.0823865896855075,0.0870276501762702,0.0246556217406576,0.0503147597420675,0.0138948972607376,0.0049368339746452,0.675027892484813,0.2375528528059311,1.293624724445917,1.1799653846760887,1.2471876922846556,1.2538719971488437,1.1936883134296694,0.8616620769503253,14.0,4,0,165.25,268.25,103.0,12.0277457,67.42093904,135.1793547,67.75841567,7.818373006,37.5,12.25,54.0,87.25,97.5,170.75,False
S000853,phase,full,4,874263387,56.0,60,4,8,10,15,12,0.0302560097040322,0.0345458643867746,0.2676575729592812,0.0235590388059424,0.1635030133817109,0.1815066358562889,0.0719439216239882,0.0579869792603962,0.0397473751688395,0.0588696923767516,0.0201704920980489,0.0077942391355252,0.4068688243802354,0.1269760408135398,1.2366067618874943,0.9998283569399586,1.1647011344959777,0.9290422961141238,1.1574159034072602,0.7618313641613854,14.0,4,0,168.75,216.5,47.75,17.17313794,43.47473691,58.46861837,14.99388146,6.42210616,21.75,20.75,62.25,106.75,89.0,127.5,False
S000854,phase,full,4,875263390,56.0,60,4,8,10,15,12,0.0272978222622304,0.0417987114871923,0.2350046408088597,0.019323870989504,0.1415540829590293,0.2972586570859343,0.0696862611090034,0.0635240137085113,0.0264720950647898,0.0342256924014158,0.0113150739248676,0.0020363347049165,0.4167983229781409,0.3358459341516738,1.2463216494351133,1.0862297079980063,0.961335699099256,1.1776232899212913,1.1345354380240131,0.784264327833988,14.0,4,0,150.75,180.75,30.0,6.831300511,35.55248373,46.02558218,10.47309846,6.390981617,26.75,18.75,21.0,78.5,80.75,100.0,False
S000855,phase,full,4,876263393,56.0,60,4,8,10,15,12,0.0126220899780736,0.0386236893017018,0.2464806517347663,0.0167044298149741,0.1194181744676235,0.1910059771656013,0.0643739070463391,0.07351541829876,0.0591377470276284,0.0210220091243983,0.0211371432829616,0.0067107835839482,0.5545196238265814,0.1554514444061281,1.0286384720299366,1.0341296939642928,1.313941385971188,0.94085484966925,1.0465571133994265,0.9744183542145362,14.0,4,0,74.75,70.0,-4.75,17.34694978,19.29512012,19.35920746,0.06408733926,4.997168934,47.0,9.0,11.75,13.5,35.75,34.25,False
S000856,phase,full,4,877263396,56.0,60,4,8,10,15,12,0.0287874201695391,0.0474494833515693,0.2418490288399765,0.019521439200948,0.1749205525835774,0.165186162910561,0.0792099303957621,0.0560568984474964,0.0704734833184002,0.0432181554602243,0.0229300568603671,0.0106937708805415,0.6605099836740304,0.1773673894559117,0.9509080394567442,1.0725424889814936,1.3493837684355898,1.22051692030292,1.036822849033871,0.8407503199807308,14.0,4,0,119.25,173.75,54.5,14.27118309,41.20862356,64.77008074,23.56145718,6.826018017,32.75,15.75,68.25,81.25,78.0,95.75,False
S000857,phase,full,4,878263399,56.0,60,4,8,10,15,12,0.0323892528934939,0.0317338027686024,0.2212843942185536,0.0568151171775834,0.1093356788727388,0.1628159180304028,0.1223495204838655,0.0642471896041378,0.0212265039085509,0.0495437154192747,0.0085661809929003,0.0015993972043356,0.3554847849941027,0.2960861450895479,1.2613348742245634,0.9743936228877484,1.030910425137331,0.9247668296464666,0.9353142308872902,0.8668472880385398,14.0,4,0,95.75,98.75,3.0,5.416025603,24.23970041,23.28892286,-0.950777546,1.540059118,15.0,7.5,12.5,20.75,30.0,68.75,True
S000858,phase,full,4,879263402,56.0,60,4,8,10,15,12,0.0315414557195958,0.0548477840012722,0.3092736707312561,0.0215079628667019,0.1028916967020844,0.1404601369388912,0.0873715105950883,0.1195338475114454,0.0370737867649676,0.0722049688556316,0.0092673795573944,0.0052887609692712,0.7616552949769871,0.3453994548004253,1.054171555703191,1.1393371745970449,0.9400391492724194,1.138992994588785,1.2095789939173545,0.9771281123360528,14.0,4,0,145.75,179.5,33.75,12.6589889,75.5317663,109.1487556,33.61698926,3.338169827,35.5,14.0,50.5,52.0,55.0,124.5,False
S000859,phase,full,4,880263405,56.0,60,4,8,10,15,12,0.0321173695547581,0.0542646566427424,0.2552299148555511,0.0215801610407278,0.1364282997022602,0.1580615766956036,0.1074387815990911,0.1114409304496007,0.0290808159378951,0.0452324247969796,0.0374677384940575,0.0051001588406876,0.706530189128372,0.3585597870522237,1.124281155705709,1.0287461267583986,1.1533641985497949,1.1925449979529912,1.214834635019748,0.8822756942481539,14.0,4,0,114.0,121.5,7.5,10.72380529,52.12919502,68.63350778,16.50431276,3.960450829,30.25,14.75,26.75,38.75,41.75,79.75,False
S000860,phase,full,4,881263408,56.0,60,4,8,10,15,12,0.0250343242370522,0.0690883155259493,0.1668179319762362,0.0254717692021699,0.2061868349757218,0.2626008633663765,0.0955624781473879,0.0510633885447331,0.0226930665803332,0.0647466149910389,0.0145580986247995,0.0117453332207571,0.3877987273165225,0.2195953569829123,1.2315030666481102,1.1211745963711754,1.347255307867406,0.9602332444463104,1.0489002010570116,0.943502764461406,14.0,4,0,79.75,112.0,32.25,24.1022129,21.80679584,28.53868751,6.731891668,8.243915896,35.25,13.5,18.0,53.25,42.0,70.0,False
S000861,phase,full,4,882263411,56.0,60,4,8,10,15,12,0.0265652655673479,0.04353403015498,0.1210954203172427,0.0229451140609435,0.2175330906168893,0.1765943729481064,0.0693303044070647,0.0544566249209134,0.0213354573623796,0.028978264995669,0.0445596935836625,0.0014549872482486,0.5630241616252816,0.2897984166740189,1.3402113867208894,1.0595610257082846,1.064595271773035,1.1748286616943429,1.0889107839672103,0.8164532582340439,14.0,4,0,136.5,182.25,45.75,26.25991876,32.47847734,47.96173509,15.48325775,5.082746383,26.75,18.0,80.75,179.0,103.75,78.5,False
S000862,phase,full,4,883263414,56.0,60,4,8,10,15,12,0.0130131769340718,0.0468790032728619,0.1730617311230873,0.0201739762368092,0.1048603041800022,0.25906793646127,0.0952397398468281,0.0585697458220998,0.0296412913000144,0.0372761107921107,0.0092961462898385,0.0036696775377805,0.6419547658991348,0.372550925819231,1.2727129873838152,1.2177009884320815,0.937813518142554,1.2789733431892665,1.3305525771663946,0.7540258167585334,14.0,4,0,68.5,88.5,20.0,21.9089023,28.3712001,45.192223,16.8210229,4.544185174,40.5,11.25,11.5,38.5,30.75,57.75,False
S000863,phase,full,4,884263417,56.0,60,4,8,10,15,12,0.013048574758575,0.0807617232231362,0.1706725278019586,0.0316339977395205,0.1497021775028799,0.232996299262424,0.0898089171041548,0.0954379469937012,0.0378733361766813,0.0747103412072443,0.0322481103038267,0.0074008825648669,0.7461482156041095,0.2747803045748981,1.2149267863260422,1.294572023692638,1.2854618132190316,1.447832580910672,0.8763318088086977,0.8334671819210308,14.0,4,0,61.5,88.75,27.25,6.448514041,35.98499135,48.82962151,12.84463016,3.830018496,46.25,8.0,15.25,18.25,15.5,73.25,False
S000864,phase,full,4,885263420,56.0,60,4,8,10,15,12,0.0126496865459212,0.0680920267412187,0.1796969896753917,0.0358542218075077,0.1277852018153171,0.2018762316711378,0.0647458451255258,0.0918507139193217,0.0552729855756193,0.081587929618044,0.0096140367859054,0.0086953051105774,0.6795029068462424,0.1730270456438406,1.064157886633606,0.991452780386638,1.0730540735470453,1.3359904284934372,1.0754081696257969,0.7738233179244004,14.0,4,0,63.5,70.5,7.0,2.943920289,35.7430609,42.05494303,6.311882134,2.801901284,42.75,5.25,11.5,21.0,12.0,58.5,False
S000865,phase,full,4,886263423,56.0,60,4,8,10,15,12,0.022825491384461,0.0765010233667533,0.2276510604191103,0.0159251488252023,0.1797173857259473,0.2293742818991642,0.1308608419986917,0.095052342031553,0.0457929175282828,0.0471172542714496,0.0165411358877192,0.0037643615007671,0.7102891584638196,0.1951792860234953,1.1267080369043978,1.244199861732483,1.0116480292141468,0.9625472523186236,1.12110285086989,0.7384427080014325,14.0,4,0,95.25,143.0,47.75,19.01534468,45.71446327,67.52081137,21.8063481,10.21311793,43.75,11.75,21.5,41.75,55.0,88.0,False
S000866,phase,full,4,887263426,56.0,60,4,8,10,15,12,0.0210170223843522,0.0314987038942367,0.1740592099155856,0.025259280820041,0.1095083589041804,0.2706046825479669,0.0844165675873802,0.0536390809998972,0.0810345227859834,0.0278639909655876,0.0418182103413236,0.0042632410428428,0.3885624801101112,0.1889691426154241,1.2058646145213383,1.1089009334552096,1.4785385920943874,1.1147669402188212,1.377681842309722,1.0290709853709472,14.0,4,0,43.75,63.5,19.75,9.742518497,10.47658752,18.61814728,8.141559767,4.160829423,27.0,15.75,10.5,23.0,24.25,39.25,False
S000867,phase,full,4,888263429,56.0,60,4,8,10,15,12,0.0178505915138418,0.0614437296298458,0.2473043896584268,0.0486538483109819,0.1961941370693283,0.1512510221760326,0.078218782378008,0.0878591928856719,0.0356054132513689,0.0258789481084576,0.0273141323544909,0.0021387061421343,0.3588799765400356,0.2818973027610278,1.154756446569026,1.0189234133254848,1.217809909133465,0.8653999911926884,1.3599467532599352,0.7405512915696274,14.0,4,0,137.25,172.75,35.5,10.08298897,23.57059653,32.4727677,8.902171171,1.555110002,35.75,7.5,63.25,61.75,101.0,71.75,False
S000868,phase,full,4,889263432,56.0,60,4,8,10,15,12,0.0223404986616058,0.0360761918913129,0.2500158558652688,0.0378900256545933,0.1134296497795461,0.1420425915800935,0.0694682694570174,0.0988415164733986,0.0277961013664752,0.0743175857619079,0.0185995510523472,0.0031526772378498,0.7389617383970986,0.3313616771332721,1.1089522280134736,0.9536639276936396,1.4827478778462926,1.3025857647059635,1.323777959870797,0.7398840785386999,14.0,4,0,148.0,172.0,24.0,22.61268081,78.09886834,119.2630894,41.1642211,14.92989673,27.0,12.0,35.0,34.0,42.5,129.5,False
S000869,phase,full,4,890263435,56.0,60,4,8,10,15,12,0.0233063764290257,0.0843841582740203,0.2870157660186304,0.0496741541610884,0.2147822236521217,0.2573873075476311,0.1381733333733258,0.0500019055303098,0.0627882615498499,0.0651839908640217,0.0090445177778158,0.0096299884175356,0.6776884985949969,0.2153521218814001,0.9514564978695114,1.206881308516473,1.3128711314626742,0.8622093436962978,0.9835116828831256,0.7302560536208541,14.0,4,0,63.25,100.5,37.25,13.22560648,31.77658816,46.09523438,14.31864622,8.87438656,37.25,5.0,16.5,38.5,31.25,69.25,False
S000870,phase,full,4,891263438,56.0,60,4,8,10,15,12,0.0155335871853814,0.070238825370755,0.244156120293351,0.0204790918801067,0.1151860501095806,0.1451975005017748,0.062314339293239,0.0786349948075029,0.0257579964328358,0.0788024303711617,0.0153852940980548,0.002301908983759,0.8268149629067267,0.3562320082279406,1.1530057042501294,1.019990305844075,1.3338463664242364,1.0060338376402636,0.939241636457294,1.0435969764383968,14.0,4,0,92.75,110.0,17.25,10.65754819,60.88164613,67.69278124,6.811135111,8.340866638,45.5,8.25,30.75,33.75,25.5,84.5,False
S000871,phase,full,4,892263441,56.0,60,4,8,10,15,12,0.0175435655868237,0.0741108320305916,0.1479620947323041,0.0538884490974674,0.2184987274602648,0.2266252677748322,0.139818152788189,0.1144706303320239,0.06579094585074,0.0556713993120648,0.0313714314774979,0.0010454920771238,0.6957159367418242,0.3103427499536784,1.250431009963293,1.121090256091707,0.9582474399089056,1.436466821896582,1.3595239373254606,0.838192955084658,14.0,4,0,61.25,75.0,13.75,9.03234927,36.77818826,54.56269135,17.78450309,5.145426756,31.75,7.75,9.75,11.75,12.75,62.25,False
S000872,phase,full,4,893263444,56.0,60,4,8,10,15,12,0.0211927276822208,0.0786272488698107,0.1215836784979254,0.0339602688624772,0.1000473171683765,0.2901748465389342,0.1504853668122737,0.0606736297875973,0.0288168249142051,0.076495442364338,0.0122418196350649,0.0078396804633451,0.5095823876956403,0.3743363846343567,1.1423293298613486,1.1588840717613116,1.4966222625388852,1.3184800451995715,1.2320948863693004,0.993937162594034,14.0,4,0,46.0,53.5,7.5,8.22597512,20.87921353,28.43577899,7.556565464,3.950147369,39.75,9.25,2.25,9.5,6.75,46.75,False
S000873,phase,full,4,894263447,56.0,60,4,8,10,15,12,0.0127510090189253,0.05399047824021,0.141611199347039,0.028778120421432,0.1946274343775671,0.2347851058185391,0.1267278503446844,0.0960255209083491,0.0209750006812202,0.021170702431913,0.0379024247195536,0.0012147763992068,0.6513818902990403,0.3396451721511919,1.0639579231156049,0.9926288802258482,1.4216534653307324,1.149375766382186,1.0810838373800935,0.8278595005016073,14.0,4,0,61.0,59.5,-1.5,13.82027496,22.21640095,26.94093862,4.724537679,5.934608496,43.0,6.75,10.75,13.5,19.5,40.0,False
S000874,phase,full,4,895263450,56.0,60,4,8,10,15,12,0.0290447658947491,0.0606493315832864,0.2131864537490417,0.0229663597706656,0.1902615823016271,0.2186769244110319,0.1556716397082001,0.0919289171525697,0.0602130016278733,0.0214948505620075,0.0112439373488781,0.0064875598000062,0.4083485408408309,0.1144395542725911,1.1988301133461905,1.2667559295601885,1.4697345882530704,1.3837773934560782,0.9512154453542764,0.9557092390864684,14.0,4,0,100.5,182.0,81.5,36.0970913,17.64642313,31.76574445,14.11932132,6.747700709,29.25,17.5,32.0,36.75,100.25,81.75,False
S000875,phase,full,4,896263453,56.0,60,4,8,10,15,12,0.015992147806765,0.0420295735043309,0.2194811760090543,0.0531512890373961,0.1065686145193905,0.2077701791656003,0.1633422445482152,0.0640464967469472,0.0611242943684985,0.0290968995654599,0.0403506071008063,0.0066798366869369,0.3997919424622067,0.1901899871171391,1.2162484109097798,1.2031930986823518,1.0546970668918096,1.3217495530893455,0.930572162041648,0.7657595308865133,14.0,4,0,28.0,46.0,18.0,3.16227766,8.898470713,12.56815526,3.669684546,2.300851678,30.25,9.0,9.25,16.0,13.0,33.0,False
S000876,phase,full,4,897263456,56.0,60,4,8,10,15,12,0.0345785115137194,0.0502973751788647,0.2356440058908189,0.0525244659733599,0.13367838007141,0.1642814859035206,0.1770444247294483,0.0647552278194383,0.0589503150958728,0.0319920325744221,0.0319037113331696,0.0086141356321605,0.5904269168320787,0.1435687761252138,1.25005814687374,1.003137500977831,1.4525547276378397,1.4118419953088048,1.2764358302423524,0.7832720483300833,14.0,4,0,41.25,59.75,18.5,10.37625494,16.14448224,29.59127958,13.44679734,3.979634988,18.0,7.5,10.0,11.0,17.75,42.0,False
S000877,phase,full,4,898263459,56.0,60,4,8,10,15,12,0.0323774670500427,0.0845483187276536,0.2575732569990819,0.0187494143818493,0.2016741361576541,0.2952019755219291,0.0834855322574676,0.0795358582804235,0.0263461412834143,0.0292749860166533,0.009195994329665,0.0082978090608984,0.3904914813769221,0.2704608208540385,1.2663508827961738,1.1248196679303848,0.9763912302401452,0.8720059558240929,1.016202278939237,0.8916938783567369,14.0,4,0,177.5,235.0,57.5,25.72288216,30.92086698,38.12273344,7.20186646,4.079212444,37.0,14.0,38.5,90.25,139.75,95.25,False
S000878,phase,full,4,899263462,56.0,60,4,8,10,15,12,0.0196110346851683,0.0709282491052491,0.3015611036140848,0.0419029383735281,0.1722422881747738,0.2157926608936932,0.0958795211605103,0.0771816959561697,0.0432550687200491,0.0671353733838517,0.0096725087610111,0.0018270869904018,0.4008647877808123,0.4353969817733446,1.219614633546648,1.1934215452022554,1.3600307948560857,1.3516192519290977,1.1830951887245442,0.8422290884814202,14.0,4,0,127.0,212.0,85.0,26.99382645,38.05206676,72.01493133,33.96286457,7.832684166,32.25,8.25,35.25,49.25,52.0,160.0,False
S000879,phase,full,4,900263465,56.0,60,4,8,10,15,12,0.0220032650859814,0.0627695981038889,0.2560596259646426,0.0189802389329245,0.1254157646803146,0.285069150932234,0.1258414566990308,0.0641423717154673,0.0240530232458429,0.0245289923964482,0.0258519643544103,0.0014488034127299,0.7891487003801249,0.2391277491996118,1.2414336146206748,1.1707394936026378,0.9657049375334956,0.9252352201056064,1.0702224505790063,1.018382569317411,14.0,4,0,78.0,104.25,26.25,12.03813385,35.22367113,40.68816988,5.464498755,2.051015077,37.25,13.0,15.0,56.5,55.5,48.75,False
S000880,phase,full,4,901263468,56.0,60,4,8,10,15,12,0.0182935783679576,0.0350793734835862,0.2600259179722318,0.0542794283340896,0.1082946497266002,0.2931591855792197,0.1498740370907158,0.0932438215112332,0.0465395811857272,0.0617779033243368,0.0346178848719527,0.0054160483985699,0.8523980166421098,0.2986943455224455,1.202655170570701,1.0444440775846318,1.1773437404955989,1.3803168259800425,1.1004131995987356,0.9631366817987452,14.0,4,0,53.0,67.0,14.0,15.53490693,35.94972293,47.86097657,11.91125365,8.657185108,26.75,8.5,6.5,16.5,15.5,51.5,False
S000881,phase,full,4,902263471,56.0,60,4,8,10,15,12,0.0161584515633992,0.0499913001154899,0.1500245149244843,0.0355440727744635,0.1010729982137666,0.1430476511517938,0.0746794749319824,0.0602636489450895,0.052086791191919,0.0569860429896613,0.0380879847212887,0.0029784005489011,0.8065159569357259,0.2563577953942839,1.1890434236105876,1.1322383041239186,1.4554325779584076,0.8568599400189251,1.2685433664352062,0.911242159758596,14.0,4,0,49.25,60.75,11.5,7.325753659,31.42418799,41.7623165,10.3381285,4.981321635,34.5,7.25,11.75,15.0,16.5,44.25,False
S000882,phase,full,4,903263474,56.0,60,4,8,10,15,12,0.0276740391492931,0.057789972665649,0.3138819836680401,0.0265494202294374,0.1768836516476246,0.2362984742778445,0.1259444595066025,0.0956977761418005,0.0314289478985482,0.0376877486703158,0.0225840725308946,0.0013329161470161,0.4914118439241447,0.3383808676822436,1.3047990919093335,1.055373435284744,0.9747499376110142,1.31436045868298,1.064033317839484,0.8528613000943406,14.0,4,0,119.5,155.75,36.25,7.365459931,36.00907777,50.28337054,14.27429277,3.915564392,31.5,13.25,20.25,43.75,58.0,97.75,False
S000883,phase,full,4,904263477,56.0,60,4,8,10,15,12,0.0243128277447543,0.0340288958411944,0.1820502964928851,0.0309717471989795,0.1114663996305504,0.2291692865150178,0.0622502890072279,0.1139007366758541,0.0300859379369479,0.0273305797520395,0.0308331996961466,0.0013365518255631,0.3676295817137179,0.4410495234405326,1.1860581580250853,0.9786235676900712,1.3747576395310042,0.8679083618076122,1.1839824695864969,1.0310988486085004,14.0,4,0,97.75,94.0,-3.75,17.1537168,19.47347431,20.02124446,0.5477701525,3.313637604,27.0,13.25,16.75,20.75,45.75,48.25,False
S000884,phase,full,4,905263480,56.0,60,4,8,10,15,12,0.0175239973543992,0.0322786675875952,0.2883158487160238,0.026782997580878,0.1087428845075824,0.1567112829115709,0.0665119837156199,0.1044668401073687,0.025824101036521,0.0302962793929878,0.0202159031133715,0.0014968451791147,0.5068759813745116,0.230220361641184,1.2467972197020107,1.0842577019118602,1.3843153743538357,1.0484551496837695,1.092930243499818,0.8003404219849047,14.0,4,0,101.5,165.75,64.25,9.215023965,27.78662746,41.71554021,13.92891275,1.698827389,34.25,11.75,40.25,38.0,87.5,78.25,False
S000885,phase,full,4,906263483,56.0,60,4,8,10,15,12,0.0158018364983594,0.0318524729635887,0.2415141918042187,0.0460314162023046,0.2101199455614089,0.1781417921627373,0.0881741501209409,0.0550495258185623,0.0385871615823436,0.0725734518955024,0.0153240526077483,0.0107609243126785,0.4351616694330542,0.3513591448415009,1.2145278553166454,1.2781677256680166,1.360447458822424,0.874495698928949,1.001459547046203,0.7403132751010586,14.0,4,0,110.0,280.25,170.25,61.19572425,34.04813381,69.37381682,35.32568301,12.8473846,31.75,7.75,141.25,187.25,122.25,158.0,False
S000886,phase,full,4,907263486,56.0,60,4,8,10,15,12,0.0260805478813016,0.0387882706361459,0.1948222101351661,0.0599681239417088,0.194177843347934,0.1880615319210364,0.1597095277910744,0.1012995500278352,0.0362441641214546,0.0321295737154652,0.0117083795762751,0.004197877369416,0.7904227340734447,0.3843049622467688,0.9887081990050466,1.1224825309433013,0.9331980106733948,1.2662015649908742,0.8641464418374676,0.9142877533813308,14.0,4,0,93.5,107.0,13.5,11.26942767,42.32336176,45.2339131,2.910551346,3.652160116,25.5,8.25,13.0,24.25,44.0,63.0,False
S000887,phase,full,4,908263489,56.0,60,4,8,10,15,12,0.0305249293061802,0.0388610401534062,0.2294925654761594,0.0356042564318297,0.185103415751076,0.2207269428307234,0.1331593202406502,0.0750247420108155,0.0818146816768856,0.0310717522807472,0.0334255355606704,0.0025721766346252,0.4010521080116485,0.1402428583394245,1.3199444165699854,1.0560886399651612,1.1933782571447773,1.0982435345102508,1.0706975143435329,0.724128793189293,14.0,4,0,69.25,102.75,33.5,14.05939781,17.66629704,23.93215095,6.265853913,1.796210201,21.0,13.25,20.0,31.5,46.0,56.75,False
S000888,phase,full,4,909263492,56.0,60,4,8,10,15,12,0.0171704782962388,0.0508777605626074,0.1468849203803491,0.0198150019955499,0.1042799578446101,0.2500891996103623,0.1395418630341068,0.0747273865795047,0.0404613898395769,0.0217725840729597,0.0332915650686281,0.0015734226049969,0.4446495735767247,0.1661214567891619,1.2955554383140708,1.1886979674159934,1.4008553102671404,1.1716586058735226,1.375186258745711,0.8013662575242307,14.0,4,0,40.75,69.5,28.75,10.24288371,12.43528438,21.63801639,9.202732005,1.300330125,40.75,10.75,9.5,17.0,29.75,39.75,False
S000889,phase,full,4,910263495,56.0,60,4,8,10,15,12,0.0288587640159417,0.0609843097602529,0.3146850209261716,0.0414067709144329,0.1055802980977942,0.1585775427370553,0.1152028532259796,0.0901204133483903,0.0742624820705693,0.0468323652863615,0.0138703071970347,0.0010108699433069,0.4714233017239558,0.3894960416437516,0.9571169096296788,1.0747016024532483,0.9900986954554644,1.2731274219744655,0.9367210192203652,1.040565940338248,14.0,4,0,89.75,94.0,4.25,5.560275773,30.39817699,31.12498917,0.7268121747,1.108297243,29.75,10.75,16.75,18.0,25.5,68.5,False
S000890,phase,full,4,911263498,56.0,60,4,8,10,15,12,0.0263540931933628,0.0625382754259682,0.1399673264053387,0.0447458245753534,0.2014301242595078,0.1413994954810717,0.102217554065202,0.1096733148527726,0.0558998965536655,0.0357010872345936,0.0080203447643926,0.003489919411848,0.3569478601204782,0.4297108689144685,1.055810110703699,1.285481982863346,1.2841123196654975,0.9190279725618602,0.8975618286415111,0.8514023726755771,14.0,4,0,137.0,284.75,147.75,10.34005158,28.5758327,40.34777664,11.77194394,4.157143747,32.25,7.0,129.0,75.75,159.75,125.0,False
S000891,phase,full,4,912263501,56.0,60,4,8,10,15,12,0.0168789548095363,0.0641822035166889,0.1822356777832874,0.0238333228834721,0.1526119767026373,0.1835544522020114,0.1274018313463661,0.0578252771492318,0.0647342336739575,0.0340633747585061,0.0402223914096666,0.0023194978593049,0.5400797558184223,0.3324321249479881,1.0974728897608428,1.272353999319015,0.9519656132918828,0.9576577205774164,1.311903521197239,0.9357783463709122,14.0,4,0,45.5,62.25,16.75,7.041543391,17.7854001,25.51642041,7.73102031,5.752714437,45.0,8.0,21.5,34.5,23.25,39.0,False
S000892,phase,full,4,913263504,56.0,60,4,8,10,15,12,0.0171088529756704,0.0503864291769133,0.2323423945983172,0.0157631034657954,0.1020348131603364,0.2811875270140872,0.0826734823351494,0.0801937883072545,0.0572926441706589,0.0269049518252662,0.0140424006885767,0.0037104061088343,0.4165254498840095,0.2265112303875757,1.173556013901658,1.2637281060912653,1.0772128219929158,0.945343768760269,1.1297089026506115,0.8769714489874929,14.0,4,0,82.0,118.25,36.25,3.774917218,19.04034657,26.10025439,7.059907812,1.803056776,44.0,10.5,12.25,32.5,62.0,56.25,False
S000893,phase,full,4,914263507,56.0,60,4,8,10,15,12,0.0146558087856252,0.041401235024548,0.1675848214266151,0.0214574387264957,0.2125893688553477,0.2056247642104605,0.1309847485868399,0.1228268689946566,0.020555520391512,0.0463211371171671,0.01716384157875,0.0033237220056244,0.4662325203679089,0.2238616712593853,1.2590847522212285,0.9802370342350074,1.0704549628121147,0.9256270467211422,1.3089851442069598,0.9216015065508664,14.0,4,0,104.25,114.75,10.5,12.06924466,33.19021696,41.46973075,8.279513793,4.590484689,41.5,8.75,18.25,22.5,41.25,73.5,False
S000894,phase,full,4,915263510,56.0,60,4,8,10,15,12,0.034041476093862,0.0399367593575235,0.1986813631269311,0.0174638334821153,0.1927140924988274,0.2686745234238734,0.0712267761978458,0.0560741109116537,0.0265727950540861,0.0263103006855108,0.0257333595252243,0.0011822963673996,0.5027788954589014,0.2472919371790784,1.0177699945952654,0.9955307803681286,0.9030495547079168,0.8823653713331052,1.3755590982890562,0.8235788397490852,14.0,4,0,155.5,150.0,-5.5,12.36931688,37.92589434,42.52373036,4.59783602,2.527143733,27.25,19.5,27.75,106.0,81.75,68.25,False
S000895,phase,full,4,916263513,56.0,60,4,8,10,15,12,0.0157543597112436,0.0347977644284301,0.3161424893457035,0.023952048393393,0.2177286998117748,0.1554321633647363,0.0756217433325943,0.0853413955630102,0.0742426734435029,0.0362920111673131,0.0372443171497378,0.0016422905298238,0.4529473013939939,0.2467104738835395,1.036736340451627,1.009215478646545,1.3561741492280943,1.3604155867647798,1.054868602101627,0.7327032889492391,14.0,4,0,176.5,261.25,84.75,13.79311422,40.44240642,68.64415183,28.20174541,5.786035118,40.25,10.75,120.5,106.0,117.0,144.25,False
S000896,phase,full,4,917263516,56.0,60,4,8,10,15,12,0.0324974359875756,0.0319858736558147,0.3127730048262387,0.0194160774439444,0.1050563730463964,0.1942467488300784,0.0897097294754103,0.0534018078781454,0.0552172163047571,0.0308865771721328,0.0278850629825258,0.0101440292140038,0.4465204081749515,0.4022398608329419,1.2216245603652534,0.9556068971799628,1.1146154830248085,0.9119495559486516,0.8543074970363768,0.7801879271842751,14.0,4,0,99.25,136.75,37.5,17.59734829,19.91017699,22.00518968,2.095012685,1.60607772,22.5,22.75,36.0,74.5,80.75,56.0,False
S000897,phase,full,4,918263519,56.0,60,4,8,10,15,12,0.0153686596037748,0.0368687468085733,0.2751114314267185,0.0163289936885731,0.1060509230090335,0.1677129308451584,0.1278014684016813,0.0479323616306731,0.0232527005781321,0.0547216278572783,0.0229614943341321,0.0115871633808583,0.8292132920468192,0.2950309514942728,0.9824499669737584,1.0354339236105352,1.3924562662116893,1.217482234193611,1.04030403106024,0.9085278157014426,14.0,4,0,63.5,73.0,9.5,8.346656017,33.96252991,42.90015814,8.937628226,3.584664918,41.0,11.25,13.5,28.75,22.25,50.75,False
S000898,phase,full,4,919263522,56.0,60,4,8,10,15,12,0.0280539735673402,0.0566454153948064,0.1288447225241481,0.0449547308695684,0.1729300310360111,0.2756081504663402,0.1547721504858099,0.0528634733535593,0.0345496027328431,0.0318596750001667,0.0176877275554798,0.0021062952832075,0.4604173873023857,0.264192430846261,1.0378959971983843,1.0632300526081329,1.3108325435133703,1.1686626697223303,1.1616731975130057,1.0379331597187398,14.0,4,0,55.25,59.25,4.0,8.485281374,16.06787521,19.89462416,3.826748944,1.499168515,27.25,9.75,6.75,17.0,18.5,40.75,False
S000899,phase,full,4,920263525,56.0,60,4,8,10,15,12,0.0161416482966871,0.042697974575383,0.2991319204459184,0.0296709145227115,0.1856687288382223,0.2658584001758744,0.0892790210273115,0.0691966538915613,0.0705573957930771,0.0849295039160203,0.0347314531800875,0.0027729918698458,0.7017277218822515,0.4494357670798772,0.9580841585785056,1.2615453363919935,1.441321093894412,1.0718755701870455,1.3379654988105778,0.7640108334045165,14.0,4,0,84.5,146.25,61.75,16.6007028,45.69780519,100.2905948,54.5927896,14.83950067,39.5,11.25,26.5,49.75,29.75,116.5,False
S000900,phase,full,4,921263528,56.0,60,4,8,10,15,12,0.0167521194694265,0.0359003760761188,0.1511451423016927,0.056682630303107,0.1163953713180329,0.2230507881356323,0.1608949420487653,0.062527872507776,0.0565615898420546,0.063954608211714,0.043263014559901,0.003457338181994,0.8129161137009918,0.2853315877593324,1.3013828380990506,1.0770750092743837,1.1201538502031034,0.8803591962202177,0.9568106372597346,0.808556096827916,14.0,4,0,36.25,44.25,8.0,3.16227766,24.85415635,28.06560824,3.211451893,3.18919228,29.0,6.0,5.5,11.0,8.5,35.75,False
S000901,phase,full,4,922263531,56.0,60,4,8,10,15,12,0.0255520269486017,0.0334867212220287,0.1348491553631784,0.0253778426162894,0.2091445767041213,0.1538839320204081,0.1495701639251407,0.0948863554026869,0.0245659184049758,0.0780786629328298,0.0349328292212083,0.0013585519855308,0.5477787996637722,0.1871221546658328,1.3240591047541006,1.1496363018653497,1.1953489110867317,1.1838836630403122,0.9325262348711312,0.8602506498657834,14.0,4,0,109.25,164.25,55.0,16.02081979,43.44493134,62.12281279,18.67788145,5.605170317,22.75,18.5,50.0,60.5,45.5,118.75,False
S000902,phase,full,4,923263534,56.0,60,4,8,10,15,12,0.0131863175328596,0.03166524558582,0.2554695772391773,0.0249197529564326,0.1897710250107172,0.2410671831854329,0.1520599446744455,0.0477489285549477,0.0663304831062701,0.0416018368439298,0.0295975424445034,0.002076137879123,0.7045087536439372,0.3818072138912197,1.251947581466816,1.1492308615106297,1.2312949362237076,0.8796509952575324,1.2256525104416478,0.749032329941623,14.0,4,0,53.25,83.75,30.5,13.10216267,27.55013962,38.71752286,11.16738324,4.266734297,40.0,11.25,22.5,37.25,36.0,47.75,False
S000903,phase,full,4,924263537,56.0,60,4,8,10,15,12,0.0128746367955053,0.0439800225720277,0.1688564221934281,0.048847702131899,0.1112386704108422,0.2732003674761202,0.15726076439765,0.0882234974236818,0.0266801026675376,0.0697990964894511,0.0155179097772915,0.0021506630493239,0.4782065887398734,0.1313740269103777,1.2838581842255734,1.0944310408732143,1.2979628354200463,1.3477123055722502,1.0276368464565728,0.7481180442061082,14.0,4,0,62.75,78.25,15.5,8.544003745,26.52697201,33.12465801,6.597686,2.562711378,34.5,8.0,2.75,12.0,10.75,67.5,False
S000904,phase,full,4,925263540,56.0,60,4,8,10,15,12,0.0186174886121978,0.0429760618898377,0.2413890800684474,0.0186153455692238,0.194843966282216,0.1665641763951511,0.1708388723138188,0.0730539298093922,0.0581307630044917,0.0763895505947977,0.0130352448996033,0.0017230039842855,0.8832941334809088,0.391787620265474,1.1556517677331355,1.0519751774946908,1.041240995926431,0.9905462933008604,1.0072118908757268,0.7675366620398354,14.0,4,0,84.0,107.5,23.5,5.802298395,60.62593936,76.44655635,15.82061699,7.773660208,36.75,13.5,27.0,31.5,23.0,84.5,False
S000905,phase,full,4,926263543,56.0,60,4,8,10,15,12,0.0169846371269423,0.0752155339728591,0.1380020591169762,0.0379107037549605,0.1020894021600428,0.2263372236213776,0.1095607926401447,0.0484509234857712,0.0678265116350426,0.0834701522485151,0.0124752886250603,0.0027087724342699,0.8683458783192799,0.2786465754570802,1.2074592283890877,1.0035870694211213,0.9621532312597882,1.2410556752684292,1.200420221757951,0.927079454364533,14.0,4,0,38.5,42.0,3.5,4.358898944,29.58830572,36.81484702,7.226541308,3.558507076,41.75,8.0,3.5,6.75,3.5,38.5,False
S000906,phase,full,4,927263546,56.0,60,4,8,10,15,12,0.0148346235084626,0.0651669611534636,0.1776779988019765,0.0459893247810231,0.1478034965901244,0.2392415721112256,0.1254143605858084,0.1132812911792277,0.0486846293956374,0.0392705757691821,0.0123141592805604,0.0040349082463385,0.5393499831120542,0.2016919949045941,1.0615212242959036,1.021703442642215,0.9085836955021156,0.8935415376792305,1.1526300905643987,0.7765267713706389,14.0,4,0,60.25,68.5,8.25,9.604686356,25.48390227,29.92978496,4.4458827,2.988824942,42.5,5.0,3.0,10.25,17.5,51.0,False
S000907,phase,full,4,928263549,56.0,60,4,8,10,15,12,0.0321477918424722,0.0645939885222115,0.126834229341016,0.0387921983490638,0.1259160776187736,0.2321089349742908,0.075755510553409,0.0892764422420672,0.0303898760180322,0.0219431849637262,0.0250569752803999,0.0051829001124442,0.8491235172437837,0.2777383664974444,1.1458539023292929,0.9901021245456976,1.3461471101887263,0.8981265589483001,0.865836148003039,1.0258937445877747,14.0,4,0,55.5,59.5,4.0,5.099019514,26.12671028,25.33438057,-0.7923297046,1.865399875,25.25,11.5,8.75,13.75,27.0,32.5,True
S000908,phase,full,4,929263552,56.0,60,4,8,10,15,12,0.0194213978792616,0.0428437313882298,0.1502359643513644,0.0172674822789738,0.1108534831933545,0.2137871430147025,0.1167505065749389,0.1237084482736413,0.071926600672754,0.0256405997953394,0.0170127943962682,0.0073884323218448,0.6754328457341627,0.3468040021349305,1.0783643546121255,0.9987829174163886,0.9577889466593554,1.078995008435496,1.027818306937177,0.7807241473311402,14.0,4,0,61.25,67.75,6.5,3.872983346,21.34128722,24.65044897,3.309161751,0.6475269666,39.75,12.75,11.25,10.5,30.5,37.25,False
S000909,phase,full,4,930263555,56.0,60,4,8,10,15,12,0.0266556958288599,0.0355513697651916,0.12558744578455,0.036593204435589,0.187592070745239,0.2443061552438144,0.1391925240545073,0.1014600844118626,0.0376910961751044,0.0626002576899298,0.0392800124793243,0.0028274118346846,0.4807807366121245,0.1852372201520334,1.2832887751910291,1.2751009097275974,1.4878109059404527,0.8976046196100925,1.104979862600314,0.9798402739047436,14.0,4,0,71.25,111.0,39.75,20.0893836,27.3560424,40.17462962,12.81858722,5.027502928,24.0,11.0,20.25,25.25,33.25,77.75,False
S000910,phase,full,4,931263558,56.0,60,4,8,10,15,12,0.0245054110180842,0.035833369858239,0.2205849819050332,0.0250964211708788,0.1026883430689775,0.1751771239352139,0.1081905473035152,0.0467492422658393,0.0268704416170744,0.0313608263926789,0.0242016947860355,0.0041093392359683,0.3639599114474869,0.1891637354354959,1.1934683317021488,1.2345954501757077,1.171334964699713,1.4349097741910282,1.2565074835190828,0.7865336038936747,14.0,4,0,74.25,101.25,27.0,8.286535263,14.33867418,25.16827588,10.8296017,2.825740476,29.75,12.5,21.0,60.5,43.25,58.0,False
S000911,phase,full,4,932263561,56.0,60,4,8,10,15,12,0.0164282290971845,0.0385931846682541,0.1933558530691311,0.0231855888816825,0.1343788522795047,0.1477804445552137,0.1760735160507771,0.0759266638926936,0.074581356727267,0.0409706780057333,0.009034388241268,0.0021986509485261,0.7467674693260808,0.3541897835705472,1.2795874052513647,1.039767416522387,1.114486534392486,1.263781990308403,1.048390372283979,0.7641659430890108,14.0,4,0,52.5,71.0,18.5,9.678154094,27.93223482,38.86132407,10.92908925,5.196856202,35.75,14.75,15.0,16.0,20.5,50.5,False
S000912,phase,full,4,933263564,56.0,60,4,8,10,15,12,0.0234307391720352,0.03537289647717,0.1330413149060272,0.0392513209163925,0.1777773387568123,0.2485972000210992,0.0846035954993536,0.0808427936371848,0.0690307771192864,0.0577280613973882,0.0157356165961802,0.0012900264264528,0.3914708341964806,0.146598884449945,0.9767589938720064,1.1873027024124825,1.218766631796884,1.1430687357513865,1.0869207742446,0.8864499848966618,14.0,4,0,66.5,86.5,20.0,11.5758369,20.63456998,28.90057827,8.266008287,4.113148491,29.0,9.0,13.5,18.25,17.5,69.0,False
S000913,phase,full,4,934263567,56.0,60,4,8,10,15,12,0.0121121012344918,0.0505567576503738,0.2151669712591524,0.032501260627434,0.1807879786748641,0.140807448436313,0.1787629208895394,0.0689144152506981,0.0375976804435082,0.0644755297168149,0.0152050061548549,0.0010384788121223,0.847408002362424,0.1010406182901193,1.2222613393213182,1.2403450828182443,0.9527318966842678,1.236779913762991,1.2068107992152912,0.7869650879404251,14.0,4,0,66.75,96.5,29.75,8.220908303,43.86988801,69.13118135,25.26129334,4.321298207,42.75,7.75,27.75,34.75,25.0,71.5,False
S000914,phase,full,4,935263570,56.0,60,4,8,10,15,12,0.0176667882170589,0.0340655144111546,0.1932038351126595,0.0436911885166554,0.1954877776633873,0.1636360915191045,0.1563064625505398,0.0798210598153208,0.0307740931978184,0.0684132102180129,0.020760379808256,0.0119440614201081,0.6879165298365619,0.1977575059595658,1.1157929883418425,1.2881192631204192,0.9645489771376884,0.8869980738903066,1.2135793987797694,0.9166346026538256,14.0,4,0,72.5,113.75,41.25,24.06068716,34.96347903,54.99730016,20.03382113,16.78163022,33.25,7.5,37.75,41.5,44.0,69.75,False
S000915,phase,full,4,936263573,56.0,60,4,8,10,15,12,0.0225825867738471,0.0555679816743789,0.1294690932689484,0.0374761374168287,0.1322909402396266,0.1945246332767044,0.1788501363369369,0.0521291721314207,0.0533504293334403,0.022220607560534,0.0443491236395495,0.0080505944523355,0.5919567048548866,0.359853648957537,1.0832510642452842,1.0021325719826149,1.1800500545284036,1.2753006982366415,1.3036182349271137,0.8776988145462256,14.0,4,0,26.0,31.75,5.75,2.061552813,9.691699334,14.26533743,4.573638098,0.8168330863,33.5,13.25,5.5,13.5,10.5,21.25,False
S000916,phase,full,4,937263576,56.0,60,4,8,10,15,12,0.0160449311664066,0.0697666894053571,0.1735160995060042,0.0199240464708012,0.1189107619626464,0.1723240024615264,0.1387912684347482,0.1035333977204703,0.0269297043686795,0.060274482983008,0.0105112080735015,0.0114199185261422,0.3524836116541699,0.4102875177851152,1.0025819967114182,1.156626876334911,1.2686184200211672,1.252694004763887,1.0954685122761232,0.8808977215694369,14.0,4,0,54.5,63.5,9.0,7.527726527,15.03993601,20.00773421,4.967798197,3.249869228,44.75,8.25,6.0,6.25,10.25,53.25,False
S000917,phase,full,4,938263579,56.0,60,4,8,10,15,12,0.0131628914968259,0.042524616031846,0.1524465903649374,0.0494180625413702,0.2046554119223968,0.2499283893162906,0.1741351727162302,0.1255895057447213,0.0520401031263588,0.0755041180352793,0.0142879800431599,0.0017842328413206,0.666099675160569,0.228028665061257,1.0392633698043263,1.1812379997403744,1.1388876539549535,1.0437280059773717,0.8532239816389044,0.8676188306659891,14.0,4,0,66.0,83.75,17.75,18.39157416,39.22487151,43.81732441,4.592452898,8.855217887,37.75,7.75,5.25,9.0,11.75,72.0,False
S000918,phase,full,4,939263582,56.0,60,4,8,10,15,12,0.012085476941513,0.063361673896358,0.2444073331026765,0.0234268812680369,0.1612462987541661,0.1493347523229874,0.1773854367616463,0.0744939228946301,0.0306291320178676,0.0577397403847025,0.0318023551785649,0.0039307740768236,0.3709710767619453,0.3299117385699211,1.187973850405574,1.2470100105785336,1.429598410275772,0.9275109969058628,0.9653044605668064,0.8114473763247964,14.0,4,0,53.75,81.0,27.25,3.403429643,15.32245335,19.2110121,3.888558753,2.425599142,46.25,8.75,26.75,24.0,26.75,54.25,False
S000919,phase,full,4,940263585,56.0,60,4,8,10,15,12,0.0192304161886728,0.0696067508328213,0.299871795506726,0.019552708425562,0.1743567987173199,0.2897090557267601,0.1747111027174758,0.116880955665661,0.0570470267090704,0.0553078013888145,0.027868367901113,0.0014900616851717,0.7056893770689401,0.3202814321258604,1.2739781416490354,1.116320380157686,1.2030464243492374,0.9778142738970896,1.1191242381199298,0.8433932336699319,14.0,4,0,88.25,127.5,39.25,7.5,48.94093541,72.10697503,23.16603962,4.510056408,39.5,13.5,18.25,18.75,36.25,91.25,False
S000920,phase,full,4,941263588,56.0,60,4,8,10,15,12,0.0213252663590407,0.0782857275838008,0.1917044550113741,0.0437865471346198,0.193406277961125,0.2360652603801159,0.1155858298645667,0.0925741627625471,0.0580765449441939,0.0240388385666587,0.0342740409729149,0.003770539454771,0.464057504406629,0.3265723212773067,1.1687332689853809,1.0979160029712745,1.358407322579218,1.1475243917350242,1.0138372000923463,1.0273568647824929,14.0,4,0,55.25,68.5,13.25,10.62622542,15.14467566,18.65961604,3.514940383,2.453734213,34.5,7.75,11.25,13.0,27.75,40.75,False
S000921,phase,full,4,942263591,56.0,60,4,8,10,15,12,0.0207361418453174,0.0661802410013585,0.3004388023040167,0.0529916560574947,0.1576655618382125,0.1937779086673308,0.0932699805454463,0.053561948620214,0.0668215225677647,0.0210673369737997,0.0348974130424295,0.001488173040814,0.818460877576252,0.1209380316298826,1.238426224626096,1.0306337819878242,1.1479268703550642,0.9435254261861497,0.901215203589939,0.7378983273509367,14.0,4,0,59.0,87.0,28.0,10.98483804,24.93829028,30.77877795,5.840487669,6.005790879,30.0,9.0,24.75,41.0,46.75,40.25,False
S000922,phase,full,4,943263594,56.0,60,4,8,10,15,12,0.0183390441779849,0.0642724881260848,0.2348076183645323,0.0379681036895952,0.121153053644309,0.2575097465822086,0.1025450204981534,0.0725453412723838,0.0243144725007067,0.0475312966789729,0.0306420642675704,0.0113088619895316,0.4667723451605328,0.3914927367527533,1.074992815637371,1.155395195106804,0.9804074545464072,0.9885612265992024,1.2375410831800062,0.9933277272596706,14.0,4,0,63.75,68.5,4.75,3.774917218,20.04264445,24.86361148,4.820967036,3.353055268,39.25,9.25,9.5,25.75,22.25,46.25,False
S000923,phase,full,4,944263597,56.0,60,4,8,10,15,12,0.0326264472764559,0.0691285405107684,0.2318666969255632,0.0188537600540799,0.1806472722952047,0.176875633082401,0.0838823015937558,0.1001295395907817,0.084754081104652,0.0817022109762797,0.008822893106095,0.0011314284689515,0.4419175740336351,0.1966919924472263,1.007134451781288,1.2252165345024666,1.19576234021224,1.1739791040207848,1.3514344018500033,0.9764004815196689,14.0,4,0,158.0,313.25,155.25,64.91212008,53.40487761,121.1438454,67.73896782,25.45854059,32.75,15.0,112.5,105.75,99.75,213.5,False
S000924,phase,full,4,945263600,56.0,60,4,8,10,15,12,0.0310753569484398,0.0600267452167917,0.1337647832377554,0.0268066158581716,0.1005762553915947,0.1731077563346196,0.075633619241179,0.08498833469776,0.0204399986742586,0.0320789575364987,0.0130407119523193,0.0026097917686452,0.709542562995535,0.1306698781842117,1.1440774237000768,1.287568503962479,0.968091633764935,1.2926997159433455,1.0882589376111558,0.8244782346203928,14.0,4,0,94.0,134.75,40.75,19.61929323,41.11978134,62.21342116,21.09363982,10.30450995,33.25,11.0,16.75,31.0,52.5,82.25,False
S000925,phase,full,4,946263603,56.0,60,4,8,10,15,12,0.0349708920662694,0.0476680423407782,0.1529977983296555,0.0490433388088337,0.1111745455246038,0.2335491408997455,0.1654814505423545,0.0498708596243237,0.0728540319343631,0.0222096992270375,0.0184260146083888,0.0023421480928669,0.4372917109551046,0.4417606807384336,1.206226014432644,1.0995092223834844,0.9592104650379456,1.100075485559435,1.1225021010992509,0.9178487143510048,14.0,4,0,42.75,51.75,9.0,10.23067284,12.326456,14.21111215,1.88465615,2.867579513,18.75,9.25,7.5,14.0,21.0,30.75,False
S000926,phase,full,4,947263606,56.0,60,4,8,10,15,12,0.0288220159935623,0.05021649113229,0.1633835779838638,0.0195748046594515,0.1614328001578563,0.1403361769933165,0.1275772201706565,0.0564420090263725,0.0700837912485813,0.0635017476712547,0.0159083795201802,0.003403025436037,0.4051641283527361,0.3925837048787676,1.1751466928637455,0.9820139650040252,1.30864534178778,0.9759960784146506,1.1109123997373287,0.8994881734433204,14.0,4,0,74.25,95.75,21.5,6.027713773,21.57613532,29.00526066,7.42912534,2.789190888,30.75,18.0,20.0,23.75,30.25,65.5,False
S000927,phase,full,4,948263609,56.0,60,4,8,10,15,12,0.01248779942741,0.0757662455683465,0.169291204997602,0.0286093304522764,0.1929520961544135,0.2974858489644466,0.0658095549039893,0.0807518027391995,0.0201592835505486,0.0554365457324231,0.0131885504201021,0.0107944075655768,0.3979228580194023,0.3126762709863633,0.9939936636953908,1.0419073991074947,1.449783746671418,1.228179325895407,1.3323786984673414,1.0075085536410882,14.0,4,0,78.25,67.5,-10.75,13.93735986,21.21336808,25.01077284,3.797404753,5.204851229,49.0,4.0,5.25,11.5,15.75,51.75,False
S000928,phase,full,4,949263612,56.0,60,4,8,10,15,12,0.014630578931924,0.0357278296415521,0.1203473106782587,0.016466970907866,0.1753613259617306,0.1900244191298159,0.0617539821972565,0.0680529897253848,0.071796112875086,0.0695115710144288,0.0099960432675741,0.009710153712237,0.363475838365473,0.4281865605434821,0.9644250659574296,1.0578012838995008,1.3530184813194766,0.9421305455695068,1.282348837490907,0.867876421390895,14.0,4,0,85.5,97.0,11.5,25.06657801,20.84921823,29.00399069,8.154772452,4.773540388,37.75,12.75,23.5,23.75,29.25,67.75,False
S000929,phase,full,4,950263615,56.0,60,4,8,10,15,12,0.0309556482200747,0.0813161678763451,0.2065296917129593,0.0583817802904059,0.1463025463181953,0.1401744641809211,0.0979258337858224,0.0717986790604787,0.026898276564344,0.0543302040675845,0.0207452277629472,0.0081737345759868,0.6102760636785788,0.2319546159006891,1.2876226364074024,1.012195373864571,1.1257981175375542,1.0853514899735024,1.038790111477158,0.7561633413792124,14.0,4,0,80.25,107.75,27.5,15.28615932,34.78991631,49.28496401,14.49504771,1.43137333,24.5,9.75,19.75,33.25,30.75,77.0,False
S000930,phase,full,4,951263618,56.0,60,4,8,10,15,12,0.0256736826816949,0.0346012569215235,0.3140919710510185,0.0542306156425638,0.1125607262301492,0.1985543683299737,0.0858921565477887,0.0593236410216005,0.0593987262971075,0.0605992377233994,0.0128350188497992,0.0018729129572122,0.7590436087302801,0.4367820633507886,1.1432131258928433,1.092009215628703,1.279266956647369,1.3935433477007686,1.3951534136573107,0.8968020640021814,14.0,4,0,109.0,136.0,27.0,11.46007563,56.53779133,100.8926291,44.35483773,14.06820743,21.0,11.25,26.0,37.75,32.5,103.5,False
S000931,phase,full,4,952263621,56.0,60,4,8,10,15,12,0.0151930974831726,0.0511699064176639,0.1341550094501671,0.0228547612186336,0.2012733285159824,0.1901037311520156,0.1438493344365455,0.0818439120067659,0.07688489785858,0.0276293092341001,0.0080868545414305,0.0042577119828802,0.811337347577795,0.1474461539148339,1.0176662061764146,0.9783657184389828,1.2378452372032445,1.1013765376017772,0.9432336063037104,0.7538609744512157,14.0,4,0,68.75,84.0,15.25,7.135591543,33.42880789,40.7741857,7.345377801,2.509314963,40.75,10.25,6.5,8.0,32.25,51.75,False
S000932,phase,full,4,953263624,56.0,60,4,8,10,15,12,0.0227713678488524,0.0485845797188006,0.2582542650274318,0.0219017843039819,0.1402937214825613,0.1889082998884092,0.1059284149328696,0.0631421536562304,0.0570046197786764,0.0209196849265659,0.0233447307308716,0.0051494983094993,0.4519684816925998,0.1818455042073886,0.9630896657900684,1.0929693109127765,1.477544770792676,1.0285605899384411,1.240307773051885,1.030366262808755,14.0,4,0,72.25,93.75,21.5,18.21171784,15.52556425,21.4785185,5.952954253,2.631947226,33.75,14.25,30.75,40.0,53.25,40.5,False
S000933,phase,full,4,954263627,56.0,60,4,8,10,15,12,0.0289388001825962,0.0484046710209466,0.3083071699946911,0.0202279769458462,0.1305417009843964,0.2716836878425123,0.1597627555218109,0.0858690551096958,0.0589950768810971,0.0512850220695619,0.0182589722886805,0.0042991147586149,0.5241811912430836,0.2916914954422488,1.0581557373411212,1.2676473812519915,1.0501450274977726,1.3751720508569767,0.9862699749903664,0.9817158443356796,14.0,4,0,104.5,144.5,40.0,19.14854216,35.02699068,52.44472513,17.41773445,6.371956673,34.0,14.75,21.5,37.25,41.75,102.75,False
S000934,phase,full,4,955263630,56.0,60,4,8,10,15,12,0.0151176694326413,0.0313012937482728,0.2284607542691314,0.0487786544498048,0.1160826697376061,0.1468733223909073,0.106623268462135,0.1134607502518505,0.0443661484548933,0.0551841909359993,0.0166296038525984,0.0018050273885381,0.7834840563246744,0.1678326652156034,1.347068390217704,1.2113814289659004,1.200533760153083,0.9933625107524088,0.8858608995043762,1.0330588848850006,14.0,4,0,85.5,116.25,30.75,8.261355821,51.64043451,58.52611432,6.885679816,4.722688172,29.25,8.5,22.5,20.5,35.75,80.5,False
S000935,phase,full,4,956263633,56.0,60,4,8,10,15,12,0.0214473571484427,0.031908327886552,0.1883958492658327,0.0293870556883032,0.1155210507047885,0.2737952248289268,0.1758212910365835,0.077726242804242,0.0642529447580387,0.0223311201206415,0.0425357494879264,0.0010799692109951,0.836995155273657,0.1690545372256413,1.1376268674322032,1.0735561654917196,1.0175331070309397,0.8700482340124386,1.234262716415551,0.8104708178983474,14.0,4,0,41.75,53.75,12.0,6.055300708,25.04664983,29.50091975,4.454269919,2.440101436,27.75,18.25,12.25,21.0,21.25,32.5,False
S000936,phase,full,4,957263636,56.0,60,4,8,10,15,12,0.016212883953847,0.0408173143584804,0.3014338588870825,0.0325632394631286,0.1951367102130063,0.1916033301503796,0.0976447655239403,0.112006936304558,0.0772419369700701,0.060742417992417,0.0129431599548182,0.0094531745059601,0.7336475341198521,0.2529780687543418,1.008587282155953,1.0152418313466312,1.4620081494836512,1.1278635201543057,1.1501391316778418,0.7818750222111961,14.0,4,0,123.25,163.75,40.5,21.54839515,57.87487806,93.97742199,36.10254393,13.35008965,38.75,7.5,26.0,24.75,52.0,111.75,False
S000937,phase,full,4,958263639,56.0,60,4,8,10,15,12,0.025202040653673,0.0378863744471358,0.1818423754769914,0.0202528146518072,0.2117766194041115,0.1860953412307781,0.0664523232196752,0.0895626510475721,0.0781709871816398,0.0214083487204468,0.0291460297156732,0.0037239236945267,0.8016221788566531,0.3967249804675308,0.9953634382233606,1.1309197703434897,1.0791935728200166,1.2711774456414384,1.245837371148837,0.8173258696110511,14.0,4,0,152.5,244.0,91.5,25.3048085,47.55882226,88.78709617,41.22827391,12.50098884,31.25,15.25,90.75,104.0,153.75,90.25,False
S000938,phase,full,4,959263642,56.0,60,4,8,10,15,12,0.0282410478552893,0.0526559891797848,0.1439761715104421,0.0235998907339426,0.1153056051374185,0.2494308918924412,0.0901586705343019,0.0509079164988748,0.0547270413851292,0.0493167200600201,0.0096938381314641,0.0105028019573949,0.66131927982676,0.1624022992137573,1.2002235990348955,1.167014431341137,0.9203541564355252,1.2452634963461422,1.174057804146452,0.9476810591936392,14.0,4,0,61.0,75.25,14.25,9.10585892,28.2636075,36.82043572,8.55682822,4.574437221,28.0,17.25,16.25,37.5,25.5,49.75,False
S000939,phase,full,4,960263645,56.0,60,4,8,10,15,12,0.0153578312071511,0.0825641450562765,0.2568435775671793,0.0184586314344883,0.2114469427900443,0.2832409965210817,0.1692066972915132,0.0534927339117473,0.034223816920172,0.0378973088810763,0.0188615799969181,0.0025587437046338,0.8905492514365346,0.2221617215487552,1.1339112080487104,1.1294916050740724,1.013441761326594,1.0479416348104784,0.9359686456070132,0.7553665303047483,14.0,4,0,66.25,79.25,13.0,2.708012802,38.29907884,44.88136185,6.582283012,5.82372709,49.25,6.25,5.75,26.5,26.0,53.25,False
S000940,phase,full,4,961263648,56.0,60,4,8,10,15,12,0.0275588638066052,0.0448957121311946,0.1544304209032859,0.040935641046402,0.122192882448385,0.2253971340675078,0.0899968468400769,0.1211183966615039,0.0486009711797177,0.0408189612719397,0.0104927216336901,0.0083688752200257,0.8387485817210105,0.3194366312356612,0.96403464608609,1.107223511303812,1.3872169986034464,1.4039769801601203,1.0744484435073978,0.853825486028143,14.0,4,0,77.75,92.0,14.25,14.68275633,38.90191293,57.02111139,18.11919846,7.290031071,28.75,8.0,7.75,9.0,26.75,65.25,False
S000941,phase,full,4,962263651,56.0,60,4,8,10,15,12,0.0186097197010437,0.0586573511138338,0.234078337672043,0.0433048416246458,0.1125460208847126,0.2175898858126003,0.1122507825979109,0.0945294717022965,0.0755356429663412,0.0263323929697178,0.0212667010910402,0.0013286951806061,0.6717172374970394,0.172598882098962,1.1537406646607768,1.0609628005383012,1.0583070821838794,0.9507381267588502,1.00053086215511,0.8398214882269519,14.0,4,0,63.0,80.25,17.25,11.35414755,25.37991403,27.86906282,2.489148792,3.944902102,34.0,6.75,7.5,16.0,37.75,42.5,False
S000942,phase,full,4,963263654,56.0,60,4,8,10,15,12,0.014748351005907,0.0425613793432588,0.28630807523647,0.0598928405450634,0.1554593876293618,0.1475566252445316,0.1096957249469973,0.089177163084335,0.0563537371521696,0.0415288387053071,0.0175610523409371,0.0043594807137812,0.757308269881914,0.3735956865302124,1.3235352218293022,1.1380900171926605,1.3931371002401958,1.1646875016031828,1.2253053736304742,0.7953621499124383,14.0,4,0,67.25,119.75,52.5,15.17673658,34.70071721,63.3545325,28.65381529,9.430284995,29.75,6.5,39.0,28.0,47.25,72.5,False
S000943,phase,full,4,964263657,56.0,60,4,8,10,15,12,0.0135621419133874,0.0657471793944971,0.1242189839604022,0.0206775702205965,0.2070428167637944,0.2286942036734357,0.0988193384752222,0.0791165492158702,0.0201519911497643,0.0270030339809013,0.0334710982716542,0.0107377447935585,0.4582053808750209,0.1157658401567493,1.1092705874609194,1.024635428566242,1.4869862433517906,1.3735325375460026,1.2927832481570802,0.8631711270659627,14.0,4,0,49.75,60.0,10.25,6.5,14.26430114,22.4595364,8.195235258,2.716533646,49.0,6.75,7.75,12.75,18.75,41.25,False
S000944,phase,full,4,965263660,56.0,60,4,8,10,15,12,0.019152093223179,0.0571031454221342,0.1715348432583739,0.0176673371606516,0.1460478140649157,0.1595531785483941,0.1117888537850456,0.0834802820754124,0.0761601451340611,0.0598226767655208,0.0183329859291535,0.0045492172478268,0.7458175024328014,0.2816819016339776,1.3490309904747504,1.1130733070411587,1.0737587058849836,0.8973533661475359,0.9668631225218453,0.7753503883849445,14.0,4,0,57.75,89.5,31.75,13.20037878,31.39373366,45.64812817,14.25439451,4.954555722,37.75,14.75,21.25,23.75,27.75,61.75,False
S000945,phase,full,4,966263663,56.0,60,4,8,10,15,12,0.0170294393878717,0.0452986623075918,0.1307567524280432,0.024205299832267,0.1796635955585509,0.252946475912196,0.1033592536273974,0.0889840714349368,0.0536739634824768,0.0502510140669109,0.0110156223518551,0.0039831677951778,0.6648958564176921,0.35054253267536,0.9564769289368454,1.223844780638007,1.118261132426547,0.8840859602369031,1.1072660269452634,0.877918318213631,14.0,4,0,66.0,79.75,13.75,6.34428877,33.40715401,36.94716465,3.54001064,2.025617623,42.0,9.75,10.75,25.0,26.25,53.5,False
S000946,phase,full,4,967263666,56.0,60,4,8,10,15,12,0.0295608334504465,0.0795913764826813,0.2711833570489658,0.0527291502822785,0.190976510830841,0.1802452906383186,0.064092853605753,0.0594051466858317,0.0401804071015012,0.0704658327859814,0.0111389603604037,0.0073109740067528,0.7729633032155119,0.3301879901286647,1.0477571610087273,0.986156275806412,1.2604079569361275,1.355577633150553,1.2947298824859212,0.9087735101175938,14.0,4,0,127.0,162.5,35.5,23.10122652,68.52639466,115.5802059,47.05381122,11.34399629,30.75,7.75,45.0,73.25,43.75,118.75,False
S000947,phase,full,4,968263669,56.0,60,4,8,10,15,12,0.0271934256890164,0.072199805098154,0.1306528256306841,0.026278328413601,0.1252822563829329,0.232911278732247,0.1271091050578058,0.0505544873923572,0.0489760481953826,0.0265627215085298,0.0193847234903114,0.0041322411217297,0.4945067148189155,0.3304735373651857,1.2287362140661788,1.1384593911782872,1.2551219642078555,1.1303563180872545,1.1799132098428848,1.0338084055735903,14.0,4,0,42.25,48.0,5.75,5.560275773,13.79549823,17.44566287,3.650164637,2.272718969,34.5,13.0,11.5,19.5,16.0,32.0,False
S000948,phase,full,4,969263672,56.0,60,4,8,10,15,12,0.0282247302629334,0.0645140918091304,0.2835523344930629,0.0328525971413015,0.2112986442879359,0.2999905048076164,0.0992921692658746,0.0619381570680114,0.041963293081381,0.0203575663558371,0.0302739537884952,0.0059125736175362,0.6671039044414815,0.2370041127089112,1.192338004562662,1.119467301163179,1.2508887670360664,0.8710313121574308,1.1794775125832275,0.7223843303595092,14.0,4,0,97.25,161.25,64.0,14.78738201,30.09059612,45.95738154,15.86678542,3.674374676,27.25,11.75,25.25,67.0,100.75,60.5,False
S000949,phase,full,4,970263675,56.0,60,4,8,10,15,12,0.0293533494446974,0.0336785062126579,0.1253517289302361,0.0519985171368163,0.1057516945445386,0.1742912200379037,0.104528520585355,0.0793586051183665,0.0607709426202495,0.0793232234435203,0.0231485837586046,0.0026713645473064,0.5566505563879807,0.2313474603308168,1.1052738807135418,1.09860792422643,1.2988600839054287,0.9868189411743936,1.187658686128526,0.8728013332064234,14.0,4,0,60.75,69.75,9.0,11.69045194,26.73962513,34.92748754,8.18786241,7.49176017,21.5,9.75,8.25,11.25,13.25,56.5,False
S000950,phase,full,4,971263678,56.0,60,4,8,10,15,12,0.0244170821601757,0.0304845602503851,0.2232068580142994,0.0235708148752841,0.1232928534478284,0.2641520329124671,0.1407310819761418,0.0654616633854644,0.0747001462095878,0.0253119182849979,0.0164396197831247,0.0011857382097529,0.3835082653185482,0.3543779541470527,1.0900300058176249,1.0813715058312787,1.331821659463056,0.9859670679383238,1.129312881966326,0.9095389915091876,14.0,4,0,76.75,100.75,24.0,13.4412301,16.73598007,21.93706137,5.201081301,3.445258503,31.75,16.0,19.25,28.25,47.0,53.75,False
S000951,phase,full,4,972263681,56.0,60,4,8,10,15,12,0.0249037211963502,0.0303448652176247,0.1534422065862306,0.0367500776515566,0.1368175896168416,0.1606446483448607,0.1523484928715425,0.0622976832706588,0.0220344598160318,0.0734902273658477,0.0329408817741745,0.0016661624298409,0.4571480535768297,0.2750390099396398,1.3450651744616209,1.0181203824610796,1.0304303162816753,0.9784715215816469,0.8805159619559798,0.9864966851740689,14.0,4,0,67.5,73.25,5.75,3.201562119,25.3472368,24.34634814,-1.000888669,0.9067606347,21.75,10.75,9.0,24.75,15.75,57.5,True
S000952,phase,full,4,973263684,56.0,60,4,8,10,15,12,0.0188769619056856,0.0429931390957171,0.2488119752237622,0.0382389229449904,0.2129723652973066,0.163191626659356,0.1540505715040458,0.0479906558270035,0.0534925449761881,0.0297813267232864,0.0114871209603195,0.0107813697357349,0.544185126420724,0.3698369167504549,0.9972720666157668,1.2860064890521574,1.4344575060249172,1.309860171735353,1.3585081298061372,0.7964281905056267,14.0,4,0,80.0,161.0,81.0,19.96663884,23.34273635,56.04729387,32.70455752,11.51502849,33.25,8.75,52.5,79.0,81.0,80.0,False
S000953,phase,full,4,974263687,56.0,60,4,8,10,15,12,0.0121292429570042,0.0382967036813508,0.2367834208472242,0.0234576515145881,0.1674298160304257,0.1841456663461169,0.1168597819354678,0.0685457412630888,0.0691687935933939,0.0335046654867531,0.0335861364306238,0.0017678419211153,0.7228205019256557,0.1078237695645787,1.0643852780889038,1.1456815157507187,1.0472533756378004,1.3848455178519117,1.1089186652170844,0.9519221821172864,14.0,4,0,60.75,74.25,13.5,5.802298395,29.49939783,40.43782868,10.93843086,2.767843388,44.5,8.0,18.5,26.75,21.75,52.5,False
S000954,phase,full,4,975263690,56.0,60,4,8,10,15,12,0.0265270530210071,0.0409867019283263,0.1493638575494756,0.0178655680960303,0.1429127225636567,0.2288354651744858,0.1478320379582205,0.0754442730622822,0.0245590887162999,0.0476805389881344,0.0230814192501865,0.0072836247389926,0.7948088164599694,0.1868928630512033,1.0227328571488083,1.0436557452732764,1.0291777008629714,1.4298074629902056,0.9673453672593753,0.8795024804889402,14.0,4,0,70.5,78.5,8.0,13.34166406,34.28737218,41.85642895,7.569056775,7.101017347,32.5,17.5,13.25,31.75,25.0,53.5,False
S000955,phase,full,4,976263693,56.0,60,4,8,10,15,12,0.0292799272719944,0.0758399553395262,0.1229503768431455,0.0402376506173422,0.1989310553844092,0.1483124948458254,0.1132167209219122,0.1278141923754574,0.0585848412449178,0.0681889497771134,0.0430963195343387,0.0019269863456656,0.8351217387148107,0.2307333398117426,1.0744377532705611,1.260136124788678,1.1689033917740197,1.116260935182828,1.2719167659935704,0.977994707048094,14.0,4,0,80.25,139.5,59.25,18.53600101,54.9621224,99.79995659,44.83783419,10.97949058,34.25,9.25,56.0,27.5,40.5,99.0,False
S000956,phase,full,4,977263696,56.0,60,4,8,10,15,12,0.024789340687973,0.0315696256272312,0.1505025473829656,0.0273399647978189,0.1583754153103688,0.1704372590563593,0.0910699867763712,0.1011508802078747,0.0587051528904074,0.0292299472889401,0.0095822387709452,0.0042318122974489,0.7218613377685864,0.3878136482084751,1.2451031214387138,1.1048431620980068,1.0698539716641016,0.895507040603566,1.1500224765615452,0.9649432697889486,14.0,4,0,113.5,141.75,28.25,12.41974235,42.13290662,53.3011588,11.16825219,8.476553046,23.25,18.75,40.25,36.75,75.5,66.25,False
S000957,phase,full,4,978263699,56.0,60,4,8,10,15,12,0.0135368963619686,0.0575619256808801,0.1745895391092496,0.0415480518500082,0.1355321559973681,0.1852837221250497,0.0974100719767536,0.0454382528049656,0.0589112964275263,0.0244315156396562,0.0117843136132637,0.0045677245272737,0.8676340052901005,0.4140680081750593,0.9757488576153068,0.9651148453373212,1.1059915227944552,0.9542451827599076,1.3289328531990112,0.959311368581222,14.0,4,0,47.25,49.0,1.75,3.201562119,23.95286192,28.22162412,4.268762192,1.631375636,42.5,5.0,3.0,13.0,21.0,28.0,False
S000958,phase,full,4,979263702,56.0,60,4,8,10,15,12,0.0329006816375126,0.0623012821254913,0.3049027843769598,0.0480686816515511,0.1100086440049129,0.2720058311652505,0.0775083672192078,0.0708999717007517,0.0273210642285633,0.0466951454547991,0.0353547193371859,0.0020202422380639,0.5818560386597182,0.436287555364471,1.2304622914165635,1.0360404396126943,1.1233266265825286,1.2241136776328967,1.1144007261256317,0.9223430815865428,14.0,4,0,99.0,124.25,25.25,12.09338662,39.58442189,56.42612756,16.84170567,3.940772321,23.75,12.0,14.0,39.75,36.75,87.5,False
S000959,phase,full,4,980263705,56.0,60,4,8,10,15,12,0.0203310137335996,0.0652716347811193,0.2385774519076345,0.030657587530424,0.1553562324954007,0.1583216018207383,0.1042359476130546,0.0455975871030795,0.0470814106003076,0.0239923226291566,0.020089315805091,0.0034950471722936,0.3845990053899465,0.1417084517946739,1.100107197029789,1.1870606075432388,1.0182613325808036,1.298458853982026,1.2180577375928556,0.7308590499475021,14.0,4,0,65.0,95.75,30.75,14.97497913,12.72390545,20.1541497,7.43024425,2.501288288,35.5,12.5,46.0,77.5,49.25,46.5,False
S000960,phase,full,4,981263708,56.0,60,4,8,10,15,12,0.0136745846377529,0.0555286936169334,0.2341233994863461,0.0513387246321629,0.1413764715717503,0.1425581249284755,0.0837629169199861,0.045070232829544,0.0440655819877173,0.0639435544065463,0.0364180409932349,0.0082523433926869,0.4113743774673213,0.2792659594520825,1.027042177788372,0.974992311953759,0.9004396519122732,0.9412249073973628,1.0037433713904502,0.8039973825888075,14.0,4,0,55.75,56.5,0.75,2.061552813,17.62604577,16.72423943,-0.9018063348,1.295593592,38.25,5.0,14.75,27.0,16.5,40.0,True
S000961,phase,full,4,982263711,56.0,60,4,8,10,15,12,0.0326115225744546,0.0801738061484152,0.165567506311322,0.0492755816707295,0.1591097654245882,0.1683547835448868,0.1294127234872588,0.1143427156980291,0.0264088735997921,0.0362342461105738,0.0092755951197605,0.0050059855295281,0.7354805061443888,0.140929798652423,1.005058576630002,1.252802910958868,0.9479086976276356,1.350884986763771,0.9606298021707054,0.9349104351522128,14.0,4,0,90.0,146.25,56.25,26.22181026,42.17734917,64.64759565,22.47024648,13.66510018,30.25,8.0,22.75,24.25,55.25,91.0,False
S000962,phase,full,4,983263714,56.0,60,4,8,10,15,12,0.0144974723591342,0.0387808952646086,0.2394676285836683,0.0347013830217278,0.2042223594830336,0.2554246415347458,0.1506263717324318,0.0488948805148539,0.0398002581866416,0.037944458641179,0.0080321851004246,0.0018607336834748,0.475217766971884,0.3409042692949957,1.0964958423086748,0.9661328413386638,1.1353852866857097,1.1288906908002887,1.0077715432984335,0.8750821160018318,14.0,4,0,76.0,78.75,2.75,8.421203398,25.41958531,28.35901271,2.939427402,1.795349339,38.5,6.25,11.5,24.0,21.25,57.5,False
S000963,phase,full,4,984263717,56.0,60,4,8,10,15,12,0.0326368876679479,0.0603324168724979,0.1867990754102833,0.0431269570036489,0.1955658532236519,0.2927443564057723,0.1023252094972134,0.0494224073455428,0.0215746662118405,0.0373217866473845,0.0200187928318425,0.0104128890327441,0.3621828747232624,0.1155034619620447,1.14055899202739,0.9598156873675692,1.0725570724081486,1.1943789390104649,1.0362558995133486,0.9233555773407716,14.0,4,0,82.5,87.25,4.75,10.56330125,15.75105868,19.99198586,4.240927179,1.292365239,25.25,7.25,6.5,41.5,33.75,53.5,False
S000964,phase,full,4,985263720,56.0,60,4,8,10,15,12,0.0160242611933563,0.04614157466935,0.1316341098776556,0.0315818555263512,0.1499476136514999,0.2682925011043089,0.1331103023399877,0.0508595335146827,0.0344952669741582,0.021257041397405,0.0438892422679142,0.0118181167592104,0.6705837839907802,0.1642751435929189,1.3147359392769635,1.0682935666285087,1.140120452986507,1.1711294576806637,1.0262131594432031,0.7530925698409368,14.0,4,0,36.25,44.75,8.5,5.507570547,14.21772514,16.43834196,2.220616812,4.300101627,32.5,11.25,9.5,23.25,20.75,24.0,False
S000965,phase,full,4,986263723,56.0,60,4,8,10,15,12,0.0187241918002649,0.0527010482469764,0.1427255639389989,0.0287178257159333,0.1146111741611548,0.2955195995968857,0.1323536334758736,0.056176121647392,0.0403806161366875,0.0337791463200722,0.0256965660813319,0.0026680392607677,0.5003501912961696,0.1937073810360231,0.9601413480317004,1.1485670689215488,1.1880033465195328,1.0920554761072128,0.981898058987,0.8100283735930351,14.0,4,0,48.5,61.5,13.0,5.944184833,17.45023127,21.32240295,3.872171681,1.414424983,38.0,11.0,7.5,16.5,17.75,43.75,False
S000966,phase,full,4,987263726,56.0,60,4,8,10,15,12,0.0171441220835464,0.046950994855874,0.1991418991815813,0.025442046339283,0.1014820882678776,0.2039011422902422,0.1764267734893559,0.1281531688559889,0.0346819581673499,0.0225754433621139,0.0242893204962697,0.0061076895506216,0.5767711794695166,0.1520571368274791,1.2436676616739124,1.031964788348302,1.2546237121281605,1.1818886810329272,0.9561033617274204,1.025320185913268,14.0,4,0,57.0,62.25,5.25,4.924428901,15.76822471,17.9564737,2.188248993,1.778799113,32.0,11.75,10.5,11.0,30.0,32.25,False
S000967,phase,full,4,988263729,56.0,60,4,8,10,15,12,0.0335095249667093,0.0747465236476645,0.210000277526052,0.0497568335246499,0.154919190556854,0.2174895284836151,0.1220430724339503,0.060525148700082,0.0247966721713827,0.0333096023542539,0.0086859302728653,0.0036805263517102,0.6201317448512489,0.208135087255199,1.2242558946095354,0.9587215618887396,1.1777212559462185,0.9261829694104354,1.247760706670809,0.8766144288515786,14.0,4,0,82.0,98.0,16.0,9.933109617,28.92392344,39.17086786,10.24694442,7.172891395,27.5,10.5,12.25,33.25,44.5,53.5,False
S000968,phase,full,4,989263732,56.0,60,4,8,10,15,12,0.0267252160132766,0.0748559243808748,0.1693801212178383,0.0397641697229,0.1095377005062881,0.1973795967475904,0.0668589119161271,0.0698163396710296,0.0413404668996964,0.0722167181060144,0.0348344060471249,0.0076735417541319,0.6920120011969468,0.1725485417419143,1.300427142723834,1.008638561494865,0.9784136330841294,1.1200679402986369,1.0425399149662302,0.8317680256970704,14.0,4,0,61.75,72.5,10.75,6.652067348,32.56066372,39.96439783,7.403734115,3.004329074,32.0,8.75,6.0,20.0,16.0,56.5,False
S000969,phase,full,4,990263735,56.0,60,4,8,10,15,12,0.023804438797075,0.0372996420197278,0.142042409198031,0.0167236889460608,0.1166364767988843,0.2932526451108956,0.0600538660239745,0.0497638406260871,0.0260797765214794,0.0378026908839744,0.0087620257183555,0.0061784869220403,0.6700238606844515,0.2882078679565139,1.2801142481131649,1.0502444634486612,1.1366238992635,1.033801039908133,1.1653353043267565,0.7472936751714503,14.0,4,0,74.0,95.25,21.25,19.20720351,31.81453277,44.16168739,12.34715462,8.562291633,30.5,16.75,10.0,43.0,35.25,60.0,False
S000970,phase,full,4,991263738,56.0,60,4,8,10,15,12,0.0167889541648256,0.0448000495463425,0.2409605528133919,0.0482703354642775,0.1026080109768753,0.2733374429352795,0.1444324036764736,0.0473494838924643,0.0553666079137444,0.0248025026289148,0.0420141023974181,0.0010767711675832,0.7045973730268743,0.1833824971440006,1.311704587695124,0.9662409602024892,1.0550996218017938,1.036379912732364,1.0612183786475875,0.9078263599511488,14.0,4,0,36.75,37.75,1.0,5.944184833,18.87000834,19.9805228,1.11051446,1.88377835,32.25,8.75,7.0,14.5,10.25,27.5,False
S000971,phase,full,4,992263741,56.0,60,4,8,10,15,12,0.0253623895870275,0.0808594570722967,0.1641800438613102,0.0361163522652456,0.1053885647086375,0.2270292549409064,0.0759688709926919,0.1021945783513385,0.0319842714456442,0.0425340189195031,0.0095090041067863,0.0102766707619401,0.6760770474417179,0.2666419040954248,0.9526583912311308,1.0107659563620504,1.4064415422336674,1.1405280515823388,1.2558872212420742,0.7674735018517085,14.0,4,0,77.0,85.75,8.75,14.36140662,34.49289192,45.612905,11.12001307,4.378507318,38.5,10.25,12.25,9.5,28.75,57.0,False
S000972,phase,full,4,993263744,56.0,60,4,8,10,15,12,0.0181991155304578,0.0559589254366098,0.3067813005316083,0.0188121225541139,0.1272023765232065,0.1523675868399673,0.1373043229672885,0.1295088859206308,0.0297556348802091,0.0771375593908133,0.0397089498500018,0.002856307912862,0.6307599887780119,0.1695543611349511,1.1233667056005576,1.0803803992110264,1.1823201422839296,1.4239366658806147,1.224057833576106,0.7252543427112838,14.0,4,0,101.75,134.5,32.75,9.53502316,50.44384234,81.39963771,30.95579538,3.459025033,39.75,14.5,30.5,32.0,22.5,112.0,False
S000973,phase,full,4,994263747,56.0,60,4,8,10,15,12,0.0279285800018458,0.0833508697976407,0.1351563233146779,0.0206383175120838,0.1237449167691058,0.2127516075846048,0.0964946421222813,0.0901819047666531,0.0828548318601633,0.0658927430741672,0.0123058552956029,0.0087097590385089,0.6827842557737874,0.2781953271593662,1.2780308501735904,1.0701229932784837,1.4042542358711234,1.260835142936055,0.8993940579810115,0.9847817558407028,14.0,4,0,59.75,68.0,8.25,6.291528696,33.06532928,36.35336163,3.288032353,4.554613098,35.5,15.75,13.0,12.75,10.5,57.5,False
S000974,phase,full,4,995263750,56.0,60,4,8,10,15,12,0.02569564133733,0.07706258176593,0.2802939659675013,0.0597287178248449,0.2086829247397236,0.186719601897668,0.1048116198128017,0.0928985631932421,0.031592857688372,0.0238793084113253,0.0159634449909101,0.0037878735395425,0.8021314299577564,0.2517282836830398,1.0288577259422982,1.1944414335374471,1.3033645030994851,0.8787073158134945,1.387794301691382,0.8800707186031644,14.0,4,0,158.0,255.75,97.75,56.58253559,53.83296135,94.56936931,40.73640796,24.58125472,31.5,7.0,58.0,70.75,164.25,91.5,False
S000975,phase,full,4,996263753,56.0,60,4,8,10,15,12,0.0258494130687872,0.0843339886862394,0.1874037484083351,0.0320700905985579,0.1815033692123509,0.158996775577642,0.147028709132803,0.0930853061644504,0.0673695315283774,0.056105724529159,0.021500232693037,0.0034764635916443,0.4200464848732825,0.3572763716716862,1.0520837317616891,0.9537986695949376,1.1827306408329352,0.9498303925440664,1.3458564859290918,0.8903766107057601,14.0,4,0,77.25,73.5,-3.75,17.85823806,25.39884669,28.66572536,3.266878663,7.621781302,38.25,9.5,14.0,15.25,19.0,54.5,False
S000976,phase,full,4,997263756,56.0,60,4,8,10,15,12,0.0145994564606958,0.0373678257752931,0.1553836946435467,0.0351531408748548,0.1595059479379874,0.2391049841918866,0.1734505040772071,0.089793900641593,0.0205280220264047,0.0801123021270966,0.0131811197712195,0.0014742121057558,0.511138068124947,0.3243053850654928,1.1646182319207703,1.006233742311508,0.9095639360664324,1.2046119830970403,1.3506747435637343,0.7914516379645955,14.0,4,0,74.5,69.5,-5.0,12.19289411,31.17652829,36.68476079,5.508232505,6.215810797,37.0,9.5,8.0,14.0,9.75,59.75,False
S000977,phase,full,4,998263759,56.0,60,4,8,10,15,12,0.0228703886659589,0.0444456489937762,0.2782784550157795,0.0549344653488108,0.101789992189401,0.1571096471082756,0.0864998803578471,0.0964114939117451,0.0597008300045965,0.060672024884189,0.0272740294709429,0.0033312026125437,0.4688950148414834,0.1502388924187303,1.1126234292302115,1.0600038655770931,0.9322499718653974,1.136928756491046,0.878877278502953,0.7758144636029225,14.0,4,0,79.5,98.25,18.75,11.8708326,26.85674515,31.63005037,4.77330522,2.822212849,28.75,9.25,16.5,24.5,23.25,75.0,False
S000978,phase,full,4,999263762,56.0,60,4,8,10,15,12,0.0128347616412621,0.0699687375976608,0.2801142367153188,0.0473120339655286,0.1768257836282623,0.1561645086584215,0.14334435255916,0.0511824145026787,0.0694512291709347,0.0418102159806099,0.0238139165402484,0.0072242292263993,0.3746989456554873,0.2537129837860723,0.984157677120458,1.1577064367742125,1.0273698223700034,0.8933195888976725,1.2027980273940315,0.8853261236078706,14.0,4,0,45.75,57.75,12.0,9.128709292,10.72575342,15.50750242,4.781749007,3.155782108,43.0,4.25,18.25,23.0,20.25,37.5,False
S000979,phase,full,4,1000263765,56.0,60,4,8,10,15,12,0.0127875348343994,0.0499059130283271,0.1728689808688305,0.0213247777156131,0.164499804400273,0.2908445291549749,0.096144590343326,0.1028817185675366,0.0427716580366986,0.0820953233762711,0.011803044340367,0.0016331777867799,0.4722293314859723,0.3935535854076076,1.3010185181284646,1.2343817261234065,1.3689693664850124,0.9406401818787652,1.385594893028728,0.8268132244118143,14.0,4,0,84.75,121.25,36.5,19.55334583,33.4025361,55.62263735,22.22010126,10.80985988,42.25,12.0,13.0,22.5,27.25,94.0,False
S000980,phase,full,4,1001263768,56.0,60,4,8,10,15,12,0.0273571194311399,0.0827255316395384,0.1496058733917278,0.0168805813172303,0.1515422907410128,0.2725562740916287,0.1380218152797935,0.123231094250257,0.041305664300451,0.0569197538773165,0.0107477824995038,0.0013011462344076,0.4094859561274346,0.135622339274645,1.2170386174092291,0.9910515941170552,1.191065679716428,1.0843027728821517,1.1832911372916757,0.972506256954302,14.0,4,0,85.75,100.0,14.25,7.5,27.21792121,35.45235198,8.234430769,2.744388669,40.5,15.75,11.0,11.25,22.75,77.25,False
S000981,phase,full,4,1002263771,56.0,60,4,8,10,15,12,0.0291042772154378,0.0821397298720756,0.3166877090566287,0.0208171862138659,0.206687223949098,0.166019564636128,0.0871391705779959,0.0638530541022905,0.0424589531844819,0.0564879070443321,0.0214822308692964,0.0020246359288942,0.891864405003206,0.1968539687109411,1.0721313695267125,1.0479041244637293,0.9449990998216992,1.2390416990325006,1.0157019587610117,0.9116599570043724,14.0,4,0,248.5,275.25,26.75,19.51708653,137.9682666,163.6039646,25.635698,10.399651,34.75,11.75,84.75,146.5,94.5,180.75,False
S000982,phase,full,4,1003263774,56.0,60,4,8,10,15,12,0.0162752510129342,0.0302895481858573,0.2525587187467102,0.0197535449292238,0.203426626118683,0.2612498823645199,0.0602677753558256,0.0548780440167635,0.0681704870937011,0.0359648091636302,0.0147264158689896,0.002113972708646,0.8495139726376029,0.2176803709145366,0.9835131824388996,1.0694393919926113,1.0743289625008017,1.2861676825240451,0.882402295637121,0.9912497410591632,14.0,4,0,139.25,165.25,26.0,8.831760866,64.88750119,76.72737399,11.83987281,7.156813909,36.75,14.75,40.0,78.25,65.5,99.75,False
S000983,phase,full,4,1004263777,56.0,60,4,8,10,15,12,0.0231374903475897,0.037309373385956,0.2550434664824069,0.0439492264471026,0.1198644536311186,0.244341889578898,0.0634904733523541,0.0959004247273412,0.0272217072899917,0.0660770043656228,0.0344153201048498,0.0033220165930733,0.7326082911561622,0.3353691033323853,0.9686613484505175,1.2914010285688071,1.2222268990489171,1.2238496536063108,0.9389678450396216,1.0341700683915729,14.0,4,0,124.25,167.75,43.5,27.16001964,68.88996297,84.71005613,15.82009316,9.838583217,27.25,8.0,20.75,42.25,46.25,121.5,False
S000984,phase,full,4,1005263780,56.0,60,4,8,10,15,12,0.0290905153208944,0.0521395262041952,0.3123693126755543,0.0168888384535551,0.1265200041732871,0.1839973692704383,0.1525728830969504,0.0540837581234279,0.0400327580113679,0.0560286961102285,0.0122673131223091,0.0062299047932987,0.8357625824414228,0.1194257324981369,1.0324974431227123,1.1208174714459478,1.3370443723575214,1.2196562715551726,0.9012863405053902,0.8983283167570929,14.0,4,0,104.0,139.0,35.0,19.61292091,56.95319861,71.77077181,14.8175732,9.991889914,30.75,18.25,36.0,59.25,45.5,93.5,False
S000985,phase,full,4,1006263783,56.0,60,4,8,10,15,12,0.019330417265226,0.0518428828570138,0.2936205698547457,0.0391697375863004,0.1718455765417056,0.1975085704339139,0.1749122608505113,0.1001647142302103,0.034094754795284,0.0523889607553194,0.0124778393774418,0.0046389799299628,0.3871517568086809,0.2613200564859818,1.0646115653604853,1.167543356245238,1.207731524168564,1.0029516266665452,0.92176120694702,0.825343729352844,14.0,4,0,93.25,123.25,30.0,14.49137675,26.79743822,31.15492416,4.35748594,2.058383099,36.75,10.0,19.0,26.0,36.25,87.0,False
S000986,phase,full,4,1007263786,56.0,60,4,8,10,15,12,0.0164470524570328,0.0848401908579603,0.1784349767001151,0.0220165606496628,0.2093164380852097,0.2572099733259592,0.1023981863293045,0.1141103188649685,0.064438782134134,0.0655947973262676,0.0268835190587004,0.0091172916990519,0.470067207615343,0.1789600188038191,1.2676776856059504,1.0084396945519334,1.3457345627560038,0.9599578107887566,1.1217759553909328,0.931835160099058,14.0,4,0,81.0,94.25,13.25,16.80029762,29.26246537,35.73255285,6.470087475,5.623392528,45.75,8.5,8.0,18.5,24.5,69.75,False
S000987,phase,full,4,1008263789,56.0,60,4,8,10,15,12,0.0152784670058368,0.0678145979057258,0.1200137302271928,0.0580366070120243,0.212370490242326,0.1531469068468433,0.082590361422117,0.1206825410354557,0.0200485664759237,0.0489872620298404,0.0122875827233127,0.003898763569392,0.6045681979776676,0.4192281499402572,1.102364107805542,1.1064754736327946,1.1267926880137784,1.0172850931381954,1.229529901858647,0.7977605345186374,14.0,4,0,132.75,182.0,49.25,39.75235842,52.0873592,78.18116489,26.09380569,19.04799204,39.75,7.0,45.0,46.25,74.5,107.5,False
S000988,phase,full,4,1009263792,56.0,60,4,8,10,15,12,0.0333668834080118,0.0834257616323456,0.3115548629754444,0.0565313361126256,0.1340187711190636,0.1485182751070174,0.1177648438458813,0.0689716964089989,0.0342546437075665,0.0302594269652241,0.0095039362709062,0.0013926135610554,0.6702646615203396,0.3861838763779063,1.0840444326746028,1.2209361590324248,1.373711725259998,1.0016955756945345,1.1755866347354642,0.7891358081686562,14.0,4,0,103.75,166.25,62.5,18.48422751,36.32046013,60.73508277,24.41462263,9.976246362,27.5,7.0,29.5,37.75,86.0,80.25,False
S000989,phase,full,4,1010263795,56.0,60,4,8,10,15,12,0.0224248360707687,0.0678431110217795,0.1456263768728375,0.0498260666061114,0.1453076616341882,0.1568800016733914,0.0795033655323322,0.1006955280789249,0.0569394160356204,0.0260149005139117,0.0141084534668598,0.0106563733321392,0.7981138996603533,0.3179431061436597,0.9728654709023288,0.9723098843346432,1.024229811645442,1.003186061981161,1.0719953973490663,1.0326063713281268,14.0,4,0,57.25,51.5,-5.75,7.889866919,25.54277548,23.39748247,-2.145293015,4.438885268,34.75,7.0,7.75,5.75,23.75,27.75,False
S000990,phase,full,4,1011263798,56.0,60,4,8,10,15,12,0.0187557950779306,0.0400914153302164,0.1271077114853395,0.0233268404266127,0.1772163999938727,0.1588994585865919,0.08512541678995,0.1100134160715566,0.0560248436803924,0.0204557777489183,0.0198847184143847,0.0038199327978011,0.8211744285216498,0.1202428580139623,1.183421035437883,1.2082698807130523,1.3416920086706778,0.8899251857652001,1.387198603098619,0.8736774878477558,14.0,4,0,87.25,163.5,76.25,43.17696145,32.95903798,61.17305077,28.21401279,11.8534348,34.0,11.25,51.25,39.25,105.5,58.0,False
S000991,phase,full,4,1012263801,56.0,60,4,8,10,15,12,0.0132158338137744,0.0405619162500865,0.1259207245693278,0.0163763688153997,0.1983259006803065,0.2961356415741343,0.1046326652445749,0.0663791702043323,0.0268359142901646,0.0326421843597035,0.0389731051333495,0.0085401776358014,0.6502181019669491,0.3274327923030487,1.0247917709810337,0.9522205774030847,1.0798140004978432,1.3289833038850205,1.2923382297945667,0.9453438016119776,14.0,4,0,46.5,52.5,6.0,3.559026084,19.00064621,26.88784438,7.887198171,0.9943282458,45.5,11.0,5.5,18.0,16.0,36.5,False
S000992,phase,full,4,1013263804,56.0,60,4,8,10,15,12,0.0280885850032259,0.0318084205196982,0.1621216152915568,0.0403999113772145,0.172566648974562,0.2375662057831387,0.1264967175373906,0.0639914406886036,0.0200832902763407,0.055230388595477,0.0269132489807943,0.0014939647975273,0.5137612021284312,0.2204674012299806,1.292247543224971,1.2513537230116143,0.9768083822528274,0.9440175384313928,1.0862613945031525,0.9412223637528552,14.0,4,0,79.0,108.5,29.5,18.6993761,30.79201733,38.89170667,8.099689331,6.516360512,22.0,13.0,19.0,51.5,39.5,69.0,False
S000993,phase,full,4,1014263807,56.0,60,4,8,10,15,12,0.0268397217122728,0.0398152140095076,0.1783288198634468,0.0481187646508555,0.2152757696134567,0.2653925478085437,0.1186555626380135,0.0620009905513731,0.0503366883494746,0.0250431942095108,0.0244972799439416,0.0076378137060121,0.6023523603491115,0.1345646720789257,1.3256181098037487,1.088887404818344,1.0328336551573951,0.9449021458240996,1.0617912305364918,0.8732848908139162,14.0,4,0,61.75,79.75,18.0,9.831920803,19.04161014,23.80153365,4.759923511,1.583844198,20.75,12.0,14.75,39.75,42.0,37.75,False
S000994,phase,full,4,1015263810,56.0,60,4,8,10,15,12,0.0197481777248038,0.0601972684155561,0.151795097773964,0.0527979614376251,0.1425638211954239,0.1453866553008533,0.0852710275312147,0.0577899815926312,0.033365791366859,0.0351198043994999,0.0298270114697889,0.0112546224907849,0.7926908262604326,0.3420961167669349,1.2689974756547413,1.0617891857898116,1.0508266186357464,0.8909298678581664,1.3981417085695476,0.8739195790009086,14.0,4,0,48.75,49.25,0.5,8.736894948,25.17529826,32.16659624,6.991297979,1.787764518,32.0,7.25,13.0,21.5,17.0,32.25,False
S000995,phase,full,4,1016263813,56.0,60,4,8,10,15,12,0.0162468727937379,0.0541644130452933,0.2805883642260535,0.0154485011256569,0.2141585494432815,0.1886943242968726,0.1791773671080616,0.0959370840722366,0.0395902808245013,0.0415568963507504,0.0442330703507067,0.0083548477703116,0.8442188873299823,0.1629513850565837,1.344063591018818,1.0385838038461923,1.2150275982080727,0.9156551844034267,1.3662129598021642,0.887387062839358,14.0,4,0,75.5,106.5,31.0,10.09950494,38.73401391,60.91161056,22.17759665,8.014700804,41.0,15.5,30.5,34.25,50.0,56.5,False
S000996,phase,full,4,1017263816,56.0,60,4,8,10,15,12,0.0120905970792939,0.0316329732131485,0.1393357251901426,0.045795692784709,0.1639888651563851,0.1556201058896097,0.1522927366865835,0.0456867002905382,0.0310234373479919,0.0396303533800019,0.0394652985412825,0.0046917191119662,0.4655380145815366,0.3067254085963944,1.2389478470724395,1.2406022590021963,1.4650006383386227,1.1069475387197725,1.2819721105138733,1.0384937921049018,14.0,4,0,36.0,44.75,8.75,9.53502316,11.46752248,16.17193343,4.704410948,2.165362106,37.75,8.5,12.75,22.5,14.75,30.0,False
S000997,phase,full,4,1018263819,56.0,60,4,8,10,15,12,0.0177710716265176,0.0784778988379956,0.2669700349699254,0.0162761328012096,0.116533131015569,0.17118639705746,0.0675660658274231,0.0793139049015255,0.0659465042013777,0.0212756659378647,0.0233398669012742,0.0010048367429139,0.7551868063908129,0.1705635603202808,1.032977951923303,1.119821235846009,1.344081444773649,0.9964597768747456,1.0228343842525462,0.8144358202452816,14.0,4,0,74.5,95.5,21.0,12.51665557,28.5270395,35.90942785,7.38238835,5.515312668,47.75,8.25,30.25,24.0,48.0,47.5,False
S000998,phase,full,4,1019263822,56.0,60,4,8,10,15,12,0.0291444403474955,0.049549971067399,0.2265445935151338,0.0475824122219047,0.1567086658353031,0.2364652060017333,0.1160402637392005,0.0948043390530397,0.0495799736442436,0.0428719975297113,0.0271252958653709,0.0106729720395795,0.4561930370320466,0.4047275214849889,0.9957926056395044,1.1508446695761676,1.2170838376040474,1.40235224929198,1.219613356947446,0.8157250355038389,14.0,4,0,78.5,108.0,29.5,7.724420151,22.16449907,38.45678143,16.29228236,3.695858407,25.75,10.0,15.75,23.75,34.25,73.75,False
S000999,phase,full,4,1020263825,56.0,60,4,8,10,15,12,0.0321902992095844,0.065392483552581,0.2338041712078279,0.0182759984001244,0.1361085900868798,0.1790418235906613,0.1462441450426098,0.0825754597380037,0.0466323718713662,0.054176305056312,0.0102806923479584,0.0097284413556835,0.5662506816348404,0.2091598544524579,1.330323892557575,1.0007377695542476,0.9126010264699104,1.2849253271370202,1.333654547608356,0.9560291201350084,14.0,4,0,93.5,104.25,10.75,13.5,36.51763329,52.04757792,15.52994463,5.661458783,32.75,12.5,19.25,32.0,30.25,74.0,False
S001000,phase,full,4,1021263828,56.0,60,4,8,10,15,12,0.0156559378511095,0.0563829179430633,0.1974950566872143,0.032433084527559,0.1986732821669391,0.1471701721579024,0.1682321169343419,0.0854762966520748,0.0564766819442119,0.0214182052505262,0.0436681446798424,0.0022340666869777,0.7240492520154451,0.2877876756104443,1.1896092025405989,0.964927900380046,1.0263612380449096,0.9335973600031332,0.9758693263847632,0.8125772778289934,14.0,4,0,49.75,63.25,13.5,16.13484841,20.25271095,23.25155866,2.998847714,4.485187168,41.25,7.25,17.5,18.5,31.0,32.25,False
S001001,phase,full,4,1022263831,56.0,60,4,8,10,15,12,0.0135051383240914,0.0769437339291363,0.196738883967387,0.0160953719096854,0.1700733684097608,0.1721301687465531,0.0606368862232589,0.0902351648467038,0.0384021062225147,0.0405622291955669,0.016245050320732,0.0066746201044915,0.5333532022774242,0.3389006569908639,1.305576961127401,1.1740165337895516,1.2299653231971044,1.4426457957097336,0.9475106855503896,0.9986454236408864,14.0,4,0,104.5,156.0,51.5,25.48855953,32.17414139,49.90675123,17.73260984,7.509113903,47.5,9.0,43.25,50.75,60.0,96.0,False
S001002,phase,full,4,1023263834,56.0,60,4,8,10,15,12,0.0160581696822808,0.0319234630493881,0.3099845893259228,0.0378124121169613,0.1036837894014608,0.2834970837411266,0.0694146952786968,0.1017076506951426,0.0504601853222728,0.0567883380516052,0.0110868108743207,0.0012815798600913,0.746651819554194,0.1545955787206989,1.1085986708706157,1.1992586757907049,1.340449566224181,1.063899055880499,0.934941574898455,0.742667782618585,14.0,4,0,126.5,192.5,66.0,14.98888477,68.50012044,93.48740628,24.98728583,7.369305879,35.25,7.25,20.25,27.5,61.0,131.5,False
S001003,phase,full,4,1024263837,56.0,60,4,8,10,15,12,0.0312481970814325,0.0355128181415107,0.2764182767839558,0.0460858245652447,0.1168690302354558,0.185757141203409,0.0621900921658051,0.0757162872439327,0.0208555511738579,0.0431582598182591,0.0120932744413074,0.0010282064139055,0.592483361147826,0.215021401534405,1.1357212447345422,1.1531099692987967,1.2781161557133245,1.2378021797405223,1.3168223564394794,0.888416943467892,14.0,4,0,137.5,224.25,86.75,18.55397532,52.48331551,99.50714718,47.02383167,7.482373671,19.75,11.25,38.0,66.5,89.75,134.5,False
S001004,phase,full,4,1025263840,56.0,60,4,8,10,15,12,0.0152244877750368,0.0666148677116507,0.2908045290668116,0.0280790112185097,0.1180949494185163,0.1482291349761894,0.0786039930366596,0.0624476022325872,0.0581874382652726,0.0836756943245049,0.0163137036359081,0.0063446731952581,0.8724102223300115,0.3111306595533018,0.992184195698555,1.1507907491123288,1.132129540307659,1.0438629702888955,1.1386242013140986,0.7416056233198847,14.0,4,0,76.5,100.75,24.25,12.68529332,52.03086424,72.65053557,20.61967133,7.264424236,45.75,6.0,27.25,44.5,26.0,74.75,False
S001005,phase,full,4,1026263843,56.0,60,4,8,10,15,12,0.0123517029976187,0.0300890131671239,0.1478580265171056,0.0208669490654821,0.1660426809069081,0.2585817902788665,0.1414619951656652,0.0640153295075642,0.0275966576224104,0.034991003010778,0.0137699810187883,0.0033135072238004,0.6402462600021162,0.2009085673462862,1.2403494753659077,1.21326464630399,1.2498550102438608,1.2642016003292398,0.9823604315821592,0.773942248632881,14.0,4,0,59.25,87.25,28.0,10.7393358,23.14331323,30.56663623,7.423323003,4.057350443,41.5,11.0,11.5,25.25,39.5,47.75,False
S001006,phase,full,4,1027263846,56.0,60,4,8,10,15,12,0.0344369833427025,0.0557507548667561,0.3046255651022538,0.0329388746482313,0.1880829877517082,0.168553766016063,0.1521364526145593,0.0810096994504763,0.0207830380054822,0.0403736428217651,0.0336052478700433,0.005893912150434,0.6061563462215211,0.148261306433182,1.249806459413353,1.1132704004750158,1.3914513071788104,0.9971775675785564,1.001589827241404,0.7835543467809549,14.0,4,0,139.75,226.25,86.5,22.92742172,48.86940385,72.91625816,24.04685431,7.692801879,23.5,11.25,43.5,67.0,106.5,119.75,False
S001007,phase,full,4,1028263849,56.0,60,4,8,10,15,12,0.0180984579729754,0.0442128512065712,0.2306844386988023,0.0373946730304912,0.1403753844162459,0.2436807853825526,0.0949069282000775,0.078930789595005,0.0725885004354988,0.0577922541475605,0.0127591982366377,0.0022686282318598,0.8011595398563303,0.4056358384293408,1.0471139820658946,0.9524668759843836,0.9157274399395038,1.2050675073161357,0.8572934860070889,0.7495251870131385,14.0,4,0,78.0,82.0,4.0,14.30617582,46.61387442,45.86657559,-0.7472988289,9.501750645,36.5,10.75,12.75,26.25,18.75,63.25,True
S001008,phase,full,4,1029263852,56.0,60,4,8,10,15,12,0.0190324362403372,0.0308198059750281,0.1678347450310318,0.0241034012317977,0.1244686078728358,0.15183806035216,0.092492975814635,0.0618473530532475,0.02059228313501,0.0479921478847759,0.0406238913485799,0.0025367382203863,0.3577367387663244,0.2127918750860179,0.9704670414239968,1.1346513610643407,1.4982765652086487,1.1693235067993135,0.9206496529575502,0.8263297686154366,14.0,4,0,60.75,99.5,38.75,8.770214745,15.27069846,22.37751459,7.106816127,2.481430999,36.0,13.5,23.0,34.5,34.0,65.5,False
S001009,phase,full,4,1030263855,56.0,60,4,8,10,15,12,0.0261258365050492,0.0352972544270543,0.1357109234721746,0.0239716380197823,0.1819465409914114,0.159755810642421,0.1105213656481214,0.0476738877090808,0.0452001724741277,0.052645766200221,0.0089923078982933,0.0046752703953611,0.7785110715726792,0.2066324787258515,1.024407880264724,1.0365638250833995,0.9701624170659052,1.124093022607546,1.2662652821617606,0.8316089662000427,14.0,4,0,90.5,96.25,5.75,4.924428901,50.01456502,64.98876217,14.97419714,3.349410631,26.5,16.75,23.25,51.75,26.75,69.5,False
S001010,phase,full,4,1031263858,56.0,60,4,8,10,15,12,0.0201798478856942,0.0756278053634413,0.3087058265547409,0.0457173578005103,0.2161285513154425,0.1459850274770973,0.0708223269500971,0.067542381634892,0.025417392619118,0.0441451142907847,0.0216390988361,0.0016388197929612,0.5791293087920885,0.3437010172261739,1.0318904342914388,1.0696756473260105,1.24317902529746,0.9314747998914008,1.2868664674025,0.8991238857706141,14.0,4,0,292.5,410.0,117.5,32.98989744,84.76051869,137.321784,52.56126529,8.8594319,37.25,7.0,219.25,231.25,221.5,188.5,False
S001011,phase,full,4,1032263861,56.0,60,4,8,10,15,12,0.0120243060821675,0.0571551114063618,0.2321144483081973,0.0306846780390611,0.1212185846722679,0.2795264469497469,0.1420497875664437,0.0636262157129015,0.0232248406957134,0.0220584042370847,0.0081441613518549,0.0041631322954098,0.3926638604466225,0.4488682438789242,0.9523666878990784,1.0972515912059395,0.9821279241543334,0.995186239845738,0.9104977449595032,0.7518103746921414,14.0,4,0,65.75,76.75,11.0,4.242640687,13.04267662,13.94343447,0.9007578498,0.9461666273,49.0,5.0,5.75,16.5,39.5,37.25,False
S001012,phase,full,4,1033263864,56.0,60,4,8,10,15,12,0.0141996237007543,0.0569173505307709,0.174701684473486,0.0440438351864595,0.2021355513941414,0.2085149101385887,0.1255558462861628,0.1028324255996846,0.0337572819905771,0.0369567169303143,0.018235837271323,0.0012418764448468,0.7109374266374902,0.193319714462341,1.2203813932432497,0.9897244567282376,0.9620614674686891,0.9654476171805018,1.0294281947480948,0.9983405106052712,14.0,4,0,80.0,73.75,-6.25,23.72586493,37.58699033,33.63012674,-3.956863589,5.493135748,39.5,8.75,10.0,16.5,27.0,46.75,False
S001013,phase,full,4,1034263867,56.0,60,4,8,10,15,12,0.031945336253426,0.0692753792941563,0.151891522088289,0.0424611487640194,0.154018514953924,0.2758628881485453,0.1178013874866715,0.1218027761678673,0.0224006857276082,0.0433974877187451,0.0332203982339527,0.0083886504026998,0.6999817181584906,0.3671719652607355,1.0594075154981142,1.0497771481455174,1.0108808720876252,1.0458147042599366,1.0339466427224084,0.8669602408181327,14.0,4,0,62.5,66.25,3.75,9.708243919,29.9071838,32.6639393,2.7567555,7.924126902,24.25,9.5,4.75,7.75,21.0,45.25,False
S001014,phase,full,4,1035263870,56.0,60,4,8,10,15,12,0.0225939860938007,0.0784413308630825,0.3012332312008155,0.0446688845307123,0.162256232773771,0.1703367552328358,0.1626230347876337,0.0886739616870221,0.0458397942734857,0.0356287333009911,0.0135369092125291,0.0067014870438346,0.8957923050091589,0.1108695754178806,1.075252343927673,1.2738415008220143,1.2080843693329213,1.4020650717832062,1.0380433000003466,0.9542340600081524,14.0,4,0,75.75,102.5,26.75,14.03269991,43.02259547,58.85660447,15.834009,7.092536359,33.75,9.0,25.25,25.75,39.25,63.25,False
S001015,phase,full,4,1036263873,56.0,60,4,8,10,15,12,0.0155890776278926,0.0411499673104424,0.1861249685285273,0.0172546152843627,0.1381957368253469,0.1512198025819558,0.0659744054640295,0.1201361941572268,0.0582533177472103,0.0490672537633723,0.0094776718103536,0.0042207199996056,0.6013766743505943,0.2955033112903622,0.9863715624775105,1.1680283358377983,0.9102434923194904,1.2080702681579247,1.0834487978016187,1.0115534462449012,14.0,4,0,110.75,138.5,27.75,10.71991915,42.53005492,54.90786764,12.37781272,5.057389399,42.5,10.5,48.0,43.0,51.5,87.0,False
S001016,phase,full,4,1037263876,56.0,60,4,8,10,15,12,0.014483384240325,0.0477583500677776,0.2864008517001544,0.0376188703017665,0.13286740069296,0.2351322457170186,0.1509181935361865,0.0546691503472993,0.0344055296092712,0.0281761775999851,0.008254768775429,0.0068034688164867,0.7362472087902019,0.4382887352455632,1.2433462780001103,1.2349103661915966,1.118577398395722,0.9708043860680526,1.2119258853587718,0.8791384383925209,14.0,4,0,67.0,100.25,33.25,23.02715788,28.40461222,41.4014386,12.99682638,3.405157672,38.25,8.5,11.5,39.75,51.5,48.75,False
S001017,phase,full,4,1038263879,56.0,60,4,8,10,15,12,0.0201378427876185,0.0507753163890241,0.2640866303164286,0.0407271770729177,0.1740099899546354,0.2973790732471745,0.1211006264235969,0.1178689544988146,0.07691927057772,0.0440218118213396,0.0187691597637801,0.0082099121560142,0.6575562240725631,0.4424622961893443,1.2012940221011943,1.0109213071468752,1.3179135505009127,1.184644153517714,0.9836997616957432,0.8651325183759531,14.0,4,0,77.5,97.0,19.5,15.92691642,34.35533821,41.96104702,7.605708804,8.090609049,31.75,9.0,8.25,15.5,31.25,65.75,False
S001018,phase,full,4,1039263882,56.0,60,4,8,10,15,12,0.0195126328810608,0.0469445547435253,0.1309893708154495,0.0581439195083499,0.1786448121547613,0.1805183065277418,0.0660876652863327,0.0936932941007183,0.0385256610337759,0.023769591737968,0.0181517969244681,0.007901871194905,0.8054843929197955,0.1707629728087453,1.2112168428184606,1.0626804560702532,1.1095496136314291,1.3335353005622212,0.9950144388249084,0.8283723253403245,14.0,4,0,106.75,133.25,26.5,10.63014581,36.25765844,51.66981099,15.41215255,1.122450853,27.25,7.5,23.75,32.25,70.0,63.25,False
S001019,phase,full,4,1040263885,56.0,60,4,8,10,15,12,0.0271515879741305,0.0326297176728198,0.1792121529217455,0.0420927336494141,0.143966484173368,0.2826787654450351,0.0944519214120502,0.1049494412378008,0.0343607250203312,0.050573327579978,0.0106258543509988,0.0050323669320338,0.7854419607665188,0.1468173510839229,0.9715618505390816,1.0428614658071462,1.4681597217719111,1.324565987751174,1.0188198607285823,0.8272418386772686,14.0,4,0,103.0,139.0,36.0,10.89342309,50.430148,76.97735407,26.54720608,8.117501371,26.25,10.5,12.75,22.25,41.25,97.75,False
S001020,phase,full,4,1041263888,56.0,60,4,8,10,15,12,0.0215611161756968,0.0472921561400697,0.2351040656324113,0.0278432837646117,0.2064155957866786,0.2110748792362685,0.0713974811388503,0.0802363988855446,0.0531377496637448,0.0641000923579918,0.0195424763880028,0.0010681700564967,0.4864043286466268,0.2207275712703318,1.260293321302628,1.0960923190141922,1.0536214103698254,1.1159506939557633,1.0896623615833707,0.9120490196240276,14.0,4,0,150.5,225.0,74.5,34.80900267,51.50593108,80.87488718,29.3689561,5.605885183,29.5,15.0,63.75,92.0,71.75,153.25,False
S001021,phase,full,4,1042263891,56.0,60,4,8,10,15,12,0.0303630346124322,0.0392112252105651,0.1407710888263663,0.0166067255156678,0.2128860993903752,0.2945558371809629,0.073617470415832,0.1159756827380271,0.022628949466854,0.0847914159708946,0.01281078400983,0.001109259750596,0.5457556476479071,0.139693764693133,1.2156253274822342,0.9512583521969714,1.2086160688306185,1.023689220838106,0.8517680410115968,0.8923677955112057,14.0,4,0,190.5,203.0,12.5,6.608075867,76.74101986,72.06516257,-4.67585729,6.929518793,29.75,18.25,18.0,23.5,53.25,149.75,True
S001022,phase,full,4,1043263894,56.0,60,4,8,10,15,12,0.0330761215545645,0.0456446671836227,0.1374436075575933,0.0239062406498855,0.2130895017319422,0.2763347624514574,0.0631261673244345,0.1260687786284354,0.0224936989829941,0.0528109357512538,0.0314003103203645,0.0023000429605504,0.4131862838904956,0.3737556274759034,1.001523561233265,1.1137475793067553,1.0830672089017466,1.3173829799437369,1.3560717187626,0.9028272425180948,14.0,4,0,199.0,227.0,28.0,30.03331484,56.95251829,89.99902541,33.04650712,11.82167367,26.25,14.75,25.0,43.5,60.5,166.5,False
S001023,phase,full,4,1044263897,56.0,60,4,8,10,15,12,0.0324725613544178,0.0775919692452055,0.1281318916707968,0.0232967042023576,0.1766743719335134,0.2624220201846762,0.0997716492843804,0.0851594901266279,0.0266064371364047,0.020166839168139,0.0381597801022739,0.0051778146199041,0.7620488396284639,0.3701809022949418,0.9809463283110096,1.1960247458482272,1.4305930024821305,0.9460875808264402,1.1313686994659635,0.8597180425035567,14.0,4,0,63.75,98.75,35.0,16.63329993,25.49924379,34.10194392,8.602700135,5.430448775,37.75,9.5,12.25,25.0,57.5,41.25,False
S001024,phase,full,4,1045263900,56.0,60,4,8,10,15,12,0.0277214229370268,0.0607414920544836,0.1327511758248613,0.0495329398970425,0.186986534013938,0.1800494063611649,0.1221544050740988,0.0615829405072997,0.0732065940827279,0.069940839519115,0.0080446975224833,0.0010421134259052,0.4759158877416906,0.386577558475346,1.1773170078406692,0.9948032750273682,1.4442343575773198,0.885561047949786,0.95199550275685,1.0478052084952545,14.0,4,0,70.5,67.75,-2.75,5.251983752,26.62880028,23.64005017,-2.98875011,1.968767291,29.75,8.75,8.5,9.75,16.25,51.5,False
S001025,phase,full,4,1046263903,56.0,60,4,8,10,15,12,0.0191876633132037,0.0365378892126043,0.1451983856942839,0.0271270320003391,0.2143664530290958,0.2496008140871111,0.1189622759546273,0.045057570422085,0.0299011839517895,0.0293492798056681,0.0259863463917378,0.0062007227378785,0.7845242205050779,0.1961316205385571,0.9880260166486494,1.177448171028189,1.2140673873181114,1.2171807944341884,0.9721135357510168,0.7236749321785989,14.0,4,0,57.25,98.25,41.0,13.03840481,24.86428641,38.65775122,13.79346481,2.790273245,35.5,11.5,19.0,65.0,48.25,50.0,False
S001026,phase,full,4,1047263906,56.0,60,4,8,10,15,12,0.0171485176262423,0.0659981116090089,0.1841391071761532,0.0221232661307048,0.1912640742497022,0.1888023785797467,0.0734673170844734,0.0531967909291044,0.037084808342482,0.0387781131883045,0.0368036640422768,0.0020918184988193,0.3573631492160082,0.240360299345647,1.1102695279858903,1.256654509996799,1.310238020618683,1.3495766331441577,0.9549889095963648,0.8380326329568456,14.0,4,0,72.5,155.5,83.0,24.75210429,17.38099057,30.98592544,13.60493487,4.355982576,41.75,10.25,61.5,104.0,66.25,89.25,False
S001027,phase,full,4,1048263909,56.0,60,4,8,10,15,12,0.0328725405999712,0.078964521867426,0.2273975732401432,0.037447429918459,0.2154575008682039,0.1618683236694199,0.1693829882361525,0.1241472926239223,0.0421160218937842,0.0202919460339498,0.0263233858079784,0.0076320979071432,0.8138756959525186,0.2437794975376681,1.1228050823163565,1.246435104339836,1.1922886778352015,0.981776740562204,0.8758224776787253,0.800987237301182,14.0,4,0,75.0,146.25,71.25,23.42897067,29.79397971,42.07074108,12.27676136,3.971417986,30.75,9.75,40.5,35.25,89.5,56.75,False
S001028,phase,full,4,1049263912,56.0,60,4,8,10,15,12,0.0137154175135119,0.0720923866748126,0.1344444186410435,0.0272339192551863,0.2035591392068422,0.1837645436491212,0.1103994021108833,0.0879336564372452,0.0332187275299681,0.0253861690584538,0.0145341190324994,0.0105459135508681,0.8192402522542861,0.2122307179876431,1.3297186953058044,1.0422998918272497,1.2208224334090203,1.1478945966311491,1.195551841973858,1.044141054082068,14.0,4,0,63.25,78.25,15.0,4.546060566,23.88013524,35.12487511,11.24473986,1.587592511,46.5,9.25,17.25,18.25,40.75,37.5,False
S001029,phase,full,4,1050263915,56.0,60,4,8,10,15,12,0.029853144968487,0.0716794346867782,0.1647562296377703,0.0164174227596199,0.1427697670449072,0.2105349840925473,0.171791176325388,0.058309163792689,0.044073182806027,0.0453351066318927,0.0256523814111695,0.0078882795051623,0.6595649277742486,0.1767530336730584,1.1790671270315602,1.2675084678687865,1.320669636234746,1.122256131184307,1.334479680686375,0.8526201491866207,14.0,4,0,55.75,84.75,29.0,12.78019301,24.4262133,42.9381317,18.5119184,5.318756801,38.5,14.0,17.75,26.0,32.25,52.5,False
S001030,phase,full,4,1051263918,56.0,60,4,8,10,15,12,0.0235360195126269,0.0311714833857425,0.3170312550675897,0.0411888991772802,0.2019474835317782,0.2493430545523502,0.1581295818416898,0.0708356659915315,0.0326376417719666,0.051999613557564,0.008113446073964,0.0111095091703344,0.5485936871157876,0.1233614504921826,1.2227700668054235,1.0637680503745215,1.4124291984019304,0.8538835125243026,1.39775803129436,0.8578418903515713,14.0,4,0,112.0,177.75,65.75,25.69533032,39.6102673,74.34843374,34.73816644,10.43902094,24.0,11.5,24.75,45.25,75.5,102.25,False
S001031,phase,full,4,1052263921,56.0,60,4,8,10,15,12,0.0192480906464777,0.0745085427674976,0.1258057859203395,0.020566873441584,0.1320398633527809,0.2200385648777588,0.081570970706415,0.0551482357692198,0.0399912012891758,0.030188459601611,0.0207925571161387,0.0022045045480357,0.5691587010443755,0.3770189741274241,1.0897660019041082,1.0075329169394294,1.2073689175961249,0.974764711792096,0.9773884956101582,0.7894673526565399,14.0,4,0,47.5,52.75,5.25,12.47330483,17.81452502,20.1761111,2.361586085,4.513071131,44.25,9.0,5.5,17.75,17.75,35.0,False
S001032,phase,full,4,1053263924,56.0,60,4,8,10,15,12,0.0283136192787625,0.032653129012718,0.3025307024187194,0.0275093649307953,0.2126460349317649,0.1733347683190536,0.1113773255125256,0.0832869903217957,0.072523337174861,0.0774804177694547,0.0159641134751771,0.0025080309952668,0.7086290780770894,0.3000865564541939,1.0985582018160265,1.0834412128244288,1.0094797853602335,0.9518464408680432,0.9697168488862786,0.9738440079730218,14.0,4,0,186.25,238.0,51.75,42.16930163,90.91642967,105.4554744,14.53904472,14.8049185,25.25,14.25,100.25,104.0,84.5,153.5,False
S001033,phase,full,4,1054263927,56.0,60,4,8,10,15,12,0.0216904087695044,0.0684749036497883,0.2286940758082145,0.0453183076472346,0.2000726449683598,0.2584645362127466,0.097320102511975,0.0789879624635209,0.0621520760067669,0.0579153956082,0.0118959475080151,0.0027472768451482,0.8145449519947559,0.2670289119055774,1.2423716804895348,1.022203244572785,1.4235314504097207,0.900965510688664,1.086107841900577,0.765331128752803,14.0,4,0,90.0,126.5,36.5,13.52774926,53.26581016,72.84325245,19.57744229,6.345955543,33.25,7.25,11.5,26.75,41.0,85.5,False
S001034,phase,full,4,1055263930,56.0,60,4,8,10,15,12,0.0203652952695299,0.0301841290135687,0.2456558896229826,0.0166774258305392,0.1032837527617512,0.2028418342391758,0.1194851944945118,0.0469667444082659,0.0281468842755544,0.0611631469350456,0.0156260040637961,0.0020556681941542,0.8034943517609088,0.2840572542965501,1.1018158776930804,1.1391699630638363,0.9282988568975816,1.3197808816130248,0.8727154170674698,0.8246080111481722,14.0,4,0,93.5,105.75,12.25,6.291528696,51.27577122,56.61699964,5.341228417,4.315314945,31.25,16.5,17.75,67.5,26.5,79.25,False
S001035,phase,full,4,1056263933,56.0,60,4,8,10,15,12,0.0233915275632468,0.0482235621849988,0.1797887531068029,0.0207980931845787,0.193470009092619,0.2604737984949925,0.1254542091645842,0.0864350333023604,0.0358614999642634,0.0232726743266511,0.0419916793670435,0.0051690501097099,0.8174177918534307,0.3660481526447682,1.1986364737286448,1.2641277212437028,0.9874946014475502,1.1390980518357026,1.1151656322045893,0.9075789245078428,14.0,4,0,64.75,122.75,58.0,12.72792206,30.03041252,50.52367486,20.49326234,4.101867037,32.0,16.75,32.0,59.75,65.5,57.25,False
S001036,phase,full,4,1057263936,56.0,60,4,8,10,15,12,0.03317619994994,0.0361698654956112,0.2352906796707294,0.0518860089223856,0.1223472742947154,0.1500103753675964,0.1700199307452453,0.0985297271784083,0.0246184590747441,0.0803439916093069,0.0081505782319609,0.0058063229829112,0.6532065949582033,0.2550563260172238,1.1083953389640924,1.0488855569094566,1.3258235624264345,1.272046701205189,1.007991997206665,1.048015941656031,14.0,4,0,90.75,109.0,18.25,6.238322424,45.54741558,56.348483,10.80106742,1.899371345,14.25,10.0,13.75,12.75,22.75,86.25,False
S001037,phase,full,4,1058263939,56.0,60,4,8,10,15,12,0.0324218568172431,0.0308287676584932,0.1952440936377028,0.0220831176839353,0.1385790145246908,0.1938287910761782,0.0751671853109574,0.0969022175341096,0.0279544454206295,0.0651316990031534,0.036577632611488,0.0022277388638437,0.7190108231347963,0.25157497376624,1.1951722440594432,1.1748269990978364,1.3732659137671803,0.877169163247889,0.9271268992024806,0.7556333504080405,14.0,4,0,121.0,175.25,54.25,13.37597348,63.35333378,81.24488799,17.89155422,11.14258484,24.5,15.25,36.0,48.25,55.25,120.0,False
S001038,phase,full,4,1059263942,56.0,60,4,8,10,15,12,0.0182055497785881,0.0797752556735183,0.252346786438802,0.04119469092889,0.1033262682950612,0.2483041101147008,0.0934959217401267,0.0548369542276922,0.020639831121425,0.058370201171602,0.0286450016469423,0.0058316908215098,0.6290866489532072,0.2872771784430056,1.253308263916032,1.2281330260869483,0.9986640534506804,1.2167089569739824,0.8666629438953507,0.8419898940854187,14.0,4,0,62.0,88.5,26.5,2.645751311,27.76191686,35.92891769,8.167000832,1.172643396,38.25,8.0,16.25,39.0,25.25,63.25,False
S001039,phase,full,4,1060263945,56.0,60,4,8,10,15,12,0.0189035699552952,0.0514049151453782,0.2843091986770499,0.0509940198346218,0.1077790448642954,0.1602121063595402,0.1171108794821784,0.0701798847486402,0.0221599531810806,0.0693361385996595,0.0141284742349418,0.0020884871332702,0.8537991882759456,0.2165146955806788,0.955105453508058,1.124867136377525,1.192923587514876,1.2853844757262405,1.231684761628867,0.7337174652515849,14.0,4,0,82.25,103.25,21.0,6.733003292,57.5097653,83.19621623,25.68645094,3.175721734,35.75,5.75,13.75,26.0,19.75,83.5,False
S001040,phase,full,4,1061263948,56.0,60,4,8,10,15,12,0.0231199287544262,0.0783224296237845,0.2853141412990965,0.0293644999236266,0.1181551598770826,0.2887855021328426,0.0666770440535523,0.093400474606822,0.022067965530345,0.0422985901722791,0.0297737732037305,0.0010172740704433,0.8647753067360713,0.2655272522309624,1.3270251870339556,1.1575323954587031,1.042819757842644,1.3527147723110318,0.9592363326298328,0.8730490036680134,14.0,4,0,106.25,155.0,48.75,27.4271763,65.99298813,92.53762501,26.54463688,14.23945364,31.0,12.0,17.0,44.0,47.0,108.0,False
S001041,phase,full,4,1062263951,56.0,60,4,8,10,15,12,0.01232464254569,0.0448718441556261,0.2337832206791565,0.0467669092890606,0.1407355300091522,0.1758582042909524,0.1508416690001768,0.0606436054052373,0.0585739407436923,0.0501607655149675,0.0359376115302343,0.0090809585418551,0.5090235261265367,0.3093111811208663,1.229823704410269,1.0438567996764,1.327679508812329,1.3528092620465375,1.1736820722518368,0.8192729449007129,14.0,4,0,34.5,42.75,8.25,4.5,13.85738783,19.19529618,5.337908349,3.542573115,37.0,7.25,6.25,11.25,8.5,34.25,False
S001042,phase,full,4,1063263954,56.0,60,4,8,10,15,12,0.0213760626981087,0.045616503466095,0.1363675675971655,0.0365302240027017,0.1620532819737085,0.1516274716677774,0.0809190069863474,0.092720943042508,0.0263196509045811,0.0444188466992302,0.0131332392278652,0.0055813993897124,0.7660569618138731,0.3964034429018708,1.1794918342384144,1.142167471555728,1.0763406050904225,1.2747864021875426,1.1221509927356204,0.7812086493459147,14.0,4,0,95.0,132.75,37.75,20.53249457,46.45282304,71.79052701,25.33770396,8.01159558,27.75,12.0,44.25,40.5,48.25,84.5,False
S001043,phase,full,4,1064263957,56.0,60,4,8,10,15,12,0.0201907505522893,0.044814916965594,0.2461863335917327,0.0331333628182581,0.2017694666754714,0.2228005953367677,0.0984767354229331,0.0521817961688223,0.0359521244680784,0.0441967066170388,0.0096457765758212,0.0022897050480056,0.5863966839096174,0.1422308460031768,1.0429557319391505,1.1967304097509923,0.935415715635797,1.309610950716581,0.9754661828456191,0.7368306946078946,14.0,4,0,128.75,172.25,43.5,21.29945226,48.69559263,62.41301743,13.7174248,4.249909015,36.25,9.25,31.5,102.0,63.75,108.5,False
S001044,phase,full,4,1065263960,56.0,60,4,8,10,15,12,0.0122416715466564,0.0819542663529098,0.1303642639175147,0.0185258267305687,0.1524172009311575,0.2531029833480976,0.10763261400058,0.1110814220211712,0.0592362419989341,0.0576557353147146,0.034111391455554,0.0117007764753349,0.7179144252088998,0.2352276212694261,1.068905584696774,1.095045127185004,1.07592146561346,1.068390351690964,0.976828654879192,0.7210454697761207,14.0,4,0,37.25,50.25,13.0,4.082482905,21.9581558,27.04607074,5.087914941,3.296780419,50.25,6.5,6.5,11.25,12.25,38.0,False
S001045,phase,full,4,1066263963,56.0,60,4,8,10,15,12,0.0122268979825363,0.0440738760015741,0.1947969587092292,0.0281580030014905,0.1289438237495011,0.1821143445699504,0.073987414569707,0.0666562672176843,0.0325085282081361,0.0204364637093381,0.0334813407569989,0.0031276044608055,0.7475221654852904,0.2075276505345494,1.1817299053598325,1.1331937533295495,1.1805633568837566,0.984809330376696,1.0675014447125737,0.9669205517766504,14.0,4,0,59.5,71.5,12.0,4.163331999,27.49346827,30.57589096,3.082422686,1.317233613,40.0,10.75,20.0,30.25,32.0,39.5,False
S001046,phase,full,4,1067263966,56.0,60,4,8,10,15,12,0.0181249588893247,0.0331368591589297,0.1282056848726226,0.0488721894997023,0.1308526012211905,0.160156898297479,0.0689268285831263,0.127676634610692,0.0285727764880985,0.0618930879876574,0.0109740712054583,0.0093890548591356,0.7667052169863335,0.3070527978379189,0.9853866189504636,1.1002855098972169,1.1162033325016103,1.1866439629469705,0.943782680668412,0.9366354269045076,14.0,4,0,84.0,89.75,5.75,9.673847907,42.05780587,45.06282241,3.005016534,5.788355052,32.5,7.75,14.75,14.25,27.25,62.5,False
S001047,phase,full,4,1068263969,56.0,60,4,8,10,15,12,0.0270637490418382,0.0795470883492693,0.2678910714337384,0.0433739335082788,0.1284676803884185,0.2654812030516448,0.1567259025298728,0.1063937478727504,0.0363780030182498,0.0525951203772013,0.0152361634110519,0.0028207137869373,0.5746991698323813,0.4365715709675729,0.9813020159374112,1.1043109781588694,0.9344721648394998,1.308745641739915,0.9617313118454326,0.8006332528382077,14.0,4,0,82.5,105.25,22.75,11.02648327,33.07110686,44.4764853,11.40537844,4.463001322,35.5,8.25,7.0,20.5,24.25,81.0,False
S001048,phase,full,4,1069263972,56.0,60,4,8,10,15,12,0.0130891871510848,0.0677634552459522,0.1854477533151573,0.0421910924640088,0.1034202101512159,0.2344401478853775,0.0604309730609254,0.0722626296503254,0.0248789155168343,0.02202351012475,0.0092183551371173,0.0110924318681444,0.3687747775073478,0.2193491520398735,1.2028805823768791,0.994139941631626,1.199755663872751,1.1636569035400002,1.3114397491736316,1.0173512806567049,14.0,4,0,57.75,58.0,0.25,5.5,10.71325449,13.40154471,2.688290213,2.028345436,40.5,6.0,5.5,12.5,28.25,29.75,False
S001049,phase,full,4,1070263975,56.0,60,4,8,10,15,12,0.0213717167146081,0.0362116840803306,0.2973798876911454,0.0152456983641967,0.1679231647990061,0.1572972353997241,0.0911472412319217,0.0776634125576542,0.0356968392523919,0.0562145421965411,0.0382051074058613,0.0017316384682164,0.7253623372962845,0.3779492277430382,0.9675623169066504,1.188316732630919,1.1379654129788632,1.3482803110486272,0.8838905240649498,1.020818772759994,14.0,4,0,180.25,267.5,87.25,25.43455655,82.55349592,116.5770043,34.02350843,8.507443042,31.75,21.25,118.25,142.75,91.0,176.5,False
S001050,phase,full,4,1071263978,56.0,60,4,8,10,15,12,0.0250947689431149,0.0522592527924733,0.2772306943628131,0.0450629026247039,0.1860581072602143,0.1547622832765076,0.0624569540980389,0.0710017383119864,0.0682709640008246,0.0518969011215793,0.0168637518851426,0.0113355708518674,0.5560736303768241,0.3526236923485154,0.974261972019736,1.1050956477739184,1.039289537389498,1.3384129947085786,1.206282810738534,1.0127169581227349,14.0,4,0,136.0,167.0,31.0,25.00666578,44.95511327,65.70074051,20.74562724,6.132233272,33.5,6.5,95.5,91.75,65.25,101.75,False
S001051,phase,full,4,1072263981,56.0,60,4,8,10,15,12,0.0333637060070558,0.0630666752055747,0.1686195279016388,0.0435591480174894,0.1803304495288341,0.2323121230808202,0.158532720305534,0.1272359590602119,0.0778804581231648,0.0508090036809337,0.0082889564818096,0.0038393007883004,0.6928372444798122,0.117428342102535,0.9881513569252028,1.1905931204045876,0.9159286802185806,1.327322359658459,1.0582282769872755,0.9148732384146984,14.0,4,0,79.0,85.5,6.5,6.454972244,37.40685402,46.3750008,8.968146785,3.063855639,26.5,9.75,13.25,16.0,21.5,64.0,False
S001052,phase,full,4,1073263984,56.0,60,4,8,10,15,12,0.0213598179951747,0.0487444528084492,0.2508354586977711,0.0227998661187179,0.1215594707536411,0.1517063969697911,0.0780051562063036,0.0836892050008417,0.0267538397311713,0.0247930710311582,0.0097271141572071,0.0044699944838991,0.5374742488524169,0.2712897729980347,1.296851539494393,1.1361950849764262,1.1035228931966734,1.381368653095887,0.8731593283168209,0.7314270814198991,14.0,4,0,129.75,171.0,41.25,10.68877916,32.06637031,41.5085236,9.442153288,4.880411012,33.0,13.25,43.5,67.0,84.25,86.75,False
S001053,phase,full,4,1074263987,56.0,60,4,8,10,15,12,0.0209928445074393,0.0759350103726115,0.1232602659865735,0.0186944720750629,0.1535720695518139,0.170868927462531,0.1152927701313527,0.0940768689623138,0.0209917815900805,0.0304932920191194,0.0130038002322887,0.007988925298539,0.5268602435211829,0.3717890903232033,1.1539019906312713,1.2523719790777978,1.012996420245448,0.9217496946849452,1.128315695268267,1.0261661048853616,14.0,4,0,57.25,97.0,39.75,12.68529332,18.52639307,27.03785726,8.511464191,5.271887478,42.5,11.5,15.25,29.75,50.25,46.75,False
S001054,phase,full,4,1075263990,56.0,60,4,8,10,15,12,0.0199891468146971,0.0414301277815592,0.1382907415645933,0.0521553766138256,0.1038011326743886,0.2333619672036098,0.0796821253513978,0.1145455275432225,0.0451826434817178,0.0283047554462793,0.0222104236916143,0.0058732176664646,0.3959460500389853,0.2219744245912651,1.2245113722429517,1.1827313449829255,1.1706459367551818,1.0471390826194735,0.9503392041908628,0.9244597120889724,14.0,4,0,48.75,69.5,20.75,6.020797289,12.41759427,15.01799045,2.600396182,1.843635373,28.25,8.75,14.25,16.75,30.75,38.75,False
S001055,phase,full,4,1076263993,56.0,60,4,8,10,15,12,0.0241191676683623,0.0380075111774617,0.1827465897065315,0.0426301752426113,0.1007965503822632,0.2359915568769822,0.0942129000353115,0.0841500718691278,0.0209582629843244,0.0680862646882548,0.0170635752066565,0.0014446657223852,0.8856165083075371,0.1755784583589437,0.950764572797404,1.226508124672886,1.167170599314285,1.3120223153347472,1.0517570301197707,0.9493665145497648,14.0,4,0,91.25,110.25,19.0,9.626352719,62.79467357,80.71579677,17.9211232,6.942265709,31.0,8.0,3.75,16.0,22.25,88.0,False
S001056,phase,full,4,1077263996,56.0,60,4,8,10,15,12,0.0152669170612607,0.0708478108329464,0.1585148859620291,0.0441865848283292,0.1650334214752051,0.2890211280935288,0.0606180285699556,0.0588567031756404,0.0745315531375194,0.0372058088862268,0.0263639721848162,0.0075751044307101,0.6785565113621777,0.2470939559693822,1.0487610162665717,1.1856774952205371,1.1579828473937277,1.242884922784188,1.149651608013756,0.9898885652193884,14.0,4,0,44.25,49.5,5.25,2.62995564,19.72017771,26.37614164,6.655963936,3.567981703,45.0,5.25,6.75,14.75,13.75,35.75,False
S001057,phase,full,4,1078263999,56.0,60,4,8,10,15,12,0.0202328368337374,0.0690127901306776,0.2381232750325607,0.0345320211066655,0.1339014879804054,0.1848706623088621,0.0804018513601843,0.1067213066481509,0.0534353466114265,0.0229536219383052,0.0266297001384899,0.0077578831507736,0.8844351757237382,0.2161463003063656,0.9533900555565188,1.1353052610858638,1.1129689196373391,1.0914811452263962,1.0536676731231127,0.7529244467712588,14.0,4,0,75.0,99.25,24.25,13.57387196,33.0436986,42.6154477,9.571749103,5.646062215,40.75,7.25,19.0,18.75,53.0,46.25,False
S001058,phase,full,4,1079264002,56.0,60,4,8,10,15,12,0.0138434225358059,0.0762920849760475,0.2483669803601073,0.0238989409955247,0.1243631978434976,0.1476230814069582,0.1167852357040459,0.0731451528420429,0.046282433678127,0.0441673314640357,0.040944221201811,0.0017090412532003,0.560731308779933,0.3677953787308546,1.1414482493944582,1.2715510865673467,0.9183615757246514,1.060433357718514,1.1355830623655303,0.8516774799346796,14.0,4,0,50.25,62.75,12.5,12.71482075,21.88626145,27.62142513,5.735163683,5.815659751,45.25,6.5,19.0,29.0,18.25,44.5,False
S001059,phase,full,4,1080264005,56.0,60,4,8,10,15,12,0.0137012337068945,0.0352385726984251,0.2026561913949401,0.0582186403224854,0.1687633751357424,0.2538920297991978,0.1347886126249448,0.0717103155925589,0.0673557725685895,0.0586238341226082,0.0115152874454086,0.0015944006891079,0.640929714524612,0.2477170642777212,1.3409102946899796,1.2446044250876824,1.1938836868253182,1.126447675428875,1.158925298734946,0.9977549418286716,14.0,4,0,61.5,84.0,22.5,9.327379053,32.56675564,50.35754116,17.79078552,6.232791385,30.0,9.25,6.25,17.75,15.25,68.75,False
S001060,phase,full,4,1081264008,56.0,60,4,8,10,15,12,0.0122424978279871,0.0812531137726593,0.1237208415997719,0.0291268691910703,0.1164787585741439,0.1921183625146355,0.0761415087839156,0.0538715596514336,0.0472305796704517,0.0614382680749575,0.0314853951302578,0.0014062214624553,0.8307427464972723,0.278855716933848,0.9605184851849174,0.9891789838779208,1.1040398725604306,1.3264194795835775,1.2497176603173976,0.7603603071965751,14.0,4,0,42.25,45.75,3.5,3.109126351,29.99114537,38.89511539,8.903970028,2.203304943,45.75,7.0,5.0,11.25,4.0,41.75,False
S001061,phase,full,4,1082264011,56.0,60,4,8,10,15,12,0.0135494712551632,0.0368052943862537,0.3098349561134905,0.0431639358235413,0.1824037023038375,0.1738686590777947,0.0778760807595736,0.0839282589684363,0.0208189152599839,0.0677794117539475,0.0391147980451228,0.0071052614373144,0.8116675740311681,0.1029758708145655,1.332497841969687,1.0140694751924024,1.0052038387672426,0.9233189177635264,1.3194075581375642,0.7290060145211855,14.0,4,0,133.25,185.25,52.0,16.22754859,71.82098095,120.1265675,48.30558658,8.680090963,38.25,8.75,46.25,79.5,67.75,117.5,False
S001062,phase,full,4,1083264014,56.0,60,4,8,10,15,12,0.0142543181358392,0.0511554121444842,0.143407287743829,0.0353729422059203,0.1977603653831768,0.2736626529752951,0.1180378265121775,0.0562794664898629,0.0322972401053237,0.0301534933873063,0.0327461716183983,0.0118883253176419,0.4494499177926082,0.1327715758378317,0.9554669274018024,1.0904564927858684,1.34667228938504,1.3339406815450645,1.2213712564634118,1.0214931640523783,14.0,4,0,44.0,46.5,2.5,9.036961141,11.14841596,14.37076526,3.222349297,2.293089916,45.5,5.5,8.25,18.75,18.5,28.0,False
S001063,phase,full,4,1084264017,56.0,60,4,8,10,15,12,0.0127315466979498,0.0389552940754358,0.2893675913927516,0.0207363389550037,0.1227291606775829,0.2983390024808662,0.0814575164899945,0.0636433722822899,0.0539114983027735,0.0322467743677021,0.0145205405471498,0.0076855901473912,0.5081337969625699,0.1120632268098665,1.1909143001654985,1.117752232124272,1.0826109145972165,1.3871361909550477,0.9725115660062102,0.924582940837034,14.0,4,0,69.0,93.0,24.0,13.73559852,19.44909182,28.37832724,8.929235426,4.54480909,43.25,10.25,12.0,43.75,36.0,57.0,False
S001064,phase,full,4,1085264020,56.0,60,4,8,10,15,12,0.0161699494780852,0.0375157565247068,0.1233078703809936,0.0366422689265791,0.1185529346427164,0.1402406786667097,0.0627346277438068,0.0545659886546905,0.0209191929181587,0.0291367670143024,0.0118805004844351,0.0017808273752559,0.3922926112555979,0.314660135330207,1.2096537556249378,1.1305476064853552,1.395281723267829,1.4340746181289574,0.9053271830289964,0.8543923829546636,14.0,4,0,64.5,88.75,24.25,20.20519735,17.20787002,21.32753628,4.119666256,3.925653677,32.5,11.5,23.5,33.25,32.0,56.75,False
S001065,phase,full,4,1086264023,56.0,60,4,8,10,15,12,0.0305953244878115,0.0543418074222971,0.1982498713260745,0.0362066013420403,0.1218813421789531,0.1503608667956192,0.1709761762798115,0.0613868875640194,0.0352469370329905,0.0389062809431579,0.0237873929906918,0.003966003625831,0.4149274725612675,0.4063205750845768,1.2750531747712812,1.0927542355810778,0.9237019520057944,1.0347410266997588,0.990329201777501,0.9852764237946632,14.0,4,0,60.25,61.75,1.5,3.872983346,17.27857489,16.52827849,-0.7502963968,2.639983406,24.0,14.5,16.75,23.75,20.25,41.5,True
S001066,phase,full,4,1087264026,56.0,60,4,8,10,15,12,0.0180671682639467,0.035359040695411,0.1528892063605736,0.020161586455112,0.2171312248514209,0.2817298073228122,0.0868258902235583,0.047615166635157,0.0331192474219275,0.0270301563239417,0.0187824572055279,0.0010303394358937,0.7588193951535029,0.1876925333388076,0.987041778319534,1.251001597584377,1.2235113317935773,0.935137679825017,0.9661285208531946,0.9225000240057606,14.0,4,0,85.5,138.0,52.5,30.27099822,38.08327831,49.55747345,11.47419514,10.54557966,38.0,9.25,20.75,81.0,72.0,66.0,False
S001067,phase,full,4,1088264029,56.0,60,4,8,10,15,12,0.0166421053560331,0.0344549024206427,0.1367523661375292,0.0436420515790267,0.2106747919650909,0.1962631559100316,0.1781473765746515,0.1105986555437605,0.0388789755070908,0.0264643877776949,0.0248835103838969,0.0070472866707259,0.4906944894833379,0.3240853221899527,1.0875060986099638,1.285071817960299,1.3538050631837952,0.8643823551579907,1.0215915075461468,1.0239558121637873,14.0,4,0,55.75,87.5,31.75,11.1467484,17.01435658,22.73129341,5.716936832,3.584146001,33.25,9.75,20.5,16.75,42.75,44.75,False
S001068,phase,full,4,1089264032,56.0,60,4,8,10,15,12,0.0248418170078029,0.0568507474813544,0.1591490348775449,0.0479647650802312,0.15884565211485,0.1874627552556318,0.0671082963164534,0.0517368005769993,0.0317493024341414,0.0315049652843002,0.0201916034611735,0.0090294743071962,0.5281172916263362,0.3876711959309723,1.2075537328752552,1.1255484726790177,1.0938280344984668,1.2842277325247915,0.9901791301350046,0.9857549938061336,14.0,4,0,63.25,84.75,21.5,15.19868415,20.16906298,26.68915905,6.520096074,5.17452083,27.25,9.0,23.0,54.75,35.75,49.0,False
S001069,phase,full,4,1090264035,56.0,60,4,8,10,15,12,0.0300540579654372,0.0513443321924925,0.2725313636046585,0.048963155767651,0.1393865498811684,0.2862648706808721,0.0641928701338136,0.0524849638310391,0.0452922422559662,0.0669195745099082,0.0216099039188073,0.0107160545306805,0.4530799607211684,0.1244480613033557,0.969737277118942,1.096839619775946,1.2695146031378672,0.8683509659033076,1.317798500779324,1.0099557482439696,14.0,4,0,82.25,97.0,14.75,8.180260795,28.45173879,40.12678186,11.67504306,2.290998439,23.75,7.75,12.0,35.25,25.5,71.5,False
S001070,phase,full,4,1091264038,56.0,60,4,8,10,15,12,0.0169324405424905,0.0440050071697237,0.1612802861253602,0.0380974202004458,0.1466581311217625,0.1693483434725764,0.0666147000214285,0.0461871110546316,0.0334578107876194,0.0258277708738099,0.0089576439248652,0.005957523367613,0.8639088969842312,0.2486520223430383,1.3347426131410962,1.2842618898096727,1.4282150355002834,1.1517722849117862,0.8744089124220593,0.7794152015529014,14.0,4,0,71.5,118.75,47.25,20.46745384,32.90071582,43.57949449,10.67877867,6.629160463,34.0,11.0,38.25,64.25,62.5,56.25,False
S001071,phase,full,4,1092264041,56.0,60,4,8,10,15,12,0.0251494874799497,0.0529861924639351,0.1466724540604715,0.0351098706196253,0.1780543377876157,0.2007483781451455,0.1424071124044673,0.0471806505897699,0.039173635825486,0.0200144343084576,0.0269566698918942,0.0090171607376967,0.7629041642823473,0.2409441060675078,1.107151987085201,1.2651049350595212,1.2131132877849615,1.0259192350256627,0.870681203946977,0.8439296443292348,14.0,4,0,42.75,65.0,22.25,13.47528602,16.99956177,18.9105558,1.910994026,3.948561411,28.75,12.25,16.75,32.5,38.5,26.5,False
S001072,phase,full,4,1093264044,56.0,60,4,8,10,15,12,0.0124599256027811,0.0467160948349088,0.126126194880363,0.0322559703253153,0.1424345535946987,0.1404134909791974,0.0715021296218601,0.0847927127713484,0.0623479973242053,0.0269298476960771,0.0385093300753316,0.0060185867716964,0.5596531549834214,0.2116413975524036,0.9971024780713124,1.1975010934361006,1.284965751086944,0.934255859131704,1.14649471009551,0.9196046198792316,14.0,4,0,40.0,57.0,17.0,13.73559852,13.62107863,18.65786339,5.036784756,4.892266936,43.0,7.75,20.75,18.25,25.75,31.25,False
S001073,phase,full,4,1094264047,56.0,60,4,8,10,15,12,0.0313693425788124,0.0656578668660511,0.1699005236865899,0.0206619792306546,0.2056768849696634,0.1708026526989186,0.0682615982690462,0.1080034458866909,0.0827089972869486,0.0225896886262224,0.0281888163779598,0.0034640031795494,0.8601377934860159,0.3083757843255355,0.9669655454378911,1.0332471900826956,1.0067093909110092,0.903863587069412,0.8894765814904849,0.911035858764192,14.0,4,0,125.75,132.5,6.75,5.057996968,48.50511963,43.050374,-5.454745627,3.362004415,35.0,12.0,52.25,47.25,79.0,53.5,True
S001074,phase,full,4,1095264050,56.0,60,4,8,10,15,12,0.0334197139992502,0.033460182396074,0.211009401597968,0.0157162776682054,0.1596943948276574,0.1848251846106066,0.0862318446491964,0.0632386804236762,0.0301747206220977,0.0304219142740721,0.0275120316362021,0.0082661452107507,0.6675303836680397,0.3115279765387362,0.9915595840145368,1.1368968052651696,1.183313081143913,0.9226316425987025,1.1063500712993324,0.9670940360954068,14.0,4,0,121.75,174.25,52.5,28.05352028,38.70187926,57.27092455,18.56904529,7.306230681,23.5,20.25,45.0,102.25,93.75,80.5,False
S001075,phase,full,4,1096264053,56.0,60,4,8,10,15,12,0.0150165508633657,0.0811211911896106,0.1659929830381195,0.039029034210431,0.1070348662446056,0.2113710401779109,0.0729934116346012,0.0546143372442451,0.0289351994490274,0.0740486819118731,0.0184507454569639,0.00193812946608,0.6658899034151132,0.1702147589524739,1.0010110243245682,1.0918551904915692,1.4368869638267836,0.9873599266299864,1.3461998918998803,0.8905235576188076,14.0,4,0,55.25,71.0,15.75,9.742518497,33.02500417,48.61196496,15.58696079,5.855700885,43.0,5.25,7.25,13.25,10.0,61.0,False
S001076,phase,full,4,1097264056,56.0,60,4,8,10,15,12,0.0277364739068692,0.0620404263754762,0.2960602504113387,0.0185948365961401,0.1847534172682248,0.1890277237271613,0.1142553479905515,0.0505920675145215,0.0335876372293292,0.0755950789525019,0.0344662478184387,0.0020773029469307,0.6253141728608951,0.447181051502855,1.3130892684337938,1.1919161840615673,0.9129200804627342,1.1196977958214518,0.9197991355771434,0.9124870150367498,14.0,4,0,126.75,169.25,42.5,16.21727474,61.61625547,72.92921555,11.31296008,5.727121208,37.0,12.5,50.25,116.75,47.75,121.5,False
S001077,phase,full,4,1098264059,56.0,60,4,8,10,15,12,0.0194898079777276,0.033548439878506,0.1618273796299264,0.0288603825106963,0.2024414235620852,0.1416023599309415,0.1590554679889256,0.0923119143978487,0.0380681205378909,0.065223610666267,0.0230019105615194,0.0052821266864655,0.5855282401951785,0.4385001859017834,1.049772560868923,1.1466558841588372,1.238810564752053,1.3694325270096857,1.3742348164193623,0.9651893995036258,14.0,4,0,86.75,134.75,48.0,11.97219,36.63492465,71.57364768,34.93872303,6.739792326,30.75,10.25,32.0,32.0,36.5,98.25,False
S001078,phase,full,4,1099264062,56.0,60,4,8,10,15,12,0.0217688654127719,0.0628400337974008,0.1354968542769271,0.0589240642542421,0.1925924653821174,0.2034418361928144,0.0841367689687573,0.1037873147500901,0.0427247414473985,0.024329546959028,0.0240119274554652,0.0023308118074646,0.8582220952203542,0.3435764054060446,1.1810893418697872,1.1689026514131535,1.266578744671974,1.223451230114874,1.1375747862292078,0.9723508409485002,14.0,4,0,84.75,123.0,38.25,17.82086792,38.16534818,60.18875337,22.02340519,5.097525011,25.0,6.0,19.0,27.5,57.75,65.25,False
S001079,phase,full,4,1100264065,56.0,60,4,8,10,15,12,0.0225004375332832,0.0680545604467802,0.1961686233298761,0.0172224783925152,0.1343164133295805,0.2672753344502542,0.1004690506147765,0.0518494260458623,0.0285201725040341,0.0236867612290726,0.0390592412044082,0.0114475790405967,0.7742466445435636,0.1619410105537895,1.2395172705512725,0.9874771848090828,1.239692527672139,1.1140433710315,1.207816623295399,0.7436770022559928,14.0,4,0,47.0,70.0,23.0,13.4412301,18.77156716,30.43094508,11.65937793,1.968722168,40.75,13.25,12.25,31.25,34.5,35.5,False
S001080,phase,full,4,1101264068,56.0,60,4,8,10,15,12,0.0149133970030501,0.0320634871844888,0.1381253981710029,0.0154915718847829,0.1079941477060291,0.2619042386834846,0.0615627091704485,0.1102723092727034,0.0217309276305166,0.0420750132376247,0.0292192231646275,0.0066325748699114,0.5215083930078177,0.239750166585916,1.0079542575131877,1.2105302439500876,1.2483922619678995,1.4445062644051527,0.9322162190670248,0.940765103290482,14.0,4,0,71.0,86.0,15.0,3.16227766,26.21824839,31.19102017,4.972771776,1.471735865,39.5,14.0,11.75,21.25,23.25,62.75,False
S001081,phase,full,4,1102264071,56.0,60,4,8,10,15,12,0.0301035699272826,0.0310072451825551,0.1329252759344072,0.0322735412761777,0.1798551501310477,0.1824267430468655,0.1094684418403006,0.0794674826681296,0.0789112155772763,0.0406874996744613,0.0391502197728233,0.0013736903091839,0.8795124040777886,0.199765985917563,0.9577592267683072,1.1526973887011185,0.9265685328023971,1.0758445711122782,0.9259637883005392,0.9291881356605276,14.0,4,0,63.75,80.5,16.75,11.78629147,39.27886233,43.41540466,4.136542331,6.599988876,21.75,10.75,30.75,26.0,28.75,51.75,False
S001082,phase,full,4,1103264074,56.0,60,4,8,10,15,12,0.017814683085672,0.0590653439662548,0.1454870422898241,0.0495864115251561,0.133119039640972,0.1964178166785599,0.157916026738094,0.0493380322250028,0.0435215022790128,0.0657793104683056,0.0121839985438837,0.0060263347970346,0.7161211622903867,0.3650325614037333,0.9822246967093282,0.9996138918778248,0.9598394208055754,1.2126823291519435,1.2955397456776685,0.9092292279015696,14.0,4,0,44.0,43.0,-1.0,3.366501646,24.993256,30.64984542,5.656589421,2.716277682,37.5,6.25,5.5,16.25,7.0,36.0,False
S001083,phase,full,4,1104264077,56.0,60,4,8,10,15,12,0.0223763889860562,0.0726989038350812,0.2199304769570206,0.0163336783154641,0.1561650636023304,0.2273284665045511,0.1144651585124342,0.0488398639761461,0.02256246820275,0.0203896360547746,0.0151531725850938,0.0015265849176983,0.7650417537389947,0.3794497623716996,1.0239494647829983,1.1677903430679255,1.24581554420607,0.9166536982584782,0.9251806808376938,0.9168701212027954,14.0,4,0,98.25,130.25,32.0,11.40175425,35.11079963,38.73044929,3.619649657,2.391140992,45.0,9.5,19.25,59.25,78.0,52.25,False
S001084,phase,full,4,1105264080,56.0,60,4,8,10,15,12,0.0165379614941013,0.0426468863743365,0.1839561906907388,0.028995531817252,0.1433499963629783,0.213713171019819,0.0677012726980019,0.0860437528974357,0.0774483298585666,0.0700530165620832,0.0125503162036458,0.0011769483266637,0.4593450193982568,0.4077939435715593,1.3106781032549468,1.046198564228977,1.211020037989038,1.1336677489785596,0.9129169241182306,0.7609573786767719,14.0,4,0,87.5,105.75,18.25,6.551081336,33.48766234,38.91161619,5.423953852,2.672223997,32.25,10.5,17.0,24.0,19.75,86.0,False
S001085,phase,full,4,1106264083,56.0,60,4,8,10,15,12,0.0306141332940686,0.0311574147933915,0.2689998341015941,0.05108716566542,0.1475325557346257,0.157625943862642,0.1653543617571475,0.1282386055456106,0.0272038487538296,0.0209982416673818,0.0282503971817397,0.0034373702635986,0.5448944531496727,0.3247676036483607,1.08086590979623,1.0779479906475773,1.0200708811684824,1.0744656904274097,1.3799103834822173,0.933985691899644,14.0,4,0,90.0,106.25,16.25,4.573474245,25.18515786,34.70215368,9.516995826,3.677233282,16.0,12.75,29.75,25.5,55.5,50.75,False
S001086,phase,full,4,1107264086,56.0,60,4,8,10,15,12,0.0175621218780817,0.0397705173922175,0.1737290384773732,0.0258135671232847,0.1745771096087276,0.2029170996000299,0.1541798907841342,0.088732073614233,0.0676554747997359,0.0572305406785352,0.0154412902364785,0.0060106044331549,0.5553377417499763,0.2735354507563711,1.17134248629393,1.1597213360120444,1.2575447316767585,1.4186885074858746,0.9547718430246492,0.8930804642809167,14.0,4,0,71.0,99.25,28.25,15.19594244,27.32603244,38.30680756,10.98077512,4.737054848,32.5,12.0,16.75,22.5,27.5,71.75,False
S001087,phase,full,4,1108264089,56.0,60,4,8,10,15,12,0.0213926390233835,0.064937912512001,0.1616459629585041,0.0567403089594374,0.1378548525789653,0.2865439230457988,0.1553734616912528,0.0786212673175649,0.0681162654861196,0.0518687043704826,0.0205655694577123,0.0012846067580917,0.4038359280092321,0.1768960242675251,1.2910502437099496,1.0483198262661813,1.4206232974468178,1.18036461576975,0.9679840063134856,1.0317937779748931,14.0,4,0,46.75,53.25,6.5,11.61895004,14.83320917,17.59169628,2.758487109,2.754064768,30.0,7.5,8.5,8.5,8.25,45.0,False
S001088,phase,full,4,1109264092,56.0,60,4,8,10,15,12,0.0131454599721296,0.0574567016341875,0.3117426479505575,0.0335157256601798,0.1307995864128266,0.1753488917884635,0.0775531184890071,0.1247505148086858,0.0341090252821738,0.0533302266890755,0.0137200639339352,0.0021403017649011,0.4989344433886142,0.4356692279087443,1.343881007533621,1.0528515437124455,1.3681091552616225,1.0341644076120695,1.056252537421691,0.9256465260385104,14.0,4,0,109.25,164.25,55.0,25.8585898,40.41397714,60.5613974,20.14742026,6.814798889,42.0,8.5,21.5,14.25,50.5,113.75,False
S001089,phase,full,4,1110264095,56.0,60,4,8,10,15,12,0.0123037113144197,0.0654967685663738,0.2923330946793228,0.0336775453656624,0.170381036256869,0.2345522765607908,0.1002610649895051,0.047132712285454,0.0561978203089564,0.0301193055931979,0.0284795872926273,0.001024782410667,0.7097270619307059,0.2389747301830257,0.9853522667578865,1.0128893357019906,1.138037945737685,0.9917424457068068,0.9822491080378596,0.9894757325436896,14.0,4,0,54.25,53.75,-0.5,6.244997998,27.04605109,25.6911265,-1.354924591,3.041680602,50.75,4.75,10.75,22.0,18.0,35.75,False
S001090,phase,full,4,1111264098,56.0,60,4,8,10,15,12,0.0303868916961746,0.0634152778719098,0.1679959055572618,0.0285392414244486,0.1898619524323238,0.2762031274221556,0.0724290472225572,0.0527479927854664,0.0392932130411467,0.0324323472543795,0.0313437127415825,0.0011282198843648,0.7920748482692307,0.1584898857959707,1.2102956585747835,0.995693732153728,1.3901882064239923,0.9238236614462444,1.168334748988882,0.8909981694196258,14.0,4,0,94.25,114.75,20.5,15.19868415,41.46589979,52.9190631,11.4531633,7.259999697,29.5,13.25,17.0,46.25,53.25,61.5,False
S001091,phase,full,4,1112264101,56.0,60,4,8,10,15,12,0.019794488828296,0.0777075103750023,0.2881282204026639,0.0158692318166972,0.1285270089556685,0.1440173505849235,0.0664025979298003,0.062875708065978,0.0638851856497146,0.0691466811995395,0.0184892420136333,0.0104881547247223,0.6460875605623919,0.2989051332336905,1.281222466229589,1.2622947398646729,1.4709791099670524,1.1986477852684294,1.258880687664783,0.8946693254243677,14.0,4,0,95.25,181.5,86.25,26.20909511,40.96028201,98.7735065,57.81322449,15.05657674,39.25,14.5,70.5,72.25,54.5,127.0,False
S001092,phase,full,4,1113264104,56.0,60,4,8,10,15,12,0.0315651023690191,0.0766618134828331,0.2633192046670742,0.0286881323489051,0.1556464989107758,0.2670879052868812,0.1262466453492635,0.1183964552991063,0.0274206395930359,0.0438920493894462,0.0309123381199689,0.0012621447990267,0.4121676063663987,0.1979539116605816,0.9662171951403196,1.0858507357790628,1.0845577972565317,1.051649148890465,1.3527301912834886,0.8721239782529768,14.0,4,0,125.25,143.25,18.0,7.118052168,33.95879959,46.61007382,12.65127423,4.875302485,35.5,10.25,17.75,27.75,52.25,91.0,False
S001093,phase,full,4,1114264107,56.0,60,4,8,10,15,12,0.0298848934759756,0.0562249030993429,0.2988030345171216,0.0160550165428202,0.1493284590896877,0.2986948860457663,0.1479506227063312,0.0668841093906045,0.0811197718303997,0.0380052905607946,0.0235769953540524,0.003500397142371,0.5929090395149188,0.448694244048389,1.0554663861229512,1.1270768665445128,1.1586044102451485,1.1266358921761983,1.0171059331145391,0.8168089383583579,14.0,4,0,87.75,131.5,43.75,15.69235483,32.34883508,47.27298971,14.92415463,4.666535257,34.5,18.0,23.75,48.75,52.5,79.0,False
S001094,phase,full,4,1115264110,56.0,60,4,8,10,15,12,0.015623921829213,0.0787368082533021,0.2454105152126016,0.015908760287032,0.2169436365343266,0.2038901412077608,0.0874617282151201,0.0933027517514232,0.0605921756587707,0.0287399026535784,0.0370299435182428,0.0025757085670635,0.4369385164582207,0.3820344829329287,0.9564666446633198,1.1157037235525973,1.4114856343919409,1.0898419216122257,1.034191586338892,0.7312809571173832,14.0,4,0,119.0,196.0,77.0,11.22497216,27.30446777,43.86759862,16.56313085,5.061669825,47.5,8.75,36.75,47.25,101.5,94.5,False
S001095,phase,full,4,1116264113,56.0,60,4,8,10,15,12,0.0172432126213221,0.0453823697489463,0.2626252289212885,0.0180275112087552,0.1599816395582717,0.2387481044378457,0.1703518087091738,0.0904158478216238,0.0287820552820807,0.0217563470057651,0.0298613419927421,0.0043654757939584,0.6747819191401172,0.1896233344096531,1.2191928045246203,1.2491131545633298,1.3520211152683212,1.1570727885826455,0.8916105148881254,0.8591656943787757,14.0,4,0,72.25,119.5,47.25,8.61684397,23.84507925,33.13225306,9.287173815,4.057074294,41.25,13.0,17.5,40.5,65.75,53.75,False
S001096,phase,full,4,1117264116,56.0,60,4,8,10,15,12,0.0325707905103405,0.0423886833805635,0.1985922349563822,0.039797431293491,0.161381302330648,0.2647240332348246,0.1783878723619352,0.0849214197205267,0.0503526146046714,0.0832071079421997,0.0280357845305423,0.0011554377295065,0.7237935277072803,0.2019679396744452,1.0739839215539146,1.2807859278592622,1.161134301761436,1.0991947925792285,1.1112215106381638,0.9023381296308112,14.0,4,0,87.75,117.75,30.0,25.07322609,53.28461201,74.8546386,21.57002659,14.47236444,22.5,9.25,9.5,25.25,22.25,95.5,False
S001097,phase,full,4,1118264119,56.0,60,4,8,10,15,12,0.0209420974531217,0.0365024538671485,0.2119687733446708,0.0448729685001767,0.1159659341770017,0.1836968266006992,0.1441359824373873,0.0987046092700354,0.0601086728377613,0.0599790475180702,0.0256748782598257,0.0020019525945575,0.3767644702162767,0.1885348399115562,1.1770610689305272,1.0898643168235551,0.9211180128851156,0.925911240467336,0.9729479152634246,0.8079131579964304,14.0,4,0,60.5,79.25,18.75,10.56330125,18.28474389,21.76353932,3.478795437,2.763242542,29.75,11.75,11.25,16.75,20.5,58.75,False
S001098,phase,full,4,1119264122,56.0,60,4,8,10,15,12,0.0173650964273196,0.0491525987430952,0.1486801775492804,0.0585877893353996,0.1442229836674862,0.2224371900087577,0.1403517420861094,0.0610960508016432,0.0218423204521125,0.0247285032045685,0.0277882992801865,0.0024901562880036,0.7795531472144237,0.4309157513720004,1.2509418731065027,1.2721542623064404,1.2842619667583726,1.4152245819045466,1.084242819912998,1.0165354882850968,14.0,4,0,45.5,53.0,7.5,5.259911279,23.74785091,32.91610937,9.168258461,4.755111178,31.75,6.5,7.5,18.5,13.25,39.75,False
S001099,phase,full,4,1120264125,56.0,60,4,8,10,15,12,0.0132582158373101,0.0377600614461883,0.1593308464049916,0.0501956361984708,0.1767865956074172,0.1561509073479174,0.1412843989655057,0.0749582658486368,0.0592970446324691,0.0537753730283638,0.0164733621226182,0.0026427529164165,0.6029286152472102,0.128740296403491,1.199756893516327,1.2329473189358486,1.0620783706223735,1.1128290865508554,1.282993072238763,0.9860297585915164,14.0,4,0,47.75,65.0,17.25,16.58061117,22.42019069,33.12967847,10.70948778,7.885806514,38.25,5.25,17.0,17.0,17.5,47.5,False
S001100,phase,full,4,1121264128,56.0,60,4,8,10,15,12,0.0147998480364666,0.0804591971898533,0.2089707511438425,0.0151192486874815,0.1169301771539345,0.2960022652824499,0.1425559231877412,0.1126162547751445,0.0558102929378416,0.0260848173785824,0.0080721512443954,0.0035136002720135,0.4820595744295043,0.1222429349890447,1.040047355547138,0.9666174670405316,1.1089387559435084,1.0779788415379177,1.0410367693058389,0.8046751689525443,14.0,4,0,71.0,78.25,7.25,6.701989754,18.68713755,21.58146032,2.894322773,1.097833343,47.0,9.5,3.0,10.5,34.75,43.5,False
S001101,phase,full,4,1122264131,56.0,60,4,8,10,15,12,0.019911289926756,0.0559101381865927,0.1724629172392917,0.0246497609575542,0.1014198854755766,0.2658128343597057,0.1514876080388849,0.0739145158727808,0.030351682973043,0.0249512313503062,0.0178338082470505,0.0056420270372333,0.8098681631872733,0.3481806328986228,1.0816168956761671,1.0268301605332697,0.9359073613721276,1.1355464553495829,1.0520872753441926,0.8521367303846662,14.0,4,0,52.75,60.25,7.5,9.609023537,24.24980661,26.97999774,2.73019113,5.432377719,40.0,11.25,5.5,14.5,28.25,32.0,False
S001102,phase,full,4,1123264134,56.0,60,4,8,10,15,12,0.0277753660050743,0.0706994775656954,0.3177780543314524,0.0498876975341717,0.1149181851627827,0.285605895554481,0.1463916530534041,0.0538192298824238,0.0456313759207271,0.0456855285222355,0.0248339440325504,0.0026374091066673,0.4260560308044073,0.3751695461465655,1.00466284383312,1.1094209342486554,1.4228052507711515,1.080026493818094,0.8592351445798878,0.777348613972207,14.0,4,0,70.0,98.0,28.0,10.1324561,22.64381816,26.3569914,3.713173236,3.037491711,31.0,7.75,7.25,27.25,28.0,70.0,False
S001103,phase,full,4,1124264137,56.0,60,4,8,10,15,12,0.0133041059552587,0.0659031060932206,0.2749368470887331,0.0271771987325291,0.2053446543475281,0.254464173648539,0.1548354956500049,0.0543083097503282,0.0680545532735613,0.0582024160088729,0.0218546839520869,0.0056254638690273,0.5118550764164642,0.3938009397087983,0.968059931828809,1.0277352422096844,1.1985478371048353,0.9059723337136536,1.1418081763279038,0.7779990898858445,14.0,4,0,61.0,72.0,11.0,6.164414003,22.31477948,27.3821861,5.067406614,3.446904102,47.25,6.5,9.5,18.5,21.25,50.75,False
S001104,phase,full,4,1125264140,56.0,60,4,8,10,15,12,0.0270981236856376,0.0516225979750188,0.1672312517230869,0.0517678724187514,0.1474646932610176,0.1759301519170957,0.1084682667491249,0.1189555405680762,0.0258946436864175,0.0366742835092665,0.0234940472372827,0.0112204274985167,0.8322113367578075,0.2475950323363876,0.9726830032630704,1.016566327476058,1.4129967999847208,0.9110715550357268,1.3773462577066873,0.8156520913631305,14.0,4,0,68.25,80.0,11.75,14.54590435,33.89560369,46.39103784,12.49543416,11.76843202,26.75,9.25,11.5,16.25,36.5,43.5,False
S001105,phase,full,4,1126264143,56.0,60,4,8,10,15,12,0.0309070775971978,0.0371024854063603,0.1634541807345227,0.0156737204552472,0.1956842534716439,0.2506416666287689,0.1473760567553002,0.0469980372666404,0.0350686283832159,0.048618976562057,0.0197856538100423,0.0018925309122085,0.726896566860024,0.2578350308748274,1.0129330422689784,1.2956003957620696,0.925963117900209,1.15954701370934,0.8596957236442014,0.7374404419930722,14.0,4,0,93.75,138.25,44.5,20.10804151,48.95622373,57.69472383,8.738500102,13.09303656,29.5,16.75,20.75,84.25,52.0,86.25,False
S001106,phase,full,4,1127264146,56.0,60,4,8,10,15,12,0.0227010427636072,0.0790545771434519,0.3031031282672871,0.026986393620072,0.1433327226698993,0.2916979210064107,0.1244929129260898,0.1023847738259862,0.042225270119148,0.0653965987865002,0.0390376321661362,0.0075941961250129,0.8807464128072245,0.1646282570547236,1.0374455708635066,0.9719554523551888,1.3998427368915642,0.9139969416243152,1.0600461847463094,1.0410775104106655,14.0,4,0,79.5,76.25,-3.25,19.60229578,50.7085893,50.42211646,-0.2864728421,7.012935693,37.5,9.75,13.75,17.5,21.25,55.0,False
S001107,phase,full,4,1128264149,56.0,60,4,8,10,15,12,0.0223089981498586,0.0346487438572346,0.2560261766547789,0.0156016689169845,0.1710867782280983,0.2967847541175699,0.0611460854786189,0.0517654588755911,0.0543843447217,0.0649297044352133,0.0135999694762317,0.0050946073690819,0.5272865633015665,0.2284677197225702,1.3310452194829203,1.292511441610108,1.2951879262342196,1.1053205935560215,1.0245915363228264,0.8900778037057469,14.0,4,0,110.75,217.0,106.25,10.30776406,41.8987297,79.91257291,38.01384321,5.605999609,30.75,16.75,41.25,116.75,70.25,146.75,False
S001108,phase,full,4,1129264152,56.0,60,4,8,10,15,12,0.0146999432397505,0.0561388332144146,0.215898569323633,0.0248373005348295,0.2003624860239653,0.2939329306979333,0.0680340833493464,0.1003768102615108,0.0328336239454792,0.0745648665449529,0.0111586061594993,0.0024028378918809,0.5252489807662688,0.3294416835279938,1.1274666476356583,1.006186609539369,0.9573488067820134,1.2478403380378014,1.2468947691619137,0.9168853666626268,14.0,4,0,121.75,137.25,15.5,13.52774926,47.47936727,64.70078724,17.22141997,8.42587416,40.75,10.5,15.5,31.0,31.0,106.25,False
S001109,phase,full,4,1130264155,56.0,60,4,8,10,15,12,0.0323346453254516,0.0630606336147554,0.2058340625046701,0.0307657355497727,0.2057837842365903,0.1921625669342711,0.1476859544738831,0.0564109052727648,0.02775834103014,0.0345053541262797,0.0420564693650958,0.0057224198452367,0.442564977106389,0.1252697741282939,1.1285299073499035,0.9760529713265684,0.9095222686870456,1.156355245246789,1.0539792154017662,0.9870265968306824,14.0,4,0,74.5,71.75,-2.75,6.701989754,19.2616353,19.98379917,0.722163875,1.274374158,28.25,12.75,17.25,41.75,28.5,43.25,False
S001110,phase,full,4,1131264158,56.0,60,4,8,10,15,12,0.0238908282217799,0.034908947496508,0.1576610054484818,0.038578725089381,0.1044759623028952,0.1743848183985097,0.1184850699341464,0.1172628514229396,0.0219535845760753,0.0589501388033958,0.0097329486834618,0.0109932598912912,0.8976756406026575,0.1614927483232006,1.1738962319237067,1.222589876399808,0.9165081786447176,1.260419839770556,1.0986426903239044,0.8759710761156023,14.0,4,0,71.25,109.0,37.75,16.27626083,43.29293811,70.99931375,27.70637564,13.46403233,23.25,12.5,14.25,23.25,34.75,74.25,False
S001111,phase,full,4,1132264161,56.0,60,4,8,10,15,12,0.0121886559308676,0.03274054183901,0.2160609161867645,0.0207127218198676,0.1446701814619772,0.1604812759235448,0.0889919225371642,0.0995639580153692,0.0327414011062629,0.0274308491009062,0.0121400956325244,0.0100657247019048,0.6246274874760731,0.3416168328298727,1.2588355933557829,1.0155037813862735,0.929302880788238,1.382025225093943,1.302120162041235,0.995001753311994,14.0,4,0,94.25,110.5,16.25,9.844626284,30.62753514,48.4948215,17.86728637,3.516207331,42.75,12.75,20.25,29.5,48.25,62.25,False
S001112,phase,full,4,1133264164,56.0,60,4,8,10,15,12,0.0131971120303421,0.0308920776252572,0.3019961939603661,0.0161505469561508,0.1712026251934706,0.1934214439021787,0.0673611497656828,0.0897291824000918,0.0441739480245038,0.052988966716514,0.014984395275828,0.0031091617122961,0.4072803583607224,0.241202591131987,0.9784004686018156,1.218430039181566,1.0371965116942443,0.8791270549411717,0.9178535138048788,1.0008609517235874,14.0,4,0,183.0,231.0,48.0,43.24349662,47.78369497,47.31376593,-0.4699290448,9.329891152,44.25,9.0,79.0,94.25,105.5,125.5,True
S001113,phase,full,4,1134264167,56.0,60,4,8,10,15,12,0.0123462888546569,0.0624913056608632,0.1278100262541939,0.0204118633988506,0.1775953672889421,0.239703684472216,0.06910676458262,0.0712820214061066,0.0245079717656836,0.0817331433320639,0.0105448032957508,0.0021275553408957,0.711331778663026,0.4092525988908027,1.1585990728554538,1.2790680459755777,1.1941971500216928,1.0883868057375616,1.257943839177596,0.9099996863314896,14.0,4,0,79.25,117.0,37.75,6.184658438,47.08495252,74.32284154,27.23788901,5.444829544,47.0,6.75,16.0,30.5,27.25,89.75,False
S001114,phase,full,4,1135264170,56.0,60,4,8,10,15,12,0.0145835654620279,0.0441196939146103,0.1794733537160518,0.016656326456043,0.1226141663800312,0.2764682454651642,0.0945657082893751,0.0567440085406842,0.0683947898763698,0.0374691870271896,0.0214500358426185,0.0035818122007636,0.799559558555596,0.3863735762075921,1.1690782185786668,1.2375259153230749,1.060926379442752,1.305753234458992,0.8847716355814811,0.8136867522953779,14.0,4,0,60.5,76.75,16.25,4.991659711,30.77994697,35.75058565,4.970638677,2.633133092,38.75,11.5,17.25,36.5,26.25,50.5,False
S001115,phase,full,4,1136264173,56.0,60,4,8,10,15,12,0.0155948983796967,0.0653589478644006,0.1383721421321251,0.0432031439516375,0.1435474896837365,0.1480546782305035,0.1511000095701463,0.0596776687203993,0.0210379109688637,0.0289540595461362,0.04282205370305,0.003193324118815,0.5905732955055265,0.3567399454392732,1.0861826797341712,1.0870499338274324,0.9859951409658008,0.9075979194110676,1.3137358550793852,0.7514085056287264,14.0,4,0,39.0,44.5,5.5,5.0,16.88719007,20.57326985,3.686079779,1.276675274,38.25,6.5,7.75,13.0,12.25,32.25,False
S001116,phase,full,4,1137264176,56.0,60,4,8,10,15,12,0.0257827037462324,0.0604757624929352,0.2692344993575539,0.0385014308952736,0.1571386992728709,0.2042409212944168,0.0969891515352785,0.0524094163034755,0.0692398293073347,0.0310350557886904,0.0188033116739842,0.0071866603361726,0.6488351748456946,0.3528554426147695,1.1600779005912487,1.0527026495146177,1.018058858919451,1.3675191208770068,1.2936722739135509,0.948394292386943,14.0,4,0,70.0,83.25,13.25,6.5,27.29404681,39.60915031,12.3151035,3.147920346,31.25,10.25,26.5,39.75,32.5,50.75,False
S001117,phase,full,4,1138264179,56.0,60,4,8,10,15,12,0.029547202387905,0.0786462813763925,0.1638692275415862,0.0176145321570449,0.1203355433712976,0.1470773706327245,0.0990622882259991,0.0623397511563925,0.0538285988514043,0.0298408389766432,0.0116471791705069,0.0064372102194223,0.6220850738623332,0.3887203221886059,1.1201867830970045,1.0248717773801972,0.9708882884444098,1.2977122955127685,0.958799693441222,0.7376236048356046,14.0,4,0,70.75,79.0,8.25,15.7770931,24.57880414,28.19609638,3.617292234,3.64148101,39.0,10.25,17.0,27.75,33.0,46.0,False
S001118,phase,full,4,1139264182,56.0,60,4,8,10,15,12,0.0173258137358415,0.0599629323025174,0.2325340970493043,0.0179945296471362,0.1360494198501034,0.2403251783782131,0.0690166991387175,0.0768098421043642,0.0773840802475287,0.024866813772917,0.014592465927384,0.004886574717371,0.5167343707189014,0.2428606265759873,1.0360718447144093,0.9554220672259374,1.2260067450814651,1.1072357073928976,1.0981431885024706,0.8886099360885649,14.0,4,0,63.75,71.75,8.0,6.164414003,18.46032287,21.67705482,3.21673195,1.859118489,44.25,11.25,17.0,16.0,33.5,38.25,False
S001119,phase,full,4,1140264185,56.0,60,4,8,10,15,12,0.024600007531007,0.0408766055363242,0.2931683872239621,0.0311430840550041,0.1260336376762637,0.2040979344322373,0.0872408810208563,0.0683344766192248,0.0840071454752975,0.0306254215481124,0.0158810043991961,0.0022856559326376,0.5736130216936567,0.1582991923426336,1.0312002027278102,1.2689766092132864,0.9120150282908156,0.8675487337928492,0.8835072591114015,0.9355633468024006,14.0,4,0,86.75,110.75,24.0,13.21615173,28.48188742,28.53781996,0.05593254161,1.468143115,29.25,15.5,39.25,57.75,56.75,54.0,False
S001120,phase,full,4,1141264188,56.0,60,4,8,10,15,12,0.014126854523351,0.0614824167071854,0.2425584914356655,0.0335918927059616,0.1111335420690841,0.1896639825789577,0.0976610689118226,0.0530179925699286,0.0382947560776079,0.0325616509685607,0.0227818280945641,0.0023086683598426,0.8262340358451299,0.1530176688294778,1.0664157529552114,1.1467460633272983,1.0222268507790968,1.2808460693040746,1.2891655017005883,0.8461138256621578,14.0,4,0,57.75,73.25,15.5,8.812869378,32.87721295,50.57413933,17.69692638,2.317148001,45.0,5.75,12.75,28.25,21.25,52.0,False
S001121,phase,full,4,1142264191,56.0,60,4,8,10,15,12,0.0255422141869522,0.0418695283372851,0.1562320448445407,0.0369352926968834,0.1279907722310883,0.1761405565748491,0.105772869975248,0.0520062011217296,0.071423751855201,0.0666807869217679,0.0238735187189173,0.0059704260772706,0.7788316764748424,0.2672515192763257,1.1251207472841755,1.1390024470102675,1.3079580002214473,1.4012611835843287,1.1951936959177332,0.7671456926588777,14.0,4,0,57.75,80.0,22.25,8.61684397,31.71693261,53.22059984,21.50366723,4.962282757,24.5,12.5,18.25,29.25,19.25,60.75,False
S001122,phase,full,4,1143264194,56.0,60,4,8,10,15,12,0.0122861646060473,0.0772698533020453,0.1824919763580778,0.052865837167883,0.1997108960439117,0.281080793553097,0.0677697412741298,0.0528366777173097,0.0321694045046499,0.0713226160846262,0.0095570677740085,0.0014138451917935,0.6228555564326097,0.2994069579882225,0.9798811561964826,1.0817852600580034,1.2444258700998665,0.8964484861022048,1.3031985691679393,0.8206725811344999,14.0,4,0,67.25,87.5,20.25,5.560275773,34.8681593,51.17387291,16.30571362,3.030176957,47.75,4.75,6.5,27.75,17.75,69.75,False
S001123,phase,full,4,1144264197,56.0,60,4,8,10,15,12,0.0239452425038771,0.0753888162547952,0.2530624326819973,0.0193911237578938,0.105147969858295,0.2684217855743265,0.0602282404607429,0.11129448243741,0.0276602290000888,0.0459113089328594,0.0401048576389344,0.0028526641767379,0.4254038840088565,0.2010995330901548,0.960880258599,1.112673814186918,1.2157285962273705,1.4251553931411498,1.301335819374753,1.0284354245588287,14.0,4,0,104.0,123.5,19.5,16.50252506,28.65722203,46.77708614,18.1198641,6.066671134,41.25,10.75,15.0,29.75,33.25,90.25,False
S001124,phase,full,4,1145264200,56.0,60,4,8,10,15,12,0.0147702913971152,0.0424263533490652,0.1578786736661068,0.016023406828116,0.1153695313589479,0.1860642464090948,0.1029985993100835,0.1101866981143651,0.0408475298457667,0.0535022575148456,0.0265300914141088,0.0032973066659511,0.637054385936918,0.3451879130003036,1.140949202336719,1.250191803077954,1.263813314085979,1.2361223871191265,1.2797640465026474,0.8451220785083529,14.0,4,0,67.25,108.5,41.25,8.421203398,32.75831039,61.01134866,28.25303827,7.92375411,40.75,14.0,21.25,18.5,28.75,79.75,False
S001125,phase,full,4,1146264203,56.0,60,4,8,10,15,12,0.0232993877887845,0.0585108158367558,0.1248226795433177,0.019088214478668,0.1292625186161128,0.2562235625052717,0.1137819202025409,0.0953134851218907,0.0647736657062428,0.0659901605911443,0.011626556398645,0.003743421906152,0.3823475148886056,0.3686083349050497,1.1008849473395483,1.1429409213133923,1.4160879911729578,1.3305067136027189,1.001057809441484,0.7396879066312404,14.0,4,0,71.75,102.0,30.25,28.39454173,21.44643932,31.50243404,10.05599472,5.611183194,40.25,11.5,13.5,17.5,20.25,81.75,False
S001126,phase,full,4,1147264206,56.0,60,4,8,10,15,12,0.0152550874532273,0.0304334560476324,0.141511241700137,0.0168269872626867,0.1663481592117419,0.1946079537234767,0.1141540302850947,0.0766830988596921,0.0410190468202383,0.0825626597524282,0.0300888147849927,0.0029455943934901,0.564677201596961,0.272039886777537,1.1975014715153045,1.12685882777077,1.096442320519483,0.932566585313332,0.9092646803562252,0.7625623289029689,14.0,4,0,74.0,98.75,24.75,7.804912983,34.05237266,39.94455523,5.892182571,3.974081114,39.0,13.0,24.0,33.75,24.5,74.25,False
S001127,phase,full,4,1148264209,56.0,60,4,8,10,15,12,0.0156839494132692,0.0624340476855617,0.1669673287788036,0.0450138061802636,0.198398369479087,0.2801271499205498,0.0977705638316811,0.0463218447998785,0.074649342928105,0.0275328137154733,0.0243683064544855,0.0021714599844453,0.6036589576676158,0.4340608109541845,1.1369716621100527,1.178550649726637,1.189979770607203,1.026233049259008,1.3822368867381154,0.9211464560848784,14.0,4,0,47.0,64.0,17.0,9.309493363,20.94719306,29.20347867,8.256285606,1.634175935,41.5,6.75,9.5,23.5,24.25,39.75,False
S001128,phase,full,4,1149264212,56.0,60,4,8,10,15,12,0.022915377053096,0.0406872423368874,0.1400812672901484,0.0170601228583825,0.1529825774146069,0.2106806622544009,0.0642678911040051,0.0452570127898963,0.0268648776256138,0.0542455756409865,0.0118435497436291,0.0055840264393061,0.845011852241333,0.2622703187353845,1.3040595421781307,1.2608846324106893,0.983450585620834,0.8889250407390756,1.2274548598973514,0.8856695468321446,14.0,4,0,98.0,147.5,49.5,22.92742172,52.1415694,86.0692027,33.92763329,9.205091841,32.5,16.25,37.0,103.75,59.75,87.75,False
S001129,phase,full,4,1150264215,56.0,60,4,8,10,15,12,0.0194492106482767,0.072596104991932,0.2837522997909233,0.0181252306963556,0.1617082215673878,0.2610751691236518,0.1043867871897307,0.0553758257019778,0.0371532126543958,0.0707977307998211,0.0437915545566007,0.0019630805444325,0.4973867098025103,0.4337578774666082,1.193046524067916,1.107968649750343,1.3422262669990803,1.1725869691047135,1.3495258841021638,0.8053690136125605,14.0,4,0,65.0,104.25,39.25,16.15291511,27.40814976,52.49205644,25.08390667,3.2000273,44.75,7.75,13.25,34.5,19.5,84.75,False
S001130,phase,full,4,1151264218,56.0,60,4,8,10,15,12,0.0171270630270924,0.0328928989119724,0.2358970714706292,0.0281066858412584,0.1709571898508256,0.1784038527568592,0.1666916391521028,0.1193339647106743,0.0406727792085137,0.0255298751057056,0.0268418198699711,0.0041486825760519,0.3881818610487162,0.2811703318040159,1.126415103848364,1.191288927448055,1.0145894168431733,1.0969496284021665,1.0307752540770037,0.8211115080440085,14.0,4,0,73.5,93.5,20.0,18.4571576,14.60665391,18.52703636,3.920382451,3.71562017,34.75,12.75,26.25,28.0,47.5,46.0,False
S001131,phase,full,4,1152264221,56.0,60,4,8,10,15,12,0.0289685023548533,0.0441627809147096,0.2004782442088621,0.0335442812215452,0.1545647458571362,0.174682403610628,0.0684184636391935,0.0472874062554506,0.0548712348406031,0.0647806802122144,0.0131592680525791,0.0011074954976588,0.3691560270248097,0.2418662142296008,1.2372126845012483,0.9626850297636182,1.4987481362000423,0.9852347992414352,1.1762049158317207,1.0344580028854569,14.0,4,0,108.25,137.0,28.75,9.251126058,29.50579658,39.7524171,10.24662051,1.287382131,22.0,13.25,31.0,45.25,41.25,95.75,False
S001132,phase,full,4,1153264224,56.0,60,4,8,10,15,12,0.0200324830089369,0.0399157390929413,0.2596526673447769,0.0167824696598896,0.2069726769033907,0.2062091221271484,0.0660166863385598,0.0890532952047361,0.0657414272662949,0.0396619050658369,0.0229098726730271,0.0097440958694007,0.4784679261099466,0.3158079507738336,1.2826112882880731,1.28381996069031,1.1207296893875758,1.1616252236653446,1.0323110421082986,0.8095345326634508,14.0,4,0,179.75,432.5,252.75,75.17257922,44.95902701,101.2235223,56.26449526,21.88776835,32.0,18.75,192.25,229.5,228.25,204.25,False
S001133,phase,full,4,1154264227,56.0,60,4,8,10,15,12,0.034509139350196,0.0551688179445082,0.1560026723906116,0.0211580318278495,0.1893541676924389,0.1445212482986924,0.0784876713764922,0.0614285150728549,0.0257050447657911,0.0653607878496822,0.0101708089049291,0.0010022947463233,0.5667595747397638,0.1899809731457112,1.3476121341136575,0.9710496517439112,1.3850197253716192,0.9819534002525926,1.2554418714601632,1.0322398529976866,14.0,4,0,165.25,184.75,19.5,10.84742673,67.9523508,88.94491463,20.99256383,2.389412038,24.5,16.75,65.75,69.5,55.0,129.75,False
S001134,phase,full,4,1155264230,56.0,60,4,8,10,15,12,0.0202930209347525,0.038564077974083,0.1401506083553517,0.0231415789779067,0.1304639765742517,0.1667057706924202,0.1594970354008569,0.1072740330116968,0.0793935591732189,0.0687265745466129,0.0317451816192821,0.0040649282559834,0.7193052364854795,0.1748697627362229,0.9568633550567645,1.132528312081744,1.0408824739043938,1.2397715435233272,1.2617904461157838,0.9734920797543736,14.0,4,0,50.5,58.5,8.0,8.246211251,30.48682327,39.30565229,8.818829021,4.249096976,35.0,12.5,7.25,11.5,10.75,47.75,False
S001135,phase,full,4,1156264233,56.0,60,4,8,10,15,12,0.0262920968683134,0.0323587586694697,0.2173922422219271,0.0575833710162469,0.1307077919200783,0.2504539724956765,0.1140037354031613,0.0724518920241792,0.0646629099746694,0.0201140163417127,0.0371130335212487,0.0089263651613932,0.7280107357542933,0.3470731911496659,1.1064086409645344,1.125729584774431,1.3074634640928755,1.4360522904437527,1.3304892061103857,1.0002309582946944,14.0,4,0,52.5,55.75,3.25,6.946221995,17.42624874,26.53863924,9.112390505,4.472446624,19.0,7.25,8.75,16.0,25.0,30.75,False
S001136,phase,full,4,1157264236,56.0,60,4,8,10,15,12,0.0150344489937095,0.0490183783302018,0.2529119388088541,0.0257924183516052,0.2165831428822428,0.1798851204915712,0.077142619079582,0.0998371791175311,0.0764884037917331,0.0251397960995978,0.0085464383801302,0.0011042711424638,0.4839425377255226,0.404977072253035,1.1049577916181408,1.0156491050804752,1.0059179112722527,1.443755161638809,0.8601333111448631,0.870030649413712,14.0,4,0,170.75,215.0,44.25,33.05929017,37.14383227,45.16298395,8.019151682,6.700467022,39.5,9.25,85.5,74.0,109.0,106.0,False
S001137,phase,full,4,1158264239,56.0,60,4,8,10,15,12,0.0300749988132262,0.0453674637190637,0.2446826922745979,0.0302892726102244,0.1783396732838034,0.1917271399353772,0.0909395714497272,0.059003745600535,0.0541065470559224,0.0454659895899575,0.0133890956085412,0.0072928314228785,0.83815014472986,0.2406997157607583,0.9636927517173924,1.2028024117241018,0.9606258633026276,0.8859127486994545,1.341852832577684,0.8033417312837705,14.0,4,0,114.75,177.5,62.75,29.39812919,56.34052582,96.60257391,40.2620481,26.37710142,29.0,10.5,44.25,90.5,84.5,93.0,False
S001138,phase,full,4,1159264242,56.0,60,4,8,10,15,12,0.0139645109238482,0.0335330092793708,0.1461991608623321,0.0315544383026748,0.1980125405656123,0.2253581425262509,0.0888744389341645,0.1282762674850306,0.0396180140691819,0.0246303923656583,0.0245411088396558,0.0017015437174737,0.8630756620077669,0.380974188906773,0.9686001574240228,1.2549134684494827,1.3946213501329388,1.2948232904843122,1.160382541409059,0.7770425115355748,14.0,4,0,85.25,150.5,65.25,38.26551973,41.55888742,75.32494532,33.76605791,12.01838381,40.25,9.25,23.5,26.0,72.0,78.5,False
S001139,phase,full,4,1160264245,56.0,60,4,8,10,15,12,0.0254380560887689,0.063831193002256,0.1539346076409196,0.0381238176978577,0.1106618671412486,0.1526247653537394,0.0994492019205359,0.0477014536627998,0.0350450372420935,0.0293016855798518,0.0108363020640823,0.0014132846331507,0.5382231748890779,0.1831789367028144,1.156694854962821,0.9675205180984824,1.3725148639477296,0.926742378856612,0.9279492336888784,0.966429161806254,14.0,4,0,64.25,63.75,-0.5,6.350852961,22.15876486,20.64067603,-1.518088829,2.857696263,30.0,11.25,13.0,19.25,24.25,39.5,False
S001140,phase,full,4,1161264248,56.0,60,4,8,10,15,12,0.0191028784328674,0.0566707768816943,0.2331916053343103,0.0328775922558808,0.1177552829414878,0.2439554620473412,0.0824171343746705,0.0568953886796525,0.0450539964891575,0.0229235051425272,0.0207119003224649,0.0065983259279068,0.5685149057177916,0.1540531405651698,1.2870817582383651,1.032689275969776,1.3328823069064757,1.2137615805587598,1.1887645427201092,0.9154756925186012,14.0,4,0,54.5,75.75,21.25,6.130524719,16.13705327,25.3222709,9.185217631,1.762419487,31.5,11.5,15.5,30.5,36.0,39.75,False
S001141,phase,full,4,1162264251,56.0,60,4,8,10,15,12,0.0179425990853823,0.0763530626190571,0.1380860247906526,0.024943759045226,0.1821267739936476,0.190934372429406,0.1145020572350643,0.0758592324351472,0.0269607239929756,0.0580237700338365,0.0081275786996455,0.0055392273557079,0.7022393413244055,0.3082395451834856,0.9986643500093536,1.1983317704500835,1.165943534889014,0.8692323839420707,0.9203505662295598,0.9248674628115652,14.0,4,0,60.25,75.75,15.5,1.732050808,32.87629677,36.48906123,3.61276446,1.798519003,46.25,7.75,17.5,19.25,21.75,54.0,False
S001142,phase,full,4,1163264254,56.0,60,4,8,10,15,12,0.014264869467129,0.0795105686098791,0.1897611433465385,0.0338455848321462,0.1363084820871973,0.152947204800415,0.1513325243645026,0.1025955971871896,0.0319501155531241,0.0445490219080031,0.020576290787145,0.0026292051269602,0.8866194937336626,0.2763858669065396,1.1823488199846572,1.1970492002799975,1.029567251459561,1.0679614118650576,0.9545123522757052,0.9438313865659776,14.0,4,0,57.5,68.0,10.5,12.5565388,38.30389221,43.62319586,5.319303651,6.210117267,44.5,6.0,12.25,13.5,18.25,49.75,False
S001143,phase,full,4,1164264257,56.0,60,4,8,10,15,12,0.016339538478049,0.056324653736715,0.2592057748530075,0.0282713231739597,0.1580903662621422,0.1755934904483906,0.0669733282863339,0.1243765168328181,0.0576900592129711,0.0515905765446252,0.0126745275886883,0.0071789573456968,0.6928252072293181,0.2651655864345528,1.267862912044288,1.0224806015530772,1.1024399730250645,0.994854011182091,1.0805548903320492,0.9759124973190728,14.0,4,0,149.0,169.5,20.5,27.19681354,64.57315095,76.35952586,11.78637491,13.16759182,35.5,11.0,38.25,34.25,65.0,104.5,False
S001144,phase,full,4,1165264260,56.0,60,4,8,10,15,12,0.0281210306210586,0.0472077202976895,0.1868911429090392,0.0434951087570934,0.1622777165818048,0.156993173077935,0.1215591080530231,0.0981857756682901,0.0604234065150159,0.0419142859811847,0.0144999458914807,0.0111646882126804,0.7124615949211306,0.3463882263144388,1.1542253858443146,1.2453288102844835,1.120688287553835,0.953687493546888,1.0758585794700923,0.9773668624328584,14.0,4,0,69.5,112.25,42.75,6.34428877,33.98072528,43.54905067,9.568325385,2.166940595,26.25,10.5,38.75,26.25,52.25,60.0,False
S001145,phase,full,4,1166264263,56.0,60,4,8,10,15,12,0.0154379836422406,0.0548219900040543,0.3060621710631634,0.0251163229392212,0.1427027712821696,0.2254885065812636,0.0990054731385194,0.0660872277191707,0.0254978795175548,0.0413895718726165,0.0081941965215901,0.0047478555644996,0.7559665036088492,0.2660803898288598,1.281702914582053,1.201926801085227,1.2407958242571049,0.905840915080738,1.1104394469706405,1.0163336067750413,14.0,4,0,111.25,165.5,54.25,25.46075411,50.97293791,72.67322311,21.7002852,9.512025809,38.0,12.75,27.25,59.75,77.75,87.75,False
S001146,phase,full,4,1167264266,56.0,60,4,8,10,15,12,0.0175996145599595,0.0648418037874464,0.2280890909382978,0.0244605460736233,0.1172484991378374,0.1501539618123872,0.1449703264212634,0.0980034613570531,0.0804732571376133,0.0540500309078257,0.01017760932229,0.0075503755797278,0.8835874193423198,0.1855260087715371,1.217589860728585,1.2275684113076455,1.345073569386794,0.9637749833260684,1.256695713171798,0.9807508151806306,14.0,4,0,51.5,72.75,21.25,6.946221995,34.08434673,53.24158134,19.15723461,4.231596572,39.0,12.5,25.75,16.75,21.5,51.25,False
S001147,phase,full,4,1168264269,56.0,60,4,8,10,15,12,0.0203980468947024,0.0553669538241197,0.1560810767853137,0.0219994899641174,0.1283473047305829,0.2965388314680304,0.0941149530491016,0.1171187967589529,0.0575806348027417,0.0612562809455503,0.01203543556315,0.0037631997790575,0.6835850674202819,0.2189216168755791,1.0525470286791951,1.1629944188952333,1.3211879411242782,0.9269128828053748,0.9892638096418636,1.0403457761050408,14.0,4,0,85.75,96.25,10.5,8.544003745,43.12440299,46.89374134,3.769338347,4.357546466,38.75,10.5,6.5,9.0,27.0,69.25,False
S001148,phase,full,4,1169264272,56.0,60,4,8,10,15,12,0.0212837050692724,0.0317910742236247,0.2056002181607776,0.0341743227563592,0.1734991925925015,0.2859183788588302,0.0858205559392121,0.122980201954249,0.0305564217060345,0.0795193142857694,0.0162767413111005,0.0066440794955055,0.4336383140253754,0.2227664561802274,1.1734893968056752,1.2560595854794707,1.1767299506313609,1.114938411271964,0.9467330237639472,0.9685015925496924,14.0,4,0,125.0,187.25,62.25,30.75033875,42.18109892,59.12285232,16.9417534,9.874284749,26.75,12.25,21.75,32.25,44.75,142.5,False
S001149,phase,full,4,1170264275,56.0,60,4,8,10,15,12,0.0161109220140085,0.0826216243474052,0.1914041296545723,0.019316129885609,0.1441133273041042,0.2121385637316588,0.0942952415473375,0.1187325026742794,0.0432970021169547,0.0683503604753313,0.0184656736593805,0.0019505926811146,0.8238149939210557,0.19831817655569,1.121678255306708,1.18448346130029,0.9485183913869571,1.019182833219445,1.374899563912837,0.7249173482100475,14.0,4,0,80.25,98.5,18.25,4.193248542,54.44257147,79.18503498,24.74246351,3.524914058,48.0,7.75,14.0,18.25,21.5,77.0,False
S001150,phase,full,4,1171264278,56.0,60,4,8,10,15,12,0.0299978353114818,0.033846354484323,0.193685268533436,0.051171335012727,0.1366340756059411,0.2798033463560575,0.1592360329450734,0.1248431371257609,0.0261535906183097,0.0422255329993748,0.0216186788119676,0.0071432071375992,0.8586548257155039,0.1091108899287719,1.0093414961602971,1.10109308140153,1.1069361829603497,1.2625903620403345,1.3724719460116328,0.9014310637776276,14.0,4,0,79.25,89.25,10.0,5.887840578,43.91284639,67.47971708,23.56687068,8.449083795,20.0,10.0,7.5,13.25,26.75,62.5,False
S001151,phase,full,4,1172264281,56.0,60,4,8,10,15,12,0.0216578167452848,0.0738562852314881,0.2706390382240486,0.0180842346517865,0.1173844191168111,0.2082277725124326,0.0645250008227026,0.0867057794868404,0.0353660196275138,0.0717846540912571,0.0241190456864045,0.0043340037251948,0.6686106959874409,0.2562252080918219,1.0368385766278758,1.0997115894198326,0.905735702759411,1.0178740147126093,0.9719162322573296,0.8681665601537834,14.0,4,0,100.25,100.75,0.5,10.66145706,47.43945828,48.41893686,0.979478582,5.515171755,41.5,11.25,23.25,39.5,25.75,75.0,False
S001152,phase,full,4,1173264284,56.0,60,4,8,10,15,12,0.0210001197647904,0.0517399258593422,0.2734265087942307,0.0304234816227547,0.1539121317751599,0.1410123746343104,0.1359400089095462,0.0817601134112662,0.0484088844893253,0.0811121062620533,0.0146524292950781,0.0091939717508848,0.5343301430638391,0.4254715941892245,0.9649333875251268,1.081553631466733,1.30083867074195,1.260079290979564,0.9000157014111904,0.838520769417365,14.0,4,0,85.0,102.25,17.25,17.7270979,33.78889038,38.951493,5.162602618,3.080118689,38.0,10.5,31.75,27.75,23.0,79.25,False
S001153,phase,full,4,1174264287,56.0,60,4,8,10,15,12,0.0133635904468319,0.0634760317615165,0.2919816722022006,0.0261536036561236,0.1613132274396238,0.2013854856976026,0.1026791576145452,0.0748840823918468,0.0372502457214145,0.0361419444182627,0.0382507085932125,0.0026808869999682,0.4088677322761748,0.4032480273370702,1.0508465291134936,1.2747650761693998,1.2657989332005677,0.958668651754026,0.9486736451429842,0.8022234278110402,14.0,4,0,65.75,110.5,44.75,23.41473895,18.06464714,25.64263068,7.577983542,4.523638348,46.0,6.5,22.0,36.0,42.5,68.0,False
S001154,phase,full,4,1175264290,56.0,60,4,8,10,15,12,0.0142834195421147,0.0552458338082464,0.189953956322545,0.0210998889810677,0.187146411434158,0.2188566258741676,0.1068137227352586,0.1066517114742213,0.0718597964427188,0.0467845009916568,0.0403339053628284,0.0033449255480516,0.539596988405292,0.1225983615752758,1.105002515910348,1.181851237520427,1.3754065619820477,1.259071893340535,1.383505961943304,0.830873423186363,14.0,4,0,61.25,93.0,31.75,9.639329161,25.53251807,46.57754364,21.04502557,3.77918146,44.25,9.5,15.5,16.0,24.5,68.5,False
S001155,phase,full,4,1176264293,56.0,60,4,8,10,15,12,0.0181503622717396,0.0305384517039065,0.1848140623911854,0.0534588719774074,0.1980867706046147,0.145680817305839,0.1470911962355941,0.0740467933158759,0.0610749029153717,0.0806891919616374,0.0114257827532107,0.0100718265556307,0.8147400157491276,0.2966665139156315,1.090477880060028,1.2494591222479372,1.3518504214765832,1.37067651612389,1.3579302867371583,0.9011684408507408,14.0,4,0,66.0,90.75,24.75,21.31314149,46.72999367,73.6107256,26.88073192,14.71508266,32.0,7.0,33.25,26.25,20.0,70.75,False
S001156,phase,full,4,1177264296,56.0,60,4,8,10,15,12,0.0331333026334271,0.0611309451268226,0.1224455499630638,0.0302755043752506,0.217461922347219,0.1765466199399908,0.1072506682457189,0.0516877787755893,0.0234506245699987,0.0327656342197117,0.0141768348879282,0.0116556852848606,0.8256772464671716,0.1479090599086301,1.0857976937079357,1.11474550319819,1.28950637808872,1.314099943367304,1.0088736417573088,1.008395820595855,14.0,4,0,66.0,109.75,43.75,8.539125638,29.67527635,48.47640052,18.80112418,6.908803723,27.0,11.75,44.75,68.5,52.0,57.75,False
S001157,phase,full,4,1178264299,56.0,60,4,8,10,15,12,0.0305027679373571,0.067603728749864,0.2145299667417969,0.0186811622606635,0.1888754722192001,0.2030623259295447,0.0900533164862856,0.1087552409781652,0.0254313408859365,0.036413082587148,0.0175919920410947,0.0038096460165183,0.6361723680260485,0.2950667678227885,1.06765652052196,1.2419897947663137,1.2555398137493765,1.150284243237579,1.1854602417677969,0.9065191420979328,14.0,4,0,134.0,224.5,90.5,33.04037934,46.40657175,90.08622989,43.67965814,17.30435808,34.5,13.5,48.75,55.0,101.25,123.25,False
S001158,phase,full,4,1179264302,56.0,60,4,8,10,15,12,0.0219687085135885,0.0779048574686601,0.1758724974000832,0.0179046724688516,0.1024518933397098,0.1553491887700605,0.0746137046428739,0.0494958295759582,0.0630500563920975,0.0280268279355348,0.0109842859057303,0.00615145584781,0.4409917134546202,0.1267652712865737,0.96002540434595,1.1864191114296343,1.1456864439656225,1.4193259932601496,0.9357580174717426,0.8663860100065813,14.0,4,0,53.0,72.25,19.25,10.59481005,14.54142145,19.24629825,4.704876798,2.630528024,45.5,12.75,25.0,26.5,26.5,45.75,False
S001159,phase,full,4,1180264305,56.0,60,4,8,10,15,12,0.023982087388362,0.0374373779800075,0.1858825803761793,0.0154326885609113,0.1129980709103991,0.2913544241040937,0.0665587182812055,0.0657508996006799,0.0504911761298648,0.0436825394830857,0.0213453065745423,0.0049290142342417,0.6247676491251918,0.2180816371421753,0.9642918357840649,1.0758881071694903,1.385508949811575,1.40897838535662,1.0817846233925248,0.9478806948147463,14.0,4,0,93.75,111.75,18.0,10.36018018,38.2223061,50.73436722,12.51206112,7.494979899,33.75,18.75,15.75,32.25,35.5,76.25,False
S001160,phase,full,4,1181264308,56.0,60,4,8,10,15,12,0.015855348699309,0.0449302544700607,0.1637076496475288,0.0233560830686622,0.1176246555273228,0.1978614041252283,0.0711932627494451,0.0772115857833134,0.0211118654402367,0.0557233861716884,0.0208674264877326,0.0049546257810861,0.4764408458366019,0.3369471771514016,1.0425293355115866,1.280277471631338,0.9894879097876472,1.0234768904023028,1.1280466633397817,0.9133888649459848,14.0,4,0,76.5,101.0,24.5,14.20093894,25.48450436,33.56526188,8.080757514,3.984332709,38.5,12.5,23.0,40.5,38.0,63.0,False
S001161,phase,full,4,1182264311,56.0,60,4,8,10,15,12,0.0340273598565902,0.042337676230499,0.2146779653614555,0.0206328815942524,0.1491999566818661,0.2920877451476815,0.1559539729752073,0.0656921025451511,0.0699095373867699,0.051650370781859,0.024317558073595,0.0013521557460606,0.4536155715141838,0.2026894854943922,0.9780778475602284,1.141337591137092,0.9641521663598508,1.4330142027008062,0.9706023591395432,0.8718353849375973,14.0,4,0,89.0,103.75,14.75,13.22560648,29.79647058,36.26576976,6.469299177,3.613977494,27.0,15.0,13.75,33.0,21.5,82.25,False
S001162,phase,full,4,1183264314,56.0,60,4,8,10,15,12,0.022027814593066,0.076830538478649,0.2655949924768458,0.0167403672035491,0.2010995578035192,0.2603124705869735,0.0750887449941735,0.0450122178911016,0.0272755100289087,0.0596903745406747,0.0366705890174608,0.0062806594826825,0.6873579375998204,0.426850305996467,1.126161222289234,0.963248832876172,1.456776382862359,1.2025791214044386,1.0891299106053316,0.7340026069505284,14.0,4,0,91.75,132.0,40.25,21.88416475,43.70037982,65.41854121,21.71816139,10.56891929,44.0,12.0,25.25,69.75,45.0,87.0,False
S001163,phase,full,4,1184264317,56.0,60,4,8,10,15,12,0.0182733596461026,0.0693976091381297,0.2416646644951803,0.0256510172937914,0.1050676905844361,0.1407537260854593,0.067625540696583,0.0634591857971608,0.0294951366881474,0.0427023512604783,0.0359050810109136,0.0016821019380987,0.5698532857178904,0.1282787234830472,0.983732566775023,1.1446578634312032,0.9387717720657748,0.9106495720797132,0.9988022019538112,0.9426243611494554,14.0,4,0,80.0,86.0,6.0,8.485281374,30.67287206,30.91692011,0.2440480478,4.340028416,39.5,12.5,31.75,43.25,31.75,54.25,False
S001164,phase,full,4,1185264320,56.0,60,4,8,10,15,12,0.0214703248310623,0.0524004213159801,0.1495118187660103,0.0160159068626493,0.1221150868416392,0.1684116930473149,0.1680158949806312,0.107036614140983,0.0212825926692136,0.0339180999273261,0.0104745077669615,0.0088226616291647,0.6854363737486768,0.312947913497596,1.0356127978352456,1.206365269008676,1.2755056271235854,0.9001896688493487,1.0150625453960525,0.7307351673036044,14.0,4,0,73.0,93.75,20.75,11.5,30.16352394,36.90125323,6.737729291,3.198164266,40.5,12.0,10.5,10.75,40.75,53.0,False
S001165,phase,full,4,1186264323,56.0,60,4,8,10,15,12,0.0148863661964784,0.0713731038412243,0.2006903144477377,0.0371234093687862,0.1406995335138976,0.2154061923383828,0.1091205330745765,0.0612499363461954,0.0312403609472129,0.0298736358274923,0.0097130943218614,0.0046470830072637,0.8134234406598515,0.4447754151949196,1.2884087689417292,1.0071141170908422,0.9255923155958604,1.293641996209857,1.1585665520107196,0.8956154631766623,14.0,4,0,57.5,67.0,9.5,5.686240703,31.22151201,40.40490894,9.183396928,2.679979705,41.5,7.0,10.75,23.5,21.25,45.75,False
S001166,phase,full,4,1187264326,56.0,60,4,8,10,15,12,0.0157115609322753,0.0774182465112085,0.2093432190432238,0.0468598991009166,0.1148719802810206,0.2571440887566589,0.0614465414895005,0.1253632579680929,0.0443810783054195,0.0383673650051117,0.0444171676812174,0.0012318634592451,0.5731030984267147,0.1848982308352256,1.317063556662173,1.0472196941956862,0.9171994673496742,0.9242855766009506,1.1550301782693189,0.7518694720447371,14.0,4,0,56.5,68.5,12.0,5.477225575,23.71090361,30.19272082,6.481817207,2.551833692,37.5,5.5,5.25,10.5,20.0,48.5,False
S001167,phase,full,4,1188264329,56.0,60,4,8,10,15,12,0.0178009707065501,0.035429168166714,0.1906613143395408,0.0237870277999898,0.1105884702877958,0.2570528652549254,0.1491196234111583,0.0578989501038639,0.0799846196726801,0.0711870776370698,0.0434673938161725,0.0073354115997185,0.4602379986616886,0.2632261899883431,1.2473188424064805,1.1407317594544613,0.93031442340141,1.3740425625393218,0.911541251752644,0.9094758464562996,14.0,4,0,38.25,46.25,8.0,8.831760866,14.28787116,15.86137639,1.573505228,3.40152232,33.25,10.5,12.5,18.5,9.75,36.5,False
S001168,phase,full,4,1189264332,56.0,60,4,8,10,15,12,0.0188166128725479,0.0317074315337294,0.124470942511588,0.022797745584078,0.2194350869490244,0.2649256768637754,0.1368356525197378,0.076596768048056,0.023394178368662,0.0686630272770695,0.0223267519747362,0.0025429798310402,0.5407848431178971,0.3002045370112286,1.0486804496700903,0.9624643163000932,1.1519339205634074,0.8636331814141387,1.1331610734132824,0.9980578202188746,14.0,4,0,75.75,86.25,10.5,18.43004793,30.16458605,35.3420005,5.177414453,9.60912555,36.25,14.0,14.0,26.25,24.25,62.0,False
S001169,phase,full,4,1190264335,56.0,60,4,8,10,15,12,0.0192835118666853,0.0390711584937952,0.2928838047067174,0.0491988680138569,0.1302935437752486,0.1783623501109787,0.1120933259406307,0.0563641079041501,0.0481943491072523,0.0320116771868084,0.0159930134075994,0.0099294486884717,0.6722323283221603,0.4119335886338743,1.1961881631159623,1.1718967284029769,0.9467950245071218,1.0945129184149087,1.053135674105775,1.0041077480604677,14.0,4,0,66.25,91.5,25.25,16.54035469,22.41539736,34.26643532,11.85103796,7.963567807,27.5,7.75,20.75,41.25,42.5,49.0,False
S001170,phase,full,4,1191264338,56.0,60,4,8,10,15,12,0.0294586923178122,0.0424124958930821,0.2025616520115857,0.0437545183067519,0.1117324490133027,0.1439368607418118,0.1014200636374389,0.1059278141979821,0.0329661212045779,0.0566956786460831,0.0353040048626083,0.0013836718506377,0.4830391475883218,0.124105491425937,1.2866491261737965,0.9982321133212894,1.382774592433453,1.4073326701982647,0.886252582193883,0.9831951989762356,14.0,4,0,95.75,109.75,14.0,11.60459679,32.74134667,36.1432486,3.40190193,0.9708209912,21.25,10.25,16.75,16.75,28.0,81.75,False
S001171,phase,full,4,1192264341,56.0,60,4,8,10,15,12,0.0127379679815453,0.0391719900954866,0.3107346642127787,0.0154002206745629,0.1585408753221729,0.2419145049105865,0.1527649685159709,0.0544130846946718,0.0753598958219286,0.0637380213475853,0.012356002431672,0.0018242386508528,0.5525337363073494,0.2086710419255388,1.2438609840802863,1.1775793933330323,1.3122801667159951,1.4160774412848227,1.2346772435547162,0.7736256415053453,14.0,4,0,85.25,134.5,49.25,10.17758976,35.63892886,65.33823151,29.69930265,2.315334917,40.5,15.25,26.75,53.75,34.25,100.25,False
S001172,phase,full,4,1193264344,56.0,60,4,8,10,15,12,0.0137992114300062,0.0396339172575506,0.1725264048327798,0.035940777678372,0.1730219695378531,0.154994959554576,0.1404886949736264,0.0467746725110961,0.041163973954081,0.0839343935523238,0.0270643991760178,0.0012955823561179,0.3667562529878068,0.2944913475521972,1.132559440892161,0.9970136788072622,1.2340237960080722,1.344396688175599,1.2133857133183998,0.8285259138576108,14.0,4,0,58.5,66.75,8.25,9.287087811,17.98973439,23.6887714,5.699037012,4.340251778,38.25,11.25,12.25,23.0,9.5,57.25,False
S001173,phase,full,4,1194264347,56.0,60,4,8,10,15,12,0.0176990846117299,0.0818762710439791,0.1702904346092097,0.0331082718650875,0.1900404833383532,0.2164003860707759,0.1157936157755776,0.0697719801819104,0.020571611887237,0.0375331720545389,0.0131499010637022,0.0012454328623024,0.5637261910779037,0.3711763511655827,1.162463931652997,1.1040452874168434,1.086752875704935,1.1836071948971494,1.0096780228393871,1.0485207496435018,14.0,4,0,70.5,82.25,11.75,4.924428901,27.10870239,32.71435794,5.605655546,1.277648892,42.75,7.75,10.25,20.0,24.5,57.75,False
S001174,phase,full,4,1195264350,56.0,60,4,8,10,15,12,0.0260044518846632,0.0540385236480218,0.2253799654014749,0.0319630010335933,0.1054893310401768,0.2747163872349989,0.0786372893444429,0.1043345536504732,0.0358431293932849,0.0388398705953209,0.0290526939017915,0.0026632661996672,0.7533691872410819,0.1399041999703707,1.2323620405422024,1.0565920860835016,0.9131770593933246,0.8549067994723288,0.9378356324950132,0.8126002195431287,14.0,4,0,87.5,101.75,14.25,5.315072906,40.54582308,43.56145909,3.015636017,3.598550981,29.75,14.0,15.75,25.5,40.75,61.0,False
S001175,phase,full,4,1196264353,56.0,60,4,8,10,15,12,0.016515855366693,0.0358659793587333,0.2910155219587416,0.0169932205587926,0.1362870032442034,0.2982391534188245,0.1176263993453231,0.0461097476623572,0.0212045380255637,0.0348327302629375,0.0369972283349535,0.0011652556110977,0.7433425562096347,0.4245234403513026,1.2549139446714386,1.2969213190789723,1.020958182123477,1.3769994290523486,1.249906418955001,0.792486002216274,14.0,4,0,88.25,148.0,59.75,2.872281323,40.12652648,74.78700649,34.66048001,5.073949781,37.75,10.25,20.5,89.75,60.5,87.5,False
S001176,phase,full,4,1197264356,56.0,60,4,8,10,15,12,0.0332809759783348,0.0551472997374055,0.1804226893802323,0.0156804220972742,0.1030961736080171,0.1537142647891557,0.1073978173952441,0.0490390379837389,0.0355341588256772,0.0338685221475705,0.0116954772390889,0.0017165759661223,0.597052519574079,0.1369558471258355,1.3122117683329315,1.297598465281091,1.1639094277220223,1.1077116251714187,0.94783130279591,0.7987244910873206,14.0,4,0,81.5,139.25,57.75,33.65882747,29.58594627,45.09142374,15.50547747,11.66622174,26.25,19.0,45.75,68.0,59.5,79.75,False
S001177,phase,full,4,1198264359,56.0,60,4,8,10,15,12,0.0241650888649323,0.033776873411468,0.2116153233686604,0.0358709211268053,0.150801298704818,0.1741485700102386,0.0697273511584148,0.082066003751739,0.0270277518305171,0.0407344071485665,0.0123791778377326,0.0031318060125938,0.7685034661814771,0.3804244785981928,0.9595945362862908,1.0089309875429184,0.9585285269681156,1.2793438936488786,0.9480388322888168,0.9139315547335246,14.0,4,0,164.5,167.5,3.0,12.11060142,64.61390458,70.19513551,5.581230931,7.437291434,29.25,13.0,28.0,61.25,71.25,96.25,False
S001178,phase,full,4,1199264362,56.0,60,4,8,10,15,12,0.0294236339769607,0.0568662202672214,0.2738940994875298,0.0197669811038717,0.1828661017023724,0.2742761173388456,0.0609736957558392,0.0977839784813857,0.0461000081976449,0.0477781693722941,0.0223899031112036,0.0100081541077287,0.6173306154847132,0.3346759708873503,1.0963996193356311,1.0207959614376598,1.1887417824175128,1.3293841695324986,1.0063310013201163,0.9846648549152032,14.0,4,0,166.5,202.25,35.75,19.80530232,58.4153997,82.15359565,23.73819594,7.336284464,34.5,15.75,35.75,58.0,71.5,130.75,False
S001179,phase,full,4,1200264365,56.0,60,4,8,10,15,12,0.0253121956269735,0.0391280900520528,0.2525416410491883,0.0513905547076349,0.1472082063350526,0.2449702693912674,0.0773188397858886,0.0650836193157473,0.0275689979228947,0.0351934312862135,0.0193060380662908,0.0011351299671184,0.862096784931345,0.2943323877167684,1.3364259291633256,1.0963444148434565,1.1482514557565004,1.0154759266589994,1.0269362206049248,0.9235914809952288,14.0,4,0,117.75,142.5,24.75,15.69235483,57.94853305,71.72766649,13.77913343,4.481873349,21.75,8.5,12.25,45.25,58.75,83.75,False
S001180,phase,full,4,1201264368,56.0,60,4,8,10,15,12,0.0137778889614301,0.0585986361530736,0.1441009041017108,0.0267055874774956,0.1309769347780215,0.2094868142852832,0.1680319757816754,0.1123139654301943,0.0219715305436903,0.0233798781981356,0.0110558524218102,0.0070100160347619,0.6262849470738978,0.3056128335102279,1.035218440504342,1.1141264751521864,0.9754345735136298,1.141382576632787,0.9963014444547076,0.7999622878749233,14.0,4,0,57.5,66.0,8.5,7.549834435,20.8974333,23.58880314,2.691369843,4.307727328,43.5,7.0,4.0,10.25,29.0,37.0,False
S001181,phase,full,4,1202264371,56.0,60,4,8,10,15,12,0.0226937129152285,0.069308134487423,0.3106534512266789,0.0289830347775045,0.1398226931120751,0.1433596201963649,0.0622124713648795,0.1025025587072732,0.0415454826164084,0.0483817845313275,0.0105684872651971,0.0029316871393872,0.4930284755229706,0.160855714655658,1.1729413940925275,1.0900847189696596,1.0988096434766237,1.031657859070373,1.2325948211006748,0.9184956241862324,14.0,4,0,187.5,244.5,57.0,15.57776193,55.47625139,84.27573972,28.79948834,9.876928243,31.5,12.0,74.25,59.0,101.25,143.25,False
S001182,phase,full,4,1203264374,56.0,60,4,8,10,15,12,0.0328447685667811,0.0805981101886987,0.1467995007145321,0.0242581856838851,0.1732457117802883,0.1782408725934736,0.1483292551744359,0.0623801119974129,0.0281305664239625,0.0360638303164566,0.0132330564918629,0.0032753592892148,0.5849722466011034,0.1073161463790018,1.278328513352376,1.0291620162159398,0.9043329364116162,1.084630606742441,1.221827175192027,0.9667411095213256,14.0,4,0,79.75,80.5,0.75,16.74066904,30.07179456,34.44235624,4.370561682,5.098476883,29.5,14.5,18.25,33.0,29.0,51.5,False
S001183,phase,full,4,1204264377,56.0,60,4,8,10,15,12,0.0338919300904954,0.0765508785841918,0.2911424971989388,0.015871470348719,0.1449561784171028,0.2097529293022558,0.0703407325999294,0.1152437742886553,0.0321178882665648,0.0271762140186292,0.0336983182966204,0.0020947066371112,0.8404074036322763,0.3120019082001935,1.2001557130111935,1.179122040824908,1.0101813688861287,1.0533514509169022,1.2571294318956938,0.9370536922720548,14.0,4,0,151.5,228.25,76.75,17.36615482,67.71540499,112.1559023,44.4404973,5.22244317,31.0,18.5,57.0,66.0,119.25,109.0,False
S001184,phase,full,4,1205264380,56.0,60,4,8,10,15,12,0.0225156829738874,0.0417034031671701,0.1510132175350762,0.0574175585692945,0.1436146844245746,0.2564386277559692,0.1097247407830899,0.0799914064271441,0.0492544563980373,0.0397603920349457,0.0185503216144432,0.0067244650447503,0.6414324116490262,0.4040486370577233,1.0604465523747637,1.066059414210097,1.4659492665284832,1.1135370423980064,1.3674923185125851,0.7764060725426296,14.0,4,0,52.0,69.75,17.75,19.9394918,22.87092692,33.81642381,10.94549689,8.324052496,28.0,6.5,5.25,7.5,25.5,44.25,False
S001185,phase,full,4,1206264383,56.0,60,4,8,10,15,12,0.0186799899834274,0.0358591161061386,0.1207604939034621,0.0203798869280835,0.1812024355449086,0.1980456781318016,0.1442297245470016,0.0976909765987325,0.0280408622914326,0.0435562196121193,0.0439792302772719,0.0010826058233303,0.4249577179649854,0.3805990095022067,0.9895735636377804,1.0984936248420387,1.1236555999203932,0.907294623754998,0.8926543155065009,0.9241140869111852,14.0,4,0,71.75,77.5,5.75,4.193248542,20.39579635,20.26560663,-0.1301897212,0.7053021495,37.0,11.25,15.25,17.5,26.75,50.75,True
S001186,phase,full,4,1207264386,56.0,60,4,8,10,15,12,0.0284412876634941,0.0428258428956058,0.2255575939832153,0.0216514556219118,0.1122237475387127,0.1412927687136906,0.0965946211897871,0.0677614238473406,0.0284122320134496,0.0373494670000774,0.0084168722764329,0.0026013478271714,0.7351974501371202,0.2173228479882187,1.157541015808939,1.172900052935523,1.2765885046833676,1.4366550272401997,1.2442693342289788,0.9336583856839648,14.0,4,0,114.75,147.0,32.25,10.90489187,48.75827433,80.79437506,32.03610073,12.20019336,31.25,14.0,40.5,57.25,54.0,93.0,False
S001187,phase,full,4,1208264389,56.0,60,4,8,10,15,12,0.0227407741421211,0.0764039346114058,0.1595736139640213,0.0184482762533508,0.138753449656102,0.1465579504777508,0.1461039053506993,0.0937090970080032,0.033925331196434,0.0316133325422812,0.0226590618195679,0.0048402739112903,0.7357742828618332,0.3756380139561901,1.2380548189285507,1.266645734035902,1.3548180714971134,1.4311371001412492,0.9028871545666356,0.9594553443465096,14.0,4,0,62.75,95.25,32.5,12.4498996,28.97492017,41.68008737,12.70516719,1.259844957,36.5,14.25,20.75,19.5,33.75,61.5,False
S001188,phase,full,4,1209264392,56.0,60,4,8,10,15,12,0.0186772740551563,0.0544789746904116,0.1637110952999766,0.0520596522186511,0.1488370904560493,0.2471600260086658,0.1360438282163918,0.0548031465850595,0.0221785631825739,0.0347317539741949,0.0114434528637464,0.0012875529259302,0.7772615130987834,0.1757751404305432,1.3179066530965944,1.2133932577984037,1.110595768060903,1.361151275510054,1.338101395306637,1.0297221458686725,14.0,4,0,60.5,81.0,20.5,13.96424004,31.2707762,54.56667508,23.29589887,10.70449992,31.75,6.75,10.5,25.5,23.5,57.5,False
S001189,phase,full,4,1210264395,56.0,60,4,8,10,15,12,0.0319817093731131,0.0443077198028999,0.1358395655375473,0.0411488510262623,0.1968828631432986,0.1947429941191534,0.0710827349519587,0.0549437869888844,0.0381003274845333,0.0749500191822296,0.039658274154336,0.0108205170664791,0.5505441032540507,0.3529534972578458,1.0452400324907123,1.2137811638164029,1.4715603530368335,1.0187738492766625,1.1726770276004517,0.8634582143046408,14.0,4,0,80.25,144.75,64.5,33.66996683,30.5554865,62.11733638,31.56184988,13.39296054,28.25,9.25,37.5,75.75,46.5,98.25,False
S001190,phase,full,4,1211264398,56.0,60,4,8,10,15,12,0.0329776076275103,0.07419538860931,0.2474816863171809,0.0173329973744776,0.1631664213912792,0.1840640624886711,0.0885106012981467,0.0615293666060836,0.0502552356401084,0.0541659026990625,0.0115771873247192,0.0039562825078142,0.6649770971851632,0.1915361930441365,1.0427264338761697,1.1344441039271824,1.1960758372027134,0.8532904950729512,0.8512067919790385,0.8418508638706383,14.0,4,0,128.25,171.0,42.75,21.54646143,60.42388199,59.10232156,-1.32156043,5.120282462,36.75,13.5,47.75,61.25,71.0,100.0,True
S001191,phase,full,4,1212264401,56.0,60,4,8,10,15,12,0.0129065315609374,0.06944981867141,0.2383509953768328,0.0163869601099981,0.2049362112006465,0.1948782968715215,0.0758054146767377,0.0573179073389976,0.0736858334159188,0.0521611550522552,0.0197418064002278,0.0030798009959089,0.4361317237015086,0.2538303984379109,1.263733965696079,1.1470570149533317,1.3797369144340468,1.2786428933781304,1.1136626497323274,1.02548499128973,14.0,4,0,96.0,141.5,45.5,21.9317122,29.08239569,43.95083109,14.8684354,7.415455542,47.5,9.0,50.0,69.25,48.5,93.0,False
S001192,phase,full,4,1213264404,56.0,60,4,8,10,15,12,0.0149691614709797,0.0815441811459487,0.2651793754513528,0.0477425697827166,0.1191386130365146,0.1771030762739791,0.1110668888065005,0.0659275065238787,0.05504632478366,0.0528414544182645,0.0316501130133827,0.0022144119606699,0.729880432597418,0.289489527062993,1.2459137679467591,1.2364569209595937,1.41953421118271,1.4400096054179037,0.9935450635477928,0.8359950553563453,14.0,4,0,49.5,83.25,33.75,10.9658561,29.00159726,48.14166784,19.14007059,6.873444109,42.5,6.25,16.0,16.25,17.25,66.0,False
S001193,phase,full,4,1214264407,56.0,60,4,8,10,15,12,0.0329909248120229,0.0511059190973306,0.1551703177382323,0.0293255852119683,0.1334072078586173,0.1829436069794218,0.0860468048919509,0.0743537279166566,0.0454785560257804,0.0421587330757032,0.016293208672204,0.003617052084239,0.4615982568216187,0.1857825790974432,0.977535572660317,1.086719385322391,1.398927320775362,0.906677821758007,1.0789242223101678,0.7466473387552957,14.0,4,0,83.25,106.75,23.5,11.38712724,25.51385022,31.39611055,5.882260329,3.084239942,28.0,14.0,18.0,22.0,42.5,64.25,False
S001194,phase,full,4,1215264410,56.0,60,4,8,10,15,12,0.0303263357286906,0.0681238686831561,0.1789870052280781,0.0462305504902694,0.1341882471017451,0.2267689017818842,0.1325884455878351,0.1089392834667856,0.045517738302029,0.0227088994817794,0.018625831734509,0.0119735680006374,0.4707922773202047,0.2463475571691137,1.1428330102759303,1.2898485133169544,1.2933502502667558,1.092697860240596,0.9079618254107676,1.0108923160192549,14.0,4,0,56.0,87.0,31.0,6.055300708,14.3414992,18.66791283,4.326413628,2.060308605,28.75,10.75,13.25,14.5,44.5,42.5,False
S001195,phase,full,4,1216264413,56.0,60,4,8,10,15,12,0.0221446637850763,0.0383837345189044,0.2825363614363572,0.0180049196876186,0.1881720788043045,0.1474201916431538,0.0740743759919713,0.0715076036037141,0.0471036615165634,0.029672880886419,0.0350823090800446,0.0063890366136311,0.51464500243961,0.4065917726398332,0.9778989222998168,0.9792872191512592,1.133239951620584,1.1555438624144423,1.0313144058989447,0.7228584529597064,14.0,4,0,180.25,211.5,31.25,12.09338662,42.36010274,55.12898016,12.76887741,4.237386765,35.0,15.5,108.5,112.5,107.0,104.5,False
S001196,phase,full,4,1217264416,56.0,60,4,8,10,15,12,0.0163083785520855,0.0413139326101702,0.160646384119075,0.056415372054353,0.1836209545130631,0.1488948573783984,0.1565945095539858,0.0504738458000927,0.031202512168305,0.0276576980097868,0.0270421627876404,0.00471809541855,0.5637957078933453,0.1586702367493062,1.2875450268602058,1.2005527990861011,1.2068585386039914,1.1187561678271656,1.0661768501189837,1.044653396043819,14.0,4,0,47.5,62.25,14.75,8.180260795,16.69357633,23.03987368,6.346297346,1.863368096,30.5,5.75,16.0,27.25,23.25,39.0,False
S001197,phase,full,4,1218264419,56.0,60,4,8,10,15,12,0.0263204122109307,0.0765951159979795,0.2471493540729316,0.0229687383311765,0.1571951497344725,0.1818631182501803,0.1211788084922082,0.0669551470140255,0.0352064130873626,0.0387162512057188,0.0168824204413476,0.0093239652033541,0.7211951362756004,0.2492334246013736,1.2319856960748246,1.2026253649369083,1.062744402465085,0.9484357237872224,1.1149524714033794,0.9120245490083068,14.0,4,0,103.5,156.0,52.5,31.26766168,42.32886802,63.07569068,20.74682266,9.191774375,36.0,12.0,30.0,71.75,75.75,80.25,False
S001198,phase,full,4,1219264422,56.0,60,4,8,10,15,12,0.0136926476756494,0.0730712122131952,0.1622542413647228,0.0420475120528957,0.1102977655972224,0.2000675692379367,0.0962402047777339,0.0907956395036936,0.0320996602337176,0.0371337417049842,0.0121052207808189,0.0079561294474753,0.8246575284575087,0.3236958155026607,0.9815297542880784,1.0066105654790036,0.9916538859209884,1.3947663824159704,1.0050094154952396,0.9869293604588408,14.0,4,0,46.0,54.0,8.0,9.865765725,24.45564218,29.66431179,5.208669608,3.937072365,43.25,6.75,7.5,10.5,17.25,36.75,False
S001199,phase,full,4,1220264425,56.0,60,4,8,10,15,12,0.0290136350737793,0.0747973954273721,0.1739370146527637,0.0178956091726579,0.1480504547595313,0.2058732782688644,0.0742462925838649,0.1295746269629959,0.0583050777785633,0.023895208430635,0.0395280548485643,0.0010658629031952,0.73077680044462,0.3657892368793527,0.976612343843053,1.142540188648154,1.2809808074019418,1.323604270580765,1.02228781236191,1.0494529465030955,14.0,4,0,85.75,106.0,20.25,10.78192933,34.67650206,42.86314846,8.186646397,7.240436337,38.75,13.25,23.5,19.5,46.5,59.5,False
S001200,phase,full,4,1221264428,56.0,60,4,8,10,15,12,0.0150470951763485,0.0350113208553076,0.1290494347130898,0.018950122544578,0.1351955427692058,0.1525233634078232,0.1350445637865375,0.1235794154572625,0.0740934084292781,0.0457762773754992,0.0080779185102387,0.0024737195235546,0.8445363842198875,0.2031145809466468,1.307199208376118,1.2102628573015035,1.0633332182154849,1.2062813745020806,0.9871868873695168,0.8402762276201517,14.0,4,0,68.25,84.75,16.5,4.795831523,41.9417041,51.81494447,9.873240368,5.850896427,41.0,14.25,16.75,11.25,22.25,62.5,False
S001201,phase,full,4,1222264431,56.0,60,4,8,10,15,12,0.0339696978993981,0.0364136500112306,0.2787624408747532,0.0369954982728194,0.1137719690975409,0.28529510917938,0.0808516701745143,0.113205149943123,0.025984225968297,0.0200936955909664,0.0150544657980519,0.0027431017345022,0.8554908535834945,0.1549788267904044,1.1055897828648311,1.0059632813492512,1.1655409608768132,1.3987745845473376,1.030372287704268,0.9252113888599006,14.0,4,0,175.25,189.5,14.25,16.37833935,61.52693225,79.47210111,17.94516887,1.02931359,24.0,12.5,18.25,32.5,99.5,90.0,False
S001202,phase,full,4,1223264434,56.0,60,4,8,10,15,12,0.0197146467103028,0.0764472391908783,0.2032267210173884,0.0593878318358706,0.1745691425057698,0.2031056926619964,0.1054457594014426,0.0646392636886223,0.0842730622054558,0.0412572775943113,0.0153336949442768,0.0055134676187918,0.37580544358369,0.2291000850480332,1.225664943975837,1.2352325386677294,1.2700159565279905,0.96662682697953,0.9788822310493476,0.745333596302386,14.0,4,0,57.75,91.0,33.25,14.12739655,14.71184213,21.28121544,6.569373311,4.358508453,31.75,7.0,20.5,15.75,34.25,56.75,False
S001203,phase,full,4,1224264437,56.0,60,4,8,10,15,12,0.0222512101304346,0.0772319923686442,0.1600141922298611,0.0252298170339459,0.1892540444769924,0.144945156828415,0.111654013303218,0.0566543426541862,0.0378904085321496,0.0324786790872015,0.0148224777905825,0.0010161682733421,0.7257501945332092,0.291269437590788,0.9659949456049988,1.134176180955992,1.093060427889628,1.4180558827118328,1.3628328655072817,0.8132792794766327,14.0,4,0,84.0,103.75,19.75,4.573474245,38.82281649,62.45859242,23.63577593,6.071240376,39.0,9.75,29.5,35.5,35.75,68.0,False
S001204,phase,full,4,1225264440,56.0,60,4,8,10,15,12,0.017229527173676,0.080468209705566,0.2174891377924845,0.0524930749550193,0.2181819895280695,0.2123518718870553,0.0637480154259692,0.1111521856846952,0.0500152841261192,0.0592026134106119,0.008666086833756,0.005610317732884,0.8058075629181018,0.4464182894195133,1.1577747000588638,1.0176154763072254,0.9137268718958492,1.1994213080411211,1.0713425286827003,0.7946238306053128,14.0,4,0,125.75,138.0,12.25,13.45052663,70.18440348,82.89812173,12.71371825,8.541881487,36.75,7.75,27.75,43.0,40.75,97.25,False
S001205,phase,full,4,1226264443,56.0,60,4,8,10,15,12,0.0124366554279724,0.0666330959208664,0.2581383830981656,0.0261379133887577,0.1437351443468702,0.2122466744748896,0.1563897990044278,0.1115529661469807,0.0640263654766567,0.0266825135910907,0.0102878436242263,0.0072617636928087,0.6031547859264916,0.1049658610665753,1.2612663720753468,1.19490112097012,0.9781616761373252,1.1452376109386193,0.9495275541072492,0.7748779643941996,14.0,4,0,56.0,75.5,19.5,9.574271078,20.76401188,26.00291993,5.238908052,3.541313611,47.75,7.25,11.0,14.0,31.0,44.5,False
S001206,phase,full,4,1227264446,56.0,60,4,8,10,15,12,0.0140028328479768,0.0493783619858039,0.1402316981323345,0.0298594183508423,0.1054262335134571,0.2730090787730898,0.0886133539969399,0.0944405410071694,0.0381727600983954,0.0840792887276016,0.0287164803480061,0.0011139548300694,0.5653537489747951,0.3355213336357352,1.125749349175709,1.0907371737753984,1.4077358584564414,0.8711637849714815,1.1321453639557837,0.9152361224948848,14.0,4,0,53.75,71.5,17.75,14.26826315,25.99376545,34.59466488,8.600899437,6.046122979,41.75,9.5,6.0,14.25,12.5,59.0,False
S001207,phase,full,4,1228264449,56.0,60,4,8,10,15,12,0.0237692664224637,0.064472324344977,0.279392343119083,0.0408577504096556,0.156558632023438,0.209914217294082,0.0836951321403837,0.0693555905596319,0.0545847208541726,0.0211268062272198,0.0156379037258999,0.0109814347724579,0.3907037375162998,0.2548804663698441,1.207266414160766,0.967214432726077,0.931858163054862,1.1294893067280258,0.9920854547566657,0.8920997898204456,14.0,4,0,94.0,96.75,2.75,8.180260795,14.77856224,15.40043198,0.6218697445,1.490046876,30.5,10.75,25.5,37.5,57.5,39.25,False
S001208,phase,full,4,1229264452,56.0,60,4,8,10,15,12,0.0157829169248151,0.0517068152813778,0.2830864923324103,0.050737066880265,0.1377940911462097,0.2667604624126813,0.1609385866355637,0.1017801023722208,0.072182902518353,0.0272537898847284,0.0107687625943005,0.0061621198277325,0.4725093944941804,0.3159397241946863,1.074097681758223,1.1241318624049317,1.2119220325783162,1.0119579760619464,0.853850324614915,0.8744300612702989,14.0,4,0,73.5,81.5,8.0,2.449489743,20.23231907,20.42900259,0.1966835177,1.277975393,37.75,4.75,3.75,10.75,33.75,47.75,False
S001209,phase,full,4,1230264455,56.0,60,4,8,10,15,12,0.0203412447400692,0.0479009940382691,0.2762131649669847,0.0556855692585344,0.1810106403532554,0.1438602409510767,0.0707530294864319,0.06304291911927,0.039720787916717,0.0203317728746021,0.0127022536026038,0.001850700330998,0.5749208156027837,0.3796686524682003,1.2941597524624764,1.2046829214148942,1.0686396408550387,1.437798809515846,0.8899152237137392,0.7899435134692921,14.0,4,0,122.5,204.25,81.75,28.941032,30.59574546,43.62519047,13.02944501,5.721320039,25.75,8.75,129.0,143.0,120.0,84.25,False
S001210,phase,full,4,1231264458,56.0,60,4,8,10,15,12,0.016860274247211,0.0515668472641048,0.1266470030867434,0.0171922656251047,0.1720477246944558,0.1724703892267886,0.0641654062876795,0.1129237673379589,0.0207972834418752,0.0299550684257133,0.0170007812346691,0.0020085729120181,0.6089332784353989,0.3995362782059081,1.0012415746836802,1.1559190044395071,1.4251481349032216,0.9473646256851233,0.8578416115376057,0.8336143778480056,14.0,4,0,109.25,168.25,59.0,23.16606714,35.47086937,44.14250125,8.671631881,6.575305693,44.25,12.75,32.25,34.0,88.75,79.5,False
S001211,phase,full,4,1232264461,56.0,60,4,8,10,15,12,0.0259884866520076,0.0321230360285034,0.1412542048646092,0.0231612274551454,0.128754721906006,0.1897095269548543,0.0832429774950487,0.0506197460934617,0.0407286934545045,0.0261485609125027,0.0097718241032465,0.0011732128252665,0.3550282816154553,0.2382290794406535,1.1818906363149924,1.220247221531542,1.1269782184461838,0.9766852212293766,0.9746353150664556,0.7202752200164613,14.0,4,0,81.75,110.0,28.25,8.139410298,15.05880911,17.46886758,2.410058467,1.973337639,24.5,16.25,24.75,49.75,59.5,50.5,False
S001212,phase,full,4,1233264464,56.0,60,4,8,10,15,12,0.0228878241650381,0.0712798901470837,0.1236090404378282,0.0447914376594244,0.1232291671750379,0.2483421659266039,0.1284738637787456,0.0922239828932295,0.0298690038851756,0.0490289366780065,0.0155928540135082,0.0045685561192055,0.7216979886212623,0.4096474359259521,1.2545529786688197,1.164743565906554,0.9841481622741136,1.3419267813454052,0.9339044870850168,0.8429750368688412,14.0,4,0,60.0,69.75,9.75,8.261355821,32.56043269,35.84114985,3.28071716,4.381846497,33.25,11.25,5.75,12.25,16.0,53.75,False
S001213,phase,full,4,1234264467,56.0,60,4,8,10,15,12,0.0292141620065719,0.0726182623561504,0.2431003684245328,0.0255378750638921,0.1421546365899818,0.2180518887522922,0.0628890673382918,0.0671355456526855,0.020113119608553,0.0203271262656602,0.0158536765480379,0.0112985578066651,0.5314663464597916,0.2855237030250174,0.9603457713372516,1.270556071333166,1.324468730566049,1.0775093324693503,0.96303543426897,0.9595976770501166,14.0,4,0,133.25,199.25,66.0,28.33137248,29.45047375,38.26735576,8.816882011,4.767717431,36.75,11.0,38.0,80.75,123.75,75.5,False
S001214,phase,full,4,1235264470,56.0,60,4,8,10,15,12,0.0224736950891397,0.0503556688147732,0.2179476740622006,0.0481734417594588,0.1793059287572401,0.2422682305012576,0.0798484371926188,0.0559109994198724,0.0665785570709239,0.0574715829766461,0.032547950831029,0.0050032417313165,0.6398620680409666,0.429293669395297,1.241119866164124,1.1753359852020573,0.9978344429437288,1.0056711199216155,0.8960691094259767,0.7479649577225681,14.0,4,0,67.5,116.25,48.75,20.38586111,30.9223862,46.35143187,15.42904567,5.369200942,26.75,9.0,18.75,55.0,38.0,78.25,False
S001215,phase,full,4,1236264473,56.0,60,4,8,10,15,12,0.0126552652431792,0.0415205710976827,0.1359491734894093,0.0289496951989794,0.2038012369614477,0.1416630654988793,0.0724003714009963,0.062585967052258,0.0352792844091099,0.0461673032972678,0.0414717215470012,0.0100349214333148,0.8273298645612459,0.3885448132313575,1.0033980702449752,1.1055480255798529,1.343293179785857,1.400407315487681,0.9645353539422672,0.8408813335462252,14.0,4,0,95.75,138.25,42.5,18.6993761,41.71871972,65.18103131,23.46231159,6.350913312,40.25,9.5,85.0,101.75,57.25,81.0,False
S001216,phase,full,4,1237264476,56.0,60,4,8,10,15,12,0.0156734337547521,0.032436338904292,0.1516894149915014,0.0377045238278213,0.1445509189192991,0.1614829523018854,0.06449270277931,0.0619893378990732,0.0539576109895822,0.070719646196725,0.0283676128204234,0.007097332577102,0.429642582782738,0.3585235270534165,0.969503227441632,1.21510941807671,1.4117904152047414,0.958112413262743,1.2540029061737077,0.7283973602258424,14.0,4,0,67.0,105.0,38.0,3.366501646,22.07066456,37.23508281,15.16441825,3.653228782,40.25,5.75,31.75,35.25,30.25,74.75,False
S001217,phase,full,4,1238264479,56.0,60,4,8,10,15,12,0.0215058379582107,0.0344030103850286,0.1652434193116509,0.0454430802562263,0.1924305810448267,0.2098161498437121,0.1062924971241277,0.0452933343055517,0.0348934252479966,0.050427460770817,0.0163850929253254,0.0080168025494085,0.8571800136615331,0.3171479294189233,1.248772596864936,1.1091302828865006,1.0153358930786445,1.1359122469550715,1.2517099834343686,0.7523431179625558,14.0,4,0,75.0,109.5,34.5,13.72345923,44.33718968,74.50117917,30.16398949,12.10451095,26.0,11.25,20.5,60.25,36.75,72.75,False
S001218,phase,full,4,1239264482,56.0,60,4,8,10,15,12,0.0169451797294077,0.0806366219876348,0.2227128236763531,0.052416892985018,0.1235685476362669,0.2891452135159007,0.0872198397497878,0.0582638293889494,0.0618097284862917,0.028345342922371,0.0101557944846587,0.0012202986256009,0.7710070751546677,0.3845300345422953,1.2230423196677196,1.2851487719913903,1.0653694384367305,1.2269115117993807,1.2470655857809243,0.9155361783657412,14.0,4,0,63.75,81.75,18.0,13.56465997,33.18389233,46.54238324,13.35849091,6.191243967,38.75,3.5,7.75,19.75,28.75,53.0,False
S001219,phase,full,4,1240264485,56.0,60,4,8,10,15,12,0.0146899174896511,0.0414599386379927,0.1279612235857013,0.0389554601584659,0.1773727457876634,0.190614703023198,0.0629366707118506,0.0946456047567159,0.0396915530927311,0.0324214257335018,0.0288086950043075,0.0019777883846483,0.8018716108151076,0.3185689846365582,1.2579222555583744,1.0322040916885318,1.2585150275520325,1.1604157071134102,1.154475465668496,1.0075776057762296,14.0,4,0,74.0,87.0,13.0,13.73559852,38.60001596,46.32565853,7.725642576,3.046663859,34.0,8.0,18.25,20.25,34.0,53.0,False
S001220,phase,full,4,1241264488,56.0,60,4,8,10,15,12,0.0253322369970763,0.0339987999493651,0.264539489056987,0.0405474911695753,0.2108390556289955,0.1903932163368266,0.078176628656744,0.1040066792989225,0.0225404833811212,0.0485055204487384,0.0129265801254769,0.010968716870397,0.4240316938690163,0.2997039759949897,0.9610224693687256,1.217304906628199,1.4286909094740643,1.266849872035078,0.9995805205493818,0.7904691355760917,14.0,4,0,248.75,454.5,205.75,61.1630335,56.39007454,104.1354589,47.74538439,10.9343221,26.5,12.0,131.75,136.25,207.0,247.5,False
S001221,phase,full,4,1242264491,56.0,60,4,8,10,15,12,0.0307726956152758,0.0446926386615332,0.2857300717352088,0.0269707513271485,0.1127418515449863,0.1428323264061668,0.1789757183511071,0.0986259666360151,0.040966642331456,0.0373911412842079,0.0167242747308628,0.0017864569862312,0.5711952285383236,0.2684367344175945,0.9650432135087512,1.1201646455895038,1.3442570482571252,1.121799316713565,1.2265136675091317,0.8363312570713193,14.0,4,0,96.75,122.75,26.0,18.12916619,34.3586932,50.02072336,15.66203017,6.909082837,28.75,16.5,28.25,20.75,46.0,76.75,False
S001222,phase,full,4,1243264494,56.0,60,4,8,10,15,12,0.016409715256685,0.0509502145040186,0.2260647286180578,0.0202894809095598,0.1563194961571011,0.2250917084867764,0.1382589253516948,0.0587508372309484,0.068837080942481,0.0241376244347876,0.0181038136258928,0.0028888778238149,0.3705352047334091,0.3833428163661708,1.254626947502265,1.158568713145668,1.1780393716202584,1.28773115477228,1.127368119992464,0.8116789451550294,14.0,4,0,56.5,84.5,28.0,14.76482306,12.42364961,20.23846824,7.814818631,2.666804707,41.0,11.75,18.25,24.25,34.5,50.0,False
S001223,phase,full,4,1244264497,56.0,60,4,8,10,15,12,0.0334111830907411,0.0480234718557209,0.2518010449874887,0.0381970836203639,0.2063235538547843,0.2957773658085585,0.0862028129963309,0.1019226879449888,0.0328709875135643,0.0734617689014446,0.0132848392413934,0.0106024857110475,0.5331371144286394,0.4108731289606457,1.1722081686428136,1.0263105549832596,1.2194036089932374,1.081016301665598,1.1661861292069593,0.8702080177967966,14.0,4,0,175.75,210.75,35.0,20.28135433,64.95913855,93.63379346,28.67465491,5.632987634,25.0,10.5,19.5,32.25,58.0,152.75,False
S001224,phase,full,4,1245264500,56.0,60,4,8,10,15,12,0.0343808309040139,0.0432620161042958,0.2860591659284967,0.0221033777736027,0.1550927369088943,0.2840141535183663,0.1574038927279548,0.072319619807336,0.022211296372494,0.0443077074857493,0.0424126861066515,0.0091324887101642,0.669308778983817,0.1980735152443618,1.1323476685233227,1.1477613923532002,1.4462355941491274,0.937537054047678,0.978613671378354,0.7992442269390667,14.0,4,0,111.5,163.75,52.25,2.872281323,42.28749536,57.88009675,15.59260138,4.310842556,23.0,19.0,21.75,55.0,75.5,88.25,False
S001225,phase,full,4,1246264503,56.0,60,4,8,10,15,12,0.0149311497459603,0.0659339876684108,0.181260327139036,0.0357851023472455,0.1689218814279618,0.1400379180322803,0.0879665448635861,0.0601271664925266,0.0354618269006359,0.023919634449263,0.023036342069576,0.00127838140535,0.8566968481454649,0.4145877215091734,1.071047494293425,1.160529842535871,1.1847818687008305,1.4204881258922517,1.1823440379713457,0.7798591531264322,14.0,4,0,63.5,101.25,37.75,22.09637979,31.21112253,50.61259287,19.40147034,7.999424409,42.5,6.75,32.5,44.25,47.25,54.0,False
S001226,phase,full,4,1247264506,56.0,60,4,8,10,15,12,0.0161756936202911,0.0349540994020522,0.3145573035405017,0.0386242338408274,0.1689764194887161,0.2262271048507156,0.1214605690366056,0.0814257215955022,0.061016899346839,0.0813009105882696,0.0228465980600998,0.0010978633172507,0.8521596737876935,0.4388713257988306,1.1170393368865186,0.983227157135416,1.4445832233784497,1.0147610951775543,1.264256533232699,0.8106666338555885,14.0,4,0,110.0,126.5,16.5,12.60952021,77.86848632,102.1670745,24.29858815,13.35203106,31.0,9.75,16.5,23.0,27.25,99.25,False
S001227,phase,full,4,1248264509,56.0,60,4,8,10,15,12,0.0279817976700881,0.0410890035329945,0.2334662219553561,0.0153665685150296,0.2190341775113547,0.2804710344128509,0.0632056536961971,0.0458024834284362,0.0840344263205461,0.023667316406227,0.0111273266403628,0.0115019028431034,0.6382205994093013,0.3167428574352895,1.0587414735048084,1.2432146929808152,0.9974415721694844,1.1093761943648894,1.0776468328439284,0.7611793573082457,14.0,4,0,109.0,191.0,82.0,3.559026084,30.03898296,50.32933248,20.29034952,8.224103887,32.25,18.5,68.0,148.0,117.0,74.0,False
S001228,phase,full,4,1249264512,56.0,60,4,8,10,15,12,0.0150722282764587,0.0636558340569939,0.2078968594762075,0.0362819983310534,0.1133060316568339,0.2665637103787165,0.1079075089881925,0.049626463110415,0.0535194205199176,0.0676259464783297,0.0205211557540687,0.0085593162906764,0.3784388053703658,0.2582839580097987,1.018536624664763,1.1081130182806127,1.2681991810706903,1.1962645683468116,1.243600196950298,0.8388322795853359,14.0,4,0,39.75,51.75,12.0,6.976149845,11.36421453,17.79487871,6.430664172,1.630430596,42.25,5.75,6.0,12.5,10.5,41.25,False
S001229,phase,full,4,1250264515,56.0,60,4,8,10,15,12,0.0175336448390964,0.0587379251396422,0.1625076910352166,0.0417976129558485,0.1994142670665301,0.2206749786766824,0.1502950862570053,0.0710680025520935,0.0219384095333465,0.0824691713172746,0.0104588482353288,0.0020334855868773,0.5572899178607125,0.1236581048077267,1.1370260967782844,1.201538694728744,0.9068749524421492,1.2817172579417295,1.060262137769533,0.8001727095332665,14.0,4,0,88.5,108.0,19.5,19.01753577,39.03494581,50.65657588,11.62163006,6.919653419,35.0,7.75,12.0,36.75,21.5,86.5,False
S001230,phase,full,4,1251264518,56.0,60,4,8,10,15,12,0.0260478996561329,0.0431670829792153,0.1816539485399261,0.0490515378234562,0.1055296454169281,0.2132146293370217,0.1098894566797187,0.0465634214339363,0.0486419926345438,0.0627740475195851,0.022179315004359,0.0099865798615154,0.4303765512286928,0.1126661380349964,1.0436080307027376,1.2693299925094257,1.1892934684865195,0.9684772092737904,1.239879546235205,0.7628695066776298,14.0,4,0,46.25,60.75,14.5,2.645751311,14.51449442,20.77126205,6.256767627,1.559718879,26.5,6.75,13.0,21.75,18.0,42.75,False
S001231,phase,full,4,1252264521,56.0,60,4,8,10,15,12,0.0244000732972885,0.0399638562244509,0.2503362941986782,0.0266147288220543,0.1405593340898477,0.1410871112850319,0.0716799456250404,0.0707066465817979,0.081692413632276,0.0696381877558998,0.0105571637849365,0.0015844304125759,0.7448021952930475,0.1546087078783635,1.1652487807313328,1.001439138618316,1.4348947807346386,1.3614788596479686,1.2159323723132052,0.9421106595106324,14.0,4,0,135.25,181.0,45.75,32.01431971,68.93038092,114.6720633,45.74168238,14.83018333,27.5,15.0,56.5,46.5,48.75,132.25,False
S001232,phase,full,4,1253264524,56.0,60,4,8,10,15,12,0.0190461799824744,0.044021291722658,0.212298831884766,0.0223755837203606,0.1655291340954434,0.214229527995554,0.0965621636364313,0.1117896801284593,0.0204059773349551,0.023295815089859,0.011024489259004,0.0013482779617212,0.6109683889228745,0.3565543673397865,1.1605171120875533,1.044998239915008,0.9761163106346226,1.2931707763344742,1.0951574352543103,0.7677032561720566,14.0,4,0,117.25,137.75,20.5,5.0,38.01053124,47.78637628,9.775845041,2.5238747,38.5,12.0,17.25,30.5,63.75,74.0,False
S001233,phase,full,4,1254264527,56.0,60,4,8,10,15,12,0.0192461768571631,0.0424991982987884,0.1411870747814279,0.0184315219103879,0.160694499880494,0.185498967760347,0.0785573456305881,0.0535977675870309,0.0586488518667036,0.0549001909763237,0.0180547758071201,0.0098955068542156,0.7850999480762024,0.4020020718831373,1.3067588901997085,1.0335536481055865,1.0258680020456037,1.0066865689154414,0.9970087403839812,0.7863814120603454,14.0,4,0,65.5,89.5,24.0,8.164965809,36.7029379,46.42440221,9.721464311,5.332324176,34.75,15.5,21.75,45.25,30.5,59.0,False
S001234,phase,full,4,1255264530,56.0,60,4,8,10,15,12,0.0269384280546092,0.0358015001937753,0.1313054919198722,0.0222775720838399,0.2077588293912244,0.1944223769353467,0.1169411969906595,0.1033058221930094,0.0267014812545315,0.0310927796737256,0.0322053507609283,0.0097908300756065,0.4740647677698885,0.3348645765062757,1.0232606458419993,1.154120305853835,0.9233021866744447,1.2335964162629165,1.0799527940538658,0.9065592434000154,14.0,4,0,91.0,118.5,27.5,16.68332501,23.27282109,32.98929936,9.716478268,1.050542733,28.0,14.5,31.75,42.25,52.5,66.0,False
S001235,phase,full,4,1256264533,56.0,60,4,8,10,15,12,0.0179511393452399,0.0514455743525443,0.2696991435673346,0.0264171087144402,0.1399286397436679,0.208941373134598,0.1326630317854573,0.1233448943498925,0.0327063605448908,0.0309327672645672,0.038327353683273,0.0031411124870092,0.5614244127513429,0.3708418171938848,1.2280614185603114,1.0082853221197037,1.194898198948298,1.322199118251104,1.0905854617281947,0.9961622126504024,14.0,4,0,80.5,82.75,2.25,15.73478101,24.51729906,31.48492496,6.967625904,5.199879649,35.75,12.25,13.75,19.25,28.75,54.0,False
S001236,phase,full,4,1257264536,56.0,60,4,8,10,15,12,0.0297584845274838,0.0670927123296585,0.3027275101353909,0.0272960767559451,0.1107547068516998,0.2374189773859994,0.0980823296343351,0.0490682676353576,0.0429419039031306,0.063694173426335,0.0212265101139223,0.0010628171401832,0.630917957455447,0.2335148351074608,1.1741706457310443,1.000560046261011,1.490745796935566,1.2351931316523368,1.0389030971351156,0.9566291870755036,14.0,4,0,91.5,114.5,23.0,9.309493363,44.70704283,57.49470085,12.78765802,2.339940811,33.0,10.0,15.0,35.25,26.0,88.5,False
S001237,phase,full,4,1258264539,56.0,60,4,8,10,15,12,0.0349478180571938,0.0348146611476046,0.1570553734026887,0.0317776311595498,0.1295257386658879,0.254808300481543,0.0908594910725372,0.0747152033951286,0.0301416391313775,0.0783421635438456,0.0099217809956599,0.0069749044166653,0.610654233201338,0.3178508431403959,0.961969458679474,1.105938510318438,0.9335806334229476,1.2402435520444093,1.3989446009184032,0.7364818730407809,14.0,4,0,107.75,120.75,13.0,8.205689083,51.06402978,77.83948981,26.77546002,6.504302611,27.0,11.5,9.75,31.25,21.0,99.75,False
S001238,phase,full,4,1259264542,56.0,60,4,8,10,15,12,0.0142754837592312,0.0467883379442555,0.1635959927642655,0.0528390628937787,0.1908256109135017,0.2788173166842737,0.0769783643324264,0.0751961749153747,0.0287558740358519,0.0701821879336137,0.0138032262214065,0.0036080239815717,0.8029498745104101,0.1820544912480919,0.9737170948056354,1.0514800521280254,1.0147216229075031,0.9329497245800488,0.8539852572409616,1.0332400323475652,14.0,4,0,87.75,75.0,-12.75,9.178779875,54.90584762,41.53526374,-13.37058388,7.719236282,39.5,7.0,4.0,16.75,17.75,57.25,False
S001239,phase,full,4,1260264545,56.0,60,4,8,10,15,12,0.0150990973809432,0.0620899648356539,0.2327598762993764,0.0172875264873561,0.1731317156313193,0.1793309448838247,0.1769425379374963,0.0674724643502084,0.0384747517322054,0.0434738781719511,0.0275670798992209,0.0019227471587129,0.8378104703857427,0.1281197123415894,1.343365670087162,1.2874721793960242,1.4534736541228674,0.8843545471662263,1.079458738763552,0.9748561649050688,14.0,4,0,73.5,106.5,33.0,8.755950358,44.34555088,55.58937233,11.24382146,4.417684269,42.25,12.0,28.5,37.5,43.25,63.25,False
S001240,phase,full,4,1261264548,56.0,60,4,8,10,15,12,0.0255281050203162,0.072022122757627,0.1466794315635,0.0441003397116221,0.1382802948624584,0.1907770991253838,0.177666624620199,0.1127489702858729,0.0230659799331602,0.0592838993902329,0.0182128123143588,0.0090048553866293,0.8703667561241334,0.4284876594690234,1.0690854303449562,1.2035343677519303,1.2393308163462458,1.2314239236197904,1.0772019158455777,0.8642649620544891,14.0,4,0,41.0,56.0,15.0,9.899494937,29.81507894,40.09191097,10.27683204,5.452813654,35.25,10.25,8.25,12.75,12.0,44.0,False
S001241,phase,full,4,1262264551,56.0,60,4,8,10,15,12,0.0142327452460192,0.0491828630734414,0.1573814982981379,0.0187606825097657,0.2171209727811913,0.160560853011549,0.0873262104380325,0.1219158379490455,0.0384323680380725,0.0288227108511397,0.027989924242241,0.0053388887039574,0.8654621948831461,0.2272243727761503,1.1927321941044802,1.0363638248264224,0.9627218541554076,1.062421954118117,0.866498586464404,0.8999846331999274,14.0,4,0,102.5,121.5,19.0,21.92411154,46.48992632,45.54131555,-0.9486107613,7.079079001,44.25,8.25,52.75,52.5,64.25,57.25,True
S001242,phase,full,4,1263264554,56.0,60,4,8,10,15,12,0.0232019239297412,0.0504547246676137,0.1871638824385451,0.0537079992956171,0.1575483526648961,0.2524759590916338,0.0821396076886648,0.0644259863594917,0.0796870944682249,0.0635900472487298,0.0442216362781384,0.0046791686504477,0.6946486993266117,0.4234236984484372,1.165993089108839,1.2580957320019768,1.2772650729137427,1.095553180004661,1.0437977635095403,0.880419674898769,14.0,4,0,46.0,79.75,33.75,24.87803583,25.32035783,39.70026249,14.37990467,8.98835018,25.5,6.25,16.75,28.5,23.0,56.75,False
S001243,phase,full,4,1264264557,56.0,60,4,8,10,15,12,0.0307308306475355,0.0407987012569336,0.276391148897742,0.046606794394404,0.1113162023554169,0.1608706369310268,0.1723109055550719,0.0468468414961179,0.0296095719845171,0.028362277329183,0.0114054804248143,0.0042376683987955,0.3713960886232819,0.1090188216589971,1.004780834961427,1.1175344931745177,1.0374777717991164,1.1024201124692932,1.334982084200125,0.7787257571275751,14.0,4,0,80.75,94.5,13.75,11.32475165,17.13656653,23.18558746,6.049020937,2.054054585,24.5,10.0,15.25,36.5,43.0,51.5,False
S001244,phase,full,4,1265264560,56.0,60,4,8,10,15,12,0.0257532643119671,0.0501162460230714,0.2219744511167496,0.0366106338668574,0.1103735753132826,0.240535927715897,0.1571169717332105,0.0692557624772982,0.0652323385800071,0.0472523656633865,0.0166405711565217,0.0083221124373665,0.3604174382164453,0.1230031007226965,1.2368895550569114,1.2310951248512254,1.0353394431387553,1.054956211701534,0.9953339955738928,0.919672137503009,14.0,4,0,53.5,74.75,21.25,14.47699324,12.93257429,16.8490756,3.916501306,2.288460783,26.0,8.25,10.0,17.5,28.0,46.75,False
S001245,phase,full,4,1266264563,56.0,60,4,8,10,15,12,0.0259311397757764,0.0504260044685625,0.1238929186057888,0.0292942131153066,0.1856185916096108,0.2318030976027443,0.0983005063520451,0.0823385472852957,0.0293434124685252,0.0435996397517855,0.0389166647513201,0.0095343579891949,0.5114742882372788,0.3694427805244378,1.0686822543242644,1.2048685754452717,1.155032455165462,1.1103575269892123,1.2092655227406104,0.7495982928470575,14.0,4,0,63.75,95.0,31.25,15.21786231,21.24554581,33.30662029,12.06107449,5.639425402,31.25,11.5,19.0,35.25,38.25,56.75,False
S001246,phase,full,4,1267264566,56.0,60,4,8,10,15,12,0.0144218807216831,0.035938921892951,0.2076670690605404,0.0453739241268132,0.1336432164017172,0.1616713056162129,0.1618855538871338,0.0620518188146762,0.0759342971951747,0.0274994071407235,0.0217231647027978,0.0100912658071922,0.851131267320339,0.2556475189300046,1.2053613137017374,1.2192370011757108,1.370615932571742,1.07067269605669,1.3254839685972626,1.0238781377100392,14.0,4,0,32.75,38.75,6.0,4.163331999,17.70468814,23.78195371,6.07726557,1.099945205,32.25,6.25,16.0,15.5,16.0,22.75,False
S001247,phase,full,4,1268264569,56.0,60,4,8,10,15,12,0.013179541888056,0.0383876168634553,0.1872787825003197,0.0182464721365102,0.2149762919983404,0.1464106434318058,0.0853214544289564,0.1291781268882905,0.0836840412094205,0.0208071325639442,0.0112105711258105,0.0024276772699256,0.6190990853802165,0.2253203038763336,1.3320259864876351,1.229698897737583,1.4557303890484603,1.2144488171415744,1.32318228854492,0.8202232194449799,14.0,4,0,167.0,476.5,309.5,94.66607981,40.76980223,118.1403424,77.37054018,19.47474181,43.5,11.5,318.75,142.0,325.5,151.0,False
S001248,phase,full,4,1269264572,56.0,60,4,8,10,15,12,0.0251269299274413,0.0422474167144843,0.1508430199499505,0.0246722737396249,0.1156673411652296,0.2844051402911227,0.1603126596458419,0.0509658824398829,0.0262486783045841,0.0229027652628487,0.0275905354863364,0.0091491741560999,0.4025026339798939,0.4167548170746998,1.2869422918430096,1.0069800579978008,1.0063066583466744,1.012264226128203,1.039265584811885,0.8945466515003256,14.0,4,0,44.75,54.75,10.0,6.480740698,8.6454494,10.88109779,2.235648393,1.227931664,29.5,15.5,7.75,29.5,28.5,26.25,False
S001249,phase,full,4,1270264575,56.0,60,4,8,10,15,12,0.0198450218014113,0.0518057159472057,0.2035938706650906,0.0533402919501395,0.1558568295928096,0.1757360502250938,0.0912377980350968,0.0774692549289812,0.0702772058261296,0.0285264033336138,0.0098499264606104,0.0074839574650818,0.5093839395209546,0.3781679258624539,1.3251870740046123,1.1544959670328998,1.10631878813521,1.3690840911649884,1.058886814955531,0.9401668900066662,14.0,4,0,71.5,89.5,18.0,9.966610925,19.38869492,28.90032877,9.511633849,2.097938303,28.5,9.25,30.25,29.25,35.75,53.75,False
S001250,phase,full,4,1271264578,56.0,60,4,8,10,15,12,0.0176849750307458,0.0339624070639469,0.2611798134387023,0.0262296608325104,0.1675945253869002,0.1646335936466051,0.0875522970268087,0.046524106827826,0.0351533852083578,0.0804488385233686,0.0086160281702462,0.00397626283582,0.3867808046789601,0.2925923069953929,1.0264449136299958,1.2422504739526852,1.0086473354457424,1.4069326174546564,1.3174626637425604,0.7902023242109911,14.0,4,0,129.5,221.5,92.0,40.07492982,37.11577282,80.04559118,42.92981836,14.84827634,35.25,11.25,81.0,166.25,56.25,165.25,False
S001251,phase,full,4,1272264581,56.0,60,4,8,10,15,12,0.0273374225152829,0.0682770653741151,0.1220454858586871,0.015526784242829,0.1794565918385152,0.2713237650448651,0.1077819683409144,0.0907558667811722,0.0270981487754108,0.0511119323232764,0.0262426973883058,0.0031036738222055,0.8360576315970218,0.282712849314337,1.2793808939136913,1.2634657479960063,1.1862532800474563,0.9029206074777808,1.2446322025154275,0.838664656625621,14.0,4,0,75.25,126.5,51.25,16.95828215,46.8634083,73.88862893,27.02522063,9.822979298,36.25,16.75,16.5,37.5,49.5,77.0,False
S001252,phase,full,4,1273264584,56.0,60,4,8,10,15,12,0.0222846811291602,0.0410724755873636,0.189138378295097,0.0319863011093293,0.1009385288879713,0.1798361822666559,0.1217933185565275,0.1061365434445051,0.0280273900820556,0.0758657361948472,0.0264005039147556,0.0021614110793646,0.8039799807865353,0.3027132834922616,1.1118903494314507,1.1145586420278135,1.4307595628718552,1.0430664244740504,0.8988557743270157,0.9316561225954622,14.0,4,0,84.75,99.0,14.25,3.403429643,53.5575596,59.66320355,6.105643956,2.293698825,32.75,13.25,12.5,14.0,20.25,78.75,False
S001253,phase,full,4,1274264587,56.0,60,4,8,10,15,12,0.0242545752197995,0.0601219456320348,0.1695491280386627,0.016952269458609,0.1178121629276881,0.2728463676476851,0.1766195460608572,0.1209330004084233,0.0554195837191905,0.0709877967048957,0.0391994752293448,0.0029107142517844,0.8901342419908158,0.352318763749878,1.0513680100069502,1.1951017159356887,1.1513360779592536,1.3254317443510688,1.1367946842483971,0.9128339741965904,14.0,4,0,59.0,78.0,19.0,11.63328558,44.91018426,63.1585714,18.24838714,7.500307436,38.25,15.75,6.75,12.0,13.0,65.0,False
S001254,phase,full,4,1275264590,56.0,60,4,8,10,15,12,0.0318120989005389,0.0626319987957931,0.1852091987194352,0.0406021271541894,0.1104893202344811,0.2257532427727614,0.1484436575828156,0.1084420815404351,0.0823642083571035,0.0200501015348595,0.008364595931901,0.0045449158131961,0.7823449872012235,0.3950106813610835,1.0656537091123048,1.2270451653453458,1.0011712861821551,0.9030482066965344,0.9424182717119712,0.8450586451160138,14.0,4,0,63.0,94.0,31.0,16.1245155,25.75080739,32.39149004,6.64068265,8.403656336,25.25,8.75,10.75,13.25,51.25,42.75,False
S001255,phase,full,4,1276264593,56.0,60,4,8,10,15,12,0.0309708671564017,0.0611995304277086,0.3101649174360468,0.0509896120720871,0.2036783004419564,0.2919538233328766,0.0634362357082282,0.0850930948749445,0.0469516851256986,0.0833420271204,0.0194770365967671,0.0044721073301453,0.7607701720679786,0.3406023465850086,1.2716642966785685,1.1251375607887684,0.9991946079692406,1.152968977486246,1.04343827537377,0.9636234585661188,14.0,4,0,161.75,191.75,30.0,12.32882801,101.3950275,119.8946732,18.49964572,6.081613631,23.25,11.5,31.0,66.0,41.5,150.25,False
S001256,phase,full,4,1277264596,56.0,60,4,8,10,15,12,0.0246257147481941,0.0788966313412508,0.3000259269215964,0.04010699045521,0.1848062677076619,0.23944349952438,0.0951605883828458,0.0761666280316619,0.038790738811415,0.0487013818669863,0.0169842116000885,0.0110699067649509,0.3601233982622823,0.1881484001168134,0.9961531398753602,1.208611709162433,1.1087907232572225,1.1315952665746871,1.3879815366741994,0.9252536456189486,14.0,4,0,121.0,163.25,42.25,11.78629147,26.84508646,45.71953351,18.87444705,3.906755281,33.75,9.25,38.0,72.5,65.75,97.5,False
S001257,phase,full,4,1278264599,56.0,60,4,8,10,15,12,0.0218495562808578,0.0618767971240184,0.1537428906100071,0.0237499176612096,0.1966975897906708,0.2789995317733595,0.1642796003820914,0.0582233095951631,0.0473485101201048,0.0204249383488061,0.0435555109113564,0.0015964754442204,0.7645445095365958,0.1573582772998107,1.1936492035342106,0.9838532111856896,0.98017454836841,1.365402232143702,1.1597259762862464,0.7534764410530556,14.0,4,0,44.0,50.5,6.5,3.415650255,20.22816409,27.31692292,7.088758829,3.029137101,35.25,13.25,6.5,18.5,17.75,32.75,False
S001258,phase,full,4,1279264602,56.0,60,4,8,10,15,12,0.0215811686991623,0.0608226813656937,0.2140017616811948,0.0178117924423109,0.19605688610723,0.2512318845781712,0.0986832103572214,0.127179005506262,0.0282520495480409,0.0384867078464209,0.0174454440598001,0.0030976577970194,0.3696777152475661,0.2256647021331398,0.9847473361572786,1.2546792846762644,1.390999453503909,1.0085292187491628,1.144633502069301,0.9786656953418847,14.0,4,0,141.5,218.0,76.5,9.678154094,32.87407495,49.59291034,16.71883539,2.595248678,41.25,13.5,28.25,39.25,98.25,119.75,False
S001259,phase,full,4,1280264605,56.0,60,4,8,10,15,12,0.0193234471584355,0.0610383448127024,0.2061539789386382,0.0191975919425485,0.1122618555103842,0.161063733315674,0.1249150749018649,0.0540993782614727,0.0786407987436658,0.0729909890368011,0.0220653695203618,0.0017026906220931,0.3538061590881334,0.207778081897296,0.9754721088441024,1.2166547735919389,1.3344672227388277,1.1735754394747882,1.13935578283636,0.7614874682630735,14.0,4,0,51.75,68.25,16.5,4.654746681,16.21916611,22.70933843,6.490172312,1.985486321,42.5,12.0,17.25,18.0,10.5,57.75,False
S001260,phase,full,4,1281264608,56.0,60,4,8,10,15,12,0.0168771700489097,0.0495638226218696,0.2823082707674829,0.0387375401910669,0.1255625397720173,0.208148425631742,0.0647878455545894,0.0784697801265512,0.0667539248277099,0.0211429630049401,0.0091039910266776,0.0017608600005834,0.6642924230163259,0.3703885963606529,1.06621919982768,1.033495158246771,1.4695365025669294,0.8778683671566285,0.9696417299818632,0.738279329099218,14.0,4,0,88.0,113.25,25.25,21.34439817,27.83174523,30.9459666,3.114221373,4.177246374,35.75,10.0,14.25,23.25,64.5,48.75,False
S001261,phase,full,4,1282264611,56.0,60,4,8,10,15,12,0.0165915100570527,0.0382465030601336,0.2605639975064616,0.0377580532854636,0.1576013355891192,0.2203837878423181,0.0663326332324459,0.0460011110980533,0.0235341743662267,0.0321527254178912,0.024459915293188,0.0012265389207443,0.5429739978007161,0.3363857488211493,1.0948473975743969,1.104692725214046,1.0336610430949895,1.368327155101304,1.2233209058167664,0.8353123204804712,14.0,4,0,95.75,124.75,29.0,18.11077028,27.5527402,46.43170092,18.87896073,8.701452077,37.5,7.0,18.0,57.75,49.25,75.5,False
S001262,phase,full,4,1283264614,56.0,60,4,8,10,15,12,0.0265375378892523,0.0640818354868708,0.1983239653787349,0.0343090588949535,0.1163041452961316,0.270425654041779,0.1576849893706882,0.0762446317857005,0.0515462686344792,0.0232168607366788,0.015811940060755,0.0103150258577302,0.8168911820635841,0.378545428427754,1.31125619350123,0.9878866783910928,0.9941541126190296,0.8688337474896668,1.3943009585143535,0.8641677378542993,14.0,4,0,55.75,65.75,10.0,5.887840578,23.90275694,33.86986217,9.967105236,5.581361992,31.5,10.75,8.75,13.75,32.75,33.0,False
S001263,phase,full,4,1284264617,56.0,60,4,8,10,15,12,0.024729296338695,0.0583901203214031,0.1569421459097626,0.016909299245981,0.1832171193176721,0.1628002050710482,0.1005995929740949,0.0464539241397458,0.0805494733145884,0.0536959293067241,0.0179130330704876,0.0023557213042155,0.3914287056261195,0.3552661792916628,1.0890071002477844,1.1979277459283886,1.0401469823284517,0.9783287681638836,1.2780490183523103,0.9283999428819972,14.0,4,0,77.0,104.75,27.75,21.17191536,21.1000982,31.04582768,9.945729479,5.964374457,34.5,15.0,52.0,57.75,37.75,67.0,False
S001264,phase,full,4,1285264620,56.0,60,4,8,10,15,12,0.0226607193257801,0.0502362475510544,0.1662664037645769,0.0530841052543531,0.1611554894424505,0.222191676754818,0.1726561946417552,0.0949315350772314,0.0381415255603588,0.023795356133302,0.0169625130064874,0.0021161306005167,0.8461949791671839,0.1718714464957847,1.180590957536103,1.2568015160342083,1.0397338892858978,1.2553545064974798,0.8688449385387709,0.8198704468457848,14.0,4,0,54.0,74.25,20.25,4.5,30.3804058,36.83297222,6.452566422,5.329181292,28.5,7.0,9.75,16.25,25.75,48.5,False
S001265,phase,full,4,1286264623,56.0,60,4,8,10,15,12,0.0150027333021112,0.0637960103338179,0.1710510699408982,0.0175436371218221,0.1293274709306057,0.2587149437700969,0.1646299649764487,0.0488124261810906,0.0633783064416371,0.0256515118136003,0.0128437271051904,0.002519448647858,0.4909185734877793,0.1454058209301113,0.9558382781765552,1.2867274384774563,1.18646907489091,1.188874797668593,1.189967387689078,1.0020907719109258,14.0,4,0,49.0,58.75,9.75,9.322910847,15.14400095,20.43846029,5.294459345,1.513173098,50.0,6.25,7.0,18.75,21.0,37.75,False
S001266,phase,full,4,1287264626,56.0,60,4,8,10,15,12,0.0142184566830464,0.0829415953095029,0.1942790736787361,0.0404650145019955,0.1179904142849105,0.2049673252956029,0.0867411641784255,0.1155145961765002,0.0426752723985387,0.0470828808681247,0.0168392155899023,0.0062660698245316,0.5797039685959628,0.3931865963260897,1.3171999687499465,1.1115431063222008,1.1109220032032956,1.1628361205182365,0.8951417901957429,0.969488342181528,14.0,4,0,62.0,74.5,12.5,8.062257748,26.49839989,28.8627015,2.36430161,3.735257831,45.0,5.75,9.25,14.0,20.25,54.25,False
S001267,phase,full,4,1288264629,56.0,60,4,8,10,15,12,0.0264251519418452,0.0333161497891691,0.2375669580934073,0.0166012059678068,0.1590493416955944,0.2041671581862426,0.14324080330073,0.1167160932173704,0.0482807607575207,0.0200738090467248,0.0087555026263256,0.0046221973028722,0.4189075816824721,0.2581378587811656,1.1656076919065357,1.0846174883282589,1.080912644989169,0.8511999991104525,0.8977297366127133,0.9295508605391928,14.0,4,0,131.0,163.0,32.0,23.65022903,23.92029867,22.75853749,-1.161761171,1.340618064,29.0,15.25,33.5,34.5,102.5,60.5,True
S001268,phase,full,4,1289264632,56.0,60,4,8,10,15,12,0.0224002888683834,0.0554586256274862,0.1658274079434818,0.0167559709684369,0.1034657383189755,0.1427109702547374,0.0606634702595686,0.0670137277561069,0.0735361947727721,0.0614053853923216,0.0091120932533967,0.0015286294021232,0.6300774472041082,0.22444910837208,1.2261805761781566,1.1900124332356343,1.4393052651646725,1.2891566665221912,1.144082446156419,0.8294470453508846,14.0,4,0,72.25,112.75,40.5,15.17673658,35.30132632,56.45302891,21.15170259,6.780104309,37.5,13.5,46.75,36.5,33.0,79.75,False
S001269,phase,full,4,1290264635,56.0,60,4,8,10,15,12,0.0311553592863496,0.0442641268171872,0.2715156043059837,0.0258349455598311,0.1813892410703941,0.2011303431331858,0.1752401488139815,0.0661590717276729,0.0686657558734356,0.078277109801212,0.0136873448750458,0.0011477826330383,0.7082250012249978,0.2328302345869112,1.1744547485588228,1.078621114883058,1.3799945964172249,1.4353668571193916,1.2054744202196084,0.9957012184185104,14.0,4,0,124.0,162.5,38.5,15.43804824,68.20032513,107.330962,39.13063689,10.1196533,25.5,18.0,26.0,37.5,33.0,129.5,False
S001270,phase,full,4,1291264638,56.0,60,4,8,10,15,12,0.023246773683308,0.0300453471789165,0.2960087732034047,0.0199474738696509,0.1804138322247994,0.1645447586721468,0.1263757941150969,0.0726063594738789,0.0258292392610715,0.0827099169838823,0.0261146141188462,0.0012469017833625,0.8769951587744491,0.2346662983716617,1.266057552240233,1.2312418698000474,1.349241010298745,0.9663796430502632,1.360846489174759,0.7573860924685415,14.0,4,0,179.25,307.5,128.25,42.43720852,118.3538073,230.576722,112.2229148,32.97680579,26.5,17.5,111.25,129.5,100.75,206.75,False
S001271,phase,full,4,1292264641,56.0,60,4,8,10,15,12,0.0269560845763219,0.0736486502014041,0.1586286390826786,0.0287352494131744,0.1381070304514648,0.1647331065389417,0.0738975597929724,0.0525292965591904,0.0449275219383856,0.0494316339378285,0.0102306002014583,0.0049746720654641,0.8541904547142104,0.1637763140221991,1.1025011213802505,1.1018594085418103,0.977037069162486,1.1766510934110637,1.1263365635401217,0.8454554797143333,14.0,4,0,68.0,80.25,12.25,12.20314167,41.59374269,51.12942234,9.535679655,10.07462927,35.0,13.5,22.0,35.0,25.25,55.0,False
S001272,phase,full,4,1293264644,56.0,60,4,8,10,15,12,0.033955081787766,0.0406040412690616,0.1206265538281509,0.0348956777762949,0.1529068706695354,0.2144494538421152,0.0723671053336652,0.0831694217603937,0.0664060277433591,0.0532712882289302,0.0332629761035621,0.0038455528597204,0.8165948689062389,0.2602490861250753,1.098335281846303,0.9755493059394632,1.3765315656457464,1.146371399486822,0.887341262526688,0.9180678442401295,14.0,4,0,73.0,81.5,8.5,4.509249753,45.5913676,47.39405711,1.802689505,3.894841301,21.75,13.0,13.0,18.5,18.25,63.25,False
S001273,phase,full,4,1294264647,56.0,60,4,8,10,15,12,0.0214626628596768,0.0323421017456916,0.2255375023912888,0.0324517466889768,0.1559472364919108,0.1759820450472658,0.1154958064077492,0.108027909425706,0.0323040566833997,0.0315887448224879,0.0340451754852935,0.0023142548012878,0.7526532815621104,0.3457809630163856,1.2182160334692045,1.2474515738261007,1.413996441886698,1.2106005729047258,0.940047569018706,0.784384371173769,14.0,4,0,83.75,153.25,69.5,15.43804824,35.34109844,62.85505579,27.51395735,9.698069843,26.25,14.0,28.75,30.25,64.75,88.5,False
S001274,phase,full,4,1295264650,56.0,60,4,8,10,15,12,0.017582776428386,0.031114094066484,0.1448127604571703,0.0498741587981755,0.191799332607961,0.1853706821836459,0.0891880104886972,0.0478657011494252,0.0335625563206748,0.0584171719237755,0.040276554959749,0.0115440349444573,0.5293330937266038,0.1673292025563594,1.159379536357477,1.0275956727377789,1.0859299492970942,0.9015371421751897,0.9841501182632468,1.0138831022038817,14.0,4,0,46.75,55.25,8.5,7.937253933,19.01535442,20.80249047,1.787136045,5.241464668,31.5,9.5,12.75,33.25,15.5,39.75,False
S001275,phase,full,4,1296264653,56.0,60,4,8,10,15,12,0.0132825020256205,0.0383429045873627,0.2158168567717118,0.0205932058120895,0.1370977305842466,0.2071347754498584,0.0715957405384241,0.0556555048584207,0.0435742283150563,0.0296416864393346,0.008707004181606,0.0110183377908056,0.6016717009423196,0.4001916453284367,1.1383835685664383,1.0969941870431714,0.9167123570931625,0.9938967072609276,0.933503368922216,0.9655062363839648,14.0,4,0,69.75,83.25,13.5,14.45683229,22.4713632,24.57120732,2.099844127,3.165107632,40.0,12.75,19.0,52.5,40.75,42.5,False
S001276,phase,full,4,1297264656,56.0,60,4,8,10,15,12,0.0130414742711746,0.0578834700122894,0.1719368179861699,0.0174746678030323,0.1799555693728494,0.1522552368787351,0.0866666486623898,0.0720794556388182,0.0222802304517165,0.0207977932835773,0.016774837981308,0.0011175369615671,0.7514397214005843,0.1991895027048117,1.3203628894313328,1.102474908973652,1.1562335075614656,1.1908814287001566,1.2245478910744187,0.8152340171716415,14.0,4,0,96.75,136.0,39.25,12.12091856,32.76190519,49.61828248,16.85637728,3.042660248,46.75,9.75,43.5,53.0,78.75,57.25,False
S001277,phase,full,4,1298264659,56.0,60,4,8,10,15,12,0.0143865877898605,0.0677129746218778,0.1488132926958411,0.0243794818125185,0.2195903069738941,0.2868349716758218,0.0947324161688671,0.0784311517929584,0.047157015989139,0.0377498587447031,0.012907577060878,0.002423713328713,0.6049657532061274,0.1135265845536224,0.9502870980921048,1.107753225654008,1.004519504112004,1.0904447249854732,0.9638534540499692,0.9072215795735762,14.0,4,0,63.25,69.0,5.75,9.708243919,27.78808105,29.06399523,1.275914184,3.214552467,45.75,7.25,7.5,15.0,19.75,49.25,False
S001278,phase,full,4,1299264662,56.0,60,4,8,10,15,12,0.0267838971071499,0.0647801284687854,0.1387317091617895,0.015310257945755,0.1213753745299658,0.2045780367143364,0.1005031642985544,0.1036918167829221,0.0204110374357808,0.0388036174447438,0.0116345465673034,0.0013209542329601,0.8926679986286019,0.1393221361378941,1.2466163010137958,0.9837168540718024,1.0226835952901037,0.9363501065954948,1.1130512807492507,0.8074121860532188,14.0,4,0,90.75,108.75,18.0,7.348469228,53.41629849,65.3075514,11.8912529,5.846313521,34.5,15.75,12.0,22.5,41.75,67.0,False
S001279,phase,full,4,1300264665,56.0,60,4,8,10,15,12,0.0120161358074836,0.0311389382410201,0.1372292329524043,0.0178221062091057,0.1544888963031349,0.2216706974259759,0.0725680928145972,0.0589400638541925,0.072366705771124,0.0716453337119788,0.015695167086386,0.0021483097880521,0.4430358702717799,0.1579183376783285,1.300663643350521,1.0879686567566929,1.3917756548516145,0.8584113365466901,0.9067875638271516,0.8482912077696916,14.0,4,0,54.75,78.75,24.0,14.07124728,19.36527711,23.47098314,4.10570603,3.621721013,40.25,13.5,19.25,17.75,22.25,56.5,False
S001280,phase,full,4,1301264668,56.0,60,4,8,10,15,12,0.0159458546877708,0.0567232583823911,0.1894421918869884,0.0587296604710274,0.1963448614468416,0.2010146020177426,0.166248605664175,0.0523679902704876,0.0603163422368872,0.0329020294944533,0.0094526342616683,0.0013258992624102,0.4124496723679854,0.2377390631684966,1.0996495061104,1.0095994139892628,1.2348525780061772,1.3827791030301029,1.2490096489676716,0.8416163631224616,14.0,4,0,56.5,63.0,6.5,5.972157622,15.46138427,21.44613359,5.984749318,1.794157243,34.75,5.25,6.75,10.0,17.5,45.5,False
S001281,phase,full,4,1302264671,56.0,60,4,8,10,15,12,0.0174802549486278,0.0316795957572671,0.1579987154097862,0.0150109563527926,0.1082108192484689,0.2808173804307794,0.0827090227105958,0.0589639265656539,0.0588158137880647,0.0289981108435571,0.0093126810030589,0.0087779157173005,0.5888038823689183,0.2042078308743041,1.3188921019515905,0.9931527667976018,1.420255111274396,1.4248640984680505,0.906185840160306,0.8683534637339594,14.0,4,0,47.5,65.5,18.0,1.414213562,14.26621917,22.48923161,8.223012441,2.1278599,34.5,18.0,9.75,16.75,25.25,40.25,False
S001282,phase,full,4,1303264674,56.0,60,4,8,10,15,12,0.0138766293551294,0.0841927039404719,0.1755682460382678,0.0395591868089108,0.1655778713150984,0.2406987849244112,0.1193156928849267,0.0893703287884374,0.0436945868529371,0.0343377974670916,0.0106787177973657,0.0038889377689464,0.3859919239183206,0.2344070500199209,1.1040140644956826,0.9873336775010224,1.0583831683632,0.8919192103612548,0.8879551575375947,0.9098086414657846,14.0,4,0,75.5,66.75,-8.75,14.7507062,19.30002031,16.37111309,-2.928907229,2.974047084,47.5,5.75,8.0,10.5,22.25,44.5,False
S001283,phase,full,4,1304264677,56.0,60,4,8,10,15,12,0.0196453684489143,0.0338849773077152,0.2282948480612686,0.0191558923127773,0.1640959908289162,0.2026353994524388,0.1111213545247693,0.081993098882188,0.0264516478260255,0.0765185739297704,0.039924699387146,0.0016903765492397,0.8693055089818479,0.3927007049956993,1.024561148587423,0.9798802849669828,0.9394230071121372,1.2188258848964322,1.2082070651051309,0.9416166087252832,14.0,4,0,105.5,112.75,7.25,10.34005158,69.35483624,87.05567184,17.70083559,10.0518076,37.75,13.5,21.5,36.0,24.75,88.0,False
S001284,phase,full,4,1305264680,56.0,60,4,8,10,15,12,0.0190084761249005,0.0703754480655827,0.1531305952927277,0.0508865380618555,0.121604280024218,0.2307121567670719,0.1030568552760688,0.0732077251019206,0.0609729885002431,0.0343655367729301,0.0395985373532379,0.0056616223952532,0.8484591973754079,0.3498411090239728,1.0403890657505708,1.1615466645086634,1.4585897756063622,1.4470718247087817,1.07371947966853,0.8402268401755855,14.0,4,0,33.25,49.0,15.75,6.849574196,21.53877293,33.42454292,11.88576999,2.844920801,39.0,5.0,6.75,9.0,11.25,37.75,False
S001285,phase,full,4,1306264683,56.0,60,4,8,10,15,12,0.0248020934558819,0.0650642500208915,0.250484274878862,0.0246346327655721,0.1060989577132347,0.155603317726634,0.0915467768381121,0.061011068532355,0.0222962017167041,0.0512671184638076,0.0121661844031996,0.0105835925368779,0.7399722478507215,0.3062573159878358,1.0152851821283095,1.068673316363747,1.0926237714569127,1.0790983368360847,1.1930327754164265,0.896494271665051,14.0,4,0,87.75,101.75,14.0,8.286535263,40.68223866,55.83773191,15.15549325,3.78116807,37.0,11.5,19.75,34.5,36.0,65.75,False
S001286,phase,full,4,1307264686,56.0,60,4,8,10,15,12,0.0217106432055733,0.0593650363881189,0.3112149327434957,0.0162080280189118,0.1610457555307284,0.2627635497760484,0.1304521404371648,0.1081241608212381,0.044779788026276,0.0513714136547055,0.0363989189148769,0.0014337898795163,0.8044395061134659,0.1557202005308304,1.2767115445763304,1.035016584002422,1.0078822319815677,1.2581117155724255,0.8612523240415254,0.8098098802643329,14.0,4,0,111.5,146.5,35.0,20.94437076,61.06188478,72.33381944,11.27193466,10.42036413,40.25,14.0,17.25,35.5,46.5,100.0,False
S001287,phase,full,4,1308264689,56.0,60,4,8,10,15,12,0.0314860016245044,0.0490493734738085,0.1490303163520219,0.0252148180957371,0.1215228710007635,0.1952102518412434,0.0864623750117292,0.0585936489304019,0.083323371452108,0.0599384566652805,0.0121628247953758,0.0037538514848769,0.6185818107468992,0.3340567633569082,1.1948199490604727,1.192761568412382,1.3612367350055237,1.2354371283595718,0.8637761335776125,0.9278793640841184,14.0,4,0,62.0,89.75,27.75,17.1537168,28.87939396,39.1120441,10.23265014,5.025729947,23.0,17.75,22.25,26.0,19.5,70.25,False
S001288,phase,full,4,1309264692,56.0,60,4,8,10,15,12,0.0313378062704192,0.0756776855812105,0.1842574385668205,0.0244310846106231,0.1587154537036965,0.2802556026781158,0.1324667084236114,0.0492095745350403,0.0234782363540637,0.0527637701079652,0.0118634651318216,0.0045765156653075,0.6387695815275936,0.3219214732176742,0.986067238469073,1.058078555438039,1.1990751333410703,0.8542042289105646,1.3809631145219858,1.010697047001002,14.0,4,0,101.5,109.25,7.75,2.62995564,45.7813341,58.65034927,12.86901517,1.442755174,33.25,10.5,10.25,31.0,38.0,71.25,False
S001289,phase,full,4,1310264695,56.0,60,4,8,10,15,12,0.0138345484682775,0.0528432373249368,0.2562217054236374,0.0310702598824257,0.1943730919609815,0.1582154484180703,0.1467476751835599,0.0665130727794596,0.0200594786527878,0.0369991930771896,0.0090234086797604,0.0016250803753878,0.6416184117565245,0.3284123467376022,1.263654830765418,1.0550124040354962,1.3228052175934908,1.1666191859683708,1.362281097908659,0.7725824421141987,14.0,4,0,83.0,119.25,36.25,13.45052663,33.81331221,60.22794864,26.41463643,6.894223289,41.5,8.25,21.5,28.5,45.0,74.25,False
S001290,phase,full,4,1311264698,56.0,60,4,8,10,15,12,0.033864569107867,0.0548085331558193,0.1919205069735538,0.0225364219022255,0.1333468300969268,0.1407003928671528,0.0673143918924433,0.07135062861243,0.0378359496045137,0.040281499053367,0.0100719562895894,0.0013235383563354,0.37202041996571,0.3670341231119796,1.2652670402929909,1.2764695020953332,1.3623539072818691,1.0358006830307098,0.962370262673591,0.7435578090769202,14.0,4,0,133.5,253.25,119.75,28.90645833,28.77134099,46.72123248,17.94989149,5.548168759,25.5,17.5,93.5,101.5,120.0,133.25,False
S001291,phase,full,4,1312264701,56.0,60,4,8,10,15,12,0.0125618050129026,0.0799485670996409,0.1413605649879944,0.0213641893827138,0.1078563302962803,0.2012605008173759,0.0981918340989045,0.0734729702128341,0.0229533279502232,0.0306579333712741,0.0245910593998884,0.001764821725224,0.7038532492344368,0.2835125069682234,1.0280721893741571,1.0119668248871856,1.262567755748381,1.2484286171198615,1.1916138071354616,0.995248925178874,14.0,4,0,55.25,51.0,-4.25,2.061552813,24.61048057,27.52827455,2.917793984,2.127294397,45.25,8.0,5.75,7.0,14.75,36.25,False
S001292,phase,full,4,1313264704,56.0,60,4,8,10,15,12,0.0134673671416332,0.033205700842199,0.1779990495319826,0.0203974338352938,0.1698405468306488,0.1675781188178756,0.1218356273986847,0.0761562402222529,0.0392320398347293,0.0416894315889946,0.0213809437227641,0.0078252941541348,0.4420801315597887,0.1334819662914408,1.1939575813231735,1.2795347755457516,0.954512425922496,0.9090224115551052,1.386622383846066,0.7595088557281544,14.0,4,0,79.25,138.5,59.25,19.61929323,21.58801978,41.87269173,20.28467195,3.013859626,38.5,11.75,44.0,55.75,65.25,73.25,False
S001293,phase,full,4,1314264707,56.0,60,4,8,10,15,12,0.0158367010045097,0.0303282410940454,0.2057417076483442,0.0580055380839655,0.1409661683227916,0.2845526159692558,0.0861273676100889,0.0678100209768792,0.0761273452686958,0.0544749808884512,0.0339354914775787,0.0012135988153009,0.4393364826163297,0.4451946896998943,0.9948813153656294,0.9527225770147344,1.0107622642407013,1.3059760104889282,1.2350479058316184,0.760526610914837,14.0,4,0,49.25,52.25,3.0,2.943920289,17.36616357,20.84489691,3.478733334,0.8064863932,37.25,6.5,3.25,12.25,9.5,42.75,False
S001294,phase,full,4,1315264710,56.0,60,4,8,10,15,12,0.028517833992215,0.0541708592299739,0.1714652538429898,0.0253455718885837,0.1032520462260581,0.2753743665598989,0.1449037125601027,0.0670658426089889,0.0438591083616184,0.0255648181753734,0.0400091540340994,0.0019303098479047,0.4878796158187033,0.2744217396471352,1.2448670579300356,1.0575637682371235,1.4681808046986289,0.939550762351303,1.1666353172045498,0.7951332961685056,14.0,4,0,45.0,62.75,17.75,5.852349955,14.42968419,18.37648585,3.946801657,0.6957779982,28.0,14.25,5.25,15.25,28.25,34.5,False
S001295,phase,full,4,1316264713,56.0,60,4,8,10,15,12,0.016347117541616,0.0416443098114641,0.1430826434090853,0.0396703925129614,0.1301284184645357,0.1877463982368175,0.1346329740959963,0.0596595541713007,0.0383424092912441,0.0347154483136709,0.0189752571076468,0.0013306822394536,0.444062924233542,0.1504865691984994,1.1095189811613777,1.1300012709411975,1.0264753551282515,1.1751262214809892,0.9918477626589642,0.9538895777391606,14.0,4,0,56.25,58.0,1.75,1.707825128,17.5219529,18.42419996,0.9022470597,0.4669328036,34.75,9.0,9.75,20.25,16.5,41.5,False
S001296,phase,full,4,1317264716,56.0,60,4,8,10,15,12,0.0162688952442797,0.0805699216310202,0.1320295671907437,0.0351850417355394,0.113260455255654,0.1470525577274198,0.0764177776271755,0.0688128992052855,0.020729028171906,0.0249715700779934,0.0247402965820951,0.0078350439888448,0.4228286908022465,0.43500651025227,1.3227229759139087,1.107394103206114,0.9667841562559144,1.0040742273900811,1.3541622321479907,1.0487912977396834,14.0,4,0,52.25,49.5,-2.75,7.410578025,12.04473349,14.8998883,2.855154804,2.787770092,43.0,6.5,8.5,15.75,19.75,29.75,False
S001297,phase,full,4,1318264719,56.0,60,4,8,10,15,12,0.0124108819472274,0.043299634902995,0.1482725179752828,0.042297103378792,0.1487471336439565,0.1453057950916564,0.1191901461957962,0.099173147855771,0.043312832850202,0.0327286607141656,0.0428381164045359,0.0023075386295233,0.727118670659203,0.4013252865011033,1.1515710214782922,1.1297893645092143,0.999940470207228,1.413977200943902,0.9663104737890402,0.7503160675607946,14.0,4,0,49.25,67.25,18.0,7.571877794,22.41261649,32.06892496,9.656308469,4.429052078,38.5,5.75,8.25,16.0,22.25,45.0,False
S001298,phase,full,4,1319264722,56.0,60,4,8,10,15,12,0.0147193034960524,0.0316064314548821,0.2535808434654188,0.0151949074849821,0.1211398803838448,0.1472799529433627,0.1658515366360848,0.0508430770882375,0.0285362852070059,0.0218459781350806,0.041348149777367,0.0061276464992925,0.5427570781902545,0.4419500548518305,1.1708989206535865,1.1129153748006593,1.4990935480126892,1.256646395318613,1.355431216435771,0.7755077498445275,14.0,4,0,41.5,64.25,22.75,9.03234927,11.64907361,21.60504738,9.95597377,4.872826777,43.75,14.0,17.25,28.5,30.5,33.75,False
S001299,phase,full,4,1320264725,56.0,60,4,8,10,15,12,0.0203781890540476,0.0364603750039094,0.2728479789745063,0.0559019108129147,0.1557498861855787,0.2027313574016565,0.1055922707986187,0.0792337676448318,0.0256660971112572,0.0315457585221367,0.0151290594301699,0.0037291161754396,0.59772019843245,0.178521141072698,1.31567463116195,1.1383053989141123,1.4033094541714937,1.1677232029345253,1.1185728005731848,0.7907927384388317,14.0,4,0,123.25,189.5,66.25,24.55436146,39.81989078,64.42739321,24.60750243,7.20267032,22.5,9.0,26.0,44.75,90.5,99.0,False
S001300,phase,full,4,1321264728,56.0,60,4,8,10,15,12,0.013734448073666,0.0610246376419042,0.2889081507870946,0.0367810518625815,0.131526561225357,0.1656463128833664,0.0708910741409672,0.0683960579647846,0.075188217383684,0.0480360238960038,0.0204448680596415,0.0058443257618411,0.7753455300511587,0.2679420250776095,0.9991455263853564,1.0496377680364994,1.2161554404336208,1.4220118280427738,1.1340763160179943,0.9448485945094652,14.0,4,0,59.0,79.0,20.0,13.3666251,31.72979706,50.27742355,18.54762649,5.187356256,44.75,7.0,21.75,19.0,20.75,58.25,False
S001301,phase,full,4,1322264731,56.0,60,4,8,10,15,12,0.0151760681589742,0.0650486175054367,0.2354147981435016,0.0159783194656918,0.1760726496445706,0.1728270799320306,0.0960221910710531,0.0480243095496376,0.0465968456382491,0.0796589066056811,0.0257845182818537,0.0068958628435607,0.8539002858854335,0.2633609903916255,1.178791218548086,1.0473752793551188,1.0800532841312471,1.2826932204432029,1.1751437053183793,0.7461029313954228,14.0,4,0,79.0,118.0,39.0,22.09072203,49.97567378,83.49441084,33.51873706,10.7554037,45.25,8.25,34.5,64.75,29.0,89.0,False
S001302,phase,full,4,1323264734,56.0,60,4,8,10,15,12,0.0344013916942649,0.0445196143400352,0.2000284395777392,0.0189089583216833,0.1389974550076645,0.1531870061567852,0.1719516681990371,0.0778106187257622,0.0415628581926421,0.0361818559199675,0.010666389721637,0.0087374913676145,0.6454080082609407,0.2664643895261547,1.247812679310314,1.204205978947012,1.1576753797167254,0.8948239963775573,1.1237306071611952,1.0371663240217728,14.0,4,0,99.75,135.75,36.0,21.33854103,36.38879129,43.35750874,6.968717452,3.515048906,28.0,18.5,41.25,45.75,75.0,60.75,False
S001303,phase,full,4,1324264737,56.0,60,4,8,10,15,12,0.0208309956512115,0.0719592801507558,0.2746793673777171,0.0469970464942423,0.1800296184995173,0.2977893982041144,0.0866036472702114,0.1098331143456081,0.0251575457729959,0.042740961415809,0.009885678552296,0.0032399141034473,0.7439163691672273,0.4272855950855083,1.3473668669049526,0.9922531038350731,1.425714146634076,0.9979206978524808,1.275399157844287,0.9405753494170328,14.0,4,0,139.25,167.75,28.5,15.54563176,63.16384213,94.8430429,31.67920076,6.919850319,31.25,8.75,10.75,19.5,63.5,104.25,False
S001304,phase,full,4,1325264740,56.0,60,4,8,10,15,12,0.0186249509229054,0.0372106787890271,0.1627134007919887,0.0234110273074226,0.1142961954804416,0.1957157126791908,0.0616361595674785,0.0536807331270947,0.0299091753506145,0.038207016782368,0.021739747324731,0.0101303636177316,0.563204229763634,0.2457140684884552,1.1123955264891718,1.1635377985662236,1.1896397005347226,1.2217117227561407,1.3025259492581196,1.024959242839609,14.0,4,0,54.75,69.25,14.5,6.952217872,17.37384921,28.45527516,11.08142595,7.00711972,37.75,11.5,18.5,37.0,26.5,42.75,False
S001305,phase,full,4,1326264743,56.0,60,4,8,10,15,12,0.0201203506370714,0.0348411599955242,0.1687476372321359,0.0254999255020585,0.1636510065705364,0.1681911037534643,0.1490340365335347,0.0654927879108743,0.0701745805801554,0.0563757819651248,0.0159095604582277,0.0013948841874903,0.6073970304286045,0.1333412246819007,1.0260873182323174,0.9921007592787052,1.4108640251732594,1.1696233197640902,1.1873144553540345,0.7465527770485826,14.0,4,0,70.5,82.0,11.5,7.187952884,34.06044148,45.22558599,11.16514451,2.149196024,31.25,13.5,14.5,15.75,16.0,66.0,False
S001306,phase,full,4,1327264746,56.0,60,4,8,10,15,12,0.0207846602680981,0.0608787210386225,0.1837723617308104,0.021116659514601,0.182951554278305,0.1710935394465302,0.0604574057571492,0.1099148585424011,0.0284796799031749,0.0506061111087714,0.0261936547403238,0.0043790884705439,0.8228434816496593,0.1458463612251328,1.0597559653432802,1.1278826972999971,0.9208765231476588,1.128232655528672,0.9626259743099742,0.8957196484534808,14.0,4,0,114.25,192.75,78.5,43.9886349,61.04535341,90.8209846,29.77563119,13.11793186,38.25,12.75,59.75,73.25,78.25,114.5,False
S001307,phase,full,4,1328264749,56.0,60,4,8,10,15,12,0.0188328611493817,0.045219071608999,0.1284226885286707,0.0448062053906222,0.1036198636735805,0.2990005967730963,0.0696410996522971,0.098961056949611,0.0237741443938293,0.0308172104532741,0.0150714284125371,0.0081688718303848,0.6365761847323346,0.2571027838549916,1.2585061366955932,1.0368239060771212,1.2240819970680554,1.2770668128932998,0.9031430917754176,0.9332401828611528,14.0,4,0,62.25,68.5,6.25,7.5,24.15909175,26.2820027,2.122910942,3.845447259,30.25,8.5,5.5,12.5,25.0,43.5,False
S001308,phase,full,4,1329264752,56.0,60,4,8,10,15,12,0.0252936036202971,0.0605128290079431,0.2767643908008333,0.0284570458703573,0.2001498234322964,0.2118403479595071,0.0681779518599458,0.0941048144828897,0.0777022316535115,0.0307239102911367,0.0307520935897616,0.0115624433931864,0.7915641786253426,0.1483380737164746,1.3370056451617218,1.0807176359994826,1.4243302896177523,1.310252401895709,0.9373895050635832,1.0275529272586,14.0,4,0,158.0,231.25,73.25,15.71358224,56.73977436,83.45820182,26.71842745,8.322906068,32.5,11.5,68.0,72.0,120.5,110.75,False
S001309,phase,full,4,1330264755,56.0,60,4,8,10,15,12,0.0221820013304236,0.0355716652192707,0.2421747925741341,0.0535790956101511,0.1589043739028146,0.2634986919609648,0.1251609079655593,0.0455317661047889,0.0252058479384764,0.0307619185685083,0.008711820014603,0.0035775195298123,0.5986106986478549,0.4242302441877776,1.2607100783941614,1.141793574180862,0.9268698182497082,1.1275983036801185,1.1102069953459226,0.8574491203967544,14.0,4,0,83.0,107.25,24.25,12.03813385,28.65220317,39.07658872,10.42438554,3.371605737,26.25,10.0,10.5,56.25,46.25,61.0,False
S001310,phase,full,4,1331264758,56.0,60,4,8,10,15,12,0.022840447651248,0.0320446910369922,0.2239585444382361,0.0569686545692101,0.1003517936582142,0.2148974457313939,0.06592635320022,0.0694812966723064,0.0401583169474853,0.0350629475383761,0.0387600211576752,0.0023256775779013,0.8517279495951263,0.1972282607354628,1.0134853382714122,1.1831081049268322,0.9508761624403558,1.2467559139685225,1.176993777930974,0.8611520461420387,14.0,4,0,60.25,84.75,24.5,12.34233905,35.28442178,55.80368511,20.51926332,8.307943415,23.0,8.25,16.25,41.25,26.25,58.5,False
S001311,phase,full,4,1332264761,56.0,60,4,8,10,15,12,0.0226257149167696,0.0401115568617403,0.1387533727266588,0.0377770124191074,0.199785760362672,0.1787338953165177,0.1112398016378462,0.0464810385194281,0.0212973208772579,0.0455080619326697,0.0087771597568591,0.0099466469953412,0.7758215691109516,0.3202390129386284,1.0466214785485737,1.1766643705557152,1.0252420926872086,0.8881154176634187,1.3225380590417926,0.904167874363422,14.0,4,0,83.25,105.5,22.25,12.6062154,41.56613702,57.70019944,16.13406241,6.981780273,32.25,9.75,24.75,63.75,46.0,59.5,False
S001312,phase,full,4,1333264764,56.0,60,4,8,10,15,12,0.0240763531605454,0.0463169678352989,0.1771529784893973,0.0211380421428723,0.1064545727993258,0.2059585638310108,0.1627202640186459,0.0703884062554034,0.0526096847131077,0.0677406801484892,0.0361651543442008,0.0028326728792794,0.5224490278476407,0.1255666073469928,1.3034141450865513,1.1644541339067158,1.2725216521480864,1.3594185595639978,0.8771980019841512,1.0010047714781003,14.0,4,0,51.25,70.25,19.0,7.257180352,21.35488302,26.30173129,4.946848273,3.510689003,31.0,18.75,16.25,17.0,15.0,55.25,False
S001313,phase,full,4,1334264767,56.0,60,4,8,10,15,12,0.0273101822263649,0.0584578719241473,0.2664038544305458,0.0326171373571551,0.108436097278854,0.1914493326596749,0.069412479838335,0.0973641225174209,0.0633143725557427,0.0466164529249212,0.0122210544913525,0.0011705314057735,0.6162477616207658,0.4113762193669149,1.0484584271078952,1.167280368285318,1.1794051007884825,1.3500257368645137,1.113435746876978,0.7814533853247415,14.0,4,0,116.75,165.25,48.5,11.70469991,48.6541231,79.20210318,30.54798008,2.777334781,29.0,9.5,26.75,29.25,47.5,117.75,False
S001314,phase,full,4,1335264770,56.0,60,4,8,10,15,12,0.0244939347014966,0.0384758086064412,0.3163269722124776,0.0451220324135522,0.1442709708907411,0.1971498964320232,0.1590025252761217,0.1148898598104111,0.0338654973826553,0.0809528595383884,0.0293858207234537,0.0029957452328584,0.8561273225496137,0.2525295352820572,0.9754919358251574,0.9957759790425011,1.104908573524721,1.3065165624731512,1.2688299713504805,1.0132035135927586,14.0,4,0,116.25,123.5,7.25,12.91962332,77.92143298,104.7984927,26.87705969,13.04617813,26.75,7.5,13.5,18.25,19.75,103.75,False
S001315,phase,full,4,1336264773,56.0,60,4,8,10,15,12,0.0153838265200014,0.0627377073707097,0.3038468797763581,0.0260620691615609,0.1451821773072658,0.1737465130024643,0.0807680455763807,0.1137375316669267,0.0403391558049231,0.0564452394859061,0.0304078194184193,0.0065184681071284,0.5076160709883302,0.3005400324500586,1.150181615587854,1.023248662787212,1.449604291932482,0.8824856292496718,1.1908426730151445,1.029279225291822,14.0,4,0,104.25,117.5,13.25,24.32248617,34.31402082,43.08359552,8.769574704,5.274835366,43.5,7.75,29.75,28.75,43.75,73.75,False
S001316,phase,full,4,1337264776,56.0,60,4,8,10,15,12,0.0328025199618923,0.0701566562810055,0.1378199293420418,0.0154684850719257,0.2038874549232461,0.2527407974503159,0.1252701659002528,0.0531282812710705,0.0286573262604736,0.0510646711211817,0.0162149494099404,0.003814653627183,0.7132672207880555,0.4396825323693757,1.0002035866991863,1.020346212200165,1.3266833221035033,0.9204990637696934,0.8845331471835184,1.0095905305213608,14.0,4,0,82.75,95.0,12.25,9.178779875,41.63238334,40.20853365,-1.423849687,4.643944981,36.0,17.75,10.5,34.0,34.0,61.0,True
S001317,phase,full,4,1338264779,56.0,60,4,8,10,15,12,0.0189132774726777,0.0489145326199795,0.1610964048481406,0.0334797858981175,0.1101915517434106,0.1881778640170341,0.1610456322599295,0.0752656681351642,0.0428854732271592,0.047235026760177,0.0283946415043242,0.002261845318112,0.7965776678784524,0.2661486835714965,0.9646895913616552,1.239712930102414,1.0495757574070923,1.3999253669489578,1.1902632093381298,0.7459851801108669,14.0,4,0,45.75,61.5,15.75,11.81453907,28.67821126,44.84196976,16.16375849,7.807923684,36.25,9.5,7.25,16.0,12.0,49.5,False
S001318,phase,full,4,1339264782,56.0,60,4,8,10,15,12,0.0334798298819587,0.0354022668429108,0.1845160785896055,0.0273912073854174,0.1505474459089954,0.2284666698441056,0.1376445096892311,0.1124729492148383,0.0226087178046887,0.0558105962859253,0.0094241337356139,0.0053298980374564,0.5506030203107504,0.4296366621069193,1.2609858312394342,1.1607318173337873,1.366289107058931,1.3756456885269193,1.1033696663378083,0.7347453222862963,14.0,4,0,131.25,183.0,51.75,19.82212568,48.17686794,82.0071163,33.83024836,6.541660534,18.5,17.0,18.75,26.5,44.75,138.25,False
S001319,phase,full,4,1340264785,56.0,60,4,8,10,15,12,0.014649938082582,0.0478430418699579,0.257048722253665,0.0396503694239301,0.1010106642405427,0.1565018270641276,0.0831059236145389,0.0980756338608975,0.0771775366104999,0.0462300888121015,0.0412666236719573,0.0052149904057199,0.8236452146693128,0.1844597257081054,0.969111246663898,1.246569692486884,0.9511717777927428,0.920843109534635,0.9689050705626134,0.8350936515461858,14.0,4,0,48.75,62.25,13.5,8.346656017,28.95798698,32.40682661,3.448839628,3.759703426,38.5,6.25,15.25,16.25,21.5,40.75,False
S001320,phase,full,4,1341264788,56.0,60,4,8,10,15,12,0.0235903601839649,0.0560649606947407,0.2563871859455007,0.0268965637062987,0.1408371686276392,0.1906893985886366,0.1439090368121663,0.0705448476569814,0.0369945337914027,0.0391016642127994,0.0362792324561882,0.0064166704232132,0.4712464333118706,0.2200596072208591,1.218001217625808,1.0467023899181347,1.4917757004548875,1.2252098582642503,1.3499829332781692,1.0266497113277893,14.0,4,0,63.75,85.75,22.0,8.831760866,19.5846535,31.15986701,11.57521351,4.66674347,28.25,16.5,20.0,25.75,32.75,53.0,False
S001321,phase,full,4,1342264791,56.0,60,4,8,10,15,12,0.016991465650267,0.0377061967217712,0.1995947851663592,0.0196609820765523,0.1094618274995228,0.1723728119781779,0.1001255810553571,0.1002916068456289,0.0617064684224708,0.0843056122612599,0.0225543882401667,0.0037500925797048,0.8157359975689182,0.4161043398282953,0.9964609608906684,1.0147879528201689,0.9176046262368812,1.0669172398705562,1.333442982379023,0.9530222058683088,14.0,4,0,85.75,83.5,-2.25,5.251983752,54.65726105,65.36318805,10.70592701,3.900957805,41.5,10.25,18.5,22.5,15.0,68.5,False
S001322,phase,full,4,1343264794,56.0,60,4,8,10,15,12,0.0306482173711317,0.034151324317229,0.1426495866642104,0.0271014333902757,0.200288316587985,0.2112243569055092,0.09297717909405,0.0817045233161792,0.0528706626850258,0.0460384206182712,0.0248429231078736,0.0115304219360263,0.6266886232710773,0.2758960359737258,0.9617862802221434,1.2426102517307145,1.0873558916109267,1.1537432001504253,1.2749879854698825,0.9263641573056453,14.0,4,0,84.5,128.75,44.25,10.34005158,32.28680375,54.61041607,22.32361232,4.699168617,26.5,12.5,38.75,62.25,57.25,71.5,False
S001323,phase,full,4,1344264797,56.0,60,4,8,10,15,12,0.0152992038466148,0.0506134466468501,0.2521464153076442,0.01554673724816,0.1100825926656436,0.1584936896248015,0.1296752267114271,0.1283595869385299,0.031168366577797,0.0241470473627486,0.0126456031616484,0.0051098710684388,0.7038150748381733,0.316462079241274,1.0210475510136112,1.0644716340103504,1.2607485329156038,1.0308040932277318,1.3638141083152944,0.8501627775808741,14.0,4,0,94.25,104.5,10.25,12.33896268,36.08147221,46.28712714,10.20565493,3.570308281,38.75,15.5,20.5,13.5,50.5,54.0,False
S001324,phase,full,4,1345264800,56.0,60,4,8,10,15,12,0.0251800155351419,0.0535304261970455,0.1923605514981586,0.0152708574802365,0.1370477194396107,0.1943303919218185,0.1071576618548004,0.059200402642003,0.0222321650415117,0.0309731164546853,0.0264647683879676,0.0034480756336248,0.5350632331609235,0.138702951161951,1.0925640437528406,1.0856519738464654,1.1601743049683029,1.2508406896454272,0.9021735745588928,0.9919803821491204,14.0,4,0,80.0,100.5,20.5,6.608075867,23.83135763,28.41897118,4.587613547,1.639245523,36.5,16.0,27.25,46.0,43.0,57.5,False
S001325,phase,full,4,1346264803,56.0,60,4,8,10,15,12,0.0204162373911045,0.0414646447488858,0.2235250130453604,0.0190154340806746,0.122940057455133,0.2194912094064111,0.1503523373257516,0.058410432364096,0.041759440958011,0.0251229510107555,0.0203770694368676,0.0095124083623203,0.7068016277871179,0.4157878190449829,1.305113788983959,1.2108705297169466,1.396131277871712,0.934718616303663,0.8594038766068551,0.7826368110423876,14.0,4,0,56.0,102.75,46.75,17.61391495,20.45347531,25.80485768,5.35138237,2.299120451,35.25,13.75,23.75,33.5,59.75,43.0,False
S001326,phase,full,4,1347264806,56.0,60,4,8,10,15,12,0.0197798078363675,0.0491221131710467,0.1749878292304042,0.0153558482003738,0.1595689107351136,0.1786318484744337,0.1358588390916805,0.0905693584861092,0.0436492737708095,0.0813634748127945,0.0209356718478923,0.003078322117954,0.7005048033933086,0.3951979642668602,1.0195062288085628,1.2620109888383493,1.0416381958968226,0.9070231696082328,1.2961649847925525,0.8018614307963947,14.0,4,0,78.0,127.25,49.25,24.32248617,42.5646895,76.7577772,34.1930877,17.13532332,37.5,14.5,27.0,32.75,35.5,91.75,False
S001327,phase,full,4,1348264809,56.0,60,4,8,10,15,12,0.0332361595286813,0.0781857587373449,0.1286099969792866,0.0344710923774601,0.1471089670468286,0.2310400620364377,0.161847229130391,0.1222774333715409,0.0674360521227383,0.0216298453117015,0.009788429808521,0.0010399957522248,0.5126130424052953,0.2885338991801967,1.046070429172464,1.0190574671334598,1.025646721728373,1.1760025164378405,0.9089316440219726,0.9436531866333012,14.0,4,0,63.25,67.25,4.0,4.966554809,20.37431015,20.88762888,0.51331873,1.333821615,30.25,10.5,4.0,5.5,24.5,42.75,False
S001328,phase,full,4,1349264812,56.0,60,4,8,10,15,12,0.0132448546780556,0.0847756576239349,0.3152717276677723,0.0271709766221253,0.197846462773995,0.2005205580953208,0.0611733384737252,0.1160676895852602,0.0332817962028048,0.0342670991614115,0.0198630396958846,0.0015422558812993,0.5229237204561413,0.1189915416089178,1.335312772354119,1.1601572314979829,0.9787419734438548,1.0598144499427165,0.8753902451372635,0.925831554764146,14.0,4,0,142.5,250.5,108.0,61.4817046,46.20407606,59.20684419,13.00276813,12.81333069,42.75,9.75,105.5,120.0,125.5,125.0,False
S001329,phase,full,4,1350264815,56.0,60,4,8,10,15,12,0.0148701112281121,0.0323830667123394,0.1608390144701769,0.0319130237055845,0.1890780473154151,0.1432426361124307,0.1031641423890468,0.084428164864349,0.0801151943025566,0.0705174048860223,0.0137018405763985,0.0024859849079911,0.6233940779008811,0.2596766189003814,1.083011377909876,1.0351247891876687,0.9154488451287178,1.0088490359905926,1.0699309017473897,0.7839690358340743,14.0,4,0,87.0,94.25,7.25,5.439056291,40.86871723,45.09245909,4.22374186,2.476607464,35.75,13.25,36.0,29.75,23.25,71.0,False
S001330,phase,full,4,1351264818,56.0,60,4,8,10,15,12,0.0196606478695976,0.0322064156236179,0.1554956953644166,0.0292256837917944,0.1734388302062204,0.2096170603502358,0.1016706714670031,0.0955651105766976,0.0227711716680835,0.039980422128416,0.0280779798842543,0.0034710446212913,0.4592467171083194,0.2249518459703301,1.0846863485885525,0.977059562181296,1.3838644563132318,1.2462914738420572,0.865395012709267,0.9496000663219232,14.0,4,0,92.0,119.75,27.75,6.898067362,28.20306765,33.90555871,5.702491058,0.7551156004,34.0,15.25,17.25,22.75,37.25,82.5,False
S001331,phase,full,4,1352264821,56.0,60,4,8,10,15,12,0.0292876170639675,0.0328088930702625,0.1850441626307935,0.0557820151439638,0.1240789888767175,0.2605596081813168,0.0843855824022936,0.0469409738258382,0.0708273975482759,0.0317503005232539,0.0252847493516431,0.0045238237788265,0.4181350722897339,0.3106048385375318,1.1280277257848697,0.9985844107668336,1.172467968462375,0.93654291913596,0.871549788075476,0.8095520607698085,14.0,4,0,54.5,67.25,12.75,4.924428901,15.88171001,17.32351906,1.441809057,2.35903111,21.0,8.5,7.5,22.5,22.25,45.0,False
S001332,phase,full,4,1353264824,56.0,60,4,8,10,15,12,0.0316083106269178,0.0309769817949482,0.2716189001165549,0.044923232327448,0.1097397766651161,0.1740076938739158,0.1405575303085083,0.1032744154828752,0.081595240980928,0.0306997976366272,0.0321374964129251,0.0024696953594396,0.7027225064881042,0.444912068315616,1.039529864893698,1.2687835963142418,0.9437870664576854,0.9200162420746174,0.9126406202881764,1.0362477455653032,14.0,4,0,68.0,77.25,9.25,10.11187421,31.75395018,29.98047595,-1.773474231,3.675998922,23.25,9.75,17.5,19.25,30.75,46.5,True
S001333,phase,full,4,1354264827,56.0,60,4,8,10,15,12,0.0154202051799232,0.0621220659525632,0.2828762499570841,0.0200305374670208,0.1752067327581977,0.2135323571063745,0.0732367522022932,0.066701086865374,0.0715971132084319,0.0768836044229588,0.0232401343674059,0.0029519684094614,0.4104264077971093,0.3329732393374259,1.1032122664299493,1.0659395863632766,1.0561490603244172,1.2381524951637055,0.9856706960872156,0.8566900037300501,14.0,4,0,87.5,111.0,23.5,11.12055155,27.47363283,34.72680007,7.253167245,4.605430474,41.5,11.0,27.25,45.25,26.5,84.5,False
S001334,phase,full,4,1355264830,56.0,60,4,8,10,15,12,0.0293407066417306,0.0461849031793963,0.1705179127291313,0.0194388308542237,0.1116374541150792,0.266473261520291,0.073732478298731,0.0970514106361032,0.0368853139948139,0.0799487639011484,0.030708858653885,0.0063007228007751,0.8707265720397562,0.4343804066677881,1.10975495488759,1.180859731562419,1.0360788191487906,1.2228210884858652,1.3668526859830177,0.962491137156699,14.0,4,0,105.75,128.75,23.0,18.27566688,72.25037557,113.6159805,41.36560489,9.006873295,28.25,16.75,13.5,34.0,24.25,104.5,False
S001335,phase,full,4,1356264833,56.0,60,4,8,10,15,12,0.0176764849148093,0.0619014819292801,0.2197572779555178,0.026351986169281,0.1319204584765696,0.2300829340983213,0.0644604652234893,0.0926187561579698,0.0415955227714063,0.0508940629725945,0.013615852635011,0.0016566016092158,0.5254448624377401,0.3136797412988083,1.0817090881968965,1.2857454780588975,1.150922436903201,1.1533165403692425,1.0019122099618152,0.7356460686515293,14.0,4,0,89.75,144.25,54.5,21.94690563,33.41645931,50.24196333,16.82550402,5.912061025,41.25,8.5,18.25,32.5,48.0,96.25,False
S001336,phase,full,4,1357264836,56.0,60,4,8,10,15,12,0.0327745090803578,0.0536902196940044,0.1809113418144629,0.0328282741056514,0.1046400080865172,0.1863589326561915,0.1256724143537722,0.0645172384374531,0.0437403446395277,0.0219126099103657,0.0162407134562578,0.0019699143674244,0.541266207491075,0.1512519038035564,0.9846101231871768,1.2258302376162915,1.4068974869411257,0.9929782735405196,1.2297173115918951,0.8427053606843141,14.0,4,0,60.0,77.25,17.25,6.551081336,18.05089498,24.58906902,6.538174039,2.080602086,27.75,10.75,11.75,18.0,37.5,39.75,False
S001337,phase,full,4,1358264839,56.0,60,4,8,10,15,12,0.0219096726718377,0.0457239189958581,0.1206325003558628,0.0298920178064066,0.2197665867455744,0.2659724867544821,0.1130129163015535,0.1078539288990043,0.0389609494544,0.0210363857013481,0.0215341682797947,0.0047258494341855,0.6492732794499909,0.3097985005711361,1.1868764057856496,1.224526559411242,1.4073985808489335,1.4117354083333875,1.2840655893854638,0.7342530216620732,14.0,4,0,74.25,120.5,46.25,30.96637962,28.64385705,53.90702192,25.26316486,8.193935149,26.75,12.75,11.5,16.75,51.25,69.25,False
S001338,phase,full,4,1359264842,56.0,60,4,8,10,15,12,0.0124348567057966,0.0768852899052843,0.2132474386887195,0.033209510332917,0.2079028530975289,0.213110016470982,0.092130384759966,0.0960723600049933,0.0433811196819065,0.0214727464340702,0.0083487882129189,0.0084668662191872,0.7993193384150232,0.315355146868609,1.1321816839281074,1.2585245783230643,1.4730085748555013,1.096728313382995,1.3576740558608915,0.9823467373100934,14.0,4,0,89.25,143.75,54.5,52.88036813,32.8117295,63.8749992,31.06326969,24.20909561,47.25,4.75,23.25,19.75,82.75,61.0,False
S001339,phase,full,4,1360264845,56.0,60,4,8,10,15,12,0.0288845927677181,0.0367694182666681,0.196562179825254,0.0223968494199574,0.1592823067689692,0.1646525699664941,0.0927267519601573,0.0503714445260512,0.0596051500521704,0.0775752811270319,0.0125043416025052,0.0095898440728313,0.4925576321711756,0.4311427756691645,1.3290847539177006,1.1191041384418576,1.0901847450264155,0.8562156434319047,1.2932277862491683,0.9569013633571214,14.0,4,0,88.75,122.5,33.75,13.54929272,31.17782088,48.73943251,17.56161164,4.810625837,25.0,19.25,53.5,80.0,43.5,79.0,False
S001340,phase,full,4,1361264848,56.0,60,4,8,10,15,12,0.0206570873682797,0.0712495782783229,0.1249805764271591,0.032967102768344,0.19190945006426,0.1766954465548063,0.081271180684523,0.0595951630083282,0.0244082789632985,0.0231102415714414,0.0303388067136674,0.0054454515947504,0.83978386848175,0.434228000178773,1.2571837619051114,1.0773951245105349,1.2997002546016043,0.91018118390406,1.29002401765605,0.8540273961088579,14.0,4,0,72.0,94.0,22.0,10.86278049,30.16762291,44.1456267,13.97800379,3.581584483,36.75,8.25,16.5,38.25,49.75,44.25,False
S001341,phase,full,4,1362264851,56.0,60,4,8,10,15,12,0.0341556553091617,0.0561161729143913,0.1831071079569752,0.0407848762964825,0.119523429806369,0.2124309999669434,0.1414552984998936,0.1025698207364315,0.079452315254621,0.0311949661454254,0.0411035219145529,0.0014704095203133,0.7603771672077967,0.3857717963702382,1.1558769523851622,0.9646995070788096,1.246175562356331,0.9126082753871932,0.8711250190850716,0.8576019739070283,14.0,4,0,49.25,53.5,4.25,4.716990566,24.56577926,22.98701985,-1.578759414,1.587303097,24.25,12.25,10.5,9.75,20.5,33.0,True
S001342,phase,full,4,1363264854,56.0,60,4,8,10,15,12,0.0199525312276602,0.042141079839159,0.1860746261833946,0.0177054539133339,0.1373054438448946,0.2669022967252973,0.1161203771492621,0.1251271253069385,0.0474380553413207,0.0268094866374862,0.0100208372580345,0.0015373172690422,0.821876415979423,0.2963866335470136,1.3193302453991975,0.9811048137642544,1.274107245983514,1.0570079981107767,1.0854844568165054,0.7362006116854205,14.0,4,0,106.75,134.0,27.25,12.47330483,42.79999342,57.04374991,14.24375648,3.292329455,35.75,15.5,14.0,19.5,68.5,65.5,False
S001343,phase,full,4,1364264857,56.0,60,4,8,10,15,12,0.0127116241130984,0.0351233700280138,0.2541764901068645,0.0314204207040889,0.1633360935423441,0.2380362558999651,0.0656385097234175,0.1244689996179091,0.0272439080846959,0.0516770460801267,0.0397758037713684,0.0025486134367068,0.7627776242518054,0.3984337876746319,1.3223566534987137,0.994378595938442,1.3694360419115206,1.2258942691985926,1.0622566682348276,0.8834769158748069,14.0,4,0,117.5,146.25,28.75,18.15443013,61.01696232,81.30192894,20.28496663,7.792877882,34.25,10.5,24.0,26.25,47.0,99.25,False
S001344,phase,full,4,1365264860,56.0,60,4,8,10,15,12,0.0222301909809215,0.0520575899368882,0.2055398214001693,0.0297466257165249,0.1858450922357062,0.2562856457307559,0.135724362241151,0.0466408378598151,0.0365695291346455,0.0459848747644688,0.0260891285254109,0.003057311472468,0.4154605297562347,0.4133191663754632,1.2418451108015398,1.05171239287246,1.212294516251595,1.0964177925216116,1.117169401366643,0.7711936364048656,14.0,4,0,60.0,101.5,41.5,9.036961141,17.7121411,28.12531735,10.41317625,2.412360983,35.75,9.75,12.5,39.25,37.5,64.0,False
S001345,phase,full,4,1366264863,56.0,60,4,8,10,15,12,0.0182198818331628,0.0360532709513789,0.2974393113778867,0.0214468654821364,0.1522769016789781,0.2726920249483701,0.1021416283683745,0.077444449126166,0.027548960163283,0.036840973297956,0.0083718904509434,0.0052302970927707,0.3587713558300594,0.386931482746598,1.050025530148808,1.2973020864474567,1.3868936558695324,1.0557439432918982,1.076613553228364,0.7368676499035611,14.0,4,0,141.5,221.75,80.25,11.78629147,28.83245629,44.95651257,16.12405627,3.11945834,32.75,14.25,24.0,66.5,101.5,120.25,False
S001346,phase,full,4,1367264866,56.0,60,4,8,10,15,12,0.021344202913269,0.0508977881174583,0.2085849656862785,0.0188014072444674,0.1628319136010511,0.2100026224193629,0.1345296202213895,0.0543503432320959,0.025699126894543,0.0696105831427494,0.0221623101659423,0.0011783774911286,0.4848131146175337,0.3200261671004814,1.0753425510919157,1.2698015696278897,0.9296792600642492,1.348630104249103,0.8785914682959547,0.8888632676920822,14.0,4,0,105.0,136.25,31.25,17.93274472,38.62684617,45.91549664,7.288650475,5.941424436,38.0,13.75,28.5,84.5,32.75,103.5,False
S001347,phase,full,4,1368264869,56.0,60,4,8,10,15,12,0.0314678713405385,0.0381038991908429,0.2208009618125248,0.0341955636409524,0.1141530027424247,0.2016043664511023,0.081317354295031,0.0581220973632067,0.0451063832193486,0.0279787195414436,0.0377664206991512,0.0096810114561278,0.3703984167522657,0.4000611725690426,1.052794302561977,1.2014515630703586,0.9471304133234532,1.1929696761967532,1.1058373789540634,0.7703406997107308,14.0,4,0,66.5,97.0,30.5,13.89244399,12.77996421,20.30241274,7.522448536,3.644328735,24.5,13.25,25.75,52.0,48.75,48.25,False
S001348,phase,full,4,1369264872,56.0,60,4,8,10,15,12,0.021220737768571,0.0735296884845119,0.1993414559817455,0.0532213256291975,0.1012856305678519,0.2181647764390713,0.1423608109991236,0.0485089719726192,0.0213778596748043,0.0305314962481012,0.0209025183567231,0.0025690179774114,0.6744043288817513,0.4431209484018646,1.225226393240441,1.2813942389811228,1.424291329584083,1.075005280560584,1.0054162522143766,0.8693591657780761,14.0,4,0,48.75,82.5,33.75,14.43086969,23.90856051,31.13708274,7.22852223,4.361168155,32.5,8.0,7.75,26.5,34.5,48.0,False
S001349,phase,full,4,1370264875,56.0,60,4,8,10,15,12,0.0240013608159925,0.0493995447986492,0.1608452563652849,0.0434463778388756,0.1747180202442803,0.2651102176207297,0.1233285286188648,0.08566482104078,0.0598626983082204,0.0226667221843939,0.0163270493241225,0.0112680403709975,0.6583934040355527,0.2603431755243384,1.3137581151794335,1.1564533230156184,1.180977996499451,0.9814464677186018,1.0752613106770448,0.8714143778957042,14.0,4,0,56.75,83.5,26.75,16.93861466,17.71899428,24.62033413,6.901339849,6.432038433,25.75,10.75,8.5,19.25,47.75,35.75,False
S001350,phase,full,4,1371264878,56.0,60,4,8,10,15,12,0.0129238722508156,0.0515197947166441,0.2379443465083256,0.0236776002372895,0.1052780880328937,0.2015235517319507,0.169437746642075,0.1205565407135148,0.0306438353679526,0.0381119730780753,0.0174409068898892,0.0014530317416911,0.7428991024734616,0.379220218091072,1.2134967835734658,1.2044681053713673,1.253535644558919,1.4143874315653278,1.0112448564180454,0.9447034396413836,14.0,4,0,68.5,94.75,26.25,12.01041215,36.94951182,54.07163251,17.12212069,9.161229549,43.25,11.5,9.25,12.75,25.0,69.75,False
S001351,phase,full,4,1372264881,56.0,60,4,8,10,15,12,0.0146337117092264,0.0792079141608203,0.2621017702428236,0.0150709978904243,0.183850118658689,0.1449057517209327,0.1174097918055604,0.1097602003211832,0.0220506483275818,0.0668374822130315,0.0169347649486334,0.0081039331517796,0.714430552520253,0.286519966304135,1.2987524162536794,0.9821532596765916,1.330501650494649,1.1952724312402063,1.2708063557466294,0.7218899112665179,14.0,4,0,118.25,151.25,33.0,19.40790217,57.14331781,90.76173979,33.61842198,10.10069356,46.25,11.5,36.25,27.5,46.0,105.25,False
S001352,phase,full,4,1373264884,56.0,60,4,8,10,15,12,0.0156430645337866,0.0505034805725906,0.3082376588174417,0.016810119887454,0.1814522639535611,0.255822881423155,0.1793345336447293,0.0764798312937516,0.0266532184314368,0.0655597056868908,0.0319976766190319,0.0087202800201954,0.544647611148115,0.1322539862540051,1.0213790350794285,1.245705430667747,1.088528196760706,1.2437554077876944,1.381660635356528,0.7705888779807918,14.0,4,0,85.25,144.25,59.0,24.67117076,32.52872621,71.12429714,38.59557093,9.087635667,43.0,10.75,20.5,55.0,44.0,100.25,False
S001353,phase,full,4,1374264887,56.0,60,4,8,10,15,12,0.0211179578609019,0.0347608243505453,0.2439543088907403,0.0349517681138326,0.1444121668882296,0.1548851469214337,0.1273697660070289,0.1215576713371433,0.0251666156918969,0.0670376776861156,0.0088880559248617,0.0017753958158356,0.6314044145492284,0.1433214055958321,1.0462801476688133,1.2143596702582249,1.1906304841874549,1.2277566497830066,0.8743354922620028,1.0201379820905512,14.0,4,0,117.25,163.75,46.5,8.062257748,54.2792176,68.75328677,14.47406916,2.98265887,29.5,12.75,33.0,29.75,42.75,121.0,False
S001354,phase,full,4,1375264890,56.0,60,4,8,10,15,12,0.0238706719828183,0.061836025999867,0.1474452591465123,0.0521201062695438,0.218743399314038,0.2023006085135029,0.0795596048673389,0.0975124472276735,0.0554912213629464,0.0356456018804803,0.0103130236741761,0.0024333185512117,0.7172796434163505,0.2978428333271222,1.1132199038856778,1.236761936595676,1.364155528011465,0.8703223681192085,1.1182505133956058,0.8329336707616437,14.0,4,0,106.25,187.5,81.25,31.67938341,48.2476839,71.50616106,23.25847716,1.805540711,31.0,5.75,44.0,48.75,98.25,89.25,False
S001355,phase,full,4,1376264893,56.0,60,4,8,10,15,12,0.0231861319621114,0.053125992152109,0.2106623325490313,0.0350491581552686,0.160926003695514,0.2091807139259417,0.1317593542079498,0.114986021103981,0.0233547419988433,0.0450531368565814,0.0187095216656729,0.0042960991434928,0.6724808907803581,0.1514878937490055,1.051748816068342,1.0168039372878,1.476787459163453,1.2685559677982432,1.2300664796468226,0.8812569161151497,14.0,4,0,113.0,134.5,21.5,9.398581453,47.90194956,72.1689979,24.26704834,4.468277942,35.5,8.25,12.75,12.5,42.0,92.5,False
S001356,phase,full,4,1377264896,56.0,60,4,8,10,15,12,0.0124457875533898,0.0596045455302198,0.2617681866992895,0.0540892239862086,0.1455599260950044,0.1714076500910621,0.1366222421501158,0.1257338890109355,0.0648489395713273,0.0649751159395078,0.0285976814138646,0.0021187518171188,0.353160738727,0.2432693644681511,1.0949932296425642,1.2928742781307676,1.1018436135973375,0.9938002341587048,0.9685480428125672,0.8593426446189698,14.0,4,0,54.0,75.75,21.75,11.29527925,16.38478677,20.21406273,3.829275958,3.43839389,41.0,7.0,12.75,13.5,17.5,58.25,False
S001357,phase,full,4,1378264899,56.0,60,4,8,10,15,12,0.0234592500604301,0.0632734088611392,0.1625526542266377,0.0225658171331921,0.1008476990896556,0.1445809305925931,0.1229509628183613,0.1187537854000972,0.0501824275962651,0.0508313883322615,0.0142143183594808,0.0025251484892301,0.4021516320089739,0.2985588551947266,1.0293282363267973,1.1754988573851222,1.0754846909963611,1.2332091627233888,0.9603152174241468,0.8865325864854463,14.0,4,0,65.75,76.0,10.25,3.947573094,18.75650677,23.57620011,4.819693339,0.7634474277,41.75,9.75,14.0,10.75,17.75,58.25,False
S001358,phase,full,4,1379264902,56.0,60,4,8,10,15,12,0.0252190950261321,0.0318786209688496,0.1204088173228424,0.0221695193767353,0.154723152410828,0.1486283866399362,0.0726158674262458,0.0785622212202171,0.0731515896243405,0.0519355655531748,0.0103764340456796,0.0011026566343293,0.5857823339117425,0.1597200985983402,1.1318423139427718,1.065001511698247,0.9989775014478944,0.9272261515648204,1.0210587373217483,0.8036088267025754,14.0,4,0,107.0,120.75,13.75,12.97112177,43.6410742,48.22294592,4.58187172,4.602148116,28.5,14.5,37.75,35.5,40.5,80.25,False
S001359,phase,full,4,1380264905,56.0,60,4,8,10,15,12,0.0283781027080806,0.0422986259087065,0.1447251074465686,0.0382849340369069,0.2102771302929597,0.1671147699508082,0.1040532873942362,0.0936194327752134,0.046476280222547,0.0790559841644489,0.0086510940831695,0.0017951996025438,0.8775501943766972,0.4461258980265461,1.2311230701611944,1.114913653488718,1.033894709687612,1.0689441062883531,0.9289833206926292,1.0029689025460349,14.0,4,0,126.0,181.5,55.5,34.42382896,81.0714293,103.5656522,22.49422285,15.65925256,23.25,11.0,46.75,67.75,57.5,124.0,False
S001360,phase,full,4,1381264908,56.0,60,4,8,10,15,12,0.0156638813339568,0.0584747140209208,0.2807529450708161,0.0546133895688973,0.2158241573702377,0.2023929723711828,0.0814252362847506,0.1019317518642847,0.0325355374691945,0.0216066429116013,0.033319340754456,0.0066555052532866,0.5414432627399021,0.3122726103494033,1.0941712030951791,1.2593889091333852,1.2798291192778473,1.033167139531985,0.9202371870298324,1.0393966059741435,14.0,4,0,140.5,256.25,115.75,54.86574523,33.2105552,48.03736061,14.82680541,10.02239562,35.0,6.0,96.25,101.25,162.25,94.0,False
S001361,phase,full,4,1382264911,56.0,60,4,8,10,15,12,0.0149201503090709,0.0622680448620491,0.1416812333857331,0.0423951778286532,0.1035112141720703,0.185825193633387,0.061199316266848,0.1127860539080716,0.051270490560946,0.0545569909532955,0.0309945919865032,0.0020851485898316,0.8295125983667678,0.3255852195920255,1.269905812699571,1.236280367760839,1.052580501332098,0.9308476441991004,1.0923060340586412,0.7295727963685861,14.0,4,0,55.75,69.75,14.0,6.976149845,39.40707741,44.87345439,5.46637698,4.345449728,36.25,9.0,9.0,13.0,18.75,51.0,False
S001362,phase,full,4,1383264914,56.0,60,4,8,10,15,12,0.0297749606559091,0.0347195221066805,0.3155692915153297,0.0333473741671957,0.1839713812082176,0.2082996088191874,0.0605050052083374,0.1004910537404739,0.0390043986179407,0.024018490245903,0.0087941140582151,0.0023528326132781,0.3752118603096682,0.3882147788205872,1.0667756349469812,1.1898897368253698,1.4959497200520495,1.4093119446660949,0.8526122371669971,0.9820893109314228,14.0,4,0,264.0,509.75,245.75,88.71442949,39.96715567,72.15500854,32.18785288,9.645656938,23.5,12.25,98.75,120.0,289.5,220.25,False
S001363,phase,full,4,1384264917,56.0,60,4,8,10,15,12,0.0120629699640381,0.0679230260342635,0.2105361879226869,0.0194914770781955,0.1167332311074013,0.2600421816208075,0.1290124197843714,0.0915378038726212,0.0697949973418109,0.0247122762458733,0.0440775479988547,0.0011892831154574,0.7149550691437792,0.1653074358412236,0.9947570109881282,1.2726485490114785,1.181294536367354,0.8768091719841868,0.8671786549534363,0.8217044156911603,14.0,4,0,42.25,64.25,22.0,8.906926144,20.62640358,23.84236385,3.215960276,0.7236862351,50.75,5.5,6.5,11.75,28.25,36.0,False
S001364,phase,full,4,1385264920,56.0,60,4,8,10,15,12,0.0349031328225966,0.0507340987447887,0.3123056413209152,0.0426002739434159,0.1258194127255327,0.199306167893059,0.1199160422298396,0.0559420992748222,0.0845423823750426,0.0775034003984576,0.0448206688251432,0.004353412125326,0.8339213349936903,0.3824211925811404,1.1649228297261165,1.148676896554991,1.0864485674394389,0.8656012340627934,1.0851364229554072,0.7928610628800781,14.0,4,0,61.75,85.0,23.25,5.852349955,40.25609384,55.42076234,15.1646685,5.409778472,22.75,10.5,19.75,35.0,21.25,63.75,False
S001365,phase,full,4,1386264923,56.0,60,4,8,10,15,12,0.0174133220457807,0.0369594599065142,0.2879336715836054,0.020069452062964,0.1506536597933674,0.2421157427509392,0.0610739867912374,0.0779173309143286,0.0210492580426595,0.050225575198231,0.0202843972689798,0.0030260595653463,0.6205285232802925,0.2299059878689383,1.0999511005030762,1.0873932302471307,1.436473296690152,1.0656105221437595,0.873216075744152,0.9640623494786928,14.0,4,0,158.75,211.5,52.75,21.42234036,61.9075961,71.36199695,9.454400856,4.368158865,39.0,11.5,31.25,52.5,81.25,130.25,False
S001366,phase,full,4,1387264926,56.0,60,4,8,10,15,12,0.0169596363560268,0.0788283319899372,0.1778519647512454,0.0210292074167182,0.1643223016652242,0.1821519442016256,0.0619359977362586,0.1014038029137166,0.0485747151934718,0.0445330494040655,0.0341862284284745,0.0035418958861241,0.4526136906955966,0.1371967073890772,1.2331639252584017,1.2961558594036209,1.2815404737109126,1.1578141088539775,0.9230521458918672,0.759078538457593,14.0,4,0,85.25,197.5,112.25,19.9394918,26.15991801,48.92971116,22.76979315,4.637259976,42.75,8.25,56.25,70.25,82.5,115.0,False
S001367,phase,full,4,1388264929,56.0,60,4,8,10,15,12,0.0166589221682148,0.0458224127307178,0.307821801144785,0.0171435331893105,0.1308938194811323,0.2271196178574782,0.068993727643896,0.1048179759335651,0.0335231327201884,0.041313874072561,0.0144389650299873,0.0017282536876926,0.517362190037506,0.44017021271081,1.3447246443542358,1.283378186239098,1.4800441774148942,1.3956499147278982,1.0165529582505524,0.7707173203538873,14.0,4,0,182.5,311.25,128.75,40.62326919,55.50063165,106.1810752,50.68044354,14.79553453,37.25,12.5,37.5,53.5,103.0,208.25,False
S001368,phase,full,4,1389264932,56.0,60,4,8,10,15,12,0.0309139879804107,0.0643613595801864,0.2225653687973578,0.0471753411621985,0.1736027229563576,0.1450838586056701,0.0903700596675611,0.0471066553462004,0.0627177135258037,0.0339987655597727,0.0093852107563817,0.0014838436851272,0.3565022480892717,0.3830104192617056,1.3311676314315113,0.9677059582453016,1.448124980154145,1.3901788648080864,1.021729371110495,0.8029889176214469,14.0,4,0,100.75,128.75,28.0,15.70562532,20.52791484,28.63931846,8.111403617,2.867765961,22.75,8.5,35.5,53.75,46.75,82.0,False
S001369,phase,full,4,1390264935,56.0,60,4,8,10,15,12,0.0178647903769168,0.0300180432007335,0.1396251752819512,0.0266647050388375,0.1855108373656116,0.2470372581943622,0.1365232356151638,0.0505313494428655,0.069857039055284,0.0202596734544329,0.0097010316965804,0.0016637147465006,0.4994575703062422,0.2610567257677937,1.3259208152998867,1.164895996369793,1.4152159259307615,1.4278685587502096,1.0031026654431667,0.9049930504135628,14.0,4,0,50.5,81.0,30.5,6.244997998,15.25479115,22.17778944,6.922998292,1.294997931,35.25,12.25,11.5,26.75,37.5,43.5,False
S001370,phase,full,4,1391264938,56.0,60,4,8,10,15,12,0.026281360849505,0.0813725057238503,0.1512304546499734,0.0251791760082588,0.1166920684617173,0.2679550918813276,0.1704298658758954,0.1045397700030242,0.0260413766261229,0.0505050333969209,0.0166983156272676,0.0014372870489938,0.4284429323764615,0.2126453138705626,1.161047078737545,1.2988576417380575,1.4327150205991612,0.9338883343764812,1.202472386418174,0.9421360470671128,14.0,4,0,66.25,94.25,28.0,7.16472842,21.87383426,30.21214086,8.338306606,3.260571318,37.5,12.75,8.0,14.0,32.0,62.25,False
S001371,phase,full,4,1392264941,56.0,60,4,8,10,15,12,0.018130430002743,0.0668105926931383,0.2059609271367968,0.0204324675902257,0.148698586917979,0.171515247765055,0.15253827987603,0.0721509044555629,0.0366062080159204,0.039819051641206,0.0424801269907415,0.0071937920283599,0.402963952255616,0.3217422784447935,1.0299199238945562,1.068880305530237,1.089592708151314,0.9758094898402898,0.934050782023375,0.971136032291366,14.0,4,0,46.75,48.25,1.5,4.795831523,12.91643925,12.77701245,-0.139426799,1.390074211,43.25,9.0,8.75,18.5,14.75,33.5,True
S001372,phase,full,4,1393264944,56.0,60,4,8,10,15,12,0.024761646074163,0.0798313615148029,0.2002004142135529,0.016310098115499,0.1001649828166928,0.1621802775719911,0.1771339754273495,0.1135621415226467,0.0428387286185133,0.0753568181955147,0.0209758905065277,0.0031785053843833,0.656340228661493,0.2304612096095512,1.154587538294035,1.0010675069582184,1.0407159883711403,1.009413122455354,1.0414587655838623,0.7824569465032897,14.0,4,0,67.25,75.25,8.0,3.464101615,36.57554799,42.37507878,5.799530789,1.277963672,40.25,13.5,10.5,13.25,13.25,62.0,False
S001373,phase,full,4,1394264947,56.0,60,4,8,10,15,12,0.0338438550822694,0.0318244498030355,0.3079554741908153,0.0516957219156208,0.1944554668206608,0.1736985656534747,0.0842225041122828,0.0570759588282445,0.0800309606849232,0.033940763987476,0.0085754067087332,0.0064513869219059,0.8475852931951449,0.1179410769130201,1.2931501768917169,1.100575892371323,1.2674527631096364,0.9713141141187353,0.8534712775009778,0.7510957613007485,14.0,4,0,153.0,258.0,105.0,49.27473998,64.10541556,84.04216735,19.93675179,8.486963752,13.5,10.0,88.0,95.5,143.75,114.25,False
S001374,phase,full,4,1395264950,56.0,60,4,8,10,15,12,0.0336107493851343,0.036997699667262,0.2535141462868535,0.0590794256734967,0.2121703740231319,0.2332144421253774,0.1135177341432369,0.1074702948746674,0.0313488017014597,0.025233572651111,0.0279255699495701,0.0114114726309002,0.604198675554393,0.1986732119069917,0.9620965976484778,1.2353562765325818,1.3013908129181038,0.9751475181200456,0.8649099962321433,0.8614448097431423,14.0,4,0,145.0,231.0,86.0,22.10580618,41.4810054,50.55804572,9.077040312,4.505018435,20.25,6.25,16.0,39.5,135.25,95.75,False
S001375,phase,full,4,1396264953,56.0,60,4,8,10,15,12,0.0261412108046977,0.0608529169300726,0.2913085860295583,0.0403509087464659,0.119945095221495,0.2372086767765895,0.0702326374097558,0.0514738415703858,0.0243301477528052,0.0259601580726856,0.0365374485394181,0.0092937607447119,0.4194701589381289,0.4107348558522319,1.1866542423052926,1.139708269524276,1.1098856348348272,1.4132289097995008,1.3388481594617607,0.9525378745168857,14.0,4,0,83.25,112.25,29.0,1.154700538,16.2302187,30.12989662,13.89967792,1.182793052,31.5,7.75,20.75,57.5,51.25,61.0,False
S001376,phase,full,4,1397264956,56.0,60,4,8,10,15,12,0.0296023758960367,0.0840854512373656,0.2153555293632553,0.049304896346558,0.1386748836238419,0.1653321988386251,0.0968186712170817,0.0507535763007901,0.0560666805013946,0.0221847000146655,0.0191571549865679,0.0069818775298707,0.7425693548240049,0.180797802825761,0.9999996480004452,1.0730396970244258,0.956350719430007,1.1971857720413683,0.923757827615807,1.010514954225641,14.0,4,0,43.5,46.25,2.75,4.11298756,16.65466072,18.05909924,1.404438524,2.527785023,32.0,9.0,21.25,28.25,20.5,25.75,False
S001377,phase,full,4,1398264959,56.0,60,4,8,10,15,12,0.0288926145279968,0.0586903704537128,0.1863334708594935,0.0276675971682632,0.1322481504622778,0.2357893408434906,0.1796588698242962,0.0942172735949591,0.0713778153386704,0.0487274023442021,0.01127300179414,0.0022096040998502,0.7782165704726782,0.4044155663305682,1.215077820964501,0.9815099078161,0.9839576047164864,1.205401092058555,0.8606590475273747,0.7231329285245234,14.0,4,0,74.25,84.75,10.5,6.658328118,42.88891403,45.88840292,2.999488886,3.631785479,28.5,16.25,10.5,13.0,19.0,65.75,False
S001378,phase,full,4,1399264962,56.0,60,4,8,10,15,12,0.0217500027590926,0.043060355498253,0.2872964964934531,0.0474400695394609,0.2054185030329164,0.2460837284869547,0.1146542842220401,0.0519809455393624,0.0478526904861765,0.0347685088051402,0.0250767467049667,0.0019855572044421,0.6860336603361762,0.1258640161388968,0.9587347435064209,1.1095114556045114,1.3703555412769648,0.971669096307831,1.1625267043152738,0.7537001706821772,14.0,4,0,87.5,124.75,37.25,14.86326568,37.07095239,54.86235494,17.79140255,3.678272903,32.75,7.25,26.25,46.5,53.5,71.25,False
S001379,phase,full,4,1400264965,56.0,60,4,8,10,15,12,0.0157610048982756,0.0790073519229521,0.148731279821407,0.0501503971431422,0.1239030444037348,0.1828530340397746,0.1149157018058315,0.0489990972931792,0.0791457874636402,0.0245420851444475,0.0095875774403323,0.0076031511539149,0.5822197353773082,0.3484501454256093,1.1693169381951845,0.9544646505958462,0.9064171387845434,1.411035447439399,1.156315005145319,0.84778396990524,14.0,4,0,33.5,36.75,3.25,7.847504911,11.98082811,16.59476584,4.613937727,2.983293929,39.5,4.0,5.75,8.0,11.0,25.75,False
S001380,phase,full,4,1401264968,56.0,60,4,8,10,15,12,0.0125184869348261,0.0437554860172705,0.135177704889408,0.0573171783576403,0.2107698419783132,0.1446970103307868,0.0944928817259617,0.1059976051218262,0.0752740096128575,0.0393588227133822,0.0120095386572223,0.0015684062218031,0.8577835780693605,0.239774810717029,1.0547044917380306,0.970562205222773,1.028690274221242,0.9392141362725274,1.3229626673146908,0.9837959591669266,14.0,4,0,80.0,89.5,9.5,9.814954576,46.31118447,57.6934605,11.38227603,3.162733596,38.75,5.0,17.25,17.25,33.5,56.0,False
S001381,phase,full,4,1402264971,56.0,60,4,8,10,15,12,0.0136616846951758,0.0443337281678599,0.1975148794612594,0.0595818839780698,0.1069286013966741,0.223860004536713,0.0662783362463857,0.0474750939347297,0.0223303154606418,0.0287472610763902,0.0107157713376819,0.0033979588724305,0.3660951930206393,0.2357449279074366,1.0592240858603776,1.1617527446358773,1.2480099543905188,1.064293549089658,1.2986441186573088,0.8044030123126261,14.0,4,0,64.25,87.75,23.5,25.03996805,14.31483252,21.22496417,6.910131649,4.250101046,36.0,5.75,6.0,25.5,40.0,47.75,False
S001382,phase,full,4,1403264974,56.0,60,4,8,10,15,12,0.0276999157897798,0.0302191589687861,0.1879062154780426,0.0505903733110773,0.1981735848903847,0.1676651938168178,0.0937089784467279,0.0577450524371363,0.0230798985062079,0.0370753760601367,0.0405588080632071,0.0051138834066828,0.7054865758599456,0.4011434563214406,1.2562027409662595,1.048526135712487,1.321829490936494,1.194797000564108,1.0884469249076387,0.8063548777729493,14.0,4,0,109.25,148.0,38.75,6.291528696,42.22841168,64.16974948,21.94133781,1.211459563,21.25,10.25,42.75,83.75,61.75,86.25,False
S001383,phase,full,4,1404264977,56.0,60,4,8,10,15,12,0.0304923647539877,0.0486326263728092,0.2191674747701327,0.0485615369511872,0.118850831658777,0.2169294566535726,0.132867911298027,0.1051011261825739,0.0253002446121602,0.0537133423292024,0.0409847801860057,0.0036225926964684,0.5942870958342646,0.1799570978131358,1.2744336459445411,1.2078735671561676,1.27317637325104,0.8649063799258653,1.291687774926734,0.9055788080413364,14.0,4,0,82.75,102.5,19.75,3.774917218,37.98483226,52.98886,15.00402773,5.157888567,21.5,10.5,12.0,19.25,29.75,72.75,False
S001384,phase,full,4,1405264980,56.0,60,4,8,10,15,12,0.0243403669209845,0.0665352066043839,0.2313453594089645,0.0208961414769021,0.1987874395298161,0.1540561819905599,0.1489177048499974,0.0996074448741287,0.026712293151762,0.0536023359199625,0.0411685641663185,0.0037939516472967,0.4163556724507298,0.3113724605197808,1.1162103799076173,1.0552946782541035,1.4380213923602232,1.239371024078772,1.0344496215764074,0.8725909966335098,14.0,4,0,106.25,135.75,29.5,9.469248474,28.2868582,41.85176354,13.56490534,1.756648746,38.5,14.25,41.25,34.0,38.5,97.25,False
S001385,phase,full,4,1406264983,56.0,60,4,8,10,15,12,0.0128054579565498,0.0402012706628723,0.2278371346789492,0.0372227019201911,0.1764641813927465,0.2640151119096888,0.091641700708038,0.113862361702097,0.0708448360538236,0.0398708214480349,0.0101531203754815,0.0010634664330983,0.8418933295849396,0.2495670338330174,1.28141782314899,0.9843602890457636,1.0735343042793983,0.9164391253725912,1.0750064872472092,0.8826376249130384,14.0,4,0,93.25,103.75,10.5,10.14889157,55.2011821,61.55097593,6.349793823,1.506004009,37.75,9.5,15.25,19.0,34.25,69.5,False
S001386,phase,full,4,1407264986,56.0,60,4,8,10,15,12,0.022272008289561,0.0519808033552349,0.1542249302933503,0.023332745550261,0.1131382697452215,0.2815164052587484,0.1450733935439321,0.087129411083166,0.0406093368848157,0.0474693782834403,0.0115357828223062,0.0043962973147584,0.6440789946276964,0.1520205796612389,1.0422514150407285,1.076826472343287,1.253968332296587,1.0164409584680858,0.9449355509175994,0.9002955015861311,14.0,4,0,65.25,75.5,10.25,5.560275773,27.25249735,31.14398529,3.891487937,4.268564334,33.5,14.25,8.75,12.0,25.0,50.5,False
S001387,phase,full,4,1408264989,56.0,60,4,8,10,15,12,0.0140366085472882,0.056553115431747,0.1497411371306898,0.0294179456940161,0.1342767551034149,0.2319926987851887,0.0734375804462707,0.055410179966016,0.035168765146298,0.0332121274724646,0.0437186530595815,0.0010843560514048,0.8819910484640107,0.1574262917563116,1.316537295709139,1.0689978798537385,1.3935570451758743,1.2210997397029395,1.3935938431234387,0.8027537686229897,14.0,4,0,43.5,56.75,13.25,7.455423082,27.96115743,43.21686516,15.25570773,10.67845761,40.0,9.5,9.0,15.75,16.25,40.5,False
S001388,phase,full,4,1409264992,56.0,60,4,8,10,15,12,0.0270057533467741,0.0579817894132596,0.2893280118319274,0.0592715441237666,0.1372621654390201,0.1749071045847733,0.1738644603513958,0.0501326179970733,0.0379694707984691,0.0411432396855237,0.0090976532818098,0.0010234271830665,0.7522920927211147,0.2892842481198869,1.013778877056539,1.251955312662215,1.304943815809929,0.973004715427501,0.941870916287742,0.8078197960532961,14.0,4,0,75.75,107.5,31.75,11.35414755,39.00360939,46.0154939,7.011884507,7.142870818,31.5,4.25,12.25,28.5,43.0,64.5,False
S001389,phase,full,4,1410264995,56.0,60,4,8,10,15,12,0.0229860080170604,0.0360264306352088,0.1648166427231211,0.044436191376695,0.1270695457455323,0.2221389974369042,0.0942053666823551,0.091287592550091,0.0405491215336971,0.0815433390201423,0.020828072101542,0.0079070992690016,0.4563422365715322,0.4135260525666311,1.1848036933303876,1.1543703115767596,1.2911580280712094,0.8994145712596313,0.979946384272242,0.7596738444138815,14.0,4,0,70.75,94.75,24.0,8.602325267,26.73283282,32.33114369,5.598310862,2.103216037,27.5,7.75,7.25,15.5,25.75,69.0,False
S001390,phase,full,4,1411264998,56.0,60,4,8,10,15,12,0.0333200575673225,0.0655189942113794,0.1425675748711388,0.0308612014662523,0.1280834715984006,0.2580636669447117,0.0994830501843851,0.0875344952169163,0.024826526174552,0.0360474375584386,0.0249802484884171,0.0086275359178441,0.5308649394015253,0.2203026330553796,1.0650219822137672,1.1060286862955353,1.162510966596503,1.3151804106452094,0.9575835368931698,0.7570200799835622,14.0,4,0,65.25,76.75,11.5,5.446711546,21.01999183,24.66033532,3.640343488,3.056977406,28.25,12.5,14.5,23.75,27.5,49.25,False
S001391,phase,full,4,1412265001,56.0,60,4,8,10,15,12,0.0146781737477585,0.0839461343298228,0.1880838202909783,0.0264005596293579,0.1298701682265414,0.2235383568859521,0.0803314033967401,0.0481812213742533,0.0445638785288848,0.0787308716968917,0.017988008710801,0.007127072528126,0.8868797270767278,0.1158916325283685,1.1209881254544392,1.110648156585415,1.231068517585462,1.2455466519084235,0.886958357673803,0.9878973438745464,14.0,4,0,51.0,55.0,4.0,5.477225575,36.41830502,36.16720705,-0.25109797,4.641094677,50.0,7.25,10.0,16.0,11.0,44.0,True
S001392,phase,full,4,1413265004,56.0,60,4,8,10,15,12,0.0285389524750686,0.0323256543728476,0.1856663395339207,0.0278166721170014,0.108874951433266,0.2259020944514566,0.1126878570603499,0.0638838442891549,0.0218886513040702,0.041754424519669,0.0159286085524207,0.0028146300323249,0.6445347743222101,0.1061030029854895,1.0115914783496855,1.295257201800969,1.067961249665836,0.9796741688731718,1.1202014968595757,0.96769166271491,14.0,4,0,107.75,129.0,21.25,22.20172666,43.52590955,51.85753982,8.331630266,6.165659838,25.75,13.25,18.25,52.0,54.75,74.25,False
S001393,phase,full,4,1414265007,56.0,60,4,8,10,15,12,0.0324921602092333,0.0732765966819136,0.2185844515831838,0.0306430729612615,0.2040224334285646,0.1694387044306582,0.0717773242066808,0.058353226027866,0.0223840240286035,0.0271845331236097,0.0185359352738959,0.0089554470444069,0.8176378439366265,0.2956848438228757,1.1523991596108958,0.9885292808007154,1.045852571199638,1.1395195617626257,0.8615668596359471,0.748564323669922,14.0,4,0,160.5,196.25,35.75,21.40677463,47.55008626,60.6398073,13.08972105,7.018433236,31.5,14.25,58.0,122.5,113.75,82.5,False
S001394,phase,full,4,1415265010,56.0,60,4,8,10,15,12,0.0291221017020651,0.0787585320294208,0.2094981216141181,0.057777743819681,0.1161537033393333,0.2407603689853306,0.0975222153172723,0.0787100364340392,0.036735669504655,0.0399345869277632,0.0192729719939112,0.0043113231717593,0.3975755118478553,0.1859474067445034,0.99248958287739,0.9610912337536331,1.098612778445417,1.3564735537869936,1.3161331282221165,0.8369663357167628,14.0,4,0,79.25,80.0,0.75,10.90489187,20.02588138,26.20645899,6.180577606,1.945779581,29.75,7.0,4.0,14.75,25.25,54.75,False
S001395,phase,full,4,1416265013,56.0,60,4,8,10,15,12,0.0194558719403209,0.0309307738951873,0.2069408772752937,0.0553400007317814,0.1271102780217665,0.2543277764861771,0.1386147162837949,0.0839998810101488,0.0350991630851616,0.0204867273692828,0.0231220436172214,0.0018955282103843,0.6975469669594953,0.3043437580795796,1.0928492758221997,1.1997306321990622,1.206055572382044,0.918877564676477,1.046895581790006,0.7412176803747478,14.0,4,0,55.0,81.0,26.0,6.87992248,20.41811799,25.04949064,4.631372656,3.700117781,32.25,7.25,7.0,22.0,45.75,35.25,False
S001396,phase,full,4,1417265016,56.0,60,4,8,10,15,12,0.0166176740347677,0.0592755396496663,0.2704927694348722,0.0416768568869519,0.1656502177300428,0.2002099206814923,0.1384495610316388,0.0479145463635808,0.0279325575344071,0.0679577996970344,0.0095298373822155,0.0057397557642515,0.8078588179745253,0.4229353306691635,1.2836244646299888,1.0461248677434098,1.4884325955037554,1.2865604870845124,1.2600818394972448,0.8037403103697067,14.0,4,0,62.75,95.25,32.5,6.137317547,35.89568854,67.88957933,31.99389079,1.293614479,36.0,8.75,13.5,26.25,23.0,72.25,False
S001397,phase,full,4,1418265019,56.0,60,4,8,10,15,12,0.0139769519713545,0.0549802659163952,0.2142966306863392,0.0170000892257503,0.1591594225469757,0.1992323434350563,0.1221977223331357,0.0694141936560072,0.024376417436971,0.0224368516158865,0.0143070979414285,0.0017731325272151,0.501901676209836,0.3319067091399885,1.240562204924566,1.0377237500264804,1.017231890184751,0.961067303047466,1.3529871407444256,0.8254971205188079,14.0,4,0,85.5,102.25,16.75,6.184658438,21.47875549,28.9393864,7.460630915,2.072396948,43.0,11.25,13.75,31.75,55.5,46.75,False
S001398,phase,full,4,1419265022,56.0,60,4,8,10,15,12,0.0198088135491302,0.0771477468080406,0.2161612595977352,0.0178416430515273,0.1400472429781587,0.2895971419506796,0.0615497967607901,0.0570699700503061,0.0224301960284829,0.0243593730600234,0.0104683354116818,0.0024586681512398,0.8938312544663558,0.4030209724329096,1.0681851079768423,1.2267314315114992,1.3148923946676578,1.2343537999715386,1.2831536858944428,0.9417116154495846,14.0,4,0,77.75,116.25,38.5,5.802298395,39.3443142,65.64749571,26.30318151,7.902721756,45.25,10.75,13.75,48.5,57.0,59.25,False
S001399,phase,full,4,1420265025,56.0,60,4,8,10,15,12,0.0209796726280681,0.0811627498690082,0.2587578205536148,0.0248681975035563,0.1503870281341015,0.2187772094871279,0.0790225196059366,0.0646023816059719,0.023744318414612,0.0392955424788871,0.017114835635443,0.001800173610571,0.4569267894951151,0.2415851810655196,1.2742939934515294,1.1365074718607369,0.9716668758991912,0.8729809272526163,0.852045946694111,0.7857845296463942,14.0,4,0,109.5,132.5,23.0,7.745966692,30.88263577,30.75514577,-0.1274900039,0.6544591762,38.25,11.5,18.75,55.75,57.75,74.75,True
S001400,phase,full,4,1421265028,56.0,60,4,8,10,15,12,0.0334402211287822,0.0356900505007864,0.1306243214080669,0.0526018208110756,0.2142241935833275,0.1574859195501412,0.0650127201446515,0.086777112314944,0.04483281888268,0.0610173337506583,0.024932768461674,0.0068137786327589,0.4438404465504865,0.3801749075498014,1.045289542023333,1.1062154458777038,0.9680333502163913,1.3571729154872665,1.1789745151226638,1.017060188047988,14.0,4,0,186.75,288.25,101.5,33.27160952,50.14400086,89.74877599,39.60477513,9.82975753,17.5,8.75,164.5,167.75,110.25,178.0,False
S001401,phase,full,4,1422265031,56.0,60,4,8,10,15,12,0.0322160210829408,0.0411914523186186,0.1792952278541847,0.0502417920959212,0.1098589194051325,0.146297417242823,0.0928536266001857,0.0462259393335733,0.0785502189092531,0.0353633742646109,0.0146764881135159,0.0052536640166088,0.6968527463692992,0.1680415840621467,1.2984389222699355,0.9697972573704416,1.0187944676737075,1.3855514385003176,1.0254004994508878,0.7386504913499716,14.0,4,0,46.75,61.5,14.75,6.751543034,20.49768283,27.57880823,7.081125396,2.516163423,17.25,9.0,17.0,24.75,21.75,39.75,False
S001402,phase,full,4,1423265034,56.0,60,4,8,10,15,12,0.0281633314507787,0.0705547020781934,0.1787268607790934,0.0305265894931517,0.1156986637342075,0.142127488705687,0.1697353542805005,0.0881341156132408,0.0295741516683298,0.0531931631030336,0.0114548317351156,0.0047868616087953,0.4221882357405755,0.4033759311851523,1.0797062049372208,1.1745892596409293,1.251579822562778,0.9623401820950822,1.0025049982294298,0.7592677862279629,14.0,4,0,56.5,82.75,26.25,9.322910847,17.39672686,23.27956396,5.882837106,3.731383956,35.75,11.75,14.75,16.75,26.0,56.75,False
S001403,phase,full,4,1424265037,56.0,60,4,8,10,15,12,0.0162519134226171,0.0802437436024451,0.2701098293289571,0.055655199599935,0.137707754064937,0.2231465861125717,0.1117336323474372,0.0924226134375453,0.0665990472890519,0.0322981980557232,0.013824695767673,0.0019297721518508,0.586848598654143,0.2741526771169831,1.3020575547296749,1.162400403331376,0.9904603285521084,1.4411856781865688,1.098970203742108,1.024343236756525,14.0,4,0,60.0,74.5,14.5,10.40833,22.31095754,30.90261929,8.591661747,7.245380054,38.5,7.5,13.75,18.5,24.25,50.25,False
S001404,phase,full,4,1425265040,56.0,60,4,8,10,15,12,0.0299490425925518,0.0402829305750049,0.2566510576613585,0.0300190052708453,0.1525730540966436,0.2409901288927952,0.0668791211329858,0.0836042477073415,0.074785312394562,0.0231181478883915,0.0288335352163899,0.0103368060291657,0.8826609556317807,0.134036440461406,1.282010297427009,0.9791645535381232,1.1680472000061062,1.071695849818295,0.9599555491693366,1.011926263807896,14.0,4,0,95.0,104.5,9.5,9.746794345,35.11293153,38.7277926,3.614861071,3.066847365,22.5,15.0,24.5,36.0,59.5,45.0,False
S001405,phase,full,4,1426265043,56.0,60,4,8,10,15,12,0.0315886020304677,0.0821981214305363,0.1809950025753025,0.0204602789233254,0.1193191620655669,0.1630154109770361,0.0652231819357244,0.119708152877493,0.0655085448387418,0.0328302342483941,0.0094932363722735,0.004137315735008,0.8393365946360226,0.4496775785430643,1.3246514337993245,0.9637711056776784,1.1226122594299444,0.9239020683615848,1.0919303865340833,0.788939372122806,14.0,4,0,107.25,126.75,19.5,12.28820573,55.27558016,64.56868844,9.293108285,7.703602755,35.25,12.0,17.0,18.25,55.25,71.5,False
S001406,phase,full,4,1427265046,56.0,60,4,8,10,15,12,0.0133371751856979,0.0727534253861123,0.250948477931032,0.0289205113477782,0.1329749404350221,0.2342869602539356,0.166567394394598,0.0574961748022598,0.0297606874253868,0.0538197160813761,0.0254341227603839,0.0020400687256795,0.6439836147147998,0.2217681474086877,1.065843695640133,1.0603948674344308,0.9422616699501704,1.000939112831594,1.1235709609065223,0.993568677747237,14.0,4,0,54.0,56.5,2.5,9.036961141,28.59280874,31.73354822,3.140739475,3.173022222,47.25,8.25,7.25,21.0,11.5,45.0,False
S001407,phase,full,4,1428265049,56.0,60,4,8,10,15,12,0.0239382591633202,0.0534075099621093,0.1266963248316699,0.0557546605627121,0.1551177478551091,0.2696024032226857,0.1000316803178302,0.076834595414295,0.0666992982699507,0.0278766916532406,0.0150227828654301,0.00131586743545,0.5464553269576844,0.1012257746750558,1.0669867867482463,1.2370842299217022,0.928637018264582,1.1434637283823907,1.1114276302826014,0.7958800462126316,14.0,4,0,48.5,67.25,18.75,11.23610253,17.09027221,25.92745703,8.837184825,4.443318438,29.25,5.0,5.25,12.0,23.0,44.25,False
S001408,phase,full,4,1429265052,56.0,60,4,8,10,15,12,0.0173346097785692,0.0520994767555174,0.1242810317229337,0.0196210545723181,0.1395709926963461,0.1491540720868053,0.1452759465512558,0.0499025803927664,0.0712598765443463,0.0770844801207159,0.0123932940415314,0.0010337114881979,0.8604439164276475,0.1867843917972581,1.2977411531228773,1.041989646257773,0.9977780824994597,0.8721141821332536,1.300733489474727,0.946192864298858,14.0,4,0,46.25,51.25,5.0,2.943920289,35.89277208,44.07276086,8.179988783,4.222419477,38.5,12.0,11.75,13.5,7.25,44.0,False
S001409,phase,full,4,1430265055,56.0,60,4,8,10,15,12,0.0159387326199115,0.0752784089692132,0.1855865652511518,0.0552952051583115,0.1106958031390217,0.144380246943527,0.1000966351926373,0.0720686414005163,0.0325883020493261,0.0656750427851943,0.0306917358050093,0.004106945995808,0.7864183178500882,0.1413253493587643,1.1608391586714533,1.186918024227864,1.1317643323183488,0.8590406298750307,0.91799148324898,0.95104369044982,14.0,4,0,48.25,66.5,18.25,11.44188213,31.74799476,38.91738489,7.169390133,4.824969867,40.75,5.5,13.0,11.75,15.25,51.25,False
S001410,phase,full,4,1431265058,56.0,60,4,8,10,15,12,0.0160051913144443,0.0438349474125871,0.1326973098627747,0.0399960930305757,0.1685429302505437,0.2681776704211234,0.1154489268482881,0.0872928086770995,0.0475525364354895,0.0698692917177145,0.0093712583952628,0.0073444136170549,0.3896168173632385,0.1736546574621331,1.161544356816381,1.0529662318155997,1.256993388520386,0.9302073459656148,1.0460385746222207,1.0264288239394186,14.0,4,0,55.75,60.75,5.0,5.163977795,17.28626428,19.40644203,2.120177756,1.978926548,33.0,7.75,3.25,11.25,13.0,47.75,False
S001411,phase,full,4,1432265061,56.0,60,4,8,10,15,12,0.0248601996228679,0.0457375276550879,0.1582805117026763,0.0213334766545763,0.1081775368387677,0.1691297134563123,0.1599376000016087,0.1213763689306278,0.0231600514535094,0.0409183876075697,0.0338238996408676,0.0053509916167185,0.7550378762973995,0.3889017286223049,1.3045334409969245,1.0741421461620442,1.4262976636715248,1.391957241843535,1.261277167115582,0.8880220297244571,14.0,4,0,63.0,76.75,13.75,11.44188213,31.42542828,52.01153818,20.5861099,12.22621964,29.25,16.0,13.75,8.75,18.5,58.25,False
S001412,phase,full,4,1433265064,56.0,60,4,8,10,15,12,0.0264143855003133,0.0696871128787511,0.1882235208534755,0.0516289425880915,0.2080462366264887,0.2819652695678386,0.1412388516738625,0.0938312455866266,0.0316740085834812,0.0806814060255934,0.0175792929656543,0.0024809026530506,0.5494598317097216,0.1775244376595885,1.34214536275291,1.1695552479879496,1.405951420213575,1.4292506400983565,0.9738383834669152,0.9458879888674024,14.0,4,0,88.0,128.0,40.0,10.23067284,40.76225086,60.64666219,19.88441133,4.903851635,25.5,8.5,10.0,19.0,17.5,110.5,False
S001413,phase,full,4,1434265067,56.0,60,4,8,10,15,12,0.0281968389188872,0.0628666030171317,0.1443745245564558,0.0364470385727714,0.1712626108864358,0.1624032715865625,0.1440677381215493,0.0841132266790788,0.051889716400667,0.0395739974002428,0.0115901448806913,0.0012734542501735,0.7106182318543097,0.423309285713934,1.1500532916987112,1.0326217711780463,1.2495422746713405,1.298694064428341,1.2321335877316908,0.8691006379120928,14.0,4,0,65.0,83.0,18.0,12.56980509,33.26377551,50.48300552,17.21923001,8.919828965,29.0,12.25,17.0,16.5,24.0,59.0,False
S001414,phase,full,4,1435265070,56.0,60,4,8,10,15,12,0.0179060282636719,0.0525386367447527,0.1438499188360929,0.053754558648239,0.1048123101372586,0.2735450450516989,0.1212493431812032,0.0613825046227094,0.025541343266961,0.0486636923491537,0.0301083576217644,0.0033396469277853,0.4172235237882001,0.3427893774966424,1.0321061635280817,1.2572702470648338,1.4840031578941253,1.0879430904387364,1.132944002088228,0.9032777884896178,14.0,4,0,39.5,54.0,14.5,2.886751346,14.21152655,19.77145921,5.55993266,0.9063986653,35.75,6.0,4.25,8.25,10.0,44.0,False
S001415,phase,full,4,1436265073,56.0,60,4,8,10,15,12,0.0217819589048612,0.0607400067690915,0.2012610047650517,0.0226907949188435,0.1431015829640246,0.2617899768990579,0.0870496948697224,0.0773777918318102,0.0300720746741871,0.0631088500409931,0.037858425848534,0.0039225522179681,0.501532244422092,0.1895588149945085,1.1590343605917055,1.1633717142186764,1.2145557516294077,1.22626498932071,1.0178466674961957,1.0032361276697677,14.0,4,0,88.0,118.0,30.0,2.708012802,32.93622779,43.80456968,10.86834189,3.615395087,37.25,12.0,12.5,35.75,32.0,86.0,False
S001416,phase,full,4,1437265076,56.0,60,4,8,10,15,12,0.0145545768157994,0.0637589582330012,0.1548918758598608,0.0378454456300975,0.1738039709589926,0.1534748721930649,0.1368768136187683,0.0810671974089829,0.0379380650756969,0.0478622336156023,0.0099793553492203,0.0041844387978147,0.7832289778305179,0.1994733061420283,1.0553343789897665,1.0457354234858185,1.090858474483332,1.095027776608726,1.0947727011279942,0.9377715285005058,14.0,4,0,63.25,65.5,2.25,6.898067362,34.27142723,38.9448322,4.673404968,2.561473137,42.75,7.25,6.75,13.0,18.5,47.0,False
S001417,phase,full,4,1438265079,56.0,60,4,8,10,15,12,0.0271426320709562,0.0496644371578631,0.2513124067633503,0.044720432134534,0.1903909113457079,0.1653917623008821,0.1531905752027493,0.0865086372661933,0.0241444400247007,0.0632078257181026,0.0099465085981595,0.004277864769886,0.4969441881540295,0.2923827401636271,1.0332149368482664,1.024290818057852,1.0596841839313025,1.3541420393513832,0.9874813159936578,0.7298522834825037,14.0,4,0,125.0,139.25,14.25,7.804912983,42.56862215,51.49143943,8.922817274,2.358262747,28.5,8.75,28.0,36.75,35.75,103.5,False
S001418,phase,full,4,1439265082,56.0,60,4,8,10,15,12,0.0322721767526637,0.059343574031864,0.232130460738536,0.0298683117447676,0.1274699318933985,0.2192463853447166,0.0655806096160495,0.0876043888517369,0.0299652443018927,0.0439191652384132,0.0253092357643023,0.0011545387742064,0.6997406931316368,0.2269832758501476,1.2344395704517508,0.9796490915051234,1.1468699059913057,0.8601760016830229,1.3243974421958953,0.8685940585588657,14.0,4,0,131.0,139.5,8.5,6.806859286,60.33675999,72.60146882,12.26470883,1.978313671,28.5,13.0,15.25,27.5,55.25,84.25,False
S001419,phase,full,4,1440265085,56.0,60,4,8,10,15,12,0.015402075813007,0.0304124411082887,0.1324098970603499,0.0189564994754781,0.1140491951088615,0.1791850676692206,0.0741203033409691,0.0464087116298779,0.0223635472170831,0.0492557609489547,0.0102385919543267,0.0011133976413721,0.7349103328869264,0.1367555067332808,1.218523208989406,0.978112089232314,1.2712986460540905,0.9415192901324918,1.1381828536317382,0.9286412496481236,14.0,4,0,77.0,85.5,8.5,10.84742673,44.26987587,49.82185282,5.551976955,7.351344447,39.0,12.75,11.5,22.25,24.0,61.5,False
S001420,phase,full,4,1441265088,56.0,60,4,8,10,15,12,0.0120552233978721,0.0572319581388834,0.2419764815092665,0.0459551362372351,0.1030797621130524,0.1436480603291499,0.0607757848925619,0.1008560050362471,0.0332408722802991,0.0417478488925382,0.0133286291824068,0.0012442709619026,0.8955725693339678,0.1303976162008888,1.0920827914454496,1.1553469192617234,1.3742272643668152,1.0005260284891286,1.2633933059381428,0.9991522830181414,14.0,4,0,86.25,110.0,23.75,8.421203398,53.76037776,79.04318642,25.28280866,5.6964049,44.0,5.0,16.75,17.25,36.0,74.0,False
S001421,phase,full,4,1442265091,56.0,60,4,8,10,15,12,0.0327923523546134,0.077796109338219,0.1800108582079875,0.0428314729878006,0.1966697645896722,0.2209777352396283,0.0998410031666277,0.1196321737030506,0.0262714122931063,0.0257012776885887,0.0212960248009623,0.0013058231564025,0.653699496459965,0.1762448656346646,1.021127805362391,1.221675032733846,1.0430349802572263,1.0467840497584922,1.101646871775395,0.948547363859384,14.0,4,0,114.25,163.75,49.5,45.93110783,40.0159828,57.61702736,17.60104456,16.04051184,31.25,8.25,26.25,36.25,82.0,81.75,False
S001422,phase,full,4,1443265094,56.0,60,4,8,10,15,12,0.0131340543324687,0.0450650406791803,0.1264326997117176,0.0511998588802127,0.168162602831058,0.1518762191499875,0.1600830228773702,0.0909787785726329,0.0656644286426963,0.0743398081424535,0.0105064487919916,0.0043211073140826,0.4144549384592526,0.2935615671667452,1.2708436366756166,1.2485397182012328,1.318578665160106,1.0694378829941318,1.0527025524725406,0.8563812886468937,14.0,4,0,46.0,66.25,20.25,11.32475165,16.66266106,23.01942331,6.356762251,4.25026036,40.25,5.75,8.0,8.0,11.0,55.25,False
S001423,phase,full,4,1444265097,56.0,60,4,8,10,15,12,0.0164607019058512,0.0331626101093133,0.2539392993002743,0.0337829756690864,0.1921906217094514,0.2864204752197697,0.1271579865355878,0.0460600881591116,0.0317325650974881,0.0382962030315325,0.0113439239933419,0.0018647661845568,0.4895969824602367,0.3538833748682288,1.114246638368261,1.1956409060590645,1.3097500842516074,1.0609199161437752,1.2339987653052362,0.9703501257401294,14.0,4,0,93.75,126.75,33.0,6.782329983,28.72693511,42.18811391,13.4611788,1.83906338,35.25,12.25,25.25,62.0,53.0,73.75,False
S001424,phase,full,4,1445265100,56.0,60,4,8,10,15,12,0.0143008396513796,0.0794250469659129,0.2477258701877945,0.0367156327515879,0.2105581591685289,0.1440968133734559,0.0626144191046838,0.113407165587215,0.0584385822965752,0.0706931302074542,0.0082970920559308,0.0076525312613142,0.3789762212615094,0.4058403792213039,1.0104050959623685,0.9854099326211404,1.4213008444667012,1.010722564270237,1.0675936378503554,1.0209844768058078,14.0,4,0,190.5,240.75,50.25,11.44188213,46.62627016,59.41415845,12.78788829,1.560517146,48.5,5.25,99.25,63.75,90.75,150.0,False
S001425,phase,full,4,1446265103,56.0,60,4,8,10,15,12,0.0141574293962906,0.071869215177849,0.1235598589821858,0.0175264659349652,0.1201356870443977,0.2638310216181463,0.1109120452140113,0.0869497420295565,0.0208827551845921,0.0254558652438447,0.0148998548194385,0.0099837402507042,0.8635491748128662,0.3968330865548315,1.162693880680301,1.188752461213015,1.0214322965934246,0.9828913318038112,1.119425017393431,0.7615477714274941,14.0,4,0,47.0,77.0,30.0,9.416297928,25.0108956,40.53879614,15.52790054,5.129917023,46.0,9.5,3.5,11.75,34.5,42.5,False
S001426,phase,full,4,1447265106,56.0,60,4,8,10,15,12,0.0305809246693231,0.0375512453971679,0.1492412912365379,0.0176828060757446,0.1637434007476037,0.1669258028556645,0.0728280504436601,0.0996591640537515,0.0568727351377531,0.031242671880565,0.0295071735474439,0.0117283320894176,0.3669089041332816,0.1558442260120849,1.1796848326455096,1.276082722747609,1.3146812661862255,0.9531458319494772,0.850301290328928,0.9261415809533248,14.0,4,0,100.0,193.5,93.5,17.33012791,17.20698207,22.60836654,5.401384463,1.396436809,27.0,19.5,90.5,88.0,123.0,70.5,False
S001427,phase,full,4,1448265109,56.0,60,4,8,10,15,12,0.0131078586812854,0.0353314418661561,0.156435178101134,0.0321678915815874,0.1623772999821364,0.1632697883059816,0.0899535044663979,0.0524464188191818,0.0318431988875165,0.0401734169512214,0.0136477807218815,0.0016325418805245,0.4328685479767781,0.1577883464599246,1.014376013257603,1.016368882751269,1.322334897943236,0.8573679879614439,1.386089299232898,0.9999124999435924,14.0,4,0,74.5,80.0,5.5,8.6986589,21.97385384,26.45615883,4.48230499,2.668351617,41.25,8.25,14.75,24.75,30.0,50.0,False
S001428,phase,full,4,1449265112,56.0,60,4,8,10,15,12,0.012400774592275,0.0330989664672227,0.1900377707564978,0.0242405429555593,0.1326878003871342,0.1826979764907026,0.1219278712595082,0.087648386549059,0.0630254358817637,0.0436043250644177,0.0394237638364141,0.0023807932485985,0.4388288089630721,0.1238217300085867,1.069484963059724,1.1854533462736707,1.1668107261644751,1.1399114377093074,0.9779829517584184,0.7946080287380163,14.0,4,0,55.25,73.75,18.5,16.74315781,18.08615164,23.53527521,5.449123574,3.164601761,41.0,11.25,18.0,19.25,19.5,54.25,False
S001429,phase,full,4,1450265115,56.0,60,4,8,10,15,12,0.0241747347910825,0.0343471017358868,0.2556731904308462,0.0334408795866053,0.1044500047220512,0.2946038945996651,0.1699004354633513,0.0790227383155977,0.0819662836834124,0.0390023161025634,0.0163734317903762,0.0012008728495912,0.8798712037910256,0.3923578841225249,1.1677634881842074,0.9787192981783894,1.3019667917930575,0.9284241520219786,0.9832294597868518,0.9039781989639282,14.0,4,0,64.0,80.75,16.75,3.403429643,43.5939786,49.80520315,6.211224556,1.056853553,28.25,15.5,10.0,21.25,24.25,56.5,False
S001430,phase,full,4,1451265118,56.0,60,4,8,10,15,12,0.0188837367537446,0.0454867723078938,0.2222734120779081,0.0496240062156905,0.1941008171167607,0.2416131541998415,0.1252462016195943,0.0625158662253077,0.0283382457007379,0.0615159627998945,0.0114802974990892,0.0044521787488213,0.8767325935997776,0.273741032144699,0.979308549240782,1.1670742869593465,1.4400304966260242,1.2552417224354169,0.9299152708260614,0.8044709987143284,14.0,4,0,93.5,132.25,38.75,9.912113801,57.93487641,85.45184838,27.51697198,7.858408375,33.75,6.25,14.5,31.75,31.5,100.75,False
S001431,phase,full,4,1452265121,56.0,60,4,8,10,15,12,0.0331111902619346,0.05766302625874,0.12545747027797,0.0532797199075527,0.2028552200347722,0.1559567615936815,0.105892949736045,0.0734503219657218,0.0423577324988845,0.0752382698541539,0.0136251386835094,0.0013974752803605,0.7690409951857549,0.3075146862346156,1.2128690752974771,0.9965994959785708,0.9684619723417468,1.190735736119061,1.2730427373577389,0.9396100695119978,14.0,4,0,87.75,100.75,13.0,14.44529912,51.84022674,73.84200986,22.00178312,8.772223822,20.25,9.5,18.0,29.25,19.5,81.25,False
S001432,phase,full,4,1453265124,56.0,60,4,8,10,15,12,0.0329616874682145,0.0838590465724146,0.1692404264616756,0.0307167290027639,0.1749583114465346,0.1588479600166746,0.0884204695762817,0.0653847869733145,0.0601713754179474,0.0282974404585648,0.0264347062329302,0.0034657631165993,0.6740085590036653,0.194304166497627,1.099349743565482,1.0703977199257848,1.1622418438421067,1.2078666551831836,1.160913151251472,0.877463427518384,14.0,4,0,78.5,107.75,29.25,18.92749323,27.76148714,40.01788843,12.25640129,2.595521891,33.0,11.5,35.5,45.0,54.5,53.25,False
S001433,phase,full,4,1454265127,56.0,60,4,8,10,15,12,0.034495511773869,0.0616174487177315,0.1702403573352248,0.015143375751228,0.126921937539201,0.1552687611818703,0.1250453009922629,0.0704435348552828,0.0672327781021236,0.0263606958189223,0.0251448298559128,0.0020824967233322,0.7868221655801786,0.2677038972278345,1.0675368753604146,1.280869480248649,1.1878652597556638,1.0073692834002683,1.062102789922641,0.7854764422597392,14.0,4,0,66.75,102.75,36.0,8.205689083,31.41534784,42.83930065,11.42395281,5.917809397,35.0,20.0,33.0,31.25,50.25,52.5,False
S001434,phase,full,4,1455265130,56.0,60,4,8,10,15,12,0.013433879304753,0.0422167516334006,0.1286649845117197,0.0162172322882154,0.1180110273643074,0.192628671585799,0.0657259583914075,0.1285957979305259,0.0514142842160726,0.043004041636157,0.0228820226782557,0.0025992043987917,0.7584499218659999,0.3930594908540351,0.9506329546726576,1.1113498840888945,1.352491954003272,1.0929587811105244,1.1810751064904308,0.8354299373635875,14.0,4,0,65.75,92.25,26.5,9.255628918,36.54957046,56.02736057,19.47779011,9.386802253,43.5,11.0,12.75,11.25,27.25,65.0,False
S001435,phase,full,4,1456265133,56.0,60,4,8,10,15,12,0.0244742958602848,0.0665130453223668,0.1853599023234348,0.0522466897028369,0.1600458479701058,0.2509071678762612,0.1334389048030066,0.0713676742263689,0.0758000845534576,0.0271231926010467,0.0203155167761199,0.0114761153837372,0.687009663831747,0.3561674817929465,1.0884851385279768,1.093343944522336,1.0089890000500863,1.4317753497229109,1.0566256078032636,1.0148451148792892,14.0,4,0,47.25,56.0,8.75,2.5,22.75250665,27.95784606,5.205339406,1.38997645,31.25,10.0,8.0,18.5,17.5,38.5,False
S001436,phase,full,4,1457265136,56.0,60,4,8,10,15,12,0.0189483504459775,0.0378249032234948,0.1283460115136358,0.0595287392730457,0.2151061767013279,0.2395541193200058,0.1778685121021396,0.0512810668303732,0.0528979321757839,0.0728565884820839,0.027726986295566,0.011126570441166,0.5050399698827537,0.1407918532294064,1.2600130543047894,1.135899616542729,1.0912693700577172,1.0270490980948956,0.9805158907804596,1.012539869259539,14.0,4,0,36.75,43.75,7.0,7.438637868,15.49443308,18.21188321,2.717450128,1.564961779,27.75,6.25,6.5,14.75,7.5,36.25,False
S001437,phase,full,4,1458265139,56.0,60,4,8,10,15,12,0.0258957285956507,0.0396868626439245,0.3125712447235577,0.0508482857280331,0.2180255213034293,0.2034931506421974,0.0677396863148835,0.1006170243067511,0.0288871452909031,0.0365015001004007,0.0180711755611779,0.0056876370470613,0.4941586022594132,0.37584314761639,1.0906537920970392,1.2162108771940103,1.0916840088318152,1.21644294549499,1.2974011952194384,0.7489723005567003,14.0,4,0,263.0,563.75,300.75,47.64714052,68.80197708,170.8289532,102.0269761,26.79723483,26.5,11.75,175.5,220.75,289.75,274.0,False
S001438,phase,full,4,1459265142,56.0,60,4,8,10,15,12,0.0208401708958585,0.0404037421966092,0.1835599804732813,0.0209744320706112,0.106664986164881,0.1509411166532684,0.0878000969198163,0.0696635881749653,0.0240090554727317,0.0261683777621139,0.0369201165753491,0.0035294680484998,0.7505099714939505,0.4067049474731824,1.06277185559882,1.0046443591224443,1.2276133563106693,1.26724623267464,1.2182854988533554,0.7577664599941191,14.0,4,0,67.5,85.0,17.5,2.380476143,27.3552677,42.8997502,15.5444825,3.038141732,34.5,14.5,16.5,26.25,34.75,50.25,False
S001439,phase,full,4,1460265145,56.0,60,4,8,10,15,12,0.0237455634373302,0.0360877924428623,0.1277624608161252,0.0389995369764527,0.2043354321370699,0.2478947346614153,0.0906039304293202,0.0617361977016747,0.0325729402943332,0.0604814130371389,0.0311299337937992,0.0019574984983601,0.7291980531729877,0.1193128857111806,1.1364308256399998,0.9614537833315804,1.057169944688481,1.3389119401569347,1.1767354544584685,0.8391174655635971,14.0,4,0,68.0,73.75,5.75,5.737304826,38.18913404,45.2206545,7.03152046,3.116051539,26.5,12.25,14.75,26.5,17.25,56.5,False
S001440,phase,full,4,1461265148,56.0,60,4,8,10,15,12,0.0338038218285079,0.0698242525786424,0.2544870094124974,0.0209951968497652,0.150947188616497,0.1591834283119198,0.1062117751925243,0.0500823801108984,0.0227023617004557,0.0408989864825623,0.02373552576313,0.0071598595522997,0.5105345148064673,0.1542327479902548,1.139028731391255,1.0045293495484946,1.044457985451381,1.0824325312260694,1.014827747422896,1.0154687096159494,14.0,4,0,101.25,106.5,5.25,8.995369179,30.98598868,32.89352006,1.90753138,0.3078819898,33.0,15.0,28.0,67.75,41.75,64.75,False
S001441,phase,full,4,1462265151,56.0,60,4,8,10,15,12,0.0188024492562369,0.0535988228343584,0.2698557035334488,0.0151752436833232,0.1379756305366218,0.1435509539834816,0.0925345211085672,0.1184627604780853,0.0670682847334435,0.0226198236937252,0.0100716153332728,0.0014825189112764,0.6608181936604784,0.2861354802528333,1.0458620172709832,1.1450441640439075,1.2645441704944074,0.908597117083476,1.3907770467675329,0.961342168900375,14.0,4,0,136.0,174.5,38.5,20.40424792,40.54943716,59.25807644,18.70863928,4.663727365,39.25,11.5,49.25,34.75,105.5,69.0,False
S001442,phase,full,4,1463265154,56.0,60,4,8,10,15,12,0.0162021040372727,0.0563988611793018,0.148542271477058,0.0226366137639728,0.1386443502100188,0.2245424456667669,0.1018124166674096,0.0526916866443051,0.0207662719949338,0.0344305998522566,0.037071934426552,0.0032223298248393,0.4576248282000653,0.4420757649740475,1.2992338490461048,1.1339937900316297,0.9825058161216093,0.8543947954920895,0.981099684312318,0.9273973983382549,14.0,4,0,42.75,52.75,10.0,5.099019514,13.05027182,14.62057855,1.570306733,1.393044457,42.25,10.75,10.5,40.25,19.25,33.5,False
S001443,phase,full,4,1464265157,56.0,60,4,8,10,15,12,0.0174940979833431,0.0785545935785599,0.122906828207071,0.0298097365565936,0.1229634298234803,0.1581477484450076,0.1037706824261854,0.0762704908803603,0.071051250224789,0.0286902116754529,0.0127708640834793,0.0032914392993551,0.4215958968076203,0.1516450968310213,1.0756717834840157,1.1772949040904417,1.0877161624753455,1.3505243882290956,1.3861793958551665,0.7681219381963779,14.0,4,0,39.0,52.25,13.25,4.645786622,11.81006219,17.53381588,5.723753694,2.881721336,44.25,8.25,10.5,11.5,17.25,35.0,False
S001444,phase,full,4,1465265160,56.0,60,4,8,10,15,12,0.0135126710101998,0.0622105641853759,0.2432795884929517,0.0224965410580323,0.1256485859731879,0.1419251638663354,0.1701634304245339,0.051581429264501,0.0202459441293911,0.0617456283509707,0.0191205201690375,0.0084210491619197,0.7496298562309649,0.2331757208077817,1.1510377565069403,1.0675486173816373,1.2263912014177114,0.8782993140676888,0.8857050585170871,0.9620586877698316,14.0,4,0,49.0,53.0,4.0,5.715476066,27.84490763,26.61156841,-1.233339218,2.128865946,45.5,9.75,13.0,14.5,14.25,38.75,True
S001445,phase,full,4,1466265163,56.0,60,4,8,10,15,12,0.0342747646896059,0.042007831263521,0.3072239184267305,0.0563925146975583,0.1573088463310764,0.2037845253876222,0.0845051367210453,0.0770435915464868,0.0439546617614599,0.0260621457583429,0.0143356760607393,0.0029446754520438,0.5707532371886068,0.2310949764040256,1.0249283031892586,1.1636392633899086,0.9456597345628934,1.1457583539224483,0.9808364992099206,0.981345370441868,14.0,4,0,133.75,167.0,33.25,23.85197406,36.8344154,47.11819339,10.28377799,6.054991386,19.75,6.5,30.5,51.25,83.75,83.25,False
S001446,phase,full,4,1467265166,56.0,60,4,8,10,15,12,0.0212310933141799,0.0464286470506372,0.2433730092183941,0.0268313721964776,0.1736651829175243,0.2232932086415033,0.1287985171309913,0.1077353549804187,0.0280944294850239,0.0399444601593739,0.0107392070632741,0.0100244075180735,0.8300330199776598,0.1206205554123313,1.0309223384086672,1.1730076107832057,1.290236027659358,1.1491483815685088,1.1029218725492045,0.9992977980441152,14.0,4,0,121.75,152.0,30.25,22.24672261,57.68392085,83.7603517,26.07643085,10.51967413,32.75,14.5,21.75,27.0,59.25,92.75,False
S001447,phase,full,4,1468265169,56.0,60,4,8,10,15,12,0.0126288306968288,0.0734389326155229,0.1454250326726795,0.0240954194560782,0.2018451424349527,0.1779023698201016,0.069992254128399,0.0929184943971424,0.0261769783030027,0.023089522252557,0.0257491013695786,0.0069434145177723,0.4978699047277798,0.1404908505811354,0.98180721184883,1.111792420187936,1.4377760953256895,1.038181646259967,1.0084838910054623,1.021673408278592,14.0,4,0,81.0,129.5,48.5,39.88734135,19.23526763,28.06589084,8.830623205,4.510397484,50.75,4.25,24.5,35.5,73.25,56.25,False
S001448,phase,full,4,1469265172,56.0,60,4,8,10,15,12,0.0140513564264088,0.0382542676716696,0.1499534453504651,0.0220414706097376,0.1647842055740766,0.2160709689581376,0.1786360720540494,0.0979426570089964,0.0669761615526535,0.06481924359535,0.0320762462978925,0.0029809093085773,0.7406081023921854,0.2102927781401309,1.227745468706007,1.1234649994773105,0.9079500442591528,1.1329938973663414,1.2533065601672198,1.0464614559243897,14.0,4,0,54.5,56.0,1.5,1.732050808,32.853487,40.56270357,7.709216569,2.233088724,38.75,10.25,8.5,12.5,8.75,47.25,False
S001449,phase,full,4,1470265175,56.0,60,4,8,10,15,12,0.015822999547472,0.0303856181444596,0.1875720419970791,0.0217939940337406,0.1676974319544081,0.2125853199622415,0.1322108988153771,0.0672241200801494,0.0388485513005099,0.067338502750843,0.0379422134103998,0.0101090603302214,0.373062544455922,0.4201339751558943,0.9723853316151264,0.9867697720990763,1.218590432574886,1.2287298424292634,0.9282839827704223,1.0449201537228447,14.0,4,0,61.25,65.75,4.5,8.426149773,16.41009228,16.37101749,-0.03907478837,1.629822924,37.5,12.5,13.25,24.75,18.0,47.75,True
S001450,phase,full,4,1471265178,56.0,60,4,8,10,15,12,0.0259153457232297,0.0675058197309718,0.157600061360792,0.0170468835228921,0.1458339302601144,0.1732892812234024,0.1156615223775864,0.0671654337700302,0.0506633488327502,0.0597340822711774,0.0091630326569459,0.0050604539682706,0.6319254233124092,0.1070484179606398,1.188514835753767,0.9713338383179568,1.4576634545700196,1.4468577434158705,1.3625923671856652,1.0212930695805522,14.0,4,0,65.25,83.75,18.5,7.187952884,30.61645586,53.17856197,22.56210611,4.652992929,37.5,13.25,16.0,17.75,16.75,67.0,False
S001451,phase,full,4,1472265181,56.0,60,4,8,10,15,12,0.0122691709380839,0.0384393346224151,0.2871254732725933,0.0583545758868803,0.1005969783081404,0.2290331479848117,0.0630459046100538,0.0478349026334955,0.0400650707675762,0.0270895394496423,0.0109424291470811,0.0056698973898915,0.5169707057553391,0.3465988499003399,1.3182471056738032,1.1154653848918237,1.3815384539178788,1.3997530398767104,1.1198097628867696,0.7244538300507166,14.0,4,0,55.5,82.5,27.0,14.14213562,16.37598212,27.73526033,11.35927821,0.7440220061,33.0,6.25,9.0,29.75,31.5,51.0,False
S001452,phase,full,4,1473265184,56.0,60,4,8,10,15,12,0.0125725512642596,0.0308498235378833,0.2063599398193035,0.040100125352385,0.1666591537961125,0.1641601287457798,0.1239554415430967,0.1204526412040278,0.0839026132574558,0.0381594888597241,0.0416164011410166,0.0058224464032184,0.7120245541689094,0.2296067276858479,1.2019329336647833,1.1151949193499109,1.159138130660807,1.2921319793315302,0.9490129548221076,0.8820897365041606,14.0,4,0,50.5,72.75,22.25,14.26826315,23.06210382,32.37780801,9.315704192,6.199569568,39.75,7.5,21.5,17.75,26.0,46.75,False
S001453,phase,full,4,1474265187,56.0,60,4,8,10,15,12,0.0257256940750391,0.0547019705900006,0.2090999196438797,0.0150414285804798,0.1364954077931852,0.1545472160403094,0.0732896835631247,0.0729122656438921,0.0312894320854083,0.0611079154500715,0.0103300794972964,0.0012570148896263,0.3815652844098198,0.4499281055459739,1.0201942300077778,1.2082024096510748,1.3120694017758936,1.0617595610183777,0.9497873158873242,0.8786988059068537,14.0,4,0,137.5,198.75,61.25,23.61320252,37.35022783,47.68479257,10.33456475,6.451597119,40.0,14.0,58.75,65.25,67.0,131.75,False
S001454,phase,full,4,1475265190,56.0,60,4,8,10,15,12,0.0206013407653655,0.0406279823966423,0.1981175495376426,0.0292821902418134,0.1267366031635399,0.2145891381032647,0.1035890629172781,0.0740905053262337,0.0429241983201871,0.0475739376548289,0.0094206196551548,0.0033545174430473,0.7968364078338077,0.3292355941302757,1.2628187759834273,1.0103898908401625,1.2788912464393605,0.8714855670446152,1.2383493987133387,0.8613646168490052,14.0,4,0,93.5,114.25,20.75,11.02648327,47.98554727,66.59142566,18.60587838,4.397096697,34.0,11.25,12.5,23.25,43.25,71.0,False
S001455,phase,full,4,1476265193,56.0,60,4,8,10,15,12,0.0220483351240794,0.0740186895236173,0.1788600829827524,0.0312799820968046,0.1249118878253646,0.2928185053766419,0.0799375616887305,0.053750644661165,0.062278407729488,0.0384371624162905,0.0193650703440207,0.0024142540386983,0.6989095943873147,0.2826852758773656,1.2959503513646955,1.2315522204138638,1.34335873080342,1.1742719338238303,1.1959945062913016,0.7647498035009244,14.0,4,0,60.75,95.25,34.5,24.61029595,29.20380574,46.22685026,17.02304452,6.698008455,35.5,9.5,12.25,29.75,35.75,59.5,False
S001456,phase,full,4,1477265196,56.0,60,4,8,10,15,12,0.0216256435480874,0.0615361195926182,0.127451203389181,0.021518360787924,0.2189063808141572,0.2065778655727264,0.1038647970477142,0.1139909883709928,0.0449882099768597,0.0664373202745953,0.0156643256010599,0.0081528169671931,0.6881016179908724,0.3616699115065811,1.1700009995875214,0.9768029151976422,1.0663375616895414,1.447977913647196,0.9428988268225044,0.982733008056628,14.0,4,0,89.5,98.5,9.0,5.830951895,48.98953687,54.17367022,5.184133353,3.088825375,39.5,12.5,13.0,16.75,17.5,81.0,False
S001457,phase,full,4,1478265199,56.0,60,4,8,10,15,12,0.0295310905297539,0.0556242159952607,0.2360473490603588,0.0399809247823388,0.1278847488811695,0.1809612847105484,0.0607265967274275,0.1214688695310808,0.0238268184336339,0.0237057061101737,0.0368607723820223,0.0053634221484483,0.3734151826941158,0.27118321045384,1.1277694554087103,1.2213895166681572,0.9953414774342106,0.8521840469255512,0.9140905994590132,0.9739483805867956,14.0,4,0,107.0,145.5,38.5,36.28130832,18.93235793,18.44517341,-0.4871845229,3.180174797,23.25,11.25,49.5,60.75,93.25,52.25,True
S001458,phase,full,4,1479265202,56.0,60,4,8,10,15,12,0.0150112644869142,0.0715739643558908,0.1912195187053215,0.0356880604481188,0.1463329911762942,0.2621041192462975,0.1320698192984491,0.1166160292438953,0.0498617375318353,0.0392060326444633,0.0424936234244858,0.0011390785312587,0.7664938555565454,0.3613715674525014,1.0130699512129837,1.1501082399582256,1.240375618317603,1.332734392785111,1.254328503708931,0.8372021267297856,14.0,4,0,55.25,63.25,8.0,14.2126704,32.37518002,44.58630261,12.21112259,5.277517457,45.75,4.0,6.25,7.5,12.75,50.5,False
S001459,phase,full,4,1480265205,56.0,60,4,8,10,15,12,0.0144267582100181,0.0345352510159823,0.2978095207558607,0.0165603861775057,0.1345717057236514,0.1911520832392535,0.1460672231068011,0.0483560069043719,0.0558328550017749,0.0554428066114801,0.0255006442840805,0.0048663714226176,0.6381302775782727,0.1600661023526289,0.9625126070895972,1.2125986628009575,1.4654707685392128,0.9389255244509076,1.125555425533754,0.8119461053003161,14.0,4,0,70.5,98.25,27.75,11.58663023,31.94483515,46.73589222,14.79105707,7.158926859,43.5,9.75,26.75,46.0,30.75,67.5,False
S001460,phase,full,4,1481265208,56.0,60,4,8,10,15,12,0.0140127140961,0.0419085703001122,0.2372125437803914,0.041860064096189,0.1653889681601261,0.2020147835409682,0.0700495450993266,0.0540078804205199,0.0656171696178347,0.0455476592584876,0.0113279740725478,0.001587730587939,0.7592619283044844,0.4271243459910625,1.0074692582021283,1.253931823236636,0.9273138418292436,1.1920960811587316,1.226235903748402,0.8231671348950734,14.0,4,0,88.75,122.25,33.5,41.71730257,43.1164101,73.58349255,30.46708245,23.13266165,37.5,7.5,29.0,69.25,38.5,83.75,False
S001461,phase,full,4,1482265211,56.0,60,4,8,10,15,12,0.0133334350236794,0.0612472401203246,0.2300165546442069,0.0162413378951176,0.1579245013809974,0.1890881582180426,0.1172743810015365,0.063213618527291,0.0308330225412666,0.0235883448500599,0.0341445298295793,0.0025828020003426,0.4702988173535566,0.1682218269561428,0.9537426153072696,0.9576905115348716,1.0802849122240614,1.4235077554189028,1.1529199905435266,0.7213386255416352,14.0,4,0,71.25,74.75,3.5,15.60982597,17.25810185,22.87721358,5.619111722,4.804311533,47.75,8.75,10.5,29.75,29.75,45.0,False
S001462,phase,full,4,1483265214,56.0,60,4,8,10,15,12,0.0214163740267487,0.0406584550804365,0.1546416957617343,0.0559796740382664,0.1346756871777425,0.2103838398246682,0.1485881268416495,0.1275396592350937,0.0247697545624182,0.0727161489738354,0.0085425159839817,0.0049472312700227,0.894900489320349,0.4432960427716665,1.0217700692991514,1.0345421063244042,1.0465486376928144,0.9504752140145368,1.1275260773795164,0.8368327949872291,14.0,4,0,71.75,71.25,-0.5,8.6986589,52.16215104,56.42270735,4.260556313,6.936550583,30.0,7.75,7.0,6.75,12.5,58.75,False
S001463,phase,full,4,1484265217,56.0,60,4,8,10,15,12,0.0222372116730038,0.0436190835708276,0.1200961833334607,0.0421241222965358,0.1396774748228094,0.286905287896159,0.1542697613777931,0.0475194670623264,0.0331317547475306,0.0568949290067857,0.0239031123516621,0.0011746165974824,0.889018015211483,0.1922704716509821,1.333577019359884,1.0679250225366206,1.228226795962552,0.9616975494652378,1.0352696879761971,0.7933999236044013,14.0,4,0,47.0,53.25,6.25,10.30776406,35.50647151,39.08295221,3.5764807,5.639971035,27.0,11.5,5.25,17.25,11.0,42.25,False
S001464,phase,full,4,1485265220,56.0,60,4,8,10,15,12,0.0124714556134801,0.0760046346351311,0.1660864432069002,0.020038450796059,0.1699413036888792,0.2434456066728532,0.1260027162034795,0.0455489359055128,0.0302754412577409,0.0338459533774015,0.0082797387310413,0.0029263289050144,0.4192918640210099,0.2055416981838916,1.0326740989347147,0.9848477984965512,1.3475111248170608,1.1176292719010408,0.9134273737618026,0.7456483652198364,14.0,4,0,58.5,69.5,11.0,3.366501646,15.87572568,18.72234857,2.846622893,0.9186249997,52.0,5.25,2.25,12.25,21.25,48.25,False
S001465,phase,full,4,1486265223,56.0,60,4,8,10,15,12,0.0126823458703237,0.0410484759212444,0.21674297113693,0.0173542843655306,0.119737238708513,0.1607552204985544,0.1060132861831007,0.0616223946147399,0.0413545946702301,0.0385783512543329,0.0106133119527885,0.001604400704993,0.8197514694983951,0.3599419538120103,1.1622562322036347,1.09259638936258,1.3377300749117378,1.012902418326654,1.3765650820322817,0.7816860721806684,14.0,4,0,74.5,93.0,18.5,6.658328118,39.80917548,61.40119635,21.59202087,8.727242462,42.5,12.0,25.5,28.5,33.25,59.75,False
S001466,phase,full,4,1487265226,56.0,60,4,8,10,15,12,0.0139823892134144,0.0324086251164936,0.1240719789528397,0.0174508159433354,0.1085331182334309,0.2411833533561398,0.0902700573695939,0.0828033321370803,0.0497514540216015,0.0400516796281675,0.0293161902504295,0.0044913923600057,0.5885660248076824,0.1276712122025125,1.0296555533272724,1.0613182197491746,0.9795077592627534,1.0451318690690312,0.9559098549205176,0.773292607678075,14.0,4,0,40.75,48.75,8.0,5.228129047,17.72154245,19.94126353,2.219721075,0.9101097789,44.5,10.25,6.0,9.5,14.5,34.25,False
S001467,phase,full,4,1488265229,56.0,60,4,8,10,15,12,0.0294809083565916,0.0842744473128041,0.145059172369372,0.0441117548908471,0.1210345382248023,0.2691874499138446,0.0753727960597301,0.0518778436337292,0.029957933679788,0.0354177053168165,0.0356168072701711,0.0035931315831218,0.5983285202775664,0.2112244469859415,1.3378811006549824,1.0102231731397866,0.9308459464952912,1.4103828446862203,0.9947242502350528,0.7336138261718357,14.0,4,0,51.25,65.5,14.25,8.539125638,20.71210801,28.28917057,7.577062558,5.293556065,29.25,8.75,2.5,27.25,17.0,48.5,False
S001468,phase,full,4,1489265232,56.0,60,4,8,10,15,12,0.0157875495102854,0.0531110971774473,0.2107123862187014,0.0337522715260145,0.1567582281200916,0.1816177389506507,0.1172289919942915,0.0678611477497521,0.0250170231213534,0.0264479596637412,0.0375314874255355,0.0042511491145046,0.8499587877481665,0.2914487615241813,1.232921863489094,1.0315399805355592,1.243624709416035,1.2421851928519074,1.3057141069850118,1.0359035124669391,14.0,4,0,61.5,77.25,15.75,8.421203398,26.19532512,46.13935709,19.94403197,4.239352415,40.25,8.25,16.75,30.5,31.75,45.5,False
S001469,phase,full,4,1490265235,56.0,60,4,8,10,15,12,0.0234145443990846,0.0431426953069449,0.2203848102922016,0.0217759851358315,0.2074661529728546,0.202050254332104,0.0819054968972522,0.081326333446779,0.0229053462056415,0.0539680629107423,0.0329125682290808,0.0033826369637962,0.7719675435280833,0.1172348587308789,1.2409505985160547,1.0493622783294354,1.1487359015276728,1.1469669068260475,1.2584336854834797,1.0439138861005806,14.0,4,0,176.25,212.5,36.25,19.72097023,90.3343234,131.4058637,41.07154033,9.469189291,33.0,10.25,58.5,89.0,72.25,140.25,False
S001470,phase,full,4,1491265238,56.0,60,4,8,10,15,12,0.0127221667425319,0.0533652667923371,0.136161985558268,0.0197919333079926,0.2076085618811922,0.151534526563227,0.0811574573485612,0.0544795986967076,0.028698974338318,0.0745293454644038,0.0110394119882212,0.0012701150911519,0.6862404805234572,0.1792719813300378,1.327264767382666,1.218960178569891,0.9072400033743304,1.0266414968114286,0.9795012914378318,0.8512320452842218,14.0,4,0,115.0,208.75,93.75,50.14229751,56.36293652,86.86472687,30.50179035,15.55593123,45.25,10.5,130.0,187.0,79.75,129.0,False
S001471,phase,full,4,1492265241,56.0,60,4,8,10,15,12,0.0254885134384991,0.0816577849372245,0.1893155402480841,0.0453970953106348,0.1508880682134228,0.2313220622222292,0.0829091015203929,0.1286623541794115,0.043801200400801,0.0273047583935014,0.0170325745065218,0.0021749892380886,0.6732032156255223,0.1216175032391083,1.3428182784889668,1.1930982787993518,1.2878788739902025,0.8595868060317358,1.012606202271105,0.8062022860282697,14.0,4,0,89.25,139.75,50.5,18.92969449,35.80948602,44.28854235,8.479056328,4.408479218,31.0,8.0,13.75,18.0,74.25,65.5,False
S001472,phase,full,4,1493265244,56.0,60,4,8,10,15,12,0.0271726617501961,0.0435801619897506,0.1442557104318899,0.0157038548376284,0.2139247865554504,0.242538630480521,0.1578114142651851,0.0506505289791836,0.040808981018516,0.0447049204439505,0.0328905281753599,0.0085755197566449,0.8875483057784592,0.3271610436211233,1.2667919064071838,1.143816299881693,1.2709996657669804,1.0724444244661189,1.240575658417814,0.7649590822912358,14.0,4,0,55.5,92.25,36.75,6.184658438,38.17249491,63.88755279,25.71505789,9.057786399,28.5,20.25,23.5,45.75,32.0,60.25,False
S001473,phase,full,4,1494265247,56.0,60,4,8,10,15,12,0.0310212703108302,0.047112887350118,0.2849362700473751,0.038695229765178,0.1662126269553489,0.1923618380802801,0.1225640099056166,0.0562575555174027,0.0459474848915121,0.0421182277236913,0.0241851338556783,0.0018740974415021,0.5585362452841414,0.3392442250382755,1.128408794012222,1.01123738127459,1.3633255997922509,0.940220605489232,0.9883604217876516,0.8135306208109883,14.0,4,0,100.25,129.75,29.5,6.952217872,38.59978503,44.43704746,5.837262429,2.042093159,25.25,12.0,27.75,45.25,50.5,79.25,False
S001474,phase,full,4,1495265250,56.0,60,4,8,10,15,12,0.0158419236681393,0.0492545883126152,0.2138277482222961,0.0165577829033312,0.1770833237696027,0.2162593152753542,0.1327810234619901,0.1153791224228514,0.0268035814413062,0.0296872234128758,0.0264719916516158,0.0044169847818623,0.5721678026679475,0.2484943108213989,1.2292394306404504,1.0016281943846437,0.954920135802678,1.3679901751056445,1.3172302731777228,1.0145078176543196,14.0,4,0,98.0,102.0,4.0,20.83266666,34.29638552,43.39465763,9.098272116,6.967898082,40.25,14.5,13.75,22.25,39.5,62.5,False
S001475,phase,full,4,1496265253,56.0,60,4,8,10,15,12,0.0206221061256374,0.0480724412652126,0.190912871155915,0.020194834851534,0.1183052712799504,0.2235577966303616,0.15508533107543,0.0679706581524168,0.0739681508755936,0.0205933708460349,0.038572335419453,0.0013207015463982,0.7485343543114631,0.4003394692063714,0.9751396040553518,1.1001811155760295,0.90880954336247,1.0137316906064673,0.9702980923733218,0.8201853688477074,14.0,4,0,51.5,54.75,3.25,8.139410298,21.46976987,21.60100583,0.1312359572,2.712753928,33.25,13.25,10.75,21.0,24.5,30.25,False
S001476,phase,full,4,1497265256,56.0,60,4,8,10,15,12,0.012500333211966,0.0487057041993745,0.3055631877059445,0.0202106413327722,0.1608967743539466,0.1996568502021543,0.068312317928776,0.0730387721150995,0.0658778234174681,0.0395551984936125,0.0144549705547638,0.0090997565996893,0.6407276852752777,0.1021039974477624,1.1138436763197928,1.0304893972779017,1.4021546297733414,0.9567191939931696,0.9691022276907426,1.0474944573846712,14.0,4,0,100.75,114.5,13.75,3.862210075,36.83243329,39.636785,2.804351706,1.491374648,44.0,10.0,33.25,38.25,51.0,63.5,False
S001477,phase,full,4,1498265259,56.0,60,4,8,10,15,12,0.0230991065658546,0.0573404631634093,0.215561070991881,0.0415134676489286,0.1414562582626729,0.1823182677426333,0.1575809034766219,0.1035206981580222,0.0398739052405909,0.043254623813745,0.0209491098105211,0.0015103330052822,0.7129898197045688,0.4174157570298168,1.2158258943702906,1.140402457197541,0.9847375458278816,0.894519290993063,0.9138046400049998,0.7431378823226091,14.0,4,0,76.75,99.25,22.5,4.654746681,40.96367748,45.54518124,4.581503763,2.230368846,27.5,10.0,14.25,22.5,31.75,67.5,False
S001478,phase,full,4,1499265262,56.0,60,4,8,10,15,12,0.0134749824654582,0.0475876547751872,0.1930631220134515,0.02600358611617,0.1222994735718686,0.1850026071096955,0.0879039633763866,0.09663912411556,0.0210208717501918,0.0225420739956807,0.0192543992975652,0.0032886086046078,0.6958684415935121,0.3892862415338954,1.111360646718658,1.1522127946803935,1.2641435974139574,1.1408542060529747,0.9506665784876752,1.0314078430431897,14.0,4,0,69.5,81.0,11.5,5.802298395,28.40309,31.49648598,3.093395983,2.382499721,43.5,8.75,9.5,13.25,33.0,48.0,False
S001479,phase,full,4,1500265265,56.0,60,4,8,10,15,12,0.0179740796527105,0.0570496089711382,0.2940564271998121,0.023687664035691,0.1905820700289474,0.1463621798366371,0.1355079929725259,0.1135875413021095,0.0825501193874737,0.0230499385377617,0.0083815980082757,0.0053728183991956,0.652361458099224,0.2423937578354472,1.1364865410724638,1.176154045642121,1.3082894196526134,1.2690648660364423,1.390554774428712,0.8583045040695982,14.0,4,0,113.25,198.0,84.75,33.34041591,35.02471234,70.68131033,35.65659799,8.215617208,37.25,11.75,71.25,47.0,114.75,83.25,False
S001480,phase,full,4,1501265268,56.0,60,4,8,10,15,12,0.0157367613601135,0.0435178216607154,0.2403810698484916,0.0218771240761148,0.1891664961018067,0.2996911887807275,0.1246656343405544,0.0742538078736176,0.0672608601710428,0.0783921848004056,0.0429788212187938,0.0037982132709089,0.707400892493069,0.4398725831522684,1.091395443596581,1.041158084530134,1.4100133801048491,0.9590470211317418,0.9710049414533654,0.793749217055493,14.0,4,0,71.5,91.75,20.25,3.862210075,38.62854403,49.70132734,11.07278331,5.081931769,44.5,9.5,11.5,19.5,19.75,72.0,False
S001481,phase,full,4,1502265271,56.0,60,4,8,10,15,12,0.0174557609044802,0.039096574289296,0.2390481118783373,0.0192540713448226,0.1201197768267942,0.1584771507201366,0.0891488865620547,0.1038191918488419,0.0509192007411277,0.0246608896524999,0.0088072938062686,0.0020125282956564,0.7841769875288136,0.4027785450298791,0.9552417325393804,1.075274831788424,1.099340725182775,1.1131886376466744,1.0632527438677482,0.7207887665780874,14.0,4,0,116.25,136.5,20.25,12.5,45.38695821,57.35722694,11.97026873,6.013164415,40.25,10.25,25.0,26.0,67.75,68.75,False
S001482,phase,full,4,1503265274,56.0,60,4,8,10,15,12,0.0337630663299158,0.0801055630109291,0.2666956648895511,0.046883018376601,0.2178985203053442,0.1498737018863842,0.0816720700905071,0.1073530455011668,0.0364952162702148,0.02225805611984,0.0116745675740585,0.005076388822897,0.7333775942013114,0.3445712076671181,1.307599213705162,0.9687495161127956,1.3646326203452035,0.9049650210112132,1.170504620646059,0.8250818762343373,14.0,4,0,259.0,314.0,55.0,14.0,64.46264687,82.69329815,18.23065128,2.647513019,24.75,8.25,103.0,74.25,214.25,99.75,False
S001483,phase,full,4,1504265277,56.0,60,4,8,10,15,12,0.0154899959661901,0.0330455897961204,0.2289367554546877,0.0392702393446774,0.158215480347861,0.2773158377558112,0.0757155842988502,0.1092952875238473,0.0431265140533953,0.0641643378604892,0.0229893062144011,0.0015009937913027,0.7933259845560952,0.2276308182694671,1.0067669173925575,1.0393846288957411,0.9751391998835496,1.187281713977452,1.2483969406714042,0.963309782417883,14.0,4,0,96.5,109.0,12.5,7.937253933,55.01675229,72.5911462,17.5743939,3.628288778,36.0,10.75,15.5,31.5,29.0,80.0,False
S001484,phase,full,4,1505265280,56.0,60,4,8,10,15,12,0.0213082597555269,0.0377390454557788,0.2423224089977805,0.033006067812074,0.1440393038889814,0.2075829472766614,0.1640355259499742,0.1251588859430795,0.0488495554375751,0.067098200081193,0.0271935720980924,0.0093292123446096,0.4542450173985744,0.1445340196372055,1.3444430604876465,0.9810865812879652,1.153172692092408,1.3115230678149796,1.1694064274637106,0.9511776642692789,14.0,4,0,81.0,98.5,17.5,23.01448819,26.54359045,39.14683557,12.60324512,6.792864948,27.25,13.75,15.0,14.25,21.75,76.75,False
S001485,phase,full,4,1506265283,56.0,60,4,8,10,15,12,0.021047872275861,0.0339398981243698,0.1408620665519121,0.032534923509395,0.1870293535724934,0.1969121829952644,0.0791062664194043,0.1243335004641117,0.0383600753405798,0.0210781627452711,0.0326439316670687,0.0016199417451008,0.6114590213373619,0.1226430676843575,1.059925676358055,1.2401893589613564,1.0194534396027586,0.9999249680460008,1.0830372222961473,0.895961403479711,14.0,4,0,78.25,142.25,64.0,37.63863264,24.04710339,37.7588418,13.7117384,7.997091892,33.5,10.25,43.5,57.0,84.75,57.5,False
S001486,phase,full,4,1507265286,56.0,60,4,8,10,15,12,0.0245681544784313,0.0624013028968786,0.1436582554182154,0.0214745109550692,0.1317427107207406,0.1899804450971061,0.0823298350280835,0.125905165787184,0.0350132360938918,0.0358419877137602,0.0364529289142868,0.001713697596775,0.3674406814312509,0.1033733584506595,1.1752848487793996,1.247951432715672,1.0296755699216336,0.987870012909148,1.0310827342479756,0.7410106685794609,14.0,4,0,74.25,120.5,46.25,17.44276354,17.99675052,24.83001406,6.833263533,2.970174505,37.5,13.0,23.5,33.0,54.0,66.5,False
S001487,phase,full,4,1508265289,56.0,60,4,8,10,15,12,0.0193138326236891,0.0686417036027818,0.1406986204119976,0.0160016167978196,0.136173579437955,0.2105110515263153,0.1587785182237361,0.1220057332850556,0.0357315671126796,0.0791188935437632,0.025824794017566,0.0020626849838979,0.7320481482886909,0.193039971557871,1.0376366428124912,1.2982633998464057,0.902462287486124,0.8952208441939278,1.3928561839793805,0.7439397021555735,14.0,4,0,67.0,82.5,15.5,8.426149773,41.4426956,59.00137178,17.55867619,7.33056929,42.25,14.75,11.25,14.0,18.25,64.25,False
S001488,phase,full,4,1509265292,56.0,60,4,8,10,15,12,0.0201519274924718,0.0506385757901976,0.192802689183382,0.0344993022839258,0.1158832328415522,0.2678628324824821,0.062695135155707,0.0546512930963758,0.062209330649172,0.0663610011613856,0.0142758102033205,0.0090517853955458,0.887408795402824,0.4303563485601831,1.040616117376098,1.017699953688757,1.24228379231681,1.3577542926789854,1.3651188748209784,0.788802702617232,14.0,4,0,58.0,75.5,17.5,14.43375673,38.80711465,65.65003933,26.84292469,6.864809304,35.75,9.75,9.0,23.75,16.5,59.0,False
S001489,phase,full,4,1510265295,56.0,60,4,8,10,15,12,0.0245417073897327,0.0603874756311561,0.2653850118331,0.020854774727339,0.1175625988997879,0.2060175423293312,0.1494031674278455,0.054020417985349,0.0654254654617704,0.0254950063859299,0.0399160161647785,0.0094556117559562,0.5841692961104822,0.2730725729705505,1.2173377062710504,0.9542943837603676,1.100731081238859,0.9969960687374496,1.1077880103495306,0.992408325057036,14.0,4,0,41.5,49.25,7.75,5.737304826,15.10821445,16.09937361,0.9911591625,1.708636255,34.75,14.0,12.5,21.0,22.25,27.0,False
S001490,phase,full,4,1511265298,56.0,60,4,8,10,15,12,0.0143560326312045,0.0496114035311382,0.1515342459610588,0.0190714115969294,0.1868391492704063,0.2569186226289277,0.0878624023094884,0.0534413909400808,0.0395233786146102,0.0272313413640753,0.0139920755057575,0.0089169238112537,0.8896606524100474,0.3211737717461287,0.9684087517507038,0.98043360062916,1.2977988668143368,1.0102609078345914,1.054312709529004,1.0004487610488315,14.0,4,0,62.0,66.75,4.75,3.593976442,26.9265807,30.91171859,3.98513789,2.504781296,43.5,11.5,13.25,20.0,33.0,33.75,False
S001491,phase,full,4,1512265301,56.0,60,4,8,10,15,12,0.0233811550310499,0.0581746746891442,0.2778643904557913,0.0304670069891073,0.1358582889365327,0.205753273038937,0.1796003533633078,0.1107902573223638,0.0399494686708113,0.0612999309194819,0.0115105503675301,0.0043842219204325,0.6952113468601662,0.3912309118278668,1.0341234433432114,1.060065800733246,0.9036845460204136,1.0411949026555924,0.9144208766551044,0.8065135243908055,14.0,4,0,91.0,99.5,8.5,7.047458171,45.67693493,46.23262276,0.5556878309,2.666259363,33.5,10.0,11.25,21.75,27.5,72.0,False
S001492,phase,full,4,1513265304,56.0,60,4,8,10,15,12,0.0187180758161719,0.0494904422137472,0.1757201067561446,0.0166919211823114,0.1696678840459279,0.1423954000007625,0.0810986103734189,0.046911540267822,0.059990796741836,0.0220336809997301,0.0093986160553046,0.0048800972698589,0.4862844855285834,0.3799148086952251,1.1150577069452088,1.268048820405803,1.4259198633945709,1.040856829369363,1.347242531110456,0.8978817799413011,14.0,4,0,80.25,165.0,84.75,23.41473895,19.54064756,39.53205511,19.99140754,3.193413229,38.75,12.75,74.25,81.75,103.0,62.0,False
S001493,phase,full,4,1514265307,56.0,60,4,8,10,15,12,0.0123698481018049,0.0796308805427516,0.1531861733910373,0.0577305928811122,0.1808930025813962,0.2473800760376088,0.1360942814299694,0.0809353163544772,0.0239940800140416,0.0274452340158545,0.0122560478496718,0.0031873691241686,0.3582796212726951,0.130925619327518,1.236095274327021,1.1807309076158896,0.9274570788696332,1.404628127963803,1.1843379447184574,0.876368082797576,14.0,4,0,55.25,56.25,1.0,6.055300708,12.99011699,15.75716663,2.767049647,1.286271025,42.5,2.75,4.75,12.0,15.75,40.5,False
S001494,phase,full,4,1515265310,56.0,60,4,8,10,15,12,0.0192084822667082,0.0306996514277989,0.1815325436129047,0.0479930331400881,0.2013532797857096,0.1543758683780798,0.152937657237255,0.0857458786988269,0.0576403058314368,0.0546182483322746,0.0441513927802829,0.0028024845606726,0.874051917708281,0.1086694910461497,1.1287806814923838,1.1101211893287255,1.2331586301174913,1.0301870744597272,0.978369737692016,0.7624453169968026,14.0,4,0,59.0,88.75,29.75,12.01041215,37.17354028,52.405966,15.23242572,4.872410686,30.25,9.0,20.75,22.75,27.5,61.25,False
S001495,phase,full,4,1516265313,56.0,60,4,8,10,15,12,0.0303196953694486,0.0791311113480536,0.1435466057912708,0.0597952718117813,0.1931427394130263,0.1902829453256836,0.1003543922691729,0.0976823347121813,0.0291096369520622,0.0474053773155209,0.0172992640925043,0.0060031264609337,0.6140454364577252,0.2884165574397589,1.146277017008976,1.0106325832713068,1.3191646378891102,1.1657835259134286,0.8882666056695923,0.7785190835980127,14.0,4,0,91.0,117.75,26.75,10.93541647,37.60306401,44.79068107,7.187617062,5.130747626,26.0,6.75,20.0,20.25,38.25,79.5,False
S001496,phase,full,4,1517265316,56.0,60,4,8,10,15,12,0.0237032923892219,0.0736871324445575,0.2070699640891029,0.0494015077628372,0.148372963739617,0.2200502200335032,0.0845533193624668,0.1275435440533397,0.029667613858188,0.0297261092987146,0.0129786715252869,0.0051938135269874,0.7246601655754716,0.1410988531143782,1.0344302772214171,1.2076352232893326,1.3894710451361196,1.362285848748172,0.9102779234995556,0.7645107325240734,14.0,4,0,97.75,133.5,35.75,23.85197406,38.49754429,53.99342329,15.495879,5.550356905,31.75,10.0,17.25,18.75,53.5,80.0,False
S001497,phase,full,4,1518265319,56.0,60,4,8,10,15,12,0.0330572959088393,0.0679435275796482,0.2469433357431154,0.0279825053970656,0.1419692922932046,0.2233982671995749,0.1202996493994652,0.060891681302775,0.0420709717752319,0.0245069574303294,0.013668497516517,0.0022323278736549,0.7623616887267146,0.1259319036924889,1.3424783198682375,1.2232407543711985,1.3556879757989662,1.2256656958754184,0.9044327902358676,0.981910597523286,14.0,4,0,91.5,136.0,44.5,16.663333,38.22231559,47.73110579,9.508790203,7.588885142,27.25,15.5,27.5,43.75,69.25,66.75,False
S001498,phase,full,4,1519265322,56.0,60,4,8,10,15,12,0.0227923340224009,0.0389066300088319,0.2373588185673145,0.0333685111450281,0.1073983239657127,0.1521840684035604,0.1635113376817535,0.0717433264358264,0.0585055588481088,0.0341882512595651,0.0364995511390265,0.0016175336219994,0.8180517528074092,0.2783839463239573,1.0140073233031368,1.0982787532107212,1.056331336017349,0.9701332514626112,1.1010248644734626,0.8596910313216585,14.0,4,0,51.25,61.5,10.25,4.193248542,28.54457673,36.05854887,7.513972144,1.834570929,28.25,12.5,14.75,17.0,19.25,42.25,False
S001499,phase,full,4,1520265325,56.0,60,4,8,10,15,12,0.0185562035672475,0.0598453570547004,0.2249252781545421,0.0301549555064864,0.1253554640671008,0.2176659709336485,0.0931824501355378,0.0816440692285468,0.0329109712718759,0.0616977792709001,0.0134564650479123,0.0010613537969235,0.4514192100089774,0.2235052578393657,1.203034473343971,1.0838690861078122,0.9406425216250704,0.9476964209852212,1.025903643885383,0.8257332848807472,14.0,4,0,96.75,107.5,10.75,5.377421935,32.89529191,35.46484093,2.569549022,2.414177167,37.0,10.5,12.75,32.5,30.75,76.75,False
