set_id,model,observed,predicted
S0000000,extent_only,2.4244224203375,6.99187320712562
S0000001,extent_only,11.0323573243125,14.282897636027766
S0000002,extent_only,-0.5853499811437499,4.673224073921782
S0000003,extent_only,2.656615593538125,8.137149690594281
S0000004,extent_only,10.37305450625,9.3546756520845
S0000005,extent_only,48.328902115625,28.828198672230528
S0000006,extent_only,18.0972251925,9.380712180409573
S0000007,extent_only,13.6020206530625,7.577786756549245
S0000008,extent_only,8.898258860375,15.698397065406365
S0000009,extent_only,8.1590069176875,13.547411545341875
S0000010,extent_only,13.871308687175,14.259030216326389
S0000011,extent_only,7.3880461053375,8.073803605543375
S0000012,extent_only,13.9878658507,14.791246448693403
S0000013,extent_only,13.4959295726875,7.626584590464804
S0000014,extent_only,13.896532005375,11.53210769259221
S0000015,extent_only,4.676242609625,10.544386947356402
S0000016,extent_only,12.6775433431875,6.41446460685585
S0000017,extent_only,7.66480653719375,14.606310397746359
S0000018,extent_only,17.155617473375,20.112877717039154
S0000019,extent_only,8.164006917875,6.077779041265706
S0000020,extent_only,2.57750450473625,7.355644760510039
S0000021,extent_only,-0.354664866045,2.8480039466202296
S0000022,extent_only,2.84311598781875,9.81551198993546
S0000023,extent_only,0.677443119805625,6.364192932364311
S0000024,extent_only,12.4203158604375,14.408205237956771
S0000025,extent_only,16.7328558530625,5.837265039175885
S0000026,extent_only,5.3585667513625,20.88139907227472
S0000027,extent_only,17.701551544249998,10.544302184549148
S0000028,extent_only,5.3965855830375,8.406786349770893
S0000029,extent_only,0.7189396379562499,9.707869438397436
S0000030,extent_only,1.5649826498625,3.6826667389818555
S0000031,extent_only,18.3670676545,31.434725585664545
S0000032,extent_only,7.2477477896875,6.316086486673979
S0000033,extent_only,11.9478923385625,12.769713611140327
S0000034,extent_only,7.0377593590625,10.337557321291062
S0000035,extent_only,1.4273981177750001,8.47331055559562
S0000036,extent_only,16.00645683325,13.912349635472832
S0000037,extent_only,1.2427766729625,2.646857511150519
S0000038,extent_only,9.705146674375,12.279156438758207
S0000039,extent_only,29.198231588124997,26.17387826411218
S0000040,extent_only,13.0983429480625,8.587530792301036
S0000041,extent_only,2.9850052921687498,3.4786214838122476
S0000042,extent_only,9.2114496801875,8.413322400753719
S0000043,extent_only,0.45287446231750006,4.383854350842876
S0000044,extent_only,14.23359011531875,7.669911938066084
S0000045,extent_only,22.200303021875,47.511046335322966
S0000046,extent_only,6.70538243228125,9.70692840257128
S0000047,extent_only,22.83332415175,18.807532191653266
S0000048,extent_only,31.593945696875,33.80235837544907
S0000049,extent_only,35.270513723125,39.070419715102844
S0000050,extent_only,8.7523613164375,8.522882430316685
S0000051,extent_only,6.766700133375,10.339447470685016
S0000052,extent_only,2.14791177023125,5.016528458340222
S0000053,extent_only,56.18477660875,26.16329191363547
S0000054,extent_only,24.97685017125,20.52066011176722
S0000055,extent_only,8.717336453625,7.0940634529618825
S0000056,extent_only,88.10805461187499,47.78980587027948
S0000057,extent_only,4.3191209734375,5.1160249853087985
S0000058,extent_only,16.1276193960625,24.28076105035473
S0000059,extent_only,3.0227788861500002,7.9616225864176196
S0000060,extent_only,7.067630227675,2.8679076065805633
S0000061,extent_only,27.446986644375,7.509066868789426
S0000062,extent_only,14.546658364125,12.452072479717469
S0000063,extent_only,8.552683273975,9.485842753829193
S0000064,extent_only,6.1496710303125,14.4744379771901
S0000065,extent_only,3.296059647575,9.514474580155532
S0000066,extent_only,3.46892478275625,9.24683552756646
S0000067,extent_only,4.47744450175,3.290121944115378
S0000068,extent_only,8.10667242236875,10.223940384115211
S0000069,extent_only,17.69937360575,17.995987717590268
S0000070,extent_only,12.293174488625,11.386616808868109
S0000071,extent_only,23.2497476375,20.88854891404111
S0000072,extent_only,2.778591052266875,3.242791566408004
S0000073,extent_only,34.1185789010625,24.394101755217136
S0000074,extent_only,2.3938885234431253,4.480781789980137
S0000075,extent_only,3.077679978475,9.269981369345329
S0000076,extent_only,13.966308090875,16.679303552156316
S0000077,extent_only,3.0078356547125003,8.083578795966822
S0000078,extent_only,14.7939951625625,25.026997936717038
S0000079,extent_only,25.667323200125,14.123655729111556
S0000080,extent_only,5.4369786394999995,3.562329836984591
S0000081,extent_only,9.68975817725,17.028280168132728
S0000082,extent_only,13.155291661125,14.269850029165775
S0000083,extent_only,3.6182792201375,7.073788942153636
S0000084,extent_only,5.3053586700625,6.125604501685633
S0000085,extent_only,13.5999442066875,8.833464952817963
S0000086,extent_only,6.8705736473125,7.830096805778647
S0000087,extent_only,23.8078288303125,9.290120950102352
S0000088,extent_only,6.1818466354375,6.633016167043248
S0000089,extent_only,14.7677850348125,10.571783915362891
S0000090,extent_only,12.526993536687499,20.35796185813007
S0000091,extent_only,8.425266492437501,11.776305463652683
S0000092,extent_only,15.013472644250001,4.681516615904548
S0000093,extent_only,5.62905891825,9.58504706409542
S0000094,extent_only,17.3571912849625,23.23602517788315
S0000095,extent_only,2.3913619974375,7.2317501723697575
S0000096,extent_only,19.886466152,14.123655729111556
S0000097,extent_only,27.5643282825,29.37047274480162
S0000098,extent_only,6.94916351725,9.603082783155894
S0000099,extent_only,13.8916677415625,19.656069972700866
S0000100,extent_only,77.4729410843625,75.19089169691051
S0000101,extent_only,16.735890443125,30.589144568903755
S0000102,extent_only,6.562730316425,8.271311774851355
S0000103,extent_only,3.21106081803125,3.841178267686793
S0000104,extent_only,4.180190007375,8.219783069792628
S0000105,extent_only,42.87438172875,34.145909566507164
S0000106,extent_only,12.1513312464375,10.076567585309306
S0000107,extent_only,5.8475200166625,14.791246448693403
S0000108,extent_only,3.54119248085,21.501769270158206
S0000109,extent_only,7.8993021495,17.772497091772628
S0000110,extent_only,-0.63710340968125,3.9201774504047973
S0000111,extent_only,3.94604510255625,10.699636032596324
S0000112,extent_only,55.241831045625,27.25106530210762
S0000113,extent_only,13.678056113,4.984668562652972
S0000114,extent_only,15.3638590149375,7.900439780062888
S0000115,extent_only,21.879589143875002,25.752327236880383
S0000116,extent_only,11.5105244005,7.528829709186056
S0000117,extent_only,11.55148652925,8.63202946196059
S0000118,extent_only,26.2510474724375,20.10841036331887
S0000119,extent_only,9.3291236314375,10.620930119929161
S0000120,extent_only,10.5368384666875,11.502171027581952
S0000121,extent_only,29.440576495,12.014642032143724
S0000122,extent_only,9.7236412633125,6.597514596796008
S0000123,extent_only,1.7372742229125002,9.533317187160304
S0000124,extent_only,10.5726832460625,8.139234303219675
S0000125,extent_only,2.8572757639125,3.971861115088258
S0000126,extent_only,9.3468195026875,8.604724080706253
S0000127,extent_only,14.274810280375,14.742421076471812
S0000128,extent_only,6.26445132523125,19.86598885377705
S0000129,extent_only,17.173659811375,12.964812871427487
S0000130,extent_only,20.0548605680625,14.887442157580793
S0000131,extent_only,5.50347728358125,9.496408552423684
S0000132,extent_only,5.9481180378125,3.389468377298051
S0000133,extent_only,11.8275187445,17.46599552614998
S0000134,extent_only,10.020626786125,8.522882430316685
S0000135,extent_only,24.500519006875003,18.55872003704934
S0000136,extent_only,22.190008563124998,13.147946894403244
S0000137,extent_only,5.61240350316875,8.790049404972974
S0000138,extent_only,9.93528051631875,6.93610300419574
S0000139,extent_only,4.51146597525,3.389468377298051
S0000140,extent_only,8.643806636499999,6.11306172153234
S0000141,extent_only,12.6390851310625,7.924417840689728
S0000142,extent_only,-3.3399095817125,7.577786756549245
S0000143,extent_only,71.46562694125,28.59530902527589
S0000144,extent_only,9.6786464493125,11.53210769259221
S0000145,extent_only,7.9885309367124995,8.838435816742415
S0000146,extent_only,19.897781042875,12.084283937624278
S0000147,extent_only,14.0332751360625,6.791968717708705
S0000148,extent_only,6.2713332855,5.353449201834648
S0000149,extent_only,17.581413333625,14.791246448693403
S0000150,extent_only,15.0036246588125,16.343212711098975
S0000151,extent_only,16.9263405083125,8.196966555267371
S0000152,extent_only,10.710093878675,12.697925857797438
S0000153,extent_only,6.4833213290625,5.929086514046341
S0000154,extent_only,7.3546346031250005,8.867896357047012
S0000155,extent_only,4.498860243375,9.489764155860906
S0000156,extent_only,4.3301073971875,8.501926075394456
S0000157,extent_only,9.2708750273125,9.603082783155894
S0000158,extent_only,13.8562415440625,19.811187200742392
S0000159,extent_only,8.7692395155,9.505864699872175
S0000160,extent_only,14.1811925448125,8.51777114095886
S0000161,extent_only,10.397814478375,13.388197103875994
S0000162,extent_only,7.122310855125,6.984971328964774
S0000163,extent_only,3.79827907918125,7.6042764108314715
S0000164,extent_only,7.636625406249999,7.665335046818544
S0000165,extent_only,6.74062509325,9.290571631982552
S0000166,extent_only,21.214309114625003,21.597502625114082
S0000167,extent_only,7.5295718869375,8.148590687061935
S0000168,extent_only,13.5114383866875,12.22321531013639
S0000169,extent_only,8.61806701356875,9.162076645521752
S0000170,extent_only,4.994601188675,6.509099835275322
S0000171,extent_only,15.5166650596075,8.324089586376234
S0000172,extent_only,20.4009789345625,15.60598767456139
S0000173,extent_only,-0.7522673774249999,7.2317501723697575
S0000174,extent_only,2.702021878775,3.3265708164591112
S0000175,extent_only,9.16859604075,18.518868464729906
S0000176,extent_only,8.29158453146125,6.934047697304432
S0000177,extent_only,3.59827148590625,9.141011524848707
S0000178,extent_only,2.47723928226875,3.7443727011306223
S0000179,extent_only,4.94174576979375,21.448320325372766
S0000180,extent_only,6.8271759814375,8.551682399688984
S0000181,extent_only,5.66698451946875,10.947633031449879
S0000182,extent_only,8.26738629275,8.151522917418925
S0000183,extent_only,3.3907268943625,9.09683552551784
S0000184,extent_only,4.427840361875,12.97248758834249
S0000185,extent_only,88.773982716875,37.80955797609938
S0000186,extent_only,15.06088672948125,21.37016509386454
S0000187,extent_only,7.317886884125,9.104086466331065
S0000188,extent_only,5.420421167704375,13.50775639412614
S0000189,extent_only,6.25150055386875,8.848093733154814
S0000190,extent_only,23.32394546775,45.88746389719785
S0000191,extent_only,8.1257063915,8.183035713113643
S0000192,extent_only,13.08419510625,9.446905181017675
S0000193,extent_only,6.71586880235625,8.622479973450073
S0000194,extent_only,3.23881626475,4.33237890626009
S0000195,extent_only,10.8896901543125,8.885594611433643
S0000196,extent_only,71.6005807075,73.67976259251095
S0000197,extent_only,15.984244488937499,10.27983171140346
S0000198,extent_only,3.60009236095625,14.826513960821087
S0000199,extent_only,12.7743767844375,14.326369336378562
S0000200,extent_only,55.376831280625,62.631555959324686
S0000201,extent_only,0.40417226181,5.27485952619313
S0000202,extent_only,2.95272734291875,3.245049137971156
S0000203,extent_only,24.854702065625,8.47331055559562
S0000204,extent_only,37.2070516,51.22026635292429
S0000205,extent_only,25.38595846155,6.439250946191309
S0000206,extent_only,7.9822542413125,7.775419717771129
S0000207,extent_only,4.46825677664375,16.335111117631588
S0000208,extent_only,20.528241221875,15.122627602068418
S0000209,extent_only,18.4507797375,22.54337714812836
S0000210,extent_only,6.519660559031251,3.440406112839104
S0000211,extent_only,19.0573534136875,15.138698636724799
S0000212,extent_only,3.8248433895375,4.7238676115261455
S0000213,extent_only,3.88994129750625,7.669911938066084
S0000214,extent_only,2.5795021111375,4.33237890626009
S0000215,extent_only,7.9480159779125,8.219783069792628
S0000216,extent_only,5.12539600570625,13.017161554656454
S0000217,extent_only,9.3898621349375,21.602029950847623
S0000218,extent_only,1.4701908791406249,9.440693334521761
S0000219,extent_only,1.9983066831125,9.735963516319844
S0000220,extent_only,2.16001390958125,7.247375210219553
S0000221,extent_only,60.3032077375,35.89375305892834
S0000222,extent_only,26.280288649375002,17.567486194821093
S0000223,extent_only,4.3445739063625,4.040004542016432
S0000224,extent_only,63.42256843875,28.74692108695685
S0000225,extent_only,4.09172168661875,9.657217329074621
S0000226,extent_only,14.9820104924375,11.97457092830378
S0000227,extent_only,23.749989436874998,18.361719685393115
S0000228,extent_only,0.7320930862849999,5.562752888318586
S0000229,extent_only,19.9499933569375,13.047163330616447
S0000230,extent_only,12.8707732625625,15.56536928441707
S0000231,extent_only,2.464160936425,6.534332869571585
S0000232,extent_only,38.24555460625,12.229527215217466
S0000233,extent_only,14.5102295763125,8.867896357047012
S0000234,extent_only,18.0085078798125,7.981593321569721
S0000235,extent_only,18.32859717675,21.501769270158206
S0000236,extent_only,5.91172199226875,22.32996812126199
S0000237,extent_only,5.750893046171875,12.19200710120531
S0000238,extent_only,3.72372111643125,9.657217329074621
S0000239,extent_only,2.58477277965,6.539018653632815
S0000240,extent_only,7.03862966541875,11.53210769259221
S0000241,extent_only,4.89791066189375,8.324089586376234
S0000242,extent_only,32.88784214875,32.928038917051666
S0000243,extent_only,0.10021478712499998,9.224112452169365
S0000244,extent_only,5.4988817653124995,8.315350657806214
S0000245,extent_only,8.4855129123125,8.477793301692923
S0000246,extent_only,7.90531632,4.70288619706208
S0000247,extent_only,20.63389864525,24.364355159367957
S0000248,extent_only,15.2790652140625,25.355430758111964
S0000249,extent_only,18.2004415088125,19.087500558511916
S0000250,extent_only,6.42829552385625,6.828340946341118
S0000251,extent_only,15.8973845810625,21.77877479337097
S0000252,extent_only,20.4193842350625,14.123655729111556
S0000253,extent_only,23.083423074125,23.064376042353
S0000254,extent_only,3.98476309553125,5.072811117919971
S0000255,extent_only,15.0126463182125,7.656698094437825
S0000256,extent_only,2.81888957316875,4.807757723220959
S0000257,extent_only,8.3380602856875,4.7238676115261455
S0000258,extent_only,13.740095080125,9.269981369345329
S0000259,extent_only,0.13443488542687507,6.364192932364311
S0000260,extent_only,27.568694049375,19.93798982005351
S0000261,extent_only,7.9769358661875,8.954134246855558
S0000262,extent_only,41.09940668125,46.326873276219395
S0000263,extent_only,4.1042489278625,2.8998324661698716
S0000264,extent_only,0.17091732341750002,4.183629034253938
S0000265,extent_only,29.5104157275,21.77877479337097
S0000266,extent_only,12.437713181615624,14.282897636027766
S0000267,extent_only,27.6076629948125,28.74692108695685
S0000268,extent_only,83.788536018125,54.1567438079654
S0000269,extent_only,13.60339553725,18.72818359841865
S0000270,extent_only,16.9916866785,10.544386947356402
S0000271,extent_only,-4.6849194695,5.6379915376686185
S0000272,extent_only,12.0769742581875,9.489764155860906
S0000273,extent_only,21.49110388163125,16.238591966920488
S0000274,extent_only,32.052776420625,29.68062709621124
S0000275,extent_only,47.877669235,70.8160769121237
S0000276,extent_only,8.870268809,8.326749630123775
S0000277,extent_only,1.76261573766875,9.393006311716116
S0000278,extent_only,9.4891283983125,10.961118917134163
S0000279,extent_only,12.474296103,8.63202946196059
S0000280,extent_only,6.21250563075,7.656698094437825
S0000281,extent_only,11.233464476125,15.557972515624034
S0000282,extent_only,26.025624586875,19.36627934689544
S0000283,extent_only,2.31254722399375,4.5744010161338755
S0000284,extent_only,8.19463115163125,7.959300415982675
S0000285,extent_only,5.9873452245,12.279156438758207
S0000286,extent_only,30.895796223125,22.16937323799174
S0000287,extent_only,21.69623934225,21.19961133556927
S0000288,extent_only,24.40173168284375,20.674611738314244
S0000289,extent_only,11.1885487041875,10.56902728466054
S0000290,extent_only,14.7879974393125,15.471884034471481
S0000291,extent_only,14.911813898625,8.183035713113643
S0000292,extent_only,9.374935495125,7.143769124708482
S0000293,extent_only,20.227916288124998,11.862569569437383
S0000294,extent_only,4.83982299193125,9.31724787371025
S0000295,extent_only,3.757214186615,13.383779581532066
S0000296,extent_only,5.2891080918875,10.905065604153986
S0000297,extent_only,25.006911454125,23.46194445568586
S0000298,extent_only,15.7692575900625,8.213426564227692
S0000299,extent_only,3.8323249622875,5.1733619661659604
S0000300,extent_only,1.1566374987049999,4.875047007959612
S0000301,extent_only,11.3936591384375,8.66503773985176
S0000302,extent_only,12.125965944875,9.224112452169365
S0000303,extent_only,8.509794070375,11.592667174286305
S0000304,extent_only,5.1226473155625,7.004524485292484
S0000305,extent_only,35.462281155625,19.538081707283684
S0000306,extent_only,13.298215884874999,15.389338750556117
S0000307,extent_only,10.733600044374999,7.97231895720107
S0000308,extent_only,5.1847701390625005,5.493273501135427
S0000309,extent_only,21.16164666375,20.93079402220914
S0000310,extent_only,5.4016552054749996,5.016528458340222
S0000311,extent_only,7.6114501592499995,14.269850029165775
S0000312,extent_only,45.42598319125,22.909718634268252
S0000313,extent_only,2.921512566025,7.052573114159459
S0000314,extent_only,3.37817527145,9.724020488176885
S0000315,extent_only,5.254920803125,4.8944914700530635
S0000316,extent_only,8.4452414140625,6.41446460685585
S0000317,extent_only,11.2681339494375,3.2835206350772856
S0000318,extent_only,5.076199833356875,14.943006376745794
S0000319,extent_only,3.43786722395625,4.698573310336251
S0000320,extent_only,6.8798111124000005,9.352789067036388
S0000321,extent_only,8.6421456310625,5.837265039175885
S0000322,extent_only,24.987761797,26.5179828164346
S0000323,extent_only,-1.53332896769375,3.8566171831527174
S0000324,extent_only,9.908248386625,10.900069230843885
S0000325,extent_only,22.773667296875,17.007870324211016
S0000326,extent_only,17.881023994625,26.178689232991655
S0000327,extent_only,12.976558753125,15.637185410656759
S0000328,extent_only,6.0399959781625,11.214746615193356
S0000329,extent_only,1.7475379804312499,8.050140105516592
S0000330,extent_only,13.658237407062499,11.97457092830378
S0000331,extent_only,18.9949487805,9.983758752855143
S0000332,extent_only,18.119354744375,8.565673862964857
S0000333,extent_only,3.9985283323750003,6.984971328964774
S0000334,extent_only,8.2848693948125,18.726472970568555
S0000335,extent_only,8.04505523142,12.021719399250632
S0000336,extent_only,7.7692805288125,8.66503773985176
S0000337,extent_only,9.346974879625,20.66609515603125
S0000338,extent_only,5.855108687284438,8.860939854337845
S0000339,extent_only,2.019743056475,7.528829709186056
S0000340,extent_only,9.120691741249999,8.183035713113643
S0000341,extent_only,8.4308222063125,4.785836122985358
S0000342,extent_only,28.60934175125,19.672023738819753
S0000343,extent_only,18.1177177514375,29.409473731445797
S0000344,extent_only,14.3725141966875,15.678473941580082
S0000345,extent_only,14.044697906,20.51221120780593
S0000346,extent_only,1.6455732878,6.766689533032492
S0000347,extent_only,5.81678461914375,15.423817772517161
S0000348,extent_only,1.2440434953875,12.294168828682364
S0000349,extent_only,1.61366461231875,4.7238676115261455
S0000350,extent_only,29.641275333125,13.906383290371393
S0000351,extent_only,10.87685710425,9.742806770638474
S0000352,extent_only,19.72571759106875,21.857771766478965
S0000353,extent_only,15.4051161365625,16.87150738421113
S0000354,extent_only,6.77865324025,6.9008338772201
S0000355,extent_only,13.00898467075,7.830096805778647
S0000356,extent_only,-0.5520362527000001,4.605726365871233
S0000357,extent_only,5.42940794223125,4.988842677205015
S0000358,extent_only,10.5945133306875,16.330289621496828
S0000359,extent_only,12.333234031375,9.162076645521752
S0000360,extent_only,10.2344313375,17.723078981592852
S0000361,extent_only,18.0247984805,72.01848980296062
S0000362,extent_only,10.631050576,12.014642032143724
S0000363,extent_only,5.9356250126687495,7.127571398495468
S0000364,extent_only,14.2511563225625,11.505014216048863
S0000365,extent_only,15.128520460499999,31.410141415195376
S0000366,extent_only,76.61104963875,70.8160769121237
S0000367,extent_only,3.5081168243125003,6.547108129860931
S0000368,extent_only,8.883080969125,5.1418285005408055
S0000369,extent_only,9.70523147075,7.509066868789426
S0000370,extent_only,3.9955949669375,19.656069972700866
S0000371,extent_only,8.10768363368125,13.363274553994676
S0000372,extent_only,3.7733018384125,9.738375769268785
S0000373,extent_only,2.18141847950625,6.293348480657363
S0000374,extent_only,11.566615264187499,3.6659725134723806
S0000375,extent_only,18.3784955619375,31.66371240411624
S0000376,extent_only,8.9130065124375,19.67603259165146
S0000377,extent_only,19.866856829625,8.190639739825489
S0000378,extent_only,13.962196743562501,11.227800080128997
S0000379,extent_only,5.7947466646812495,2.38109618742693
S0000380,extent_only,62.864415272500004,23.63762119852909
S0000381,extent_only,4.93948589564375,9.446905181017675
S0000382,extent_only,41.560742535,17.428365519840085
S0000383,extent_only,9.36720311384375,24.450297584807558
S0000384,extent_only,4.91450520383125,7.626584590464804
S0000385,extent_only,4.58032849775625,15.086054750471927
S0000386,extent_only,5.4203248327,13.147946894403244
S0000387,extent_only,17.640344469687502,12.731244477068609
S0000388,extent_only,13.6408963571875,14.753937052958715
S0000389,extent_only,15.5629871825,10.009778866186947
S0000390,extent_only,8.21753170403125,18.726472970568555
S0000391,extent_only,14.28155376671875,12.054100602972957
S0000392,extent_only,40.30643659375,14.94380294960848
S0000393,extent_only,26.593700653125,21.5617591159565
S0000394,extent_only,-2.40277434611875,3.864288646554444
S0000395,extent_only,12.668653440625,6.934047697304432
S0000396,extent_only,3.7330253159625,3.9201774504047973
S0000397,extent_only,6.04077215275,6.867197742972935
S0000398,extent_only,2.5762421316,4.948852671574762
S0000399,extent_only,11.8592631800625,9.735963516319844
S0000400,extent_only,27.895629605,8.867896357047012
S0000401,extent_only,21.812943842812498,27.25106530210762
S0000402,extent_only,6.7068374058749995,11.022718477106563
S0000403,extent_only,9.877461044875,9.352789067036388
S0000404,extent_only,2.54969402628125,4.239426168400171
S0000405,extent_only,2.43230906804375,8.196966555267371
S0000406,extent_only,5.0831862973124995,9.191400197761185
S0000407,extent_only,4.30472116401875,9.71840984933304
S0000408,extent_only,38.781059529375,21.156140085132023
S0000409,extent_only,9.1848790603125,9.269981369345329
S0000410,extent_only,4.5907652603125,4.3142528305589884
S0000411,extent_only,2.50940746856,6.9473026551752595
S0000412,extent_only,13.671251608125,5.60711584397703
S0000413,extent_only,1.18047633401875,6.5508094967132156
S0000414,extent_only,9.913035204875,6.579680091448009
S0000415,extent_only,7.2804561434375,7.981593321569721
S0000416,extent_only,3.0459435146125,9.172465024870196
S0000417,extent_only,40.78948266125,21.392783192309626
S0000418,extent_only,-1.92528258683125,4.383854350842876
S0000419,extent_only,-0.73658420415,3.290121944115378
S0000420,extent_only,1.151294224325,3.466910724331965
S0000421,extent_only,15.573689564875,20.344971494258658
S0000422,extent_only,5.27762763287875,6.321266647161138
S0000423,extent_only,6.05017126346875,6.2157674770196545
S0000424,extent_only,4.3323511725,6.93610300419574
S0000425,extent_only,16.5776983311875,16.56421666106498
S0000426,extent_only,12.62194619575,5.016528458340222
S0000427,extent_only,4.12345580455625,6.563700365721157
S0000428,extent_only,26.482388426500002,8.036153207275277
S0000429,extent_only,-3.6829643680250004,3.9671784677561077
S0000430,extent_only,17.5827844458125,15.02633872354499
S0000431,extent_only,19.5195481396875,9.955964222008413
S0000432,extent_only,6.5711212339375,7.443132249875202
S0000433,extent_only,8.88854248425,6.11306172153234
S0000434,extent_only,-0.4734088082937501,3.562329836984591
S0000435,extent_only,6.840910580275,11.519670829809765
S0000436,extent_only,18.78606691125,8.522882430316685
S0000437,extent_only,14.8580776756875,14.887442157580793
S0000438,extent_only,3.4046501131625,11.227800080128997
S0000439,extent_only,14.5618145134375,8.954134246855558
S0000440,extent_only,6.1475066540625,4.945582361595192
S0000441,extent_only,4.810652835813125,7.924417840689728
S0000442,extent_only,22.6623378076875,19.255372957567182
S0000443,extent_only,4.43595471607875,8.165255194292484
S0000444,extent_only,25.1327786538125,14.123655729111556
S0000445,extent_only,8.10539786725,8.885594611433643
S0000446,extent_only,3.2735474445625,4.721948662375212
S0000447,extent_only,9.71243280975,13.47837735887727
S0000448,extent_only,3.0611594895875,3.261409559489863
S0000449,extent_only,5.954268018625,7.719904909244741
S0000450,extent_only,13.7820490381875,9.191400197761185
S0000451,extent_only,9.4754752274375,17.099651755748713
S0000452,extent_only,12.2190980083125,7.813914171810653
S0000453,extent_only,4.238696211125,7.9288141668630745
S0000454,extent_only,1.384797703875,6.7624099101403035
S0000455,extent_only,9.1537042159375,3.149491422305266
S0000456,extent_only,53.150944736875005,16.621328053149476
S0000457,extent_only,8.5636297563125,5.339796822937941
S0000458,extent_only,15.502626422625,15.471884034471481
S0000459,extent_only,98.55869549875,51.47889562492342
S0000460,extent_only,49.117968133125,16.133565810233765
S0000461,extent_only,5.330190595925,5.1418285005408055
S0000462,extent_only,17.659305103375,8.790049404972974
S0000463,extent_only,6.7167697093125005,8.148590687061935
S0000464,extent_only,29.103450108125,17.010636765266124
S0000465,extent_only,6.8552225718125,8.885594611433643
S0000466,extent_only,10.1547353794375,8.833464952817963
S0000467,extent_only,65.35117364875,52.55223132310023
S0000468,extent_only,7.930565175,11.608581164377398
S0000469,extent_only,4.3645354197,5.929086514046341
S0000470,extent_only,2.1790281453249998,8.219783069792628
S0000471,extent_only,17.117975722375,20.69986490074405
S0000472,extent_only,14.9294235105,10.585581059380448
S0000473,extent_only,3.7162560968875002,6.771703224260706
S0000474,extent_only,3.39796768494375,4.948852671574762
S0000475,extent_only,14.6998448471875,10.334411595052055
S0000476,extent_only,35.205987246875,26.42030950072017
S0000477,extent_only,0.06669900565250007,4.954000359520273
S0000478,extent_only,11.2392168915,9.355467106813395
S0000479,extent_only,15.7230857791875,20.69302561889249
S0000480,extent_only,6.02322768135,10.10600985002895
S0000481,extent_only,10.1297256220625,3.290121944115378
S0000482,extent_only,23.40742323875,21.190359690778294
S0000483,extent_only,15.4627427435,9.191400197761185
S0000484,extent_only,10.736642152249999,7.457712708319961
S0000485,extent_only,12.1366730243125,8.953154505767472
S0000486,extent_only,6.8877174694375,12.265063455646057
S0000487,extent_only,7.280034881,6.41446460685585
S0000488,extent_only,18.134358237125,7.101753777747995
S0000489,extent_only,30.778446561875,17.295053965145605
S0000490,extent_only,8.9298921710625,13.99143546833239
S0000491,extent_only,4.9958776021125,7.7071475197277595
S0000492,extent_only,15.7730556230625,8.54596979229642
S0000493,extent_only,9.47996618775,11.597044842753931
S0000494,extent_only,-2.631603560680625,5.1418285005408055
S0000495,extent_only,4.723199345875,6.534332869571585
S0000496,extent_only,27.432713896875,18.081533598553033
S0000497,extent_only,8.22052161398125,19.51681466328519
S0000498,extent_only,9.104140194175,14.376579844216621
S0000499,extent_only,-0.029369453181249946,4.821686536900876
S0000500,extent_only,12.1111072553125,18.946706625282957
S0000501,extent_only,8.5018165388125,9.018213912782556
S0000502,extent_only,3.49363803239375,14.791246448693403
S0000503,extent_only,4.9315349171375,16.335111117631588
S0000504,extent_only,4.51530063233125,7.584602954392669
S0000505,extent_only,6.0683820047375,3.6826667389818555
S0000506,extent_only,12.3949556990625,9.868308380135323
S0000507,extent_only,10.037070667937499,6.645891976387498
S0000508,extent_only,37.887518433125,19.883777092904385
S0000509,extent_only,3.6389782999125,7.967883632040253
S0000510,extent_only,7.6848874989375,8.59877329030089
S0000511,extent_only,5.63473430756875,5.1733619661659604
S0000512,extent_only,12.7126340486875,22.248098257402322
S0000513,extent_only,12.929596212125,20.66609515603125
S0000514,extent_only,13.6233541090625,17.34744927722485
S0000515,extent_only,19.7071842003125,21.434379383610356
S0000516,extent_only,17.5167047679375,16.544886494712618
S0000517,extent_only,15.1964745709375,7.101753777747995
S0000518,extent_only,4.08895748879375,9.252771680048044
S0000519,extent_only,1.33886817650625,9.440693334521761
S0000520,extent_only,24.91264448125,12.265063455646057
S0000521,extent_only,14.6817223106875,11.532218322877155
S0000522,extent_only,3.262814778056875,10.061568358336132
S0000523,extent_only,14.1479065368125,17.995987717590268
S0000524,extent_only,11.17064217236875,2.8679076065805633
S0000525,extent_only,20.037554918375,13.300968118584636
S0000526,extent_only,19.687662615625,31.925540986735143
S0000527,extent_only,-1.084103520531875,3.2708783093804255
S0000528,extent_only,1.6138741027375,3.9201774504047973
S0000529,extent_only,8.66775415194375,10.905065604153986
S0000530,extent_only,6.8547211725,6.934047697304432
S0000531,extent_only,10.557054057875,8.699326719153714
S0000532,extent_only,14.4153168436875,3.290121944115378
S0000533,extent_only,8.1129772766875,9.603082783155894
S0000534,extent_only,34.123544024375,72.01848980296062
S0000535,extent_only,5.65888248283125,11.66429084332581
S0000536,extent_only,5.078311215075,9.496408552423684
S0000537,extent_only,25.901166248125,13.997905784203558
S0000538,extent_only,9.679318154125,9.184599201401149
S0000539,extent_only,29.717473909375002,33.80235837544907
S0000540,extent_only,13.5605280173125,11.950111611864202
S0000541,extent_only,3.724242109431875,8.597751498657102
S0000542,extent_only,12.2756822030625,12.19200710120531
S0000543,extent_only,12.20798560025,15.173341687775213
S0000544,extent_only,4.2268606365,4.4497611869491935
S0000545,extent_only,9.3445272243375,5.981478221039386
S0000546,extent_only,26.4383243840125,17.591105932872665
S0000547,extent_only,20.0414181625,20.88139907227472
S0000548,extent_only,0.10235336080625004,7.598080452510838
S0000549,extent_only,7.43109569630625,9.71840984933304
S0000550,extent_only,7.4875788310625,6.2157674770196545
S0000551,extent_only,4.21118288280625,3.21748493955014
S0000552,extent_only,0.6312690510143125,5.60711584397703
S0000553,extent_only,8.3661354031875,8.69741045516906
S0000554,extent_only,14.3330318743125,16.025567424695307
S0000555,extent_only,0.17977288891874982,8.055421117444618
S0000556,extent_only,2.69579063201875,9.711250703686986
S0000557,extent_only,6.72748020375,9.018213912782556
S0000558,extent_only,5.70330421658125,7.317731255115086
S0000559,extent_only,3.276956298994375,2.646857511150519
S0000560,extent_only,7.96981870840625,9.168352906266227
S0000561,extent_only,8.6777385159375,19.233897676563824
S0000562,extent_only,18.565164165,10.818005085281268
S0000563,extent_only,16.098614090875,20.898904974593503
S0000564,extent_only,7.9460513934562504,10.818005085281268
S0000565,extent_only,18.358790906625,9.77189141409051
S0000566,extent_only,6.64314773180625,7.305919571914981
S0000567,extent_only,20.322181488125,19.210420743271897
S0000568,extent_only,21.2028223806875,9.191400197761185
S0000569,extent_only,6.306399671625,4.605726365871233
S0000570,extent_only,48.72005488125,43.699509782534385
S0000571,extent_only,17.812771980625,17.814653791264128
S0000572,extent_only,7.5944028126875,3.890622748051514
S0000573,extent_only,7.9087537830125,7.247375210219553
S0000574,extent_only,1.218580407208125,4.870215865844914
S0000575,extent_only,5.998450362971,8.482288080996716
S0000576,extent_only,8.7404451053125,9.162076645521752
S0000577,extent_only,6.575731522625,12.187141143692255
S0000578,extent_only,11.3800765585375,18.44171536671251
S0000579,extent_only,10.338841506,14.378613257000984
S0000580,extent_only,38.19703755125,45.88746389719785
S0000581,extent_only,6.8453243275,15.122627602068418
S0000582,extent_only,6.6539194740375,5.493273501135427
S0000583,extent_only,18.360393942375,18.54309320429645
S0000584,extent_only,22.12584165375,21.42532912369847
S0000585,extent_only,8.981262953,7.073788942153636
S0000586,extent_only,27.4734241625,13.723668501333323
S0000587,extent_only,4.01191382180625,9.01691345097941
S0000588,extent_only,0.36674064361875014,4.681516615904548
S0000589,extent_only,9.1625022257625,3.3265708164591112
S0000590,extent_only,8.97918334885625,9.711464648819899
S0000591,extent_only,9.3884073145625,12.187141143692255
S0000592,extent_only,8.0359392695625,4.785836122985358
S0000593,extent_only,25.799985023125,34.01150582127455
S0000594,extent_only,3.244543720125,6.975172666765039
S0000595,extent_only,16.99183258625,4.685011650888102
S0000596,extent_only,10.188172272625,8.139234303219675
S0000597,extent_only,8.215944188515,6.11306172153234
S0000598,extent_only,1.888961682925,8.226584718244315
S0000599,extent_only,6.3514916671875,12.892315714905102
S0000600,extent_only,-1.0920326231568749,4.785836122985358
S0000601,extent_only,20.441340556875,11.585552897493955
S0000602,extent_only,2.04891198514375,5.092342615692855
S0000603,extent_only,2.6001907280687497,6.996200755614927
S0000604,extent_only,28.650697220625002,39.91141266742269
S0000605,extent_only,26.1055348966875,17.13916782607048
S0000606,extent_only,9.0173270856875,8.473434007555376
S0000607,extent_only,17.3465402975,15.38269024492974
S0000608,extent_only,7.927039755025,13.147946894403244
S0000609,extent_only,47.2348321625,36.18253880687623
S0000610,extent_only,-0.79024468330625,8.648034996325501
S0000611,extent_only,0.56253995229375,3.33578993569945
S0000612,extent_only,17.3889896239375,14.791246448693403
S0000613,extent_only,13.6550684305625,19.51681466328519
S0000614,extent_only,8.5695465495125,8.522882430316685
S0000615,extent_only,16.0432598358125,14.251578161830446
S0000616,extent_only,20.2182264234375,28.848470026602083
S0000617,extent_only,54.834093261875,19.86598885377705
S0000618,extent_only,7.18638552075,4.193628723747068
S0000619,extent_only,9.9823993430625,5.981478221039386
S0000620,extent_only,1.32403986125625,7.025562319870176
S0000621,extent_only,14.0138847491875,26.42030950072017
S0000622,extent_only,8.527578025,6.455764474930861
S0000623,extent_only,10.2510621519375,16.335111117631588
S0000624,extent_only,27.17450059,10.544386947356402
S0000625,extent_only,0.31038980037375,4.841177618363095
S0000626,extent_only,6.36658897325,8.713428782959621
S0000627,extent_only,15.938518699,17.46599552614998
S0000628,extent_only,6.0331569246875,8.46902160000652
S0000629,extent_only,69.792023648125,45.320489982784146
S0000630,extent_only,31.7108903175,24.590967279699512
S0000631,extent_only,6.3448682769375,8.083578795966822
S0000632,extent_only,1.851855504823125,4.118291800143774
S0000633,extent_only,5.8482331069999995,3.2708783093804255
S0000634,extent_only,32.0362977575,22.55059044533768
S0000635,extent_only,39.500130650625,17.772497091772628
S0000636,extent_only,1.91376984690625,4.841177618363095
S0000637,extent_only,20.5011184325,14.326369336378562
S0000638,extent_only,7.855534959375,6.68173726526012
S0000639,extent_only,7.28719230516875,8.867896357047012
S0000640,extent_only,11.2232780345625,11.713251620972915
S0000641,extent_only,7.45304549628125,10.947633031449879
S0000642,extent_only,-1.3459453169375,4.551980828246261
S0000643,extent_only,25.01388168625,48.02731664257219
S0000644,extent_only,15.7150387055625,19.654291269962318
S0000645,extent_only,4.051107524443751,9.742806770638474
S0000646,extent_only,3.62823101875,8.326749630123775
S0000647,extent_only,4.4120304646625,4.295567331168478
S0000648,extent_only,1.6524511184000001,2.646857511150519
S0000649,extent_only,7.0039678026125,15.570463801536267
S0000650,extent_only,9.83783545975,12.144901234571096
S0000651,extent_only,14.6310530939375,18.73718732712172
S0000652,extent_only,11.6273945231875,13.051742343619848
S0000653,extent_only,9.45034786275,21.857771766478965
S0000654,extent_only,2.1989063163124998,6.077779041265706
S0000655,extent_only,26.34263392625,23.110799015846553
S0000656,extent_only,9.8830023816875,12.151413972488713
S0000657,extent_only,3.43588538623125,7.054137792153766
S0000658,extent_only,20.529784679375,19.93798982005351
S0000659,extent_only,8.2122755784375,31.93044072342948
S0000660,extent_only,3.9227315722375002,5.067881865105265
S0000661,extent_only,33.62889234925,10.585581059380448
S0000662,extent_only,10.062131264875,6.348093581239416
S0000663,extent_only,13.21980953275,12.97248758834249
S0000664,extent_only,27.3725202475,9.987672325711618
S0000665,extent_only,13.84260847425,22.54337714812836
S0000666,extent_only,6.7919864151125005,4.986470039731279
S0000667,extent_only,3.228604242475,8.324089586376234
S0000668,extent_only,9.856876536049999,20.608001409311658
S0000669,extent_only,10.904861472724999,62.631555959324686
S0000670,extent_only,3.102311524025,8.66503773985176
S0000671,extent_only,2.3777366393562502,6.579047346574245
S0000672,extent_only,3.357196312325,4.826636531528243
S0000673,extent_only,5.05917363561875,4.551980828246261
S0000674,extent_only,18.79607144506875,60.064162948735216
S0000675,extent_only,8.51528740469375,7.178445587354233
S0000676,extent_only,6.2351518269187505,12.026451235396202
S0000677,extent_only,6.043342307875,8.139234303219675
S0000678,extent_only,0.66752447493,4.807757723220959
S0000679,extent_only,26.9980967498125,8.811785470378544
S0000680,extent_only,5.79834039624375,6.523021599643387
S0000681,extent_only,11.2393886381875,8.96305719090047
S0000682,extent_only,10.0611236351875,6.645891976387498
S0000683,extent_only,23.6239953629375,14.791246448693403
S0000684,extent_only,7.1866569759375,6.8095116561017495
S0000685,extent_only,4.1511416255625,6.906530379427023
S0000686,extent_only,15.85512146006875,8.833464952817963
S0000687,extent_only,8.4729840422,11.194588280283696
S0000688,extent_only,92.380454051875,38.402057408829
S0000689,extent_only,10.3297128398875,12.786005572193984
S0000690,extent_only,7.13523603618125,11.597044842753931
S0000691,extent_only,14.214257002375,8.406786349770893
S0000692,extent_only,11.74362080800625,4.5744010161338755
S0000693,extent_only,10.88153524373125,8.594995960863578
S0000694,extent_only,11.2598859195625,11.091999572961347
S0000695,extent_only,30.0729266725,18.361719685393115
S0000696,extent_only,8.59532206775,8.350843714790226
S0000697,extent_only,19.161400790625,19.927736737413777
S0000698,extent_only,5.32536942021875,7.97231895720107
S0000699,extent_only,4.6590637734375004,4.841177618363095
S0000700,extent_only,18.046334611,12.144901234571096
S0000701,extent_only,39.297131863125,37.56828692228231
S0000702,extent_only,68.425812689375,73.67976259251095
S0000703,extent_only,12.4762019361875,21.286459192726856
S0000704,extent_only,4.4480476459875,10.147793892272913
S0000705,extent_only,6.306950142375,3.5633470327096646
S0000706,extent_only,4.687296353625,10.35605130429782
S0000707,extent_only,7.672513696825,9.372381683525502
S0000708,extent_only,18.179741422875,23.373898502118323
S0000709,extent_only,19.728729438125,19.93798982005351
S0000710,extent_only,9.0267583939875,7.197959089148673
S0000711,extent_only,-2.08424573446875,4.239426168400171
S0000712,extent_only,15.994164643,8.66503773985176
S0000713,extent_only,5.6788532555625,10.242388320678932
S0000714,extent_only,31.989116038124997,10.583792672386547
S0000715,extent_only,8.8450896170625,7.924417840689728
S0000716,extent_only,1.55185368980625,9.355467106813395
S0000717,extent_only,18.7150797396875,15.836184754258483
S0000718,extent_only,-3.49485045555625,7.178445587354233
S0000719,extent_only,6.78185473560625,15.998391092398393
S0000720,extent_only,4.8081043645,4.721948662375212
S0000721,extent_only,21.0897284998125,37.78964383836161
S0000722,extent_only,0.23020970826874987,4.9088476551726385
S0000723,extent_only,14.4230497825,9.742806770638474
S0000724,extent_only,9.893420553,13.817450332438607
S0000725,extent_only,30.979495615624998,12.202705847092812
S0000726,extent_only,16.5048841375,8.551682399688984
S0000727,extent_only,29.4016547958125,16.2752903564492
S0000728,extent_only,1.625436665349375,4.673224073921782
S0000729,extent_only,11.4699708593,3.890622748051514
S0000730,extent_only,3.3641605910625,7.8366088926733966
S0000731,extent_only,19.6131231709375,16.679303552156316
S0000732,extent_only,4.41209001579375,10.900069230843885
S0000733,extent_only,25.0874848743125,25.8190190477561
S0000734,extent_only,32.341824724375,18.60974307860603
S0000735,extent_only,18.94965812925,20.626425974052445
S0000736,extent_only,8.8474668865625,6.58659004654297
S0000737,extent_only,40.801269938125,47.557401583424905
S0000738,extent_only,8.41930815325,20.270851373471817
S0000739,extent_only,1.99666938642625,7.247375210219553
S0000740,extent_only,2.76979850166875,7.143769124708482
S0000741,extent_only,7.1722432394375,7.305919571914981
S0000742,extent_only,19.077218284375,18.602684081413383
S0000743,extent_only,9.3130651376875,8.219783069792628
S0000744,extent_only,2.4122582693875003,9.58504706409542
S0000745,extent_only,-1.0362000258375,4.807757723220959
S0000746,extent_only,6.2253339206875005,7.317731255115086
S0000747,extent_only,5.5047939541875,6.915655468800528
S0000748,extent_only,12.2185042939375,18.946706625282957
S0000749,extent_only,8.19387994695625,7.052573114159459
S0000750,extent_only,8.1422807235625,6.771703224260706
S0000751,extent_only,7.91778746683125,9.31724787371025
S0000752,extent_only,9.79375204925,12.731244477068609
S0000753,extent_only,0.360905470411875,4.177398330258571
S0000754,extent_only,17.47947695925,9.191400197761185
S0000755,extent_only,11.913342179812501,8.713428782959621
S0000756,extent_only,3.3766310702375,11.572291417034368
S0000757,extent_only,30.4267462625,15.122627602068418
S0000758,extent_only,8.19306595725,6.68173726526012
S0000759,extent_only,5.02474104725625,4.416951953690549
S0000760,extent_only,6.3348189998125,9.380712180409573
S0000761,extent_only,16.2972545863125,50.2510352632653
S0000762,extent_only,20.0113037081875,30.35346185469239
S0000763,extent_only,8.8396558690625,5.277463566267002
S0000764,extent_only,6.5535922023125,6.771703224260706
S0000765,extent_only,8.6161278694375,36.23160274600531
S0000766,extent_only,14.013429000624999,14.326369336378562
S0000767,extent_only,4.259897024343751,6.439250946191309
S0000768,extent_only,23.326654960625,8.213426564227692
S0000769,extent_only,12.7163848059375,19.032956757888932
S0000770,extent_only,11.6245027604375,4.698573310336251
S0000771,extent_only,5.42935648999375,7.602334373159609
S0000772,extent_only,7.24564904365625,7.073381062423056
S0000773,extent_only,89.92622187125001,72.01848980296062
S0000774,extent_only,6.9693549493125,9.290120950102352
S0000775,extent_only,14.80089294625,3.149491422305266
S0000776,extent_only,5.2280593203875,3.245049137971156
S0000777,extent_only,7.7704987929375005,10.076567585309306
S0000778,extent_only,30.153590933125,25.666438273891426
S0000779,extent_only,11.5096493914375,9.215149262177993
S0000780,extent_only,1.6117164828125,4.5744010161338755
S0000781,extent_only,69.81340390875,51.22026635292429
S0000782,extent_only,20.4110025855875,8.15244892125793
S0000783,extent_only,7.7552432359375,6.597514596796008
S0000784,extent_only,24.767288438125,22.16937323799174
S0000785,extent_only,14.773695264875,9.489764155860906
S0000786,extent_only,17.1637202753125,9.3055561344943
S0000787,extent_only,5.26812202985,8.96305719090047
S0000788,extent_only,4.36452167245375,4.807757723220959
S0000789,extent_only,10.844274029,19.927736737413777
S0000790,extent_only,15.7666517458125,15.724454407628354
S0000791,extent_only,7.2652688768125,7.025562319870176
S0000792,extent_only,10.7600279980625,8.69741045516906
S0000793,extent_only,16.6734695536875,13.443243965027676
S0000794,extent_only,7.6711059304375,12.731244477068609
S0000795,extent_only,12.770480739375,14.87776189321669
S0000796,extent_only,21.9656860039375,8.213426564227692
S0000797,extent_only,7.2368909448125,7.054137792153766
S0000798,extent_only,2.86489432794,8.482288080996716
S0000799,extent_only,10.3288076678325,17.007870324211016
S0000800,extent_only,13.566776971625,10.544302184549148
S0000801,extent_only,21.1922154845,14.4744379771901
S0000802,extent_only,12.3083145652,3.6826667389818555
S0000803,extent_only,6.5429600167499995,3.2404567560607513
S0000804,extent_only,6.26258626112375,4.040004542016432
S0000805,extent_only,15.547048412581251,37.78964383836161
S0000806,extent_only,6.69425735510625,9.044935560876072
S0000807,extent_only,12.2028102873875,18.602684081413383
S0000808,extent_only,-1.5919926715625001,4.870215865844914
S0000809,extent_only,1.4485250967875,9.162076645521752
S0000810,extent_only,26.3953993510625,48.02731664257219
S0000811,extent_only,7.8534072085625,7.656698094437825
S0000812,extent_only,12.015859345875,13.973550871385406
S0000813,extent_only,32.3720565075,72.01848980296062
S0000814,extent_only,33.19698615,51.62445914759153
S0000815,extent_only,6.1272929053750005,7.025562319870176
S0000816,extent_only,4.23583458639375,11.360113989458227
S0000817,extent_only,3.8644060041875,9.224112452169365
S0000818,extent_only,1.2595802156625,4.183629034253938
S0000819,extent_only,2.9186085555625,8.867896357047012
S0000820,extent_only,22.08401225175,8.522882430316685
S0000821,extent_only,5.1548347635375,10.384629195797498
S0000822,extent_only,3.26342373585625,4.404415423834237
S0000823,extent_only,33.33800013,22.58991105410446
S0000824,extent_only,2.6235164269625,7.457712708319961
S0000825,extent_only,10.461374768321875,9.251096784947402
S0000826,extent_only,8.5906988779375,7.626584590464804
S0000827,extent_only,8.25327708925,6.2157674770196545
S0000828,extent_only,7.355898752175,6.996200755614927
S0000829,extent_only,11.6383052559375,4.176582386744671
S0000830,extent_only,51.7502209125,48.35328960668633
S0000831,extent_only,7.9573665201875,6.957487363300343
S0000832,extent_only,11.53337993131875,4.531675361835239
S0000833,extent_only,12.845495125875,10.27983171140346
S0000834,extent_only,7.17820340179375,12.504693660537516
S0000835,extent_only,3.05326565808125,6.824514546794961
S0000836,extent_only,16.45530279575,15.56536928441707
S0000837,extent_only,18.439321908125,8.953154505767472
S0000838,extent_only,26.056046431875,16.164217762732388
S0000839,extent_only,62.232025595,34.57094611066788
S0000840,extent_only,12.38803063785625,10.620930119929161
S0000841,extent_only,17.4869399175,23.839588969825204
S0000842,extent_only,27.474464535,14.943006376745794
S0000843,extent_only,7.51735481756875,17.11195246090051
S0000844,extent_only,2.114411414665,3.905136830573477
S0000845,extent_only,27.10520587125,55.031847539194736
S0000846,extent_only,10.674324623124999,6.13563309946947
S0000847,extent_only,2.5233997495875,8.684152390554507
S0000848,extent_only,12.0893775200625,9.191400197761185
S0000849,extent_only,10.379048862625,8.055421117444618
S0000850,extent_only,33.219925655625,23.810715061311548
S0000851,extent_only,16.3723122629375,17.34744927722485
S0000852,extent_only,32.249143131875,27.80844989537991
S0000853,extent_only,8.678043372368125,10.10600985002895
S0000854,extent_only,-3.670663099535625,3.421782663607877
S0000855,extent_only,8.615294636493125,4.681516615904548
S0000856,extent_only,2.846476879169375,13.135902441285609
S0000857,extent_only,14.711182542875001,12.22321531013639
S0000858,extent_only,17.909729032999998,30.589144568903755
S0000859,extent_only,8.20513599025,6.321266647161138
S0000860,extent_only,8.1238416541875,4.995036685688613
S0000861,extent_only,12.4382847660125,17.621536340802088
S0000862,extent_only,14.154331076875,15.292061968741155
S0000863,extent_only,1.0112437305625,8.165255194292484
S0000864,extent_only,4.543207108875,3.2844792371873175
S0000865,extent_only,-1.27048209849375,5.27485952619313
S0000866,extent_only,11.941084455,8.196966555267371
S0000867,extent_only,5.8313258461875,22.50499124307032
S0000868,extent_only,35.737000675625,14.702998352055802
S0000869,extent_only,4.3269796543125,3.562329836984591
S0000870,extent_only,16.384225004125,8.622479973450073
S0000871,extent_only,15.1221872913125,27.803623842286132
S0000872,extent_only,14.709039970625,9.215149262177993
S0000873,extent_only,37.34114836125,73.22073274279578
S0000874,extent_only,7.0518156851125005,13.051742343619848
S0000875,extent_only,2.89658928276875,9.737483633384569
S0000876,extent_only,100.20820937375001,62.631555959324686
S0000877,extent_only,7.7969898392625,11.597044842753931
S0000878,extent_only,8.21925608616875,6.125604501685633
S0000879,extent_only,11.6811347211875,4.5744010161338755
S0000880,extent_only,7.6875075119375005,28.231885600910815
S0000881,extent_only,2.881166922575,3.645207567923246
S0000882,extent_only,3.499769757029375,8.867896357047012
S0000883,extent_only,24.217325815625,28.231885600910815
S0000884,extent_only,14.23573205739375,13.293621758607168
S0000885,extent_only,11.736954915175,14.326369336378562
S0000886,extent_only,5.8155387169812505,4.807757723220959
S0000887,extent_only,28.288606841875,15.60598767456139
S0000888,extent_only,10.02212104855,6.906530379427023
S0000889,extent_only,4.36607927278125,7.648682118108881
S0000890,extent_only,6.14241929475,7.951822196258588
S0000891,extent_only,1.83195821165,4.551980828246261
S0000892,extent_only,0.4252571779475,6.364192932364311
S0000893,extent_only,10.4347050175625,15.321462184291597
S0000894,extent_only,57.19799130125,33.37798507318947
S0000895,extent_only,-0.43816085314437503,5.493273501135427
S0000896,extent_only,3.3548915554375,7.0940634529618825
S0000897,extent_only,7.56271819356875,4.424571152433263
S0000898,extent_only,1.850479761875,4.2485654834482345
S0000899,extent_only,14.539557185375001,27.10021290725625
S0000900,extent_only,38.746062243125,19.236589884688733
S0000901,extent_only,26.561549713125,16.749153838437923
S0000902,extent_only,23.56271132,17.931044958392572
S0000903,extent_only,16.8859436570625,14.753937052958715
S0000904,extent_only,-1.08569805369375,4.383854350842876
S0000905,extent_only,3.113726706875,4.948852671574762
S0000906,extent_only,34.034876143125,35.89375305892834
S0000907,extent_only,5.4427347595625,16.343212711098975
S0000908,extent_only,10.49086519475,8.137149690594281
S0000909,extent_only,21.787476753187498,3.9269529013611835
S0000910,extent_only,41.06707266625,47.557401583424905
S0000911,extent_only,1.6746094358,7.501352694827567
S0000912,extent_only,5.83368496328125,4.183629034253938
S0000913,extent_only,2.16463575061875,9.269981369345329
S0000914,extent_only,66.985885934375,44.85097074616073
S0000915,extent_only,4.32160435946875,16.575431655700218
S0000916,extent_only,6.5807542628125,7.509066868789426
S0000917,extent_only,11.7611382903125,13.723668501333323
S0000918,extent_only,8.138200115625,10.35605130429782
S0000919,extent_only,0.04209494614375017,6.771703224260706
S0000920,extent_only,7.0059217143125,20.237255502539213
S0000921,extent_only,3.6155463973099997,6.915655468800528
S0000922,extent_only,4.131810017675625,12.294168828682364
S0000923,extent_only,8.928414519375,7.876963738311502
S0000924,extent_only,7.886936299,6.771703224260706
S0000925,extent_only,25.01166779625,18.361719685393115
S0000926,extent_only,1.08649428530625,3.466910724331965
S0000927,extent_only,1.1511114008625,5.0202659401856975
S0000928,extent_only,12.758864587125,10.27983171140346
S0000929,extent_only,-1.37547802655625,8.183162783674302
S0000930,extent_only,22.483091763875,25.187696207882514
S0000931,extent_only,74.204779543125,75.01905294081044
S0000932,extent_only,12.04632118841875,20.0904155133594
S0000933,extent_only,2.31867756710625,7.143769124708482
S0000934,extent_only,4.4385845884999995,8.63202946196059
S0000935,extent_only,5.09400282665625,6.766689533032492
S0000936,extent_only,3.946405129325,8.605107451833014
S0000937,extent_only,5.324189405810625,16.927246078804114
S0000938,extent_only,14.518860746375,8.183162783674302
S0000939,extent_only,9.5313099583125,8.953154505767472
S0000940,extent_only,8.1371869970625,19.36415053144161
S0000941,extent_only,9.785763595168751,31.93044072342948
S0000942,extent_only,12.64962695375,11.776305463652683
S0000943,extent_only,1.63016763310625,6.766689533032492
S0000944,extent_only,8.015563148125,6.844314297630838
S0000945,extent_only,8.388261010499999,16.343212711098975
S0000946,extent_only,43.781989830625,52.55223132310023
S0000947,extent_only,6.01123588425,4.040004542016432
S0000948,extent_only,20.186030749775,8.036153207275277
S0000949,extent_only,10.04610658725,10.961118917134163
S0000950,extent_only,10.0993789195,8.867896357047012
S0000951,extent_only,9.26197150895,10.947633031449879
S0000952,extent_only,12.278991351125,14.94380294960848
S0000953,extent_only,7.9397682320625,4.404415423834237
S0000954,extent_only,3.29796536126875,10.292957120899098
S0000955,extent_only,3.4777238235750003,6.364192932364311
S0000956,extent_only,7.6804365449625,8.684152390554507
S0000957,extent_only,23.20014820325,12.026451235396202
S0000958,extent_only,5.52876847875,7.9288141668630745
S0000959,extent_only,19.48135162125,20.990704515314295
S0000960,extent_only,11.853664317175,11.336634872690421
S0000961,extent_only,108.470777275,51.47889562492342
S0000962,extent_only,9.3683074841875,6.9473026551752595
S0000963,extent_only,21.049118169125,16.577932134115756
S0000964,extent_only,3.20570639445,6.9473026551752595
S0000965,extent_only,8.7807831353125,10.961118917134163
S0000966,extent_only,12.8439393919375,11.214746615193356
S0000967,extent_only,6.2064744323625005,4.531675361835239
S0000968,extent_only,6.4339077225625,7.9616225864176196
S0000969,extent_only,14.826745028625,9.09683552551784
S0000970,extent_only,0.38805127276249995,5.1418285005408055
S0000971,extent_only,37.7073872975,12.90891924472562
S0000972,extent_only,32.42683509875,36.18253880687623
S0000973,extent_only,7.1880671035625,8.193974040117778
S0000974,extent_only,1.059538646121875,8.15244892125793
S0000975,extent_only,6.475075054853125,6.348093581239416
S0000976,extent_only,24.747489559999998,14.282897636027766
S0000977,extent_only,12.553721217875001,3.410110982797945
S0000978,extent_only,1.6140434459245625,6.981776329252874
S0000979,extent_only,22.813050899874998,7.830096805778647
S0000980,extent_only,16.1123467158125,12.608212838297433
S0000981,extent_only,7.908551290375,11.597044842753931
S0000982,extent_only,4.0009827410625,6.645891976387498
S0000983,extent_only,8.33835759791875,8.565673862964857
S0000984,extent_only,8.137684415375,3.562329836984591
S0000985,extent_only,5.4047692237425,3.4438996730633926
S0000986,extent_only,3.01711394846875,15.06929253320785
S0000987,extent_only,3.715895633079375,4.841177618363095
S0000988,extent_only,3.64194270711875,11.572291417034368
S0000989,extent_only,4.2131214999875,3.389468377298051
S0000990,extent_only,12.0051083988125,13.753747709342361
S0000991,extent_only,92.514036035625,73.22073274279578
S0000992,extent_only,1.368061501125,7.247375210219553
S0000993,extent_only,2.93067876501875,11.708496246750155
S0000994,extent_only,-0.37868902368999996,5.277463566267002
S0000995,extent_only,33.132173415625,37.55783127256608
S0000996,extent_only,4.10080150025,13.515798539555476
S0000997,extent_only,22.43740381125,23.63008879125865
S0000998,extent_only,2.5084332079475002,8.607066692395051
S0000999,extent_only,24.694343570625,7.9288141668630745
S0001000,extent_only,6.26623413885625,14.326369336378562
S0001001,extent_only,5.8320076641875005,4.177398330258571
S0001002,extent_only,17.555448361875,12.09844151304625
S0001003,extent_only,7.98073653798125,16.027610586252656
S0001004,extent_only,9.441227527625,7.276815540778159
S0001005,extent_only,8.2827339554375,8.838435816742415
S0001006,extent_only,5.26099096205,8.954134246855558
S0001007,extent_only,6.34934045165625,12.61961513456553
S0001008,extent_only,15.601251753875,12.961350750200815
S0001009,extent_only,6.3181221246875,5.016528458340222
S0001010,extent_only,32.59082690375,23.16366648464596
S0001011,extent_only,4.8486832891875,8.055421117444618
S0001012,extent_only,9.11163308718125,16.296219367943525
S0001013,extent_only,11.94103102175,11.18803666441607
S0001014,extent_only,12.55542496901875,4.424571152433263
S0001015,extent_only,21.1269308433125,19.032956757888932
S0001016,extent_only,10.1183512243125,8.522882430316685
S0001017,extent_only,6.78229434268125,7.247375210219553
S0001018,extent_only,24.140176545625,19.423843840725223
S0001019,extent_only,37.731614328125,8.226584718244315
S0001020,extent_only,2.484844245,18.86532731268932
S0001021,extent_only,21.065274226,23.840230260700423
S0001022,extent_only,4.5685648675,7.305610801967242
S0001023,extent_only,5.2204243866625,4.531675361835239
S0001024,extent_only,2.32577841360875,4.118291800143774
S0001025,extent_only,14.270802817125,11.9361467880293
S0001026,extent_only,8.278511453,7.559457414301573
S0001027,extent_only,-0.71964759433,4.239426168400171
S0001028,extent_only,7.20207208664375,17.49555038682649
S0001029,extent_only,17.5398439884375,22.410484474516103
S0001030,extent_only,2.5266757584375,5.493273501135427
S0001031,extent_only,3.3577458238749998,4.698573310336251
S0001032,extent_only,3.24819314094375,10.405808118822158
S0001033,extent_only,8.0695181830625,11.39316970022838
S0001034,extent_only,6.8912012124375,6.8095116561017495
S0001035,extent_only,9.8817116944375,5.6883439289471065
S0001036,extent_only,5.84751362789375,15.937614840885292
S0001037,extent_only,34.263766071875,16.133565810233765
S0001038,extent_only,42.74741844375,26.17387826411218
S0001039,extent_only,7.45463470480625,9.018213912782556
S0001040,extent_only,3.11590288835,3.5120799118219925
S0001041,extent_only,-3.492784598875,3.2844792371873175
S0001042,extent_only,7.63344958238125,10.405808118822158
S0001043,extent_only,7.2296432274999995,4.469389777237574
S0001044,extent_only,13.167399933875,20.237255502539213
S0001045,extent_only,11.14983619425,7.322956969288162
S0001046,extent_only,13.1817706125625,16.296219367943525
S0001047,extent_only,50.311041403125,27.10021290725625
S0001048,extent_only,6.7567997680375,5.1733619661659604
S0001049,extent_only,20.4477645444375,17.34349862159067
S0001050,extent_only,3.2650695975,7.981593321569721
S0001051,extent_only,14.2563945758125,12.151413972488713
S0001052,extent_only,5.650794788125,5.067881865105265
S0001053,extent_only,14.618255550375,28.231885600910815
S0001054,extent_only,92.015695913125,17.919745536328556
S0001055,extent_only,5.47981332585625,8.953154505767472
S0001056,extent_only,8.9572968125375,14.251578161830446
S0001057,extent_only,26.43440758625,14.943006376745794
S0001058,extent_only,8.492692435968749,15.60598767456139
S0001059,extent_only,7.389205157634375,17.60838551549948
S0001060,extent_only,10.13045610898125,9.496408552423684
S0001061,extent_only,16.564428276375,15.557972515624034
S0001062,extent_only,16.9979910195,35.56612266869467
S0001063,extent_only,10.8368197006875,11.53210769259221
S0001064,extent_only,15.4541525549375,14.123655729111556
S0001065,extent_only,19.823643782375,8.186293935976444
S0001066,extent_only,-2.23203630088125,7.0940634529618825
S0001067,extent_only,7.3788069453625,23.858860866216393
S0001068,extent_only,-2.0714582661125,4.424571152433263
S0001069,extent_only,2.9937749092906247,6.629026499244645
S0001070,extent_only,28.809151989375,16.679303552156316
S0001071,extent_only,33.235397720375,46.635481930663474
S0001072,extent_only,4.52844918305625,6.58659004654297
S0001073,extent_only,17.690609809,22.103751487026013
S0001074,extent_only,1.1204450403,7.648682118108881
S0001075,extent_only,18.912990615312502,15.401679108913044
S0001076,extent_only,27.73679920375,35.70551656936421
S0001077,extent_only,30.812352836875,14.546754137123312
S0001078,extent_only,11.1747305094375,8.648034996325501
S0001079,extent_only,11.906267048437499,14.496870768511883
S0001080,extent_only,21.3907331413125,14.311713929078694
S0001081,extent_only,17.087163924125,9.533317187160304
S0001082,extent_only,8.675895606,9.603082783155894
S0001083,extent_only,18.832146146812498,8.190639739825489
S0001084,extent_only,4.910972654375,8.406786349770893
S0001085,extent_only,17.6165086986875,72.01848980296062
S0001086,extent_only,40.874225818375,16.679303552156316
S0001087,extent_only,13.772592400625,7.626584590464804
S0001088,extent_only,15.7149331283125,11.965801503808391
S0001089,extent_only,22.9979598575,18.807532191653266
S0001090,extent_only,9.7912053946875,10.26468588931978
S0001091,extent_only,20.073830415125002,7.305919571914981
S0001092,extent_only,7.8206560666875,9.064819598949928
S0001093,extent_only,3.8947132735875,8.350843714790226
S0001094,extent_only,-0.7338865512499999,5.016528458340222
S0001095,extent_only,5.3324152977115125,11.478334589739722
S0001096,extent_only,5.12560722503125,10.35605130429782
S0001097,extent_only,20.645487215625,14.912943552815097
S0001098,extent_only,12.421079136,10.877244664824412
S0001099,extent_only,2.5198422872225,5.072811117919971
S0001100,extent_only,21.422157965625,19.255372957567182
S0001101,extent_only,12.4374235589375,18.488635889294798
S0001102,extent_only,3.5353918256812498,5.1418285005408055
S0001103,extent_only,22.70115746375,22.405746930209236
S0001104,extent_only,27.270828048625,15.724454407628354
S0001105,extent_only,39.594962680625,77.15410864753035
S0001106,extent_only,12.8772266624625,8.885594611433643
S0001107,extent_only,12.2939932841875,17.49555038682649
S0001108,extent_only,14.7303225180625,8.355024007509273
S0001109,extent_only,73.67742312125,43.699509782534385
S0001110,extent_only,34.714988766875,73.67976259251095
S0001111,extent_only,30.349546081875,17.126802204953886
S0001112,extent_only,5.9314255956062505,4.685011650888102
S0001113,extent_only,11.540717793625,9.269981369345329
S0001114,extent_only,19.513080960625,13.940143522102437
S0001115,extent_only,2.1690833832,4.807757723220959
S0001116,extent_only,20.14239253325,20.162806871650414
S0001117,extent_only,21.58822033825,26.559694832007263
S0001118,extent_only,10.13251073466875,10.108442245615068
S0001119,extent_only,21.917701356875,13.388197103875994
S0001120,extent_only,20.508887375,7.6042764108314715
S0001121,extent_only,13.071531522375,27.300737988787333
S0001122,extent_only,16.077436838625,23.84446783023962
S0001123,extent_only,34.24416640625,37.56828692228231
S0001124,extent_only,2.0194108868175,5.277463566267002
S0001125,extent_only,12.224960583125,4.70288619706208
S0001126,extent_only,40.216059576250004,23.16366648464596
S0001127,extent_only,45.2464338075,29.68062709621124
S0001128,extent_only,9.341964305918749,19.032956757888932
S0001129,extent_only,0.7606497368124999,15.06929253320785
S0001130,extent_only,1.1454022161250001,3.33578993569945
S0001131,extent_only,8.4151479816875,4.531675361835239
S0001132,extent_only,14.32988745025,12.178188632275651
S0001133,extent_only,11.845452320306249,18.738544082537285
S0001134,extent_only,14.125611101625001,8.884452539110825
S0001135,extent_only,6.365488855675,8.355024007509273
S0001136,extent_only,3.528233451475,7.7071475197277595
S0001137,extent_only,7.3780443457562495,3.6826667389818555
S0001138,extent_only,23.0363178366,13.412414150512571
S0001139,extent_only,5.6385187965625,7.004524485292484
S0001140,extent_only,27.3417911425,17.1142235470139
S0001141,extent_only,7.0506579416875,8.073803605543375
S0001142,extent_only,8.9037967485,15.937614840885292
S0001143,extent_only,9.717901369875,5.277463566267002
S0001144,extent_only,11.174309524875,11.181827121421485
S0001145,extent_only,4.6267238464750005,6.547108129860931
S0001146,extent_only,1.2768770260312499,11.53210769259221
S0001147,extent_only,0.121042578975,3.421782663607877
S0001148,extent_only,4.2348335320625,4.564760536007865
S0001149,extent_only,18.429572380875,16.37194839354243
S0001150,extent_only,19.15021557,14.442121350078086
S0001151,extent_only,31.88905460125,18.44016804236817
S0001152,extent_only,3.8225632073125,8.51777114095886
S0001153,extent_only,37.35973052875,22.210312711574435
S0001154,extent_only,2.6140918975875,8.355024007509273
S0001155,extent_only,2.618550329875,7.355644760510039
S0001156,extent_only,7.935193657361875,2.700845503758329
S0001157,extent_only,8.524565447625001,9.868308380135323
S0001158,extent_only,0.21297943901406252,4.83385791519544
S0001159,extent_only,15.6708005215,72.01848980296062
S0001160,extent_only,1.7854960251,5.304239981116743
S0001161,extent_only,9.772437958087501,9.051407254028888
S0001162,extent_only,0.446969802969375,3.5633470327096646
S0001163,extent_only,8.51764058231875,17.492718816755186
S0001164,extent_only,24.967878020875,8.66503773985176
S0001165,extent_only,18.798445245,26.5592526371947
S0001166,extent_only,33.04195754125,16.133565810233765
S0001167,extent_only,21.91271796625,17.931044958392572
S0001168,extent_only,21.181455025625,17.83138330989934
S0001169,extent_only,15.41941034125,51.62445914759153
S0001170,extent_only,8.7557873372,15.225429766631965
S0001171,extent_only,5.66951572430625,13.335864621676347
S0001172,extent_only,39.4506769825,33.85603586556917
S0001173,extent_only,9.485287447000001,8.730143686783554
S0001174,extent_only,11.2561257665625,8.605107451833014
S0001175,extent_only,36.47316618875,28.848470026602083
S0001176,extent_only,12.3217397608125,9.141011524848707
S0001177,extent_only,3.1317978156125,11.386616808868109
S0001178,extent_only,7.21722750075,9.711464648819899
S0001179,extent_only,16.5965577254375,10.571783915362891
S0001180,extent_only,74.696027950625,39.91141266742269
S0001181,extent_only,30.46736301875,14.269850029165775
S0001182,extent_only,10.7486977075,11.441587639410487
S0001183,extent_only,13.583465397687501,14.251578161830446
S0001184,extent_only,4.160431816649375,4.955407834029564
S0001185,extent_only,0.726640565575,3.2103429588341603
S0001186,extent_only,22.837352668125,62.522294443859955
S0001187,extent_only,21.7202105991875,25.752327236880383
S0001188,extent_only,11.005721670875,13.335864621676347
S0001189,extent_only,22.7325457366875,12.786005572193984
S0001190,extent_only,13.446221437625,20.359119189080136
S0001191,extent_only,12.1530175660625,8.139234303219675
S0001192,extent_only,-0.029928401537500038,5.1160249853087985
S0001193,extent_only,5.6861269068125,8.632843388680554
S0001194,extent_only,13.321642626375,18.38213397851802
S0001195,extent_only,29.677988923125,13.443243965027676
S0001196,extent_only,4.0888470808125,6.473258695390442
S0001197,extent_only,8.7092827690625,14.546754137123312
S0001198,extent_only,3.024687633065,6.984971328964774
S0001199,extent_only,43.3090786925,37.500301792707894
S0001200,extent_only,8.39227890150625,14.326369336378562
S0001201,extent_only,15.4143165080625,12.19200710120531
S0001202,extent_only,14.58929881949375,11.965801503808391
S0001203,extent_only,0.6883615847888125,4.551980828246261
S0001204,extent_only,24.79289941,21.127034754616563
S0001205,extent_only,9.8767289585625,7.443132249875202
S0001206,extent_only,4.6676458643125,8.343905448069629
S0001207,extent_only,20.0165198029375,18.09939965811495
S0001208,extent_only,19.518986886875,16.335111117631588
S0001209,extent_only,11.055178130125,6.996200755614927
S0001210,extent_only,26.892087875,22.410484474516103
S0001211,extent_only,6.8611826025200005,9.24683552756646
S0001212,extent_only,10.53711563810625,9.191400197761185
S0001213,extent_only,4.0832544778125,10.585581059380448
S0001214,extent_only,2.030763196175,5.0202659401856975
S0001215,extent_only,7.065750884685625,9.3055561344943
S0001216,extent_only,1.63383815885625,4.239426168400171
S0001217,extent_only,12.3160322745625,6.523021599643387
S0001218,extent_only,6.540971740200625,9.514474580155532
S0001219,extent_only,7.503576943125,12.015047905772905
S0001220,extent_only,11.7214953820625,7.305919571914981
S0001221,extent_only,1.090564339724375,6.8095116561017495
S0001222,extent_only,1.764145816505,7.247375210219553
S0001223,extent_only,32.823900445,17.772497091772628
S0001224,extent_only,8.1777723607,16.544886494712618
S0001225,extent_only,0.5884107022,4.151422522825372
S0001226,extent_only,39.66432149125,14.090528647994654
S0001227,extent_only,28.91667062625,17.723078981592852
S0001228,extent_only,32.916910636875,21.4139982852305
S0001229,extent_only,9.43469172462,6.579047346574245
S0001230,extent_only,3.56651147840625,10.242388320678932
S0001231,extent_only,8.75800270340625,8.094544104567866
S0001232,extent_only,4.733615961,2.346295566890448
S0001233,extent_only,3.38544436534375,9.191400197761185
S0001234,extent_only,7.47394670800125,8.66503773985176
S0001235,extent_only,4.005418579896375,8.953154505767472
S0001236,extent_only,10.2154195655,7.981593321569721
S0001237,extent_only,3.916651912,10.571783915362891
S0001238,extent_only,17.0206187393125,8.605676550044365
S0001239,extent_only,7.2159527384999995,17.295053965145605
S0001240,extent_only,16.313848001375,7.329721398555026
S0001241,extent_only,5.39555927400625,9.203570601851899
S0001242,extent_only,12.631324190375,8.836048929807951
S0001243,extent_only,5.8801376718125,7.305919571914981
S0001244,extent_only,3.9625449554375,21.602029950847623
S0001245,extent_only,2.53823218985625,4.531675361835239
S0001246,extent_only,4.81058631915625,3.5633470327096646
S0001247,extent_only,38.448670090625,28.828198672230528
S0001248,extent_only,10.7149185486875,8.730143686783554
S0001249,extent_only,5.5845848972606245,9.290120950102352
S0001250,extent_only,-0.8254460276375,4.995036685688613
S0001251,extent_only,2.191472204224375,4.673224073921782
S0001252,extent_only,15.394110596874999,7.665335046818544
S0001253,extent_only,24.59214002625,16.87150738421113
S0001254,extent_only,6.54375613668125,10.35605130429782
S0001255,extent_only,1.7867025851625,9.735963516319844
S0001256,extent_only,1.697383070175,4.183629034253938
S0001257,extent_only,17.429377636875,9.711250703686986
S0001258,extent_only,4.20150880891875,6.629026499244645
S0001259,extent_only,16.102570954875,24.541965094157963
S0001260,extent_only,20.9441732125,16.133565810233765
S0001261,extent_only,10.82820432548125,3.2708783093804255
S0001262,extent_only,16.889575743625,15.475717331352882
S0001263,extent_only,25.5808999985,17.919745536328556
S0001264,extent_only,3.77343087000625,3.48354634209495
S0001265,extent_only,11.7745736835625,30.589144568903755
S0001266,extent_only,6.96729810930625,12.769713611140327
S0001267,extent_only,26.514539598,16.089049078838272
S0001268,extent_only,7.61401915238125,26.094648121795302
S0001269,extent_only,21.589167768125,27.10021290725625
S0001270,extent_only,33.291781005625,14.378613257000984
S0001271,extent_only,35.964213974375,33.33984750460229
S0001272,extent_only,25.626170195,10.384629195797498
S0001273,extent_only,10.859569477375,9.184599201401149
S0001274,extent_only,-0.875666503225,5.366702877984692
S0001275,extent_only,3.99099906334375,6.883021700319025
S0001276,extent_only,13.40420049420625,7.598080452510838
S0001277,extent_only,1.0701007965625,6.116612082130293
S0001278,extent_only,5.7458238950625,7.959300415982675
S0001279,extent_only,15.0793774419375,11.227800080128997
S0001280,extent_only,3.2904418638625,7.143769124708482
S0001281,extent_only,23.8083325098125,29.542446837189683
S0001282,extent_only,18.586146195578124,23.46194445568586
S0001283,extent_only,19.183274253875,19.36415053144161
S0001284,extent_only,4.02521731684375,12.697925857797438
S0001285,extent_only,5.3429479899375,9.338475701057572
S0001286,extent_only,7.1535246966875,9.485842753829193
S0001287,extent_only,18.11179471875,9.045823238649197
S0001288,extent_only,7.80139482605,5.277463566267002
S0001289,extent_only,5.307863616875,12.399456168095858
S0001290,extent_only,81.492067654375,73.36599095002279
S0001291,extent_only,5.173345175375,8.47331055559562
S0001292,extent_only,4.01883726231875,3.33578993569945
S0001293,extent_only,9.697922941125,8.605107451833014
S0001294,extent_only,13.3360575913125,11.091999572961347
S0001295,extent_only,0.9655081394687499,3.1856936918773853
S0001296,extent_only,30.503860276250002,28.17014451610124
S0001297,extent_only,4.7081420151125,8.501926075394456
S0001298,extent_only,19.028054942875002,10.061568358336132
S0001299,extent_only,5.6674434156106255,7.900439780062888
S0001300,extent_only,4.22042209655625,4.698573310336251
S0001301,extent_only,7.098121368875,9.533317187160304
S0001302,extent_only,12.314628416,10.949091985293125
S0001303,extent_only,77.65389747,48.57421735981963
S0001304,extent_only,31.77304723,70.8160769121237
S0001305,extent_only,4.78332958679375,11.505014216048863
S0001306,extent_only,33.657012396875004,19.381387706146892
S0001307,extent_only,16.0514856276875,15.570463801536267
S0001308,extent_only,0.3572859429,6.137353333042316
S0001309,extent_only,11.8351344193125,22.028586717415532
S0001310,extent_only,50.683227093125,21.66796368541347
S0001311,extent_only,14.5809472160625,21.550951033007628
S0001312,extent_only,40.242278885625,14.63784950580792
S0001313,extent_only,2.063071255494375,7.256193508953735
S0001314,extent_only,12.942811997,19.654291269962318
S0001315,extent_only,18.5430253935,10.384629195797498
S0001316,extent_only,0.967667050834375,3.1856936918773853
S0001317,extent_only,4.7613451632625,5.212145275664571
S0001318,extent_only,26.99185753,35.95290309799699
S0001319,extent_only,39.26962929,25.026997936717038
S0001320,extent_only,6.5068614001875,7.47998450321431
S0001321,extent_only,4.346937899951875,6.563700365721157
S0001322,extent_only,8.5133286744375,10.10600985002895
S0001323,extent_only,10.239666190125,11.764531556026434
S0001324,extent_only,30.2787848125,20.35796185813007
S0001325,extent_only,0.559187437596875,4.807757723220959
S0001326,extent_only,17.7875194309375,18.73718732712172
S0001327,extent_only,2.3030033448875,6.984971328964774
S0001328,extent_only,1.37345989836875,6.958483192933215
S0001329,extent_only,20.03819591975,16.343212711098975
S0001330,extent_only,11.1094241463125,21.4139982852305
S0001331,extent_only,17.7486997859375,15.873740525904061
S0001332,extent_only,3.04562990146875,10.961118917134163
S0001333,extent_only,23.36218137,14.11536283396183
S0001334,extent_only,12.205575559375,10.321712925513568
S0001335,extent_only,19.9600604214375,18.72818359841865
S0001336,extent_only,7.1786527714375,4.5744010161338755
S0001337,extent_only,21.5969355416875,7.876963738311502
S0001338,extent_only,16.5841341615,16.025567424695307
S0001339,extent_only,4.10626442805625,9.735963516319844
S0001340,extent_only,17.64622346875,8.501926075394456
S0001341,extent_only,5.20257402657125,13.899474936187458
S0001342,extent_only,3.7585914626875,8.165255194292484
S0001343,extent_only,3.298660887626875,3.290121944115378
S0001344,extent_only,17.294613596875,31.406434804341036
S0001345,extent_only,8.33485132624375,12.786005572193984
S0001346,extent_only,3.65129637130625,7.648682118108881
S0001347,extent_only,16.1687197036875,7.991228941232915
S0001348,extent_only,111.103990500625,72.01848980296062
S0001349,extent_only,37.59161898875,20.999217752476234
S0001350,extent_only,23.8938670076875,37.500301792707894
S0001351,extent_only,5.286781746375,4.30805831546954
S0001352,extent_only,4.18215872760625,9.58504706409542
S0001353,extent_only,3.51673973503125,6.473258695390442
S0001354,extent_only,39.198938863125,26.5179828164346
S0001355,extent_only,3.748814209975,12.964812871427487
S0001356,extent_only,7.6733986299375,15.407060059668105
S0001357,extent_only,2.50266664575625,8.860939854337845
S0001358,extent_only,5.6561767490625,4.193628723747068
S0001359,extent_only,42.523819670625,73.36599095002279
S0001360,extent_only,12.517851379187501,21.12393363076688
S0001361,extent_only,5.3391162603875,11.497241148973298
S0001362,extent_only,12.9823386769375,19.93798982005351
S0001363,extent_only,2.357438019900625,4.785836122985358
S0001364,extent_only,25.6247179914375,7.668860694387165
S0001365,extent_only,6.76943774625,11.227800080128997
S0001366,extent_only,8.198427855875,6.597514596796008
S0001367,extent_only,17.135915036875,23.458702653455624
S0001368,extent_only,69.68920781875,70.8160769121237
S0001369,extent_only,4.9452740557875,11.229835109858726
S0001370,extent_only,14.844576999874999,20.0904155133594
S0001371,extent_only,11.0635571464375,6.957487363300343
S0001372,extent_only,3.84883981306875,12.697925857797438
S0001373,extent_only,6.3136810633125,7.559457414301573
S0001374,extent_only,5.28508900256875,3.8319193451763205
S0001375,extent_only,11.7057524425,17.63064832144991
S0001376,extent_only,3.577156415425,7.598080452510838
S0001377,extent_only,2.386703832183125,6.13563309946947
S0001378,extent_only,4.8684578418125,7.648682118108881
S0001379,extent_only,8.918910697375,20.69986490074405
S0001380,extent_only,8.9369025662625,15.12897668145319
S0001381,extent_only,11.521377857125,9.290571631982552
S0001382,extent_only,17.141842720625,22.248098257402322
S0001383,extent_only,13.8372999301875,11.379589479866542
S0001384,extent_only,21.524600858812498,19.83004495546649
S0001385,extent_only,4.057359799325,8.183035713113643
S0001386,extent_only,9.844151943125,7.118606972050477
S0001387,extent_only,5.010405962425,8.055421117444618
S0001388,extent_only,8.463628477625,8.605107451833014
S0001389,extent_only,33.315641910625,19.654291269962318
S0001390,extent_only,8.35799297989375,7.118606972050477
S0001391,extent_only,1.9422394569125,5.304644994238988
S0001392,extent_only,12.5881233766875,22.478267185068297
S0001393,extent_only,12.7592344985625,8.604724080706253
S0001394,extent_only,20.265419969625,21.42532912369847
S0001395,extent_only,5.875327643075,7.900439780062888
S0001396,extent_only,8.7267826419375,4.404415423834237
S0001397,extent_only,35.663097072875,45.320489982784146
S0001398,extent_only,7.824102935,6.867197742972935
S0001399,extent_only,17.848908608437497,8.622479973450073
S0001400,extent_only,20.4811778401875,21.602029950847623
S0001401,extent_only,5.72597871258125,8.648034996325501
S0001402,extent_only,16.210819171875,8.165255194292484
S0001403,extent_only,22.824695899375,15.937614840885292
S0001404,extent_only,10.584744530375,16.164217762732388
S0001405,extent_only,16.755389507125,8.622479973450073
S0001406,extent_only,1.4333575158649374,9.77189141409051
S0001407,extent_only,13.1866013513125,11.633799491846643
S0001408,extent_only,7.672396332875,12.566298041987782
S0001409,extent_only,10.16282289675,7.143769124708482
S0001410,extent_only,2.0280900433125,10.242388320678932
S0001411,extent_only,7.9025954968125,9.168352906266227
S0001412,extent_only,3.94484579536875,7.9616225864176196
S0001413,extent_only,10.17031372875,6.077779041265706
S0001414,extent_only,1.86535853893125,8.196966555267371
S0001415,extent_only,15.46812611775,23.831081489776683
S0001416,extent_only,10.153459774375,6.633016167043248
S0001417,extent_only,28.772146584999998,17.76797585567264
S0001418,extent_only,-2.87270007438125,3.2708783093804255
S0001419,extent_only,11.0165085834375,3.33578993569945
S0001420,extent_only,17.387842383875,12.202705847092812
S0001421,extent_only,2.53647144532125,7.443132249875202
S0001422,extent_only,32.5512687875,21.01697633985182
S0001423,extent_only,7.4711161405,8.885594611433643
S0001424,extent_only,31.288154691875,18.86532731268932
S0001425,extent_only,5.2021726401875,8.183035713113643
S0001426,extent_only,5.90987958869375,15.487104866825087
S0001427,extent_only,8.1621241904,8.867896357047012
S0001428,extent_only,4.8446682440875,4.984668562652972
S0001429,extent_only,9.53517936586875,26.387931699750872
S0001430,extent_only,6.6884084024375,6.984971328964774
S0001431,extent_only,8.2549659713125,8.790049404972974
S0001432,extent_only,11.2257727829375,6.883021700319025
S0001433,extent_only,6.14151597390625,9.141011524848707
S0001434,extent_only,5.787993891799999,9.252771680048044
S0001435,extent_only,13.3266674265,8.811785470378544
S0001436,extent_only,7.6677180051875,10.764658287517339
S0001437,extent_only,13.905542822143751,10.900069230843885
S0001438,extent_only,3.515014664331875,8.120557824290053
S0001439,extent_only,14.0553571835,17.814653791264128
S0001440,extent_only,10.93949010975,30.546220047928493
S0001441,extent_only,12.975792362875,6.321266647161138
S0001442,extent_only,47.54921344,48.35328960668633
S0001443,extent_only,19.276485678125,20.88139907227472
S0001444,extent_only,12.716331766562499,38.188647043120525
S0001445,extent_only,0.3781166864812501,4.03683481778218
S0001446,extent_only,11.216224620325,7.07977338696728
S0001447,extent_only,9.620973969775,6.125604501685633
S0001448,extent_only,2.942898017125,4.040004542016432
S0001449,extent_only,21.1786965315375,22.366257019742417
S0001450,extent_only,7.361151955625,3.33578993569945
S0001451,extent_only,7.569008263625,7.567149469898849
S0001452,extent_only,5.61693713765625,4.531675361835239
S0001453,extent_only,12.404577868812499,13.412414150512571
S0001454,extent_only,12.2213107764375,8.811785470378544
S0001455,extent_only,7.3300549909375,7.501352694827567
S0001456,extent_only,11.4900471156875,22.914550941245512
S0001457,extent_only,14.167695778312499,15.698397065406365
S0001458,extent_only,64.04931999125,23.63008879125865
S0001459,extent_only,2.24628023363125,4.948852671574762
S0001460,extent_only,13.79296367625,3.225755685842776
S0001461,extent_only,6.82444753283125,8.191380824207592
S0001462,extent_only,-0.1999395329225,2.8480039466202296
S0001463,extent_only,34.478736784375,18.602684081413383
S0001464,extent_only,19.7177324536875,14.546754137123312
S0001465,extent_only,13.3212444083125,7.935370236002123
S0001466,extent_only,6.5771828298375,7.054137792153766
S0001467,extent_only,29.8598764798125,16.055144521900715
S0001468,extent_only,4.25550902383125,4.698573310336251
S0001469,extent_only,13.8131472994375,20.626425974052445
S0001470,extent_only,8.68508516163125,19.36627934689544
S0001471,extent_only,26.267910620625,8.912678701273252
S0001472,extent_only,1.6368692288375,5.594743630046391
S0001473,extent_only,5.9708875036875,7.602334373159609
S0001474,extent_only,8.086613801,10.384629195797498
S0001475,extent_only,5.981421947125,9.355467106813395
S0001476,extent_only,9.582681733209375,8.190639739825489
S0001477,extent_only,22.33430883375,16.749153838437923
S0001478,extent_only,12.408741125125001,8.838435816742415
S0001479,extent_only,12.3575017201875,4.9088476551726385
S0001480,extent_only,29.2378335780625,51.47889562492342
S0001481,extent_only,5.5011865979375,6.41446460685585
S0001482,extent_only,35.361567175,24.364355159367957
S0001483,extent_only,3.41731003080875,23.558159864005106
S0001484,extent_only,21.251105095225,6.11306172153234
S0001485,extent_only,9.9667812135625,16.04574587365099
S0001486,extent_only,1.012764427204,11.227800080128997
S0001487,extent_only,8.2640723571875,21.01697633985182
S0001488,extent_only,24.180184724375,20.459792571773477
S0001489,extent_only,9.8222151351875,15.873740525904061
S0001490,extent_only,4.72057741789375,6.13563309946947
S0001491,extent_only,22.258513176250002,17.55896880099946
S0001492,extent_only,12.681527479062499,15.122627602068418
S0001493,extent_only,12.0996755051875,16.343212711098975
S0001494,extent_only,7.037454365375,11.129760029136595
S0001495,extent_only,7.4580975608937505,6.915655468800528
S0001496,extent_only,14.2077552824375,14.345687035301811
S0001497,extent_only,0.6279469454312501,3.466910724331965
S0001498,extent_only,39.125952769375004,17.34744927722485
S0001499,extent_only,11.4852937574375,36.18253880687623
S0001500,extent_only,14.17843101775,6.116612082130293
S0001501,extent_only,15.9219111411875,16.025567424695307
S0001502,extent_only,20.37013857425,18.602684081413383
S0001503,extent_only,8.5349297199375,7.924417840689728
S0001504,extent_only,4.387933378075,10.384629195797498
S0001505,extent_only,11.419048554875001,8.66503773985176
S0001506,extent_only,9.4634742215625,12.026451235396202
S0001507,extent_only,8.4515518288125,8.048051931838204
S0001508,extent_only,31.739739236875,11.53210769259221
S0001509,extent_only,3.99100516475,4.531675361835239
S0001510,extent_only,7.51877381775,10.10600985002895
S0001511,extent_only,5.43926152748125,9.252771680048044
S0001512,extent_only,7.394540468375,16.575431655700218
S0001513,extent_only,2.5738835372406252,4.945582361595192
S0001514,extent_only,11.1677822546,4.5744010161338755
S0001515,extent_only,17.5457938091875,23.558159864005106
S0001516,extent_only,10.5007498305,21.66796368541347
S0001517,extent_only,9.200973621687499,8.141296643375126
S0001518,extent_only,9.5418108903125,12.298034476930509
S0001519,extent_only,8.3585138796875,7.577786756549245
S0001520,extent_only,6.8536250393275,12.595517262063334
S0001521,extent_only,34.30562295125,26.094648121795302
S0001522,extent_only,1.73648485677125,16.089049078838272
S0001523,extent_only,4.2791293188749995,4.9088476551726385
S0001524,extent_only,20.987151959875,9.203570601851899
S0001525,extent_only,4.77458962311875,5.042476837137245
S0001526,extent_only,39.50002172375,14.791246448693403
S0001527,extent_only,25.66010001625,13.503964842533287
S0001528,extent_only,6.1698500088125,7.256193508953735
S0001529,extent_only,11.176161261375,7.256193508953735
S0001530,extent_only,3.58937892195,8.63202946196059
S0001531,extent_only,11.5149456233125,8.604724080706253
S0001532,extent_only,14.999950679625,13.973550871385406
S0001533,extent_only,18.683035879,7.656698094437825
S0001534,extent_only,11.3851128619375,8.604724080706253
S0001535,extent_only,21.44573016,23.346187089176635
S0001536,extent_only,41.8623754325,17.995987717590268
S0001537,extent_only,-2.23209057200625,3.9671784677561077
S0001538,extent_only,6.2339048213125,6.547108129860931
S0001539,extent_only,8.9283324195625,8.148590687061935
S0001540,extent_only,14.7918439253125,15.678473941580082
S0001541,extent_only,20.153050176375,17.69140671396736
S0001542,extent_only,32.088872080625,11.321824102277905
S0001543,extent_only,36.93587778375,37.56828692228231
S0001544,extent_only,0.345806363258125,3.8566171831527174
S0001545,extent_only,9.146893268374999,8.954134246855558
S0001546,extent_only,11.727990870687501,16.330289621496828
S0001547,extent_only,19.1807459179375,12.45610432406856
S0001548,extent_only,11.6325424274375,10.223940384115211
S0001549,extent_only,-7.0262664169999995,3.63894888510666
S0001550,extent_only,5.5123941474625004,8.326749630123775
S0001551,extent_only,14.699209237375,22.607436320951564
S0001552,extent_only,7.11783077540625,9.168352906266227
S0001553,extent_only,8.2145494001875,9.338475701057572
S0001554,extent_only,31.9598292581875,16.900997598596327
S0001555,extent_only,3.74534753174375,13.363274553994676
S0001556,extent_only,0.6538351979543751,11.227800080128997
S0001557,extent_only,20.494986729125,8.604724080706253
S0001558,extent_only,17.6697736009375,23.839588969825204
S0001559,extent_only,9.60776092275,17.492718816755186
S0001560,extent_only,11.13788773675,6.534332869571585
S0001561,extent_only,14.9148264390625,15.261272918954713
S0001562,extent_only,5.92239902545,12.97248758834249
S0001563,extent_only,13.0126599778125,14.722395750449838
S0001564,extent_only,22.6406530999375,9.983758752855143
S0001565,extent_only,1.9480902430425,5.837265039175885
S0001566,extent_only,9.6381281134375,11.360113989458227
S0001567,extent_only,10.528160583375,29.012574058457215
S0001568,extent_only,5.791177583825,7.150675240054592
S0001569,extent_only,22.97641776,22.54337714812836
S0001570,extent_only,4.06933312675625,7.052573114159459
S0001571,extent_only,8.0464829540875,11.39316970022838
S0001572,extent_only,25.9263031183125,33.93061129269195
S0001573,extent_only,8.1554717294375,9.58504706409542
S0001574,extent_only,98.975857086875,70.8160769121237
S0001575,extent_only,15.6331097650625,20.52539690216171
S0001576,extent_only,41.7071356246875,33.93061129269195
S0001577,extent_only,15.668847918625,21.425343760264894
S0001578,extent_only,8.2043248233125,7.036284619605966
S0001579,extent_only,9.95037357125,16.335111117631588
S0001580,extent_only,10.2119852327625,10.26468588931978
S0001581,extent_only,17.149184218125,21.953433442792356
S0001582,extent_only,11.345748246625,6.125604501685633
S0001583,extent_only,13.5394849063125,6.539018653632815
S0001584,extent_only,10.635252740875,7.247375210219553
S0001585,extent_only,18.7028404544375,14.826513960821087
S0001586,extent_only,9.42963075919375,10.10600985002895
S0001587,extent_only,15.054094902,8.838435816742415
S0001588,extent_only,11.1663796320375,14.961102434115707
S0001589,extent_only,10.6839038675625,14.87776189321669
S0001590,extent_only,3.554011900875,10.072677951216216
S0001591,extent_only,18.8224150045,72.01848980296062
S0001592,extent_only,17.962684895625,13.272875703788154
S0001593,extent_only,4.1627304836312495,4.986470039731279
S0001594,extent_only,15.8409268331375,8.226584718244315
S0001595,extent_only,5.699240097375,4.721948662375212
S0001596,extent_only,0.309586575420625,6.867197742972935
S0001597,extent_only,4.534044145025,6.655036947073892
S0001598,extent_only,29.213875569375,13.047163330616447
S0001599,extent_only,9.94177405368125,8.836048929807951
S0001600,extent_only,60.157800323125,19.640752712410183
S0001601,extent_only,13.90671828375,9.184599201401149
S0001602,extent_only,3.89756450544375,4.841177618363095
S0001603,extent_only,20.094323246125,11.201601897070814
S0001604,extent_only,5.89774828901875,4.195718462659134
S0001605,extent_only,35.709269285625,18.488635889294798
S0001606,extent_only,13.84378209725,12.144901234571096
S0001607,extent_only,15.48579269375,9.187831963042765
S0001608,extent_only,14.331962641625001,19.36415053144161
S0001609,extent_only,15.7852552559375,17.76797585567264
S0001610,extent_only,5.2371541948375,4.03683481778218
S0001611,extent_only,9.1574890240625,8.094544104567866
S0001612,extent_only,9.95011214200625,2.7173186437925034
S0001613,extent_only,16.802544492375,20.626425974052445
S0001614,extent_only,4.01831408488125,6.41446460685585
S0001615,extent_only,-0.09345485694375,3.4438996730633926
S0001616,extent_only,-2.12442296201375,3.9201774504047973
S0001617,extent_only,32.814853869375,16.616651840610025
S0001618,extent_only,9.0564101156875,8.867896357047012
S0001619,extent_only,2.8545332051249996,4.4497611869491935
S0001620,extent_only,8.3830690998125,6.547108129860931
S0001621,extent_only,4.4804069623125,18.44016804236817
S0001622,extent_only,5.8307332676875,19.53005498873242
S0001623,extent_only,31.6742434679375,8.622479973450073
S0001624,extent_only,5.54211207528125,4.27506918714957
S0001625,extent_only,8.1378035313125,13.388197103875994
S0001626,extent_only,1.4179223065750002,12.026451235396202
S0001627,extent_only,8.988439048725,12.769713611140327
S0001628,extent_only,2.60640391748125,4.531675361835239
S0001629,extent_only,16.8058065274375,11.862569569437383
S0001630,extent_only,11.3178551351875,10.097173457936497
S0001631,extent_only,13.942105323875,10.24393156573221
S0001632,extent_only,32.584151131625,52.55223132310023
S0001633,extent_only,18.006818350625,23.373898502118323
S0001634,extent_only,2.4397313648312497,7.665335046818544
S0001635,extent_only,27.063257770625,18.0874741109498
S0001636,extent_only,9.8187414954,21.77877479337097
S0001637,extent_only,14.8419977723125,8.183035713113643
S0001638,extent_only,13.2152076819375,12.279156438758207
S0001639,extent_only,3.262490235325,8.151522917418925
S0001640,extent_only,15.5244914321875,8.953154505767472
S0001641,extent_only,-0.6538174423374999,3.2708783093804255
S0001642,extent_only,25.073219895624998,40.20243754910808
S0001643,extent_only,19.2698184183125,14.887442157580793
S0001644,extent_only,2.7897193612218127,4.33237890626009
S0001645,extent_only,2.6826731264778125,4.8944914700530635
S0001646,extent_only,14.896046661875,6.844314297630838
S0001647,extent_only,8.1471834805,8.915817774377919
S0001648,extent_only,6.393169719125,8.867896357047012
S0001649,extent_only,3.4631320467375,9.742806770638474
S0001650,extent_only,3.6356385216875,6.766689533032492
S0001651,extent_only,10.672943130375,16.679303552156316
S0001652,extent_only,3.5429462932887503,8.190639739825489
S0001653,extent_only,20.617569506875,18.38213397851802
S0001654,extent_only,26.522695476875,12.892315714905102
S0001655,extent_only,17.3728887235625,14.63784950580792
S0001656,extent_only,18.5549299730625,28.579583547353447
S0001657,extent_only,21.2961659525,9.030098610158518
S0001658,extent_only,11.73704949689375,20.3528366696847
S0001659,extent_only,7.1876775970625,11.793810906579553
S0001660,extent_only,4.6684345456875,10.020570719887901
S0001661,extent_only,3.14498955718125,8.165255194292484
S0001662,extent_only,8.94616057025,3.890622748051514
S0001663,extent_only,15.287289294625001,16.025567424695307
S0001664,extent_only,4.372897218625,9.352789067036388
S0001665,extent_only,10.6074502944375,12.187141143692255
S0001666,extent_only,15.2189990560625,23.110799015846553
S0001667,extent_only,4.1197938311875,10.339447470685016
S0001668,extent_only,16.616007575625,11.229835109858726
S0001669,extent_only,3.9854961130625,2.8480039466202296
S0001670,extent_only,5.9571977824025,7.150675240054592
S0001671,extent_only,4.290329582481251,8.213426564227692
S0001672,extent_only,17.263196098312502,8.604724080706253
S0001673,extent_only,13.76768165625,7.656698094437825
S0001674,extent_only,7.13665637125,10.076567585309306
S0001675,extent_only,8.902327475375,11.97457092830378
S0001676,extent_only,8.680068921375,8.364580569722339
S0001677,extent_only,23.102914055375,16.132750586047376
S0001678,extent_only,1.25904396809375,4.33237890626009
S0001679,extent_only,6.77827903069,6.828315899654575
S0001680,extent_only,33.5921407275,22.58991105410446
S0001681,extent_only,42.98841954125,37.691401051342105
S0001682,extent_only,10.4077290933125,8.208620761942583
S0001683,extent_only,41.286626961875,54.1567438079654
S0001684,extent_only,14.4756662214375,10.076567585309306
S0001685,extent_only,7.9428991643125,10.384629195797498
S0001686,extent_only,14.4318973746875,6.13563309946947
S0001687,extent_only,5.5842657519375,8.776994930057107
S0001688,extent_only,7.516109454025,17.34744927722485
S0001689,extent_only,0.06058783224500003,4.03683481778218
S0001690,extent_only,2.148285074846875,8.350843714790226
S0001691,extent_only,10.8083696562375,7.668860694387165
S0001692,extent_only,1.23207366056875,9.338475701057572
S0001693,extent_only,11.138725884375,17.67414486821438
S0001694,extent_only,20.1496973959375,24.8668820190102
S0001695,extent_only,6.123083843125,23.110799015846553
S0001696,extent_only,0.91185495228125,7.073381062423056
S0001697,extent_only,3.2667290469375,6.934047697304432
S0001698,extent_only,13.8563875206875,11.597044842753931
S0001699,extent_only,15.86930624231875,11.57274502465917
S0001700,extent_only,2.8724991110249998,9.224112452169365
S0001701,extent_only,2.97719085628125,8.17506677582825
S0001702,extent_only,25.141057455625,19.36415053144161
S0001703,extent_only,22.84828847914375,19.233897676563824
S0001704,extent_only,3.729930941075,8.120557824290053
S0001705,extent_only,3.4305222901937498,2.6575421910010957
S0001706,extent_only,17.243137680187502,6.077779041265706
S0001707,extent_only,12.60827907845,22.914550941245512
S0001708,extent_only,0.8282740244125001,4.955407834029564
S0001709,extent_only,12.985610300125,8.953154505767472
S0001710,extent_only,18.06887408825,7.4654326130661275
S0001711,extent_only,3.9299823015625,5.231415655169348
S0001712,extent_only,0.10677819583125006,3.482003382833699
S0001713,extent_only,41.709543979375,24.8668820190102
S0001714,extent_only,12.378744927125,4.698573310336251
S0001715,extent_only,8.156728561805,8.076943981381847
S0001716,extent_only,10.71702657086875,8.501926075394456
S0001717,extent_only,2.7578362971125,8.193974040117778
S0001718,extent_only,25.3063520551875,12.769713611140327
S0001719,extent_only,15.9316713083125,10.337557321291062
S0001720,extent_only,0.5717707063,6.41446460685585
S0001721,extent_only,10.855225339375,10.27983171140346
S0001722,extent_only,9.5399264521875,9.018213912782556
S0001723,extent_only,2.971046617393125,8.543165377888691
S0001724,extent_only,25.719992842875,17.010636765266124
S0001725,extent_only,8.152804306437499,13.382271414299455
S0001726,extent_only,1.77544581671875,21.286459192726856
S0001727,extent_only,6.5090783782812505,4.33237890626009
S0001728,extent_only,10.5858220235,8.406786349770893
S0001729,extent_only,10.527520330062499,8.226584718244315
S0001730,extent_only,6.2218261634375,7.584602954392669
S0001731,extent_only,1.2046701689375,5.493273501135427
S0001732,extent_only,-0.06701554769999989,4.5744010161338755
S0001733,extent_only,1.7045944073875,4.5744010161338755
S0001734,extent_only,11.2797144622125,10.108442245615068
S0001735,extent_only,17.6012352440625,11.894957397858565
S0001736,extent_only,5.94865589799375,12.084283937624278
S0001737,extent_only,5.022783911075,7.082345400596234
S0001738,extent_only,20.7057054899375,14.376579844216621
S0001739,extent_only,15.76641262880625,12.782713185635735
S0001740,extent_only,7.96049257383125,9.252771680048044
S0001741,extent_only,11.7384953298125,26.36829588005522
S0001742,extent_only,33.61958113625,19.883777092904385
S0001743,extent_only,9.747708303375001,19.002271222500564
S0001744,extent_only,10.663218084,4.83385791519544
S0001745,extent_only,17.70526724025,10.384629195797498
S0001746,extent_only,7.5642694201875,15.557972515624034
S0001747,extent_only,52.999035694375,73.67976259251095
S0001748,extent_only,3.01704380790625,21.4139982852305
S0001749,extent_only,10.954469135,8.51777114095886
S0001750,extent_only,10.5378716725625,14.513805735414474
S0001751,extent_only,12.907156014386564,21.01697633985182
S0001752,extent_only,10.267412429337499,6.791968717708705
S0001753,extent_only,36.023206715,22.86806765176273
S0001754,extent_only,5.4098599805625,6.348093581239416
S0001755,extent_only,6.01699178724,4.531675361835239
S0001756,extent_only,36.710204455625004,26.447574748818138
S0001757,extent_only,9.88209923684375,8.953154505767472
S0001758,extent_only,1.4626963647125,9.372381683525502
S0001759,extent_only,9.95631774675,9.269981369345329
S0001760,extent_only,12.790525616125,2.38109618742693
S0001761,extent_only,40.84605831,16.529017012371607
S0001762,extent_only,12.1046788805625,7.6773140648761755
S0001763,extent_only,24.387120553749998,3.2708783093804255
S0001764,extent_only,33.52771086125,31.93044072342948
S0001765,extent_only,4.49838207739375,14.227759588616276
S0001766,extent_only,15.4950586589375,9.603082783155894
S0001767,extent_only,18.3535919635,19.032956757888932
S0001768,extent_only,58.945142964375,44.15537519066946
S0001769,extent_only,18.15953484625,15.303236525313
S0001770,extent_only,2.50606744333125,6.321266647161138
S0001771,extent_only,16.8070774344875,18.60974307860603
S0001772,extent_only,29.152870531875,47.511046335322966
S0001773,extent_only,22.917964545,13.190862698031786
S0001774,extent_only,3.61359273871875,8.180736510397935
S0001775,extent_only,9.44240446875,9.4390726770185
S0001776,extent_only,4.7030705762531255,7.305919571914981
S0001777,extent_only,3.551496458125,6.828315899654575
S0001778,extent_only,1.386121457625,4.689577858470897
S0001779,extent_only,15.904265887375,11.217289279086192
S0001780,extent_only,2.754733658326875,5.016528458340222
S0001781,extent_only,0.7759512471687502,6.563700365721157
S0001782,extent_only,69.60521779625,26.178689232991655
S0001783,extent_only,7.8773930495,8.604724080706253
S0001784,extent_only,5.31163706981875,9.380712180409573
S0001785,extent_only,6.65941450425,7.118606972050477
S0001786,extent_only,6.2328971163124995,17.814653791264128
S0001787,extent_only,8.502734800999999,7.457712708319961
S0001788,extent_only,2.5312701616562503,6.883021700319025
S0001789,extent_only,0.56520393124375,4.673224073921782
S0001790,extent_only,7.2634526519375004,7.981593321569721
S0001791,extent_only,6.928183898,8.867896357047012
S0001792,extent_only,-1.722915259691125,4.685011650888102
S0001793,extent_only,8.8303365514625,28.828198672230528
S0001794,extent_only,35.543209125,53.64004503958927
S0001795,extent_only,57.9155483275,45.744609504045485
S0001796,extent_only,294.06521573125,62.631555959324686
S0001797,extent_only,14.40675539475,16.064297880289338
S0001798,extent_only,12.5532604075,7.626584590464804
S0001799,extent_only,7.6800894775,10.337557321291062
S0001800,extent_only,12.9032221436875,13.443243965027676
S0001801,extent_only,9.41109956166625,8.605676550044365
S0001802,extent_only,3.5072462050125,6.473258695390442
S0001803,extent_only,12.445006584125,12.309836139381298
S0001804,extent_only,2.549427460225,4.955407834029564
S0001805,extent_only,40.501641904375,26.11720896890482
S0001806,extent_only,18.0253407958125,20.98279805219758
S0001807,extent_only,2.4822669231125,15.415394714563359
S0001808,extent_only,2.20448969005625,4.33237890626009
S0001809,extent_only,4.09077946191875,8.219783069792628
S0001810,extent_only,11.435162485075,15.311964957901715
S0001811,extent_only,7.8418349815,14.123655729111556
S0001812,extent_only,23.6705038184375,28.59530902527589
S0001813,extent_only,7.1308372309125,4.995036685688613
S0001814,extent_only,4.64090553375625,3.616485623694819
S0001815,extent_only,4.01280379261875,7.598080452510838
S0001816,extent_only,9.018978066375,15.38269024492974
S0001817,extent_only,1.39233921089375,7.540090171184295
S0001818,extent_only,17.610129181875,16.87150738421113
S0001819,extent_only,3.7048735634625,8.770727837373691
S0001820,extent_only,7.9056139442874995,4.3142528305589884
S0001821,extent_only,1.65092509808125,9.505864699872175
S0001822,extent_only,0.05142368861937503,11.505014216048863
S0001823,extent_only,1.5411394204187499,4.33237890626009
S0001824,extent_only,5.34106883338125,8.413322400753719
S0001825,extent_only,3.0584343484875,3.4438996730633926
S0001826,extent_only,2.0303663750625,11.428678084218003
S0001827,extent_only,10.955696785125,22.08365020408502
S0001828,extent_only,13.382280991750001,15.225429766631965
S0001829,extent_only,11.852575097,24.906274653114266
S0001830,extent_only,9.4488801219375,14.123655729111556
S0001831,extent_only,11.685357237,14.45803166492211
S0001832,extent_only,5.1628307959375,7.481197929712707
S0001833,extent_only,7.27149649678125,4.293523053688941
S0001834,extent_only,11.705983334875,15.836184754258483
S0001835,extent_only,17.915050446875,8.406786349770893
S0001836,extent_only,16.4336927038125,19.233897676563824
S0001837,extent_only,5.53418470175,13.515798539555476
S0001838,extent_only,6.870893684125,7.317731255115086
S0001839,extent_only,17.6297097405,18.44016804236817
S0001840,extent_only,15.0761746575625,23.458702653455624
S0001841,extent_only,7.50489862505,3.9201774504047973
S0001842,extent_only,16.1487191171875,8.553922194987148
S0001843,extent_only,5.0744621159625005,11.894957397858565
S0001844,extent_only,6.765906537375,13.280247095284757
S0001845,extent_only,22.05818057625,31.93044072342948
S0001846,extent_only,3.96233054663125,26.11720896890482
S0001847,extent_only,16.565007593,26.559694832007263
S0001848,extent_only,10.0668846803125,4.9088476551726385
S0001849,extent_only,8.8616305061875,6.579047346574245
S0001850,extent_only,2.95360490805625,6.921842711173468
S0001851,extent_only,9.5081054780625,8.713428782959621
S0001852,extent_only,-0.15923408963,7.9288141668630745
S0001853,extent_only,-0.12618966687124997,8.073803605543375
S0001854,extent_only,8.5160304304375,6.9008338772201
S0001855,extent_only,6.6954219465,6.9473026551752595
S0001856,extent_only,21.33367985375,3.2103429588341603
S0001857,extent_only,8.5743896748125,20.0904155133594
S0001858,extent_only,3.4316570308437497,9.191400197761185
S0001859,extent_only,11.5219292958125,14.742421076471812
S0001860,extent_only,31.915293946875,35.33036127070077
S0001861,extent_only,6.72151514275,6.523021599643387
S0001862,extent_only,6.20186826825,4.841177618363095
S0001863,extent_only,2.3021056636374997,9.466544746917744
S0001864,extent_only,7.96807590975,8.648034996325501
S0001865,extent_only,-1.2574206293125,8.196966555267371
S0001866,extent_only,7.522029376625,6.68173726526012
S0001867,extent_only,8.4520004886875,4.480781789980137
S0001868,extent_only,9.499639212750001,4.807757723220959
S0001869,extent_only,14.769813376437499,8.165255194292484
S0001870,extent_only,5.8520260775625,3.971861115088258
S0001871,extent_only,10.6000206895625,6.99187320712562
S0001872,extent_only,12.7253277415,20.208748472226294
S0001873,extent_only,8.0433770503,9.509884074443374
S0001874,extent_only,7.8557552463124996,8.587530792301036
S0001875,extent_only,4.82668958374375,9.540155262601326
S0001876,extent_only,1.5710643178375,4.807757723220959
S0001877,extent_only,0.97535794676,9.4080216959116
S0001878,extent_only,8.87544066125625,9.393006311716116
S0001879,extent_only,24.0485033375,23.810715061311548
S0001880,extent_only,14.8092563638125,7.626584590464804
S0001881,extent_only,1.85919829525,6.5508094967132156
S0001882,extent_only,9.7492084858125,11.321824102277905
S0001883,extent_only,7.920269719,18.72818359841865
S0001884,extent_only,7.953254861675,9.252771680048044
S0001885,extent_only,3.06582382773125,8.96305719090047
S0001886,extent_only,8.35341982425,13.706318339356397
S0001887,extent_only,18.497353078,11.965801503808391
S0001888,extent_only,14.003056173,6.8095116561017495
S0001889,extent_only,1.63447845358125,4.102280821773314
S0001890,extent_only,13.51859241625,8.324089586376234
S0001891,extent_only,13.69365816075,15.321462184291597
S0001892,extent_only,23.5298083535625,18.682136635094537
S0001893,extent_only,10.4361854218125,23.858860866216393
S0001894,extent_only,22.6721915908125,20.495299842795962
S0001895,extent_only,11.315245618625,7.775419717771129
S0001896,extent_only,20.01321450525,8.137149690594281
S0001897,extent_only,3.11277634635375,9.58504706409542
S0001898,extent_only,1.06005873490375,4.698573310336251
S0001899,extent_only,29.2253945575,13.899474936187458
S0001900,extent_only,29.8666499,16.834816769584297
S0001901,extent_only,-0.050247003731249976,4.2485654834482345
S0001902,extent_only,2.612701902975,4.698573310336251
S0001903,extent_only,7.5032936921874995,11.9361467880293
S0001904,extent_only,17.79866741575,14.123655729111556
S0001905,extent_only,25.54483424375,10.620930119929161
S0001906,extent_only,12.7474999981875,6.906530379427023
S0001907,extent_only,14.6455750895625,3.63894888510666
S0001908,extent_only,13.108498819,14.791246448693403
S0001909,extent_only,10.6920743674375,9.393006311716116
S0001910,extent_only,3.92225059548125,4.988842677205015
S0001911,extent_only,4.9101260808125,7.528829709186056
S0001912,extent_only,22.7365146880625,26.387931699750872
S0001913,extent_only,33.976925338125,18.44016804236817
S0001914,extent_only,12.724840890187501,13.038245782096658
S0001915,extent_only,10.8886838245,11.572291417034368
S0001916,extent_only,22.129902511250002,19.655068548746165
S0001917,extent_only,34.592328330625,23.46194445568586
S0001918,extent_only,29.1221348251875,20.88139907227472
S0001919,extent_only,14.3879177695,10.823791697500285
S0001920,extent_only,63.8476912925,32.500381248790916
S0001921,extent_only,30.317652990625,15.300869263737187
S0001922,extent_only,14.880912447437499,7.602334373159609
S0001923,extent_only,10.693472761375,9.603082783155894
S0001924,extent_only,14.616441874375,14.278642688059634
S0001925,extent_only,0.8250159609,8.838435816742415
S0001926,extent_only,7.9901120605625,7.981593321569721
S0001927,extent_only,20.5938814381875,42.08819404012366
S0001928,extent_only,20.693268335375,16.87150738421113
S0001929,extent_only,11.438529120125,10.27983171140346
S0001930,extent_only,7.2500555270625,5.016528458340222
S0001931,extent_only,14.276753926125,31.434725585664545
S0001932,extent_only,1.6257113815625,7.598080452510838
S0001933,extent_only,6.59651923336875,14.326369336378562
S0001934,extent_only,6.2002259313875,7.02906998169356
S0001935,extent_only,17.75179273125,21.127034754616563
S0001936,extent_only,8.7438162238125,2.8679076065805633
S0001937,extent_only,71.79865001625001,53.64004503958927
S0001938,extent_only,4.6166174329625,4.30805831546954
S0001939,extent_only,9.72472910780625,4.564760536007865
S0001940,extent_only,27.28461281,9.446905181017675
S0001941,extent_only,11.68129355086875,9.91585986669394
S0001942,extent_only,1.28897704265,3.616485623694819
S0001943,extent_only,3.03665062900625,9.603082783155894
S0001944,extent_only,-0.8851674043250001,3.389468377298051
S0001945,extent_only,1.45379991471,3.335809583512401
S0001946,extent_only,2.971250012880625,6.563700365721157
S0001947,extent_only,2.48831768871875,6.137353333042316
S0001948,extent_only,4.8705797436375,4.416951953690549
S0001949,extent_only,21.17568120825,4.807757723220959
S0001950,extent_only,47.734717995625,21.4139982852305
S0001951,extent_only,1.78378092856875,13.80579729598694
S0001952,extent_only,11.6401521329375,31.286642843533354
S0001953,extent_only,-0.7600542760125,3.5633470327096646
S0001954,extent_only,37.96971671625,19.730473555356376
S0001955,extent_only,5.1490189343125,7.924417840689728
S0001956,extent_only,3.80788281766875,3.3938888672769503
S0001957,extent_only,16.172902212621874,10.108442245615068
S0001958,extent_only,10.745498794625,19.210420743271897
S0001959,extent_only,1.3545064886937501,9.380712180409573
S0001960,extent_only,40.75576131125,15.311964957901715
S0001961,extent_only,4.4894091839375,4.564760536007865
S0001962,extent_only,9.7741706659375,8.312905530402414
S0001963,extent_only,10.466529241,5.929086514046341
S0001964,extent_only,8.3776591715625,7.127571398495468
S0001965,extent_only,18.593999497625,9.994293398741563
S0001966,extent_only,8.2829512215,7.054137792153766
S0001967,extent_only,7.1609040101875,3.059302874486309
S0001968,extent_only,21.710586473,13.388197103875994
S0001969,extent_only,25.81843249875,16.679303552156316
S0001970,extent_only,-3.1757379570000004,4.183629034253938
S0001971,extent_only,11.3953034951625,14.702998352055802
S0001972,extent_only,8.680381623875,8.348627976894852
S0001973,extent_only,17.352631355,25.577563429027336
S0001974,extent_only,34.97402310875,39.070419715102844
S0001975,extent_only,-7.2682999702343745,4.551980828246261
S0001976,extent_only,7.018424318,8.885594611433643
S0001977,extent_only,2.707943780903125,8.597751498657102
S0001978,extent_only,13.6147692249375,11.360113989458227
S0001979,extent_only,5.3360159218625,4.43425154048971
S0001980,extent_only,7.2358091239375,11.585552897493955
S0001981,extent_only,13.405028544124999,18.682136635094537
S0001982,extent_only,10.3820887788125,9.446905181017675
S0001983,extent_only,22.0563372875,12.557601566481793
S0001984,extent_only,8.91907758068125,4.964754991236786
S0001985,extent_only,7.679828784875,6.182344076675897
S0001986,extent_only,3.77883411185625,9.972732849561215
S0001987,extent_only,14.03165323775,6.547108129860931
S0001988,extent_only,5.426232762375,3.890622748051514
S0001989,extent_only,6.64720845825,17.591105932872665
S0001990,extent_only,6.5022456293125,8.954134246855558
S0001991,extent_only,3.26324575009375,4.640179806821126
S0001992,extent_only,5.7076484024375,15.276936511702692
S0001993,extent_only,7.222267949,7.073381062423056
S0001994,extent_only,21.46741472675,51.62445914759153
S0001995,extent_only,5.9708096394375,6.867197742972935
S0001996,extent_only,7.82769872625,9.290120950102352
S0001997,extent_only,5.119805635175,7.329721398555026
S0001998,extent_only,13.751584067875,7.143769124708482
S0001999,extent_only,12.0728407690625,9.70692840257128
S0002000,extent_only,3.3255627940375003,5.837265039175885
S0002001,extent_only,2.2640280022625,10.961118917134163
S0002002,extent_only,7.7284080430125,12.202705847092812
S0002003,extent_only,57.332368554375,43.39860522613486
S0002004,extent_only,0.03653755246875007,5.562752888318586
S0002005,extent_only,31.76961750875,19.811187200742392
S0002006,extent_only,4.8314089431375,11.862569569437383
S0002007,extent_only,20.59516437475,10.451848621281924
S0002008,extent_only,4.02228805575625,7.61714140427714
S0002009,extent_only,13.61608276281875,4.83385791519544
S0002010,extent_only,0.6929363766187501,8.355024007509273
S0002011,extent_only,10.3958441853375,9.045823238649197
S0002012,extent_only,18.702101674625,9.77189141409051
S0002013,extent_only,47.243003599375,46.635481930663474
S0002014,extent_only,19.407826215,27.300737988787333
S0002015,extent_only,11.817491417875,9.162076645521752
S0002016,extent_only,2.5576374282125003,6.597514596796008
S0002017,extent_only,13.6818475166875,15.365601625028761
S0002018,extent_only,1.7471075586375,6.597180626175289
S0002019,extent_only,11.8362404065625,21.127034754616563
S0002020,extent_only,8.29180553145625,16.576671120518043
S0002021,extent_only,6.78955804475,9.987672325711618
S0002022,extent_only,13.0201320964375,8.139234303219675
S0002023,extent_only,14.650375110625,21.286459192726856
S0002024,extent_only,16.315058742375,22.513183944763057
S0002025,extent_only,3.584360135275,7.355644760510039
S0002026,extent_only,13.124699931375,18.738544082537285
S0002027,extent_only,26.118232009499998,21.286459192726856
S0002028,extent_only,2.114874681335625,9.711464648819899
S0002029,extent_only,3.2401191266750002,7.648682118108881
S0002030,extent_only,10.8396285025625,12.279156438758207
S0002031,extent_only,15.023178202875,9.172465024870196
S0002032,extent_only,9.83313548338125,12.171871436236664
S0002033,extent_only,5.9317467103125,6.828315899654575
S0002034,extent_only,70.38450123875,72.01848980296062
S0002035,extent_only,21.844174083125,18.234730554825347
S0002036,extent_only,12.00812828826875,8.165255194292484
S0002037,extent_only,6.089524211275,19.538081707283684
S0002038,extent_only,5.241515445625,8.63202946196059
S0002039,extent_only,0.028167055651062506,2.38109618742693
S0002040,extent_only,3.4650098462,3.149491422305266
S0002041,extent_only,3.1160496638375,4.841177618363095
S0002042,extent_only,11.19257091400625,8.604724080706253
S0002043,extent_only,24.0344074075,14.257013033485038
S0002044,extent_only,24.285966190625,25.596674365648063
S0002045,extent_only,29.297127285,20.237255502539213
S0002046,extent_only,5.4140267326875,6.8095116561017495
S0002047,extent_only,82.7050481825,53.6437470569217
S0000000,cell_composition,2.4244224203375,6.802565170627822
S0000001,cell_composition,11.0323573243125,15.45387469866077
S0000002,cell_composition,-0.5853499811437499,2.733202991582764
S0000003,cell_composition,2.656615593538125,4.854321590146722
S0000004,cell_composition,10.37305450625,18.797449830238506
S0000005,cell_composition,48.328902115625,50.729191075974086
S0000006,cell_composition,18.0972251925,7.0646547162198035
S0000007,cell_composition,13.6020206530625,6.433928503281944
S0000008,cell_composition,8.898258860375,17.892021016157923
S0000009,cell_composition,8.1590069176875,12.340241097273552
S0000010,cell_composition,13.871308687175,14.954348637449188
S0000011,cell_composition,7.3880461053375,6.359417517196888
S0000012,cell_composition,13.9878658507,15.23210181600917
S0000013,cell_composition,13.4959295726875,9.737259564918638
S0000014,cell_composition,13.896532005375,12.724367396135337
S0000015,cell_composition,4.676242609625,9.50493063325134
S0000016,cell_composition,12.6775433431875,4.30554673213877
S0000017,cell_composition,7.66480653719375,10.534175444550138
S0000018,cell_composition,17.155617473375,23.521433091392872
S0000019,cell_composition,8.164006917875,4.667942682738027
S0000020,cell_composition,2.57750450473625,9.68120389979517
S0000021,cell_composition,-0.354664866045,1.6619884679682793
S0000022,cell_composition,2.84311598781875,7.804300060574351
S0000023,cell_composition,0.677443119805625,4.516573637974978
S0000024,cell_composition,12.4203158604375,15.847256437491495
S0000025,cell_composition,16.7328558530625,6.9468142053387245
S0000026,cell_composition,5.3585667513625,17.016474457091874
S0000027,cell_composition,17.701551544249998,11.629197775107679
S0000028,cell_composition,5.3965855830375,3.7477973431694553
S0000029,cell_composition,0.7189396379562499,2.4649609494728724
S0000030,cell_composition,1.5649826498625,6.586540356111037
S0000031,cell_composition,18.3670676545,19.9062690394624
S0000032,cell_composition,7.2477477896875,6.029311267091981
S0000033,cell_composition,11.9478923385625,10.531483042334843
S0000034,cell_composition,7.0377593590625,11.606509666941891
S0000035,cell_composition,1.4273981177750001,5.86285331902138
S0000036,cell_composition,16.00645683325,15.87651246773055
S0000037,cell_composition,1.2427766729625,1.541427165630077
S0000038,cell_composition,9.705146674375,11.349471668968224
S0000039,cell_composition,29.198231588124997,22.585705218897306
S0000040,cell_composition,13.0983429480625,6.375684424620224
S0000041,cell_composition,2.9850052921687498,8.084602139439868
S0000042,cell_composition,9.2114496801875,7.364544850562761
S0000043,cell_composition,0.45287446231750006,3.483346982351416
S0000044,cell_composition,14.23359011531875,12.449773307473661
S0000045,cell_composition,22.200303021875,31.48098788238166
S0000046,cell_composition,6.70538243228125,10.648668620631577
S0000047,cell_composition,22.83332415175,32.10600230609398
S0000048,cell_composition,31.593945696875,26.918644807743277
S0000049,cell_composition,35.270513723125,29.943744594794087
S0000050,cell_composition,8.7523613164375,8.700655348479097
S0000051,cell_composition,6.766700133375,12.332445678189531
S0000052,cell_composition,2.14791177023125,2.357423883155976
S0000053,cell_composition,56.18477660875,34.22692465445209
S0000054,cell_composition,24.97685017125,25.298744149760154
S0000055,cell_composition,8.717336453625,4.605841797133943
S0000056,cell_composition,88.10805461187499,71.65673413294684
S0000057,cell_composition,4.3191209734375,2.8056851487405843
S0000058,cell_composition,16.1276193960625,17.870918553814395
S0000059,cell_composition,3.0227788861500002,7.233750050673453
S0000060,cell_composition,7.067630227675,11.635289248747116
S0000061,cell_composition,27.446986644375,10.991432916368321
S0000062,cell_composition,14.546658364125,14.315516161525949
S0000063,cell_composition,8.552683273975,11.289575424654911
S0000064,cell_composition,6.1496710303125,12.259245540187285
S0000065,cell_composition,3.296059647575,7.002432978378945
S0000066,cell_composition,3.46892478275625,13.861057310067793
S0000067,cell_composition,4.47744450175,4.97933318138328
S0000068,cell_composition,8.10667242236875,7.14185363315682
S0000069,cell_composition,17.69937360575,22.00505762115927
S0000070,cell_composition,12.293174488625,13.778272377379944
S0000071,cell_composition,23.2497476375,33.9503838975138
S0000072,cell_composition,2.778591052266875,5.252704458198788
S0000073,cell_composition,34.1185789010625,42.886236720909665
S0000074,cell_composition,2.3938885234431253,10.203641911864958
S0000075,cell_composition,3.077679978475,6.721407820490934
S0000076,cell_composition,13.966308090875,14.02531131132592
S0000077,cell_composition,3.0078356547125003,8.51715071474359
S0000078,cell_composition,14.7939951625625,18.482165408690825
S0000079,cell_composition,25.667323200125,12.814936145264747
S0000080,cell_composition,5.4369786394999995,5.089471643418617
S0000081,cell_composition,9.68975817725,13.361779078658307
S0000082,cell_composition,13.155291661125,12.647056826100643
S0000083,cell_composition,3.6182792201375,7.631359178523694
S0000084,cell_composition,5.3053586700625,7.22901697386325
S0000085,cell_composition,13.5999442066875,12.966600850929389
S0000086,cell_composition,6.8705736473125,6.77168663719204
S0000087,cell_composition,23.8078288303125,10.505956210517645
S0000088,cell_composition,6.1818466354375,5.675316995298087
S0000089,cell_composition,14.7677850348125,14.144853569248669
S0000090,cell_composition,12.526993536687499,25.792115234575288
S0000091,cell_composition,8.425266492437501,8.05763393353385
S0000092,cell_composition,15.013472644250001,3.038266870286094
S0000093,cell_composition,5.62905891825,8.468557120030047
S0000094,cell_composition,17.3571912849625,22.97423975603888
S0000095,cell_composition,2.3913619974375,4.476605827834466
S0000096,cell_composition,19.886466152,16.048601855075038
S0000097,cell_composition,27.5643282825,21.09580528366621
S0000098,cell_composition,6.94916351725,8.559086761903474
S0000099,cell_composition,13.8916677415625,10.936839778079744
S0000100,cell_composition,77.4729410843625,97.91042793818065
S0000101,cell_composition,16.735890443125,21.49814021685444
S0000102,cell_composition,6.562730316425,12.275949779172867
S0000103,cell_composition,3.21106081803125,2.786614907740529
S0000104,cell_composition,4.180190007375,4.887226219226843
S0000105,cell_composition,42.87438172875,46.210850155062275
S0000106,cell_composition,12.1513312464375,8.425274343709365
S0000107,cell_composition,5.8475200166625,8.853750688523963
S0000108,cell_composition,3.54119248085,9.560932641436427
S0000109,cell_composition,7.8993021495,10.991701869760519
S0000110,cell_composition,-0.63710340968125,3.0013628675300095
S0000111,cell_composition,3.94604510255625,6.85189531165874
S0000112,cell_composition,55.241831045625,52.51582574548832
S0000113,cell_composition,13.678056113,9.55709731521308
S0000114,cell_composition,15.3638590149375,6.647135387854921
S0000115,cell_composition,21.879589143875002,6.529073752153446
S0000116,cell_composition,11.5105244005,8.001190884258945
S0000117,cell_composition,11.55148652925,11.879048777226151
S0000118,cell_composition,26.2510474724375,13.908966490923863
S0000119,cell_composition,9.3291236314375,9.93977933819791
S0000120,cell_composition,10.5368384666875,7.328655549762435
S0000121,cell_composition,29.440576495,18.649243215370113
S0000122,cell_composition,9.7236412633125,6.084346654881113
S0000123,cell_composition,1.7372742229125002,8.542533007623108
S0000124,cell_composition,10.5726832460625,12.135969464562054
S0000125,cell_composition,2.8572757639125,2.3919674594979004
S0000126,cell_composition,9.3468195026875,9.596399844967149
S0000127,cell_composition,14.274810280375,26.88184494926188
S0000128,cell_composition,6.26445132523125,16.33204410886923
S0000129,cell_composition,17.173659811375,14.039882850327063
S0000130,cell_composition,20.0548605680625,16.01463053274536
S0000131,cell_composition,5.50347728358125,11.894269580458023
S0000132,cell_composition,5.9481180378125,6.2235841621393035
S0000133,cell_composition,11.8275187445,17.089185747166837
S0000134,cell_composition,10.020626786125,14.137441917517139
S0000135,cell_composition,24.500519006875003,21.348184090336098
S0000136,cell_composition,22.190008563124998,12.896706483657725
S0000137,cell_composition,5.61240350316875,12.102112666745548
S0000138,cell_composition,9.93528051631875,4.527031627424326
S0000139,cell_composition,4.51146597525,5.307959778116439
S0000140,cell_composition,8.643806636499999,4.672709175020231
S0000141,cell_composition,12.6390851310625,9.236867501288309
S0000142,cell_composition,-3.3399095817125,2.730307461153062
S0000143,cell_composition,71.46562694125,28.832110138978347
S0000144,cell_composition,9.6786464493125,9.345450682192649
S0000145,cell_composition,7.9885309367124995,9.674673614734745
S0000146,cell_composition,19.897781042875,9.596921553233658
S0000147,cell_composition,14.0332751360625,4.554923710991692
S0000148,cell_composition,6.2713332855,4.695324217610449
S0000149,cell_composition,17.581413333625,17.256032997423503
S0000150,cell_composition,15.0036246588125,19.0940454455737
S0000151,cell_composition,16.9263405083125,12.333958488351717
S0000152,cell_composition,10.710093878675,16.948202740821
S0000153,cell_composition,6.4833213290625,4.132613579666803
S0000154,cell_composition,7.3546346031250005,7.4589024705893925
S0000155,cell_composition,4.498860243375,11.739825457890449
S0000156,cell_composition,4.3301073971875,5.546884472991534
S0000157,cell_composition,9.2708750273125,9.327321148379392
S0000158,cell_composition,13.8562415440625,19.66273471170393
S0000159,cell_composition,8.7692395155,14.557134371380519
S0000160,cell_composition,14.1811925448125,8.572222669612533
S0000161,cell_composition,10.397814478375,14.938113952459561
S0000162,cell_composition,7.122310855125,6.121402557758611
S0000163,cell_composition,3.79827907918125,6.256169065336546
S0000164,cell_composition,7.636625406249999,7.2319093232222995
S0000165,cell_composition,6.74062509325,10.406292923597974
S0000166,cell_composition,21.214309114625003,28.059304511543143
S0000167,cell_composition,7.5295718869375,6.050533776782401
S0000168,cell_composition,13.5114383866875,15.290562077669797
S0000169,cell_composition,8.61806701356875,7.943896255425258
S0000170,cell_composition,4.994601188675,6.378538037931433
S0000171,cell_composition,15.5166650596075,10.95118293765097
S0000172,cell_composition,20.4009789345625,13.724589492682508
S0000173,cell_composition,-0.7522673774249999,2.5090222360413255
S0000174,cell_composition,2.702021878775,5.677025301883756
S0000175,cell_composition,9.16859604075,18.011059071906537
S0000176,cell_composition,8.29158453146125,6.208207948220834
S0000177,cell_composition,3.59827148590625,8.3610716022345
S0000178,cell_composition,2.47723928226875,1.2947384600008582
S0000179,cell_composition,4.94174576979375,17.971290010538393
S0000180,cell_composition,6.8271759814375,7.006859226691901
S0000181,cell_composition,5.66698451946875,7.286708503280435
S0000182,cell_composition,8.26738629275,11.616193054600338
S0000183,cell_composition,3.3907268943625,6.295505487822776
S0000184,cell_composition,4.427840361875,12.0495341973345
S0000185,cell_composition,88.773982716875,42.6175221512755
S0000186,cell_composition,15.06088672948125,28.609928793052696
S0000187,cell_composition,7.317886884125,13.283307640301468
S0000188,cell_composition,5.420421167704375,8.387626439845338
S0000189,cell_composition,6.25150055386875,10.023005494863245
S0000190,cell_composition,23.32394546775,27.37288806246353
S0000191,cell_composition,8.1257063915,4.061134923008592
S0000192,cell_composition,13.08419510625,11.143484636835268
S0000193,cell_composition,6.71586880235625,6.944129522289826
S0000194,cell_composition,3.23881626475,6.926365459666128
S0000195,cell_composition,10.8896901543125,6.164253242452026
S0000196,cell_composition,71.6005807075,75.95660756707166
S0000197,cell_composition,15.984244488937499,21.696675541832132
S0000198,cell_composition,3.60009236095625,6.9813110051220315
S0000199,cell_composition,12.7743767844375,6.450281998286888
S0000200,cell_composition,55.376831280625,76.16152770456773
S0000201,cell_composition,0.40417226181,2.6279183067640077
S0000202,cell_composition,2.95272734291875,4.5299747572282865
S0000203,cell_composition,24.854702065625,11.00493628836713
S0000204,cell_composition,37.2070516,14.20551787662246
S0000205,cell_composition,25.38595846155,8.43075885972082
S0000206,cell_composition,7.9822542413125,3.4305449482909545
S0000207,cell_composition,4.46825677664375,9.162431282572042
S0000208,cell_composition,20.528241221875,19.165121623555958
S0000209,cell_composition,18.4507797375,21.499621524767438
S0000210,cell_composition,6.519660559031251,6.383059594432367
S0000211,cell_composition,19.0573534136875,18.502846133801967
S0000212,cell_composition,3.8248433895375,4.236469748929422
S0000213,cell_composition,3.88994129750625,12.770093879165834
S0000214,cell_composition,2.5795021111375,4.776420757627819
S0000215,cell_composition,7.9480159779125,8.173668481527107
S0000216,cell_composition,5.12539600570625,8.617061977067323
S0000217,cell_composition,9.3898621349375,20.75350074049732
S0000218,cell_composition,1.4701908791406249,6.3054078214712534
S0000219,cell_composition,1.9983066831125,6.396801249896371
S0000220,cell_composition,2.16001390958125,6.072636385054521
S0000221,cell_composition,60.3032077375,47.680226889794014
S0000222,cell_composition,26.280288649375002,15.06232542170214
S0000223,cell_composition,4.3445739063625,3.7164537117124543
S0000224,cell_composition,63.42256843875,27.160896220334497
S0000225,cell_composition,4.09172168661875,13.600503478367598
S0000226,cell_composition,14.9820104924375,15.774971082160723
S0000227,cell_composition,23.749989436874998,21.903289998328162
S0000228,cell_composition,0.7320930862849999,6.273255707041306
S0000229,cell_composition,19.9499933569375,14.83890512379593
S0000230,cell_composition,12.8707732625625,14.597911862272825
S0000231,cell_composition,2.464160936425,6.54372162102772
S0000232,cell_composition,38.24555460625,19.456375559098706
S0000233,cell_composition,14.5102295763125,6.817051781499096
S0000234,cell_composition,18.0085078798125,8.665324408665896
S0000235,cell_composition,18.32859717675,25.303173475115948
S0000236,cell_composition,5.91172199226875,25.550371100020097
S0000237,cell_composition,5.750893046171875,7.008641837041339
S0000238,cell_composition,3.72372111643125,7.921682437205437
S0000239,cell_composition,2.58477277965,7.377792510718771
S0000240,cell_composition,7.03862966541875,10.80673180862233
S0000241,cell_composition,4.89791066189375,6.845510216170102
S0000242,cell_composition,32.88784214875,30.036025795676245
S0000243,cell_composition,0.10021478712499998,10.331011375973208
S0000244,cell_composition,5.4988817653124995,7.1531178822785755
S0000245,cell_composition,8.4855129123125,5.366082660706908
S0000246,cell_composition,7.90531632,4.198773248349097
S0000247,cell_composition,20.63389864525,33.25856281348323
S0000248,cell_composition,15.2790652140625,30.834077446517252
S0000249,cell_composition,18.2004415088125,21.06248237082714
S0000250,cell_composition,6.42829552385625,8.253980843024815
S0000251,cell_composition,15.8973845810625,20.16551203581264
S0000252,cell_composition,20.4193842350625,13.132673599079626
S0000253,cell_composition,23.083423074125,15.928164114193946
S0000254,cell_composition,3.98476309553125,8.272217566935254
S0000255,cell_composition,15.0126463182125,6.120106216794419
S0000256,cell_composition,2.81888957316875,3.735532705428092
S0000257,cell_composition,8.3380602856875,6.514171715611115
S0000258,cell_composition,13.740095080125,16.939803950042474
S0000259,cell_composition,0.13443488542687507,4.6018786058025185
S0000260,cell_composition,27.568694049375,30.55073491485243
S0000261,cell_composition,7.9769358661875,6.455831904949387
S0000262,cell_composition,41.09940668125,48.878723355062064
S0000263,cell_composition,4.1042489278625,4.011399960108273
S0000264,cell_composition,0.17091732341750002,-0.49379359367285147
S0000265,cell_composition,29.5104157275,21.106509300057
S0000266,cell_composition,12.437713181615624,15.854167497431783
S0000267,cell_composition,27.6076629948125,21.943337364688613
S0000268,cell_composition,83.788536018125,67.52782764604251
S0000269,cell_composition,13.60339553725,13.68894627269467
S0000270,cell_composition,16.9916866785,11.480240184277887
S0000271,cell_composition,-4.6849194695,3.4700177110197314
S0000272,cell_composition,12.0769742581875,9.35722488555982
S0000273,cell_composition,21.49110388163125,15.551433103362857
S0000274,cell_composition,32.052776420625,39.569186477240244
S0000275,cell_composition,47.877669235,50.87398336192883
S0000276,cell_composition,8.870268809,7.775833754361023
S0000277,cell_composition,1.76261573766875,4.388413555884768
S0000278,cell_composition,9.4891283983125,12.721629456151593
S0000279,cell_composition,12.474296103,5.190643187973033
S0000280,cell_composition,6.21250563075,11.425099267261176
S0000281,cell_composition,11.233464476125,15.14601985950717
S0000282,cell_composition,26.025624586875,30.42750197777358
S0000283,cell_composition,2.31254722399375,2.8156415016355862
S0000284,cell_composition,8.19463115163125,6.717241575499274
S0000285,cell_composition,5.9873452245,7.466211167893431
S0000286,cell_composition,30.895796223125,17.76595737633367
S0000287,cell_composition,21.69623934225,17.5936611527
S0000288,cell_composition,24.40173168284375,16.295217684679972
S0000289,cell_composition,11.1885487041875,9.676308783300897
S0000290,cell_composition,14.7879974393125,15.507457185070093
S0000291,cell_composition,14.911813898625,8.927438395414919
S0000292,cell_composition,9.374935495125,7.8285675407814965
S0000293,cell_composition,20.227916288124998,15.516423983508123
S0000294,cell_composition,4.83982299193125,8.153684450706411
S0000295,cell_composition,3.757214186615,12.522741387196604
S0000296,cell_composition,5.2891080918875,11.160222279410782
S0000297,cell_composition,25.006911454125,28.591560475732585
S0000298,cell_composition,15.7692575900625,12.028422212834418
S0000299,cell_composition,3.8323249622875,2.357423883155976
S0000300,cell_composition,1.1566374987049999,5.338056696072324
S0000301,cell_composition,11.3936591384375,18.793628880848033
S0000302,cell_composition,12.125965944875,7.214938568511374
S0000303,cell_composition,8.509794070375,16.09724485406479
S0000304,cell_composition,5.1226473155625,5.682227023147243
S0000305,cell_composition,35.462281155625,14.65693031787371
S0000306,cell_composition,13.298215884874999,15.148750659620664
S0000307,cell_composition,10.733600044374999,7.900960131351432
S0000308,cell_composition,5.1847701390625005,5.052226961090232
S0000309,cell_composition,21.16164666375,16.081354621312713
S0000310,cell_composition,5.4016552054749996,9.60592273509117
S0000311,cell_composition,7.6114501592499995,8.817819455285845
S0000312,cell_composition,45.42598319125,22.18369700083368
S0000313,cell_composition,2.921512566025,7.631359178523694
S0000314,cell_composition,3.37817527145,3.5120045766356442
S0000315,cell_composition,5.254920803125,2.5293091558748806
S0000316,cell_composition,8.4452414140625,10.306539905892478
S0000317,cell_composition,11.2681339494375,2.9261997464948433
S0000318,cell_composition,5.076199833356875,8.425719820911027
S0000319,cell_composition,3.43786722395625,4.3614450546182955
S0000320,cell_composition,6.8798111124000005,6.803864339072988
S0000321,cell_composition,8.6421456310625,6.5742690797543855
S0000322,cell_composition,24.987761797,20.55444808829201
S0000323,cell_composition,-1.53332896769375,2.9880385758010832
S0000324,cell_composition,9.908248386625,14.438422828391968
S0000325,cell_composition,22.773667296875,14.576344434030911
S0000326,cell_composition,17.881023994625,27.534445673610303
S0000327,cell_composition,12.976558753125,16.497857464464815
S0000328,cell_composition,6.0399959781625,7.154537966336716
S0000329,cell_composition,1.7475379804312499,9.068524900026128
S0000330,cell_composition,13.658237407062499,14.952229784071355
S0000331,cell_composition,18.9949487805,11.097161379467607
S0000332,cell_composition,18.119354744375,17.044592132348637
S0000333,cell_composition,3.9985283323750003,3.0160307140428793
S0000334,cell_composition,8.2848693948125,8.319572072448196
S0000335,cell_composition,8.04505523142,14.010106513969275
S0000336,cell_composition,7.7692805288125,8.62531783178586
S0000337,cell_composition,9.346974879625,11.758005466449129
S0000338,cell_composition,5.855108687284438,6.512002763291705
S0000339,cell_composition,2.019743056475,4.525676196807721
S0000340,cell_composition,9.120691741249999,6.730649202190401
S0000341,cell_composition,8.4308222063125,8.090132258373433
S0000342,cell_composition,28.60934175125,20.50398597997077
S0000343,cell_composition,18.1177177514375,19.411525136975964
S0000344,cell_composition,14.3725141966875,15.079665594080918
S0000345,cell_composition,14.044697906,14.933778669431897
S0000346,cell_composition,1.6455732878,4.6364946054801095
S0000347,cell_composition,5.81678461914375,12.564409850286326
S0000348,cell_composition,1.2440434953875,6.4752809587706155
S0000349,cell_composition,1.61366461231875,3.722005149027292
S0000350,cell_composition,29.641275333125,16.2566242271397
S0000351,cell_composition,10.87685710425,8.154098016518184
S0000352,cell_composition,19.72571759106875,24.863943327902444
S0000353,cell_composition,15.4051161365625,23.1970341129698
S0000354,cell_composition,6.77865324025,10.177060938235332
S0000355,cell_composition,13.00898467075,8.092517448180446
S0000356,cell_composition,-0.5520362527000001,2.606662881886384
S0000357,cell_composition,5.42940794223125,6.811229704149695
S0000358,cell_composition,10.5945133306875,17.671756750818027
S0000359,cell_composition,12.333234031375,9.415581261278328
S0000360,cell_composition,10.2344313375,19.980463581681512
S0000361,cell_composition,18.0247984805,37.292435494131674
S0000362,cell_composition,10.631050576,24.235414662727525
S0000363,cell_composition,5.9356250126687495,7.631359178523694
S0000364,cell_composition,14.2511563225625,7.286708503280435
S0000365,cell_composition,15.128520460499999,38.67815392401739
S0000366,cell_composition,76.61104963875,94.13320401925117
S0000367,cell_composition,3.5081168243125003,4.890749344841934
S0000368,cell_composition,8.883080969125,6.928301354827181
S0000369,cell_composition,9.70523147075,10.30354570238521
S0000370,cell_composition,3.9955949669375,10.936839778079744
S0000371,cell_composition,8.10768363368125,14.082407036034066
S0000372,cell_composition,3.7733018384125,7.467497709915758
S0000373,cell_composition,2.18141847950625,2.0588345470317138
S0000374,cell_composition,11.566615264187499,6.661466625512954
S0000375,cell_composition,18.3784955619375,26.00182291345014
S0000376,cell_composition,8.9130065124375,22.647642924739426
S0000377,cell_composition,19.866856829625,11.042314196045869
S0000378,cell_composition,13.962196743562501,16.320405017235124
S0000379,cell_composition,5.7947466646812495,2.493397636871193
S0000380,cell_composition,62.864415272500004,23.67398960345594
S0000381,cell_composition,4.93948589564375,18.442592168161543
S0000382,cell_composition,41.560742535,21.135628018500665
S0000383,cell_composition,9.36720311384375,13.544335633541857
S0000384,cell_composition,4.91450520383125,8.886691212783058
S0000385,cell_composition,4.58032849775625,11.999753669350008
S0000386,cell_composition,5.4203248327,6.0711620597576355
S0000387,cell_composition,17.640344469687502,12.670124364191977
S0000388,cell_composition,13.6408963571875,15.236134633582656
S0000389,cell_composition,15.5629871825,17.898378776454457
S0000390,cell_composition,8.21753170403125,16.248583150014422
S0000391,cell_composition,14.28155376671875,25.728905401120418
S0000392,cell_composition,40.30643659375,11.456564635713105
S0000393,cell_composition,26.593700653125,23.975121410555076
S0000394,cell_composition,-2.40277434611875,-0.08998042559631148
S0000395,cell_composition,12.668653440625,7.075929628991206
S0000396,cell_composition,3.7330253159625,1.1027338387878716
S0000397,cell_composition,6.04077215275,6.646874217551853
S0000398,cell_composition,2.5762421316,7.050486281743678
S0000399,cell_composition,11.8592631800625,10.869979785871891
S0000400,cell_composition,27.895629605,12.660076994757446
S0000401,cell_composition,21.812943842812498,36.40223426295619
S0000402,cell_composition,6.7068374058749995,11.140591089049103
S0000403,cell_composition,9.877461044875,10.623749390106692
S0000404,cell_composition,2.54969402628125,2.606462576726192
S0000405,cell_composition,2.43230906804375,6.68408762251045
S0000406,cell_composition,5.0831862973124995,5.260245458164676
S0000407,cell_composition,4.30472116401875,7.257108549079572
S0000408,cell_composition,38.781059529375,22.864719825129622
S0000409,cell_composition,9.1848790603125,11.962839093096699
S0000410,cell_composition,4.5907652603125,7.2970280757861365
S0000411,cell_composition,2.50940746856,7.567268778308332
S0000412,cell_composition,13.671251608125,6.572560172513872
S0000413,cell_composition,1.18047633401875,3.12807840355037
S0000414,cell_composition,9.913035204875,7.871314207004876
S0000415,cell_composition,7.2804561434375,9.942649474820033
S0000416,cell_composition,3.0459435146125,4.75737242040849
S0000417,cell_composition,40.78948266125,29.681268140976165
S0000418,cell_composition,-1.92528258683125,1.541427165630077
S0000419,cell_composition,-0.73658420415,1.9605962137901567
S0000420,cell_composition,1.151294224325,2.891965673008698
S0000421,cell_composition,15.573689564875,13.371937396478982
S0000422,cell_composition,5.27762763287875,3.999084140862706
S0000423,cell_composition,6.05017126346875,6.227774874071642
S0000424,cell_composition,4.3323511725,2.3769714729420914
S0000425,cell_composition,16.5776983311875,18.13293795674314
S0000426,cell_composition,12.62194619575,6.868975142499713
S0000427,cell_composition,4.12345580455625,5.287353950959054
S0000428,cell_composition,26.482388426500002,12.906938147783578
S0000429,cell_composition,-3.6829643680250004,3.973969278004624
S0000430,cell_composition,17.5827844458125,15.68432752225987
S0000431,cell_composition,19.5195481396875,14.19312903053211
S0000432,cell_composition,6.5711212339375,8.085549616269892
S0000433,cell_composition,8.88854248425,4.672709175020231
S0000434,cell_composition,-0.4734088082937501,-0.37121458283575226
S0000435,cell_composition,6.840910580275,15.06145818991814
S0000436,cell_composition,18.78606691125,11.356502271218831
S0000437,cell_composition,14.8580776756875,12.089540715251784
S0000438,cell_composition,3.4046501131625,11.867052570923805
S0000439,cell_composition,14.5618145134375,11.618706160703072
S0000440,cell_composition,6.1475066540625,7.058670436515485
S0000441,cell_composition,4.810652835813125,7.224891415616505
S0000442,cell_composition,22.6623378076875,20.16052858891965
S0000443,cell_composition,4.43595471607875,7.280956578140212
S0000444,cell_composition,25.1327786538125,16.05651253284108
S0000445,cell_composition,8.10539786725,9.630051778930312
S0000446,cell_composition,3.2735474445625,6.073392432980261
S0000447,cell_composition,9.71243280975,8.623630058588839
S0000448,cell_composition,3.0611594895875,8.553153074897367
S0000449,cell_composition,5.954268018625,6.66635557630547
S0000450,cell_composition,13.7820490381875,6.485405339850955
S0000451,cell_composition,9.4754752274375,15.669113155039495
S0000452,cell_composition,12.2190980083125,12.118751541825713
S0000453,cell_composition,4.238696211125,7.296369715512737
S0000454,cell_composition,1.384797703875,8.283941157011496
S0000455,cell_composition,9.1537042159375,10.875496302300158
S0000456,cell_composition,53.150944736875005,23.993504471293623
S0000457,cell_composition,8.5636297563125,6.661466625512954
S0000458,cell_composition,15.502626422625,11.320791233295258
S0000459,cell_composition,98.55869549875,65.23620672824215
S0000460,cell_composition,49.117968133125,28.010453260213446
S0000461,cell_composition,5.330190595925,2.29585344129423
S0000462,cell_composition,17.659305103375,14.571808875373547
S0000463,cell_composition,6.7167697093125005,6.375684424620224
S0000464,cell_composition,29.103450108125,17.542683960404357
S0000465,cell_composition,6.8552225718125,11.063927236216335
S0000466,cell_composition,10.1547353794375,6.936778008183776
S0000467,cell_composition,65.35117364875,56.047542401606634
S0000468,cell_composition,7.930565175,7.797077258940796
S0000469,cell_composition,4.3645354197,6.387833162309939
S0000470,cell_composition,2.1790281453249998,6.572024218073814
S0000471,cell_composition,17.117975722375,12.70061721318185
S0000472,cell_composition,14.9294235105,10.703065028952508
S0000473,cell_composition,3.7162560968875002,8.936375876935777
S0000474,cell_composition,3.39796768494375,5.688210325247889
S0000475,cell_composition,14.6998448471875,14.357874580030701
S0000476,cell_composition,35.205987246875,31.000137941895687
S0000477,cell_composition,0.06669900565250007,1.991799477068502
S0000478,cell_composition,11.2392168915,7.148719199080919
S0000479,cell_composition,15.7230857791875,18.46949109416906
S0000480,cell_composition,6.02322768135,12.021056146123263
S0000481,cell_composition,10.1297256220625,6.067575247408606
S0000482,cell_composition,23.40742323875,16.161000257086805
S0000483,cell_composition,15.4627427435,10.12318404687293
S0000484,cell_composition,10.736642152249999,4.070660552360745
S0000485,cell_composition,12.1366730243125,8.583285604896892
S0000486,cell_composition,6.8877174694375,21.134325885131613
S0000487,cell_composition,7.280034881,4.670385161437446
S0000488,cell_composition,18.134358237125,6.902613283415654
S0000489,cell_composition,30.778446561875,13.826670097879475
S0000490,cell_composition,8.9298921710625,8.744573019391146
S0000491,cell_composition,4.9958776021125,4.663333320720454
S0000492,cell_composition,15.7730556230625,6.679586677572828
S0000493,cell_composition,9.47996618775,8.687860206883585
S0000494,cell_composition,-2.631603560680625,0.7301257466169027
S0000495,cell_composition,4.723199345875,4.6220464218199915
S0000496,cell_composition,27.432713896875,29.33667786190711
S0000497,cell_composition,8.22052161398125,10.378396174764502
S0000498,cell_composition,9.104140194175,15.453636192368291
S0000499,cell_composition,-0.029369453181249946,2.408916445465546
S0000500,cell_composition,12.1111072553125,20.269113392853942
S0000501,cell_composition,8.5018165388125,10.44640124106687
S0000502,cell_composition,3.49363803239375,5.2880572963419885
S0000503,cell_composition,4.9315349171375,13.554731936427348
S0000504,cell_composition,4.51530063233125,6.77168663719204
S0000505,cell_composition,6.0683820047375,7.574987716812451
S0000506,cell_composition,12.3949556990625,8.142229021777533
S0000507,cell_composition,10.037070667937499,9.524324021755087
S0000508,cell_composition,37.887518433125,17.838013822504628
S0000509,cell_composition,3.6389782999125,6.120106216794419
S0000510,cell_composition,7.6848874989375,8.6707522509531
S0000511,cell_composition,5.63473430756875,5.161347494218941
S0000512,cell_composition,12.7126340486875,22.669976431684265
S0000513,cell_composition,12.929596212125,13.081785987418174
S0000514,cell_composition,13.6233541090625,25.517660503544146
S0000515,cell_composition,19.7071842003125,23.705643050578296
S0000516,cell_composition,17.5167047679375,19.838474587267804
S0000517,cell_composition,15.1964745709375,7.14550315952777
S0000518,cell_composition,4.08895748879375,4.4463810602279485
S0000519,cell_composition,1.33886817650625,4.673285132575009
S0000520,cell_composition,24.91264448125,13.445014235608516
S0000521,cell_composition,14.6817223106875,9.436931561036303
S0000522,cell_composition,3.262814778056875,9.073088577442485
S0000523,cell_composition,14.1479065368125,18.703554561054915
S0000524,cell_composition,11.17064217236875,2.4791144547941526
S0000525,cell_composition,20.037554918375,15.002459015558461
S0000526,cell_composition,19.687662615625,35.79725391665174
S0000527,cell_composition,-1.084103520531875,-0.096408707352475
S0000528,cell_composition,1.6138741027375,-0.10407872536770393
S0000529,cell_composition,8.66775415194375,9.749905217011436
S0000530,cell_composition,6.8547211725,15.815852325721485
S0000531,cell_composition,10.557054057875,6.745894450336423
S0000532,cell_composition,14.4153168436875,7.401264132134389
S0000533,cell_composition,8.1129772766875,10.618386072986777
S0000534,cell_composition,34.123544024375,48.06708112751037
S0000535,cell_composition,5.65888248283125,15.280650245807614
S0000536,cell_composition,5.078311215075,8.907969115709365
S0000537,cell_composition,25.901166248125,15.07119395993388
S0000538,cell_composition,9.679318154125,8.885409340885492
S0000539,cell_composition,29.717473909375002,34.97608607616488
S0000540,cell_composition,13.5605280173125,16.10685401928977
S0000541,cell_composition,3.724242109431875,6.109255480554372
S0000542,cell_composition,12.2756822030625,8.850813076273763
S0000543,cell_composition,12.20798560025,18.37595491735928
S0000544,cell_composition,4.2268606365,3.457717390337494
S0000545,cell_composition,9.3445272243375,2.7830444563966377
S0000546,cell_composition,26.4383243840125,14.915756092643525
S0000547,cell_composition,20.0414181625,29.323897099845862
S0000548,cell_composition,0.10235336080625004,2.533902247705608
S0000549,cell_composition,7.43109569630625,12.142404072033264
S0000550,cell_composition,7.4875788310625,5.869742388264157
S0000551,cell_composition,4.21118288280625,2.6740373456716218
S0000552,cell_composition,0.6312690510143125,3.2808053013306835
S0000553,cell_composition,8.3661354031875,12.643437529020705
S0000554,cell_composition,14.3330318743125,15.734794151570934
S0000555,cell_composition,0.17977288891874982,6.654437051755999
S0000556,cell_composition,2.69579063201875,8.318812340460108
S0000557,cell_composition,6.72748020375,13.078234529848224
S0000558,cell_composition,5.70330421658125,4.164282955180778
S0000559,cell_composition,3.276956298994375,4.830046752197482
S0000560,cell_composition,7.96981870840625,8.816990197863865
S0000561,cell_composition,8.6777385159375,9.94390146813617
S0000562,cell_composition,18.565164165,8.425274343709365
S0000563,cell_composition,16.098614090875,14.358830928407027
S0000564,cell_composition,7.9460513934562504,7.401329464759403
S0000565,cell_composition,18.358790906625,6.745684396069586
S0000566,cell_composition,6.64314773180625,9.79512744623521
S0000567,cell_composition,20.322181488125,10.888367759202012
S0000568,cell_composition,21.2028223806875,18.301584692247697
S0000569,cell_composition,6.306399671625,5.439578149241448
S0000570,cell_composition,48.72005488125,32.466571783029
S0000571,cell_composition,17.812771980625,13.104683826678318
S0000572,cell_composition,7.5944028126875,2.277068368899349
S0000573,cell_composition,7.9087537830125,7.967997776288668
S0000574,cell_composition,1.218580407208125,3.2872203632276626
S0000575,cell_composition,5.998450362971,9.494210219129737
S0000576,cell_composition,8.7404451053125,11.953726673312849
S0000577,cell_composition,6.575731522625,7.786013188532832
S0000578,cell_composition,11.3800765585375,13.311084658822518
S0000579,cell_composition,10.338841506,6.5554551790194875
S0000580,cell_composition,38.19703755125,38.526723402441085
S0000581,cell_composition,6.8453243275,13.60025434362823
S0000582,cell_composition,6.6539194740375,4.397458310271609
S0000583,cell_composition,18.360393942375,16.29216438438524
S0000584,cell_composition,22.12584165375,24.968516973176605
S0000585,cell_composition,8.981262953,6.177716630302216
S0000586,cell_composition,27.4734241625,15.219051545484438
S0000587,cell_composition,4.01191382180625,6.664826264465088
S0000588,cell_composition,0.36674064361875014,5.04290717994132
S0000589,cell_composition,9.1625022257625,-0.7123933130530238
S0000590,cell_composition,8.97918334885625,11.039912697922237
S0000591,cell_composition,9.3884073145625,9.360936624335627
S0000592,cell_composition,8.0359392695625,4.019021025682858
S0000593,cell_composition,25.799985023125,27.72038430540351
S0000594,cell_composition,3.244543720125,6.9844545905771245
S0000595,cell_composition,16.99183258625,7.448832969580862
S0000596,cell_composition,10.188172272625,7.555908030494115
S0000597,cell_composition,8.215944188515,4.956175972584244
S0000598,cell_composition,1.888961682925,6.705959136051302
S0000599,cell_composition,6.3514916671875,16.565019063829265
S0000600,cell_composition,-1.0920326231568749,3.5176627406897327
S0000601,cell_composition,20.441340556875,14.000992266075603
S0000602,cell_composition,2.04891198514375,7.154557223562668
S0000603,cell_composition,2.6001907280687497,7.5494889121004425
S0000604,cell_composition,28.650697220625002,38.577802445768725
S0000605,cell_composition,26.1055348966875,19.88517846120518
S0000606,cell_composition,9.0173270856875,9.226374421314237
S0000607,cell_composition,17.3465402975,23.131277454815056
S0000608,cell_composition,7.927039755025,7.827513166104428
S0000609,cell_composition,47.2348321625,36.970938064043125
S0000610,cell_composition,-0.79024468330625,2.8577251233405456
S0000611,cell_composition,0.56253995229375,-1.007746844666425
S0000612,cell_composition,17.3889896239375,15.236134633582656
S0000613,cell_composition,13.6550684305625,14.135424934803476
S0000614,cell_composition,8.5695465495125,11.509660818980628
S0000615,cell_composition,16.0432598358125,16.707556652279443
S0000616,cell_composition,20.2182264234375,36.062658065475844
S0000617,cell_composition,54.834093261875,24.988609610286737
S0000618,cell_composition,7.18638552075,3.4700177110197314
S0000619,cell_composition,9.9823993430625,9.608583688539184
S0000620,cell_composition,1.32403986125625,5.264708720116249
S0000621,cell_composition,14.0138847491875,28.83767402025155
S0000622,cell_composition,8.527578025,8.32596293092151
S0000623,cell_composition,10.2510621519375,18.8357453333435
S0000624,cell_composition,27.17450059,15.414233022693276
S0000625,cell_composition,0.31038980037375,3.8451055706087116
S0000626,cell_composition,6.36658897325,9.78318357893079
S0000627,cell_composition,15.938518699,22.597841495650727
S0000628,cell_composition,6.0331569246875,6.5260321723712345
S0000629,cell_composition,69.792023648125,73.1417920256933
S0000630,cell_composition,31.7108903175,44.75239016610771
S0000631,cell_composition,6.3448682769375,7.324934400818676
S0000632,cell_composition,1.851855504823125,2.3771530224912083
S0000633,cell_composition,5.8482331069999995,3.230027785588693
S0000634,cell_composition,32.0362977575,38.29728109180555
S0000635,cell_composition,39.500130650625,25.305842479021255
S0000636,cell_composition,1.91376984690625,2.0565622534629893
S0000637,cell_composition,20.5011184325,13.032431331697667
S0000638,cell_composition,7.855534959375,4.713195896134128
S0000639,cell_composition,7.28719230516875,7.815813810217739
S0000640,cell_composition,11.2232780345625,11.413242142144236
S0000641,cell_composition,7.45304549628125,7.2332038548385675
S0000642,cell_composition,-1.3459453169375,0.7838119956571711
S0000643,cell_composition,25.01388168625,24.506468020833537
S0000644,cell_composition,15.7150387055625,20.192576503525228
S0000645,cell_composition,4.051107524443751,8.53217389032293
S0000646,cell_composition,3.62823101875,4.7819188996188
S0000647,cell_composition,4.4120304646625,3.180517862026493
S0000648,cell_composition,1.6524511184000001,5.020267190017944
S0000649,cell_composition,7.0039678026125,17.23080448083629
S0000650,cell_composition,9.83783545975,13.167696151603602
S0000651,cell_composition,14.6310530939375,23.255514217285494
S0000652,cell_composition,11.6273945231875,11.405402605235317
S0000653,cell_composition,9.45034786275,6.355081283335643
S0000654,cell_composition,2.1989063163124998,7.838046705853983
S0000655,cell_composition,26.34263392625,23.271560386667694
S0000656,cell_composition,9.8830023816875,15.870237202145962
S0000657,cell_composition,3.43588538623125,2.504693639186912
S0000658,cell_composition,20.529784679375,25.734093170122343
S0000659,cell_composition,8.2122755784375,10.234925759884371
S0000660,cell_composition,3.9227315722375002,3.7415311024934703
S0000661,cell_composition,33.62889234925,17.08895764101783
S0000662,cell_composition,10.062131264875,9.955823971891157
S0000663,cell_composition,13.21980953275,11.268882611538892
S0000664,cell_composition,27.3725202475,13.554120075056364
S0000665,cell_composition,13.84260847425,20.175540843110465
S0000666,cell_composition,6.7919864151125005,9.720643005061095
S0000667,cell_composition,3.228604242475,7.622161893403867
S0000668,cell_composition,9.856876536049999,9.686031257828473
S0000669,cell_composition,10.904861472724999,28.83792521202368
S0000670,cell_composition,3.102311524025,6.400370260962962
S0000671,cell_composition,2.3777366393562502,9.811903520531365
S0000672,cell_composition,3.357196312325,4.678884623967014
S0000673,cell_composition,5.05917363561875,5.262616320750351
S0000674,cell_composition,18.79607144506875,16.560582867239287
S0000675,cell_composition,8.51528740469375,6.0856283939374824
S0000676,cell_composition,6.2351518269187505,19.323767980972058
S0000677,cell_composition,6.043342307875,7.38389968781823
S0000678,cell_composition,0.66752447493,2.320156394635863
S0000679,cell_composition,26.9980967498125,14.19312903053211
S0000680,cell_composition,5.79834039624375,6.177716630302216
S0000681,cell_composition,11.2393886381875,7.175668097822262
S0000682,cell_composition,10.0611236351875,8.53276794812858
S0000683,cell_composition,23.6239953629375,12.033271379071037
S0000684,cell_composition,7.1866569759375,6.444217743561807
S0000685,cell_composition,4.1511416255625,6.802565170627822
S0000686,cell_composition,15.85512146006875,8.506636031348236
S0000687,cell_composition,8.4729840422,9.644466769092203
S0000688,cell_composition,92.380454051875,41.973964736937425
S0000689,cell_composition,10.3297128398875,11.278982021836255
S0000690,cell_composition,7.13523603618125,13.557508118003065
S0000691,cell_composition,14.214257002375,12.899258633142576
S0000692,cell_composition,11.74362080800625,6.777656129615572
S0000693,cell_composition,10.88153524373125,13.449608435498996
S0000694,cell_composition,11.2598859195625,11.776064192819797
S0000695,cell_composition,30.0729266725,21.634236930695582
S0000696,cell_composition,8.59532206775,11.061813485229507
S0000697,cell_composition,19.161400790625,11.394947837724397
S0000698,cell_composition,5.32536942021875,12.637955800227994
S0000699,cell_composition,4.6590637734375004,3.6774925593883854
S0000700,cell_composition,18.046334611,11.250168863579608
S0000701,cell_composition,39.297131863125,39.674185677680335
S0000702,cell_composition,68.425812689375,27.407247364346514
S0000703,cell_composition,12.4762019361875,24.78003514533951
S0000704,cell_composition,4.4480476459875,7.202852507563248
S0000705,cell_composition,6.306950142375,7.55744452517401
S0000706,cell_composition,4.687296353625,7.663322332093729
S0000707,cell_composition,7.672513696825,10.344935638062562
S0000708,cell_composition,18.179741422875,25.31862142804909
S0000709,cell_composition,19.728729438125,18.158455811517687
S0000710,cell_composition,9.0267583939875,2.415239029609103
S0000711,cell_composition,-2.08424573446875,-0.2479790635987645
S0000712,cell_composition,15.994164643,18.489010347655434
S0000713,cell_composition,5.6788532555625,7.680162164373943
S0000714,cell_composition,31.989116038124997,14.221898394366873
S0000715,cell_composition,8.8450896170625,6.802565170627822
S0000716,cell_composition,1.55185368980625,7.380864745499482
S0000717,cell_composition,18.7150797396875,15.769190467416331
S0000718,cell_composition,-3.49485045555625,4.7396745298966465
S0000719,cell_composition,6.78185473560625,9.10379225168909
S0000720,cell_composition,4.8081043645,6.189723699642458
S0000721,cell_composition,21.0897284998125,20.491493656208085
S0000722,cell_composition,0.23020970826874987,6.349995402899479
S0000723,cell_composition,14.4230497825,18.888465282197256
S0000724,cell_composition,9.893420553,12.1462683265131
S0000725,cell_composition,30.979495615624998,13.62151146565951
S0000726,cell_composition,16.5048841375,7.833352701407641
S0000727,cell_composition,29.4016547958125,17.654779964539184
S0000728,cell_composition,1.625436665349375,5.2673938177960835
S0000729,cell_composition,11.4699708593,2.643155326953858
S0000730,cell_composition,3.3641605910625,9.997135667216533
S0000731,cell_composition,19.6131231709375,32.0141809237142
S0000732,cell_composition,4.41209001579375,9.981745729073465
S0000733,cell_composition,25.0874848743125,54.52739335743819
S0000734,cell_composition,32.341824724375,45.57552639855653
S0000735,cell_composition,18.94965812925,14.048464034651277
S0000736,cell_composition,8.8474668865625,6.969069319384783
S0000737,cell_composition,40.801269938125,69.84275621042292
S0000738,cell_composition,8.41930815325,11.280662195381154
S0000739,cell_composition,1.99666938642625,5.335191997619294
S0000740,cell_composition,2.76979850166875,6.444217743561807
S0000741,cell_composition,7.1722432394375,9.79512744623521
S0000742,cell_composition,19.077218284375,19.399054000297014
S0000743,cell_composition,9.3130651376875,8.249910387833188
S0000744,cell_composition,2.4122582693875003,7.11614183411723
S0000745,cell_composition,-1.0362000258375,2.6910183597868063
S0000746,cell_composition,6.2253339206875005,6.681376357859465
S0000747,cell_composition,5.5047939541875,5.733412688166637
S0000748,cell_composition,12.2185042939375,19.39353118557064
S0000749,cell_composition,8.19387994695625,12.093984882844692
S0000750,cell_composition,8.1422807235625,5.162181392712009
S0000751,cell_composition,7.91778746683125,6.637594127606494
S0000752,cell_composition,9.79375204925,13.061429300247685
S0000753,cell_composition,0.360905470411875,2.391060640297214
S0000754,cell_composition,17.47947695925,11.231533991268552
S0000755,cell_composition,11.913342179812501,6.593953877009416
S0000756,cell_composition,3.3766310702375,7.530369347310358
S0000757,cell_composition,30.4267462625,16.612707606786437
S0000758,cell_composition,8.19306595725,6.3378729794046365
S0000759,cell_composition,5.02474104725625,2.733202991582764
S0000760,cell_composition,6.3348189998125,6.92315020538801
S0000761,cell_composition,16.2972545863125,42.154838773454046
S0000762,cell_composition,20.0113037081875,30.98070561328695
S0000763,cell_composition,8.8396558690625,3.9651680779520073
S0000764,cell_composition,6.5535922023125,8.79752135054996
S0000765,cell_composition,8.6161278694375,19.997794353644334
S0000766,cell_composition,14.013429000624999,8.659235317272657
S0000767,cell_composition,4.259897024343751,6.42465561461942
S0000768,cell_composition,23.326654960625,17.509772227389607
S0000769,cell_composition,12.7163848059375,17.885244651191016
S0000770,cell_composition,11.6245027604375,7.276643617882027
S0000771,cell_composition,5.42935648999375,4.3627304838889485
S0000772,cell_composition,7.24564904365625,6.559104443216684
S0000773,cell_composition,89.92622187125001,91.9362458607979
S0000774,cell_composition,6.9693549493125,9.77400401067636
S0000775,cell_composition,14.80089294625,10.657457326372972
S0000776,cell_composition,5.2280593203875,4.447120187950887
S0000777,cell_composition,7.7704987929375005,6.787026020912465
S0000778,cell_composition,30.153590933125,19.769891698250436
S0000779,cell_composition,11.5096493914375,8.583285604896892
S0000780,cell_composition,1.6117164828125,4.070559442938578
S0000781,cell_composition,69.81340390875,94.87886856387085
S0000782,cell_composition,20.4110025855875,10.241845043220701
S0000783,cell_composition,7.7552432359375,6.70031700951587
S0000784,cell_composition,24.767288438125,24.62628522834008
S0000785,cell_composition,14.773695264875,15.07878981275656
S0000786,cell_composition,17.1637202753125,9.189465617270445
S0000787,cell_composition,5.26812202985,8.074212636584862
S0000788,cell_composition,4.36452167245375,2.161031654249541
S0000789,cell_composition,10.844274029,10.708563735371907
S0000790,cell_composition,15.7666517458125,23.565125644600876
S0000791,cell_composition,7.2652688768125,6.959463951498624
S0000792,cell_composition,10.7600279980625,8.613774988144765
S0000793,cell_composition,16.6734695536875,18.21049093955493
S0000794,cell_composition,7.6711059304375,21.114244861648864
S0000795,cell_composition,12.770480739375,13.818675400121496
S0000796,cell_composition,21.9656860039375,11.830930362919618
S0000797,cell_composition,7.2368909448125,3.8526496287195338
S0000798,cell_composition,2.86489432794,7.394450052187777
S0000799,cell_composition,10.3288076678325,15.739954393126187
S0000800,cell_composition,13.566776971625,8.899344748231162
S0000801,cell_composition,21.1922154845,16.393108787811787
S0000802,cell_composition,12.3083145652,4.589035531071256
S0000803,cell_composition,6.5429600167499995,5.5405886496168355
S0000804,cell_composition,6.26258626112375,3.7164537117124543
S0000805,cell_composition,15.547048412581251,33.67522773008706
S0000806,cell_composition,6.69425735510625,7.286708503280435
S0000807,cell_composition,12.2028102873875,10.223695306590727
S0000808,cell_composition,-1.5919926715625001,2.6175808828529057
S0000809,cell_composition,1.4485250967875,7.31132790140469
S0000810,cell_composition,26.3953993510625,24.506468020833537
S0000811,cell_composition,7.8534072085625,12.303347180482888
S0000812,cell_composition,12.015859345875,9.87126438583221
S0000813,cell_composition,32.3720565075,48.06708112751037
S0000814,cell_composition,33.19698615,26.952977224731786
S0000815,cell_composition,6.1272929053750005,6.959463951498624
S0000816,cell_composition,4.23583458639375,7.286708503280435
S0000817,cell_composition,3.8644060041875,6.78393254452859
S0000818,cell_composition,1.2595802156625,-0.16619352131399973
S0000819,cell_composition,2.9186085555625,5.380833916346611
S0000820,cell_composition,22.08401225175,11.918381694887199
S0000821,cell_composition,5.1548347635375,6.736066695226737
S0000822,cell_composition,3.26342373585625,7.1396941331052535
S0000823,cell_composition,33.33800013,24.320280998581527
S0000824,cell_composition,2.6235164269625,6.006035582564455
S0000825,cell_composition,10.461374768321875,11.76513923896203
S0000826,cell_composition,8.5906988779375,9.692714488254877
S0000827,cell_composition,8.25327708925,5.904670932117245
S0000828,cell_composition,7.355898752175,7.253120423949767
S0000829,cell_composition,11.6383052559375,4.35111448022592
S0000830,cell_composition,51.7502209125,50.42038443897614
S0000831,cell_composition,7.9573665201875,6.448082042283068
S0000832,cell_composition,11.53337993131875,6.929327607243645
S0000833,cell_composition,12.845495125875,21.696675541832132
S0000834,cell_composition,7.17820340179375,12.668746513613169
S0000835,cell_composition,3.05326565808125,4.976626690570902
S0000836,cell_composition,16.45530279575,14.718504857852947
S0000837,cell_composition,18.439321908125,9.716506001637358
S0000838,cell_composition,26.056046431875,17.853733211059517
S0000839,cell_composition,62.232025595,86.13002106950057
S0000840,cell_composition,12.38803063785625,12.695415741016474
S0000841,cell_composition,17.4869399175,35.437539794048796
S0000842,cell_composition,27.474464535,15.377759897994753
S0000843,cell_composition,7.51735481756875,8.204810306943532
S0000844,cell_composition,2.114411414665,2.038016028809377
S0000845,cell_composition,27.10520587125,21.637079360225215
S0000846,cell_composition,10.674324623124999,6.892875446461019
S0000847,cell_composition,2.5233997495875,6.502910747578699
S0000848,cell_composition,12.0893775200625,6.902710196163472
S0000849,cell_composition,10.379048862625,6.654437051755999
S0000850,cell_composition,33.219925655625,25.64020795106401
S0000851,cell_composition,16.3723122629375,16.944512746438626
S0000852,cell_composition,32.249143131875,17.322898661289756
S0000853,cell_composition,8.678043372368125,7.474311082674784
S0000854,cell_composition,-3.670663099535625,-0.24589987753079995
S0000855,cell_composition,8.615294636493125,8.336647853510772
S0000856,cell_composition,2.846476879169375,7.423754592888246
S0000857,cell_composition,14.711182542875001,15.971350524939302
S0000858,cell_composition,17.909729032999998,16.604550826144376
S0000859,cell_composition,8.20513599025,4.742974481994963
S0000860,cell_composition,8.1238416541875,7.239138194824697
S0000861,cell_composition,12.4382847660125,17.976577159442474
S0000862,cell_composition,14.154331076875,14.907517477543637
S0000863,cell_composition,1.0112437305625,6.903120258254326
S0000864,cell_composition,4.543207108875,2.044987252591099
S0000865,cell_composition,-1.27048209849375,2.4876119773389553
S0000866,cell_composition,11.941084455,8.318888813021129
S0000867,cell_composition,5.8313258461875,14.645104843768756
S0000868,cell_composition,35.737000675625,14.39852479414825
S0000869,cell_composition,4.3269796543125,3.595458070282591
S0000870,cell_composition,16.384225004125,6.7865532975774965
S0000871,cell_composition,15.1221872913125,30.501946502668716
S0000872,cell_composition,14.709039970625,11.085468414758335
S0000873,cell_composition,37.34114836125,51.95406973728154
S0000874,cell_composition,7.0518156851125005,10.713259573244038
S0000875,cell_composition,2.89658928276875,9.382409203205178
S0000876,cell_composition,100.20820937375001,65.74161996170986
S0000877,cell_composition,7.7969898392625,12.575943857159809
S0000878,cell_composition,8.21925608616875,6.0295766869067755
S0000879,cell_composition,11.6811347211875,8.628796438762793
S0000880,cell_composition,7.6875075119375005,14.142185812681545
S0000881,cell_composition,2.881166922575,3.196464779902764
S0000882,cell_composition,3.499769757029375,6.477820250964238
S0000883,cell_composition,24.217325815625,19.11062603081094
S0000884,cell_composition,14.23573205739375,6.069261331129223
S0000885,cell_composition,11.736954915175,6.554606330185079
S0000886,cell_composition,5.8155387169812505,6.162470732418821
S0000887,cell_composition,28.288606841875,9.95072046149093
S0000888,cell_composition,10.02212104855,6.776747759595288
S0000889,cell_composition,4.36607927278125,4.798216194444004
S0000890,cell_composition,6.14241929475,9.96878576379717
S0000891,cell_composition,1.83195821165,2.8123764541330503
S0000892,cell_composition,0.4252571779475,7.391160768561227
S0000893,cell_composition,10.4347050175625,14.61970194570024
S0000894,cell_composition,57.19799130125,54.25687639062971
S0000895,cell_composition,-0.43816085314437503,2.6565017009287453
S0000896,cell_composition,3.3548915554375,7.13009150773542
S0000897,cell_composition,7.56271819356875,2.5532558830324614
S0000898,cell_composition,1.850479761875,3.973677110184406
S0000899,cell_composition,14.539557185375001,21.273598123727446
S0000900,cell_composition,38.746062243125,32.077428157581544
S0000901,cell_composition,26.561549713125,17.099251211028445
S0000902,cell_composition,23.56271132,19.824402957113765
S0000903,cell_composition,16.8859436570625,4.89029943247355
S0000904,cell_composition,-1.08569805369375,-0.05567837540977212
S0000905,cell_composition,3.113726706875,3.8972926673583554
S0000906,cell_composition,34.034876143125,53.58359739173177
S0000907,cell_composition,5.4427347595625,9.033899546142395
S0000908,cell_composition,10.49086519475,6.742977350527303
S0000909,cell_composition,21.787476753187498,7.883665368593462
S0000910,cell_composition,41.06707266625,15.883726844612516
S0000911,cell_composition,1.6746094358,4.998956021000553
S0000912,cell_composition,5.83368496328125,2.162604759241543
S0000913,cell_composition,2.16463575061875,6.957094433509816
S0000914,cell_composition,66.985885934375,38.02223592670674
S0000915,cell_composition,4.32160435946875,16.204526342785726
S0000916,cell_composition,6.5807542628125,11.521833667362872
S0000917,cell_composition,11.7611382903125,17.600621157635445
S0000918,cell_composition,8.138200115625,11.40681826366345
S0000919,cell_composition,0.04209494614375017,6.100785456174909
S0000920,cell_composition,7.0059217143125,8.061926871241193
S0000921,cell_composition,3.6155463973099997,4.8841383583944005
S0000922,cell_composition,4.131810017675625,13.054175426774636
S0000923,cell_composition,8.928414519375,11.136711523975563
S0000924,cell_composition,7.886936299,8.52728896560178
S0000925,cell_composition,25.01166779625,31.503435683962348
S0000926,cell_composition,1.08649428530625,2.8145111471577846
S0000927,cell_composition,1.1511114008625,4.998124564858835
S0000928,cell_composition,12.758864587125,15.92959023083476
S0000929,cell_composition,-1.37547802655625,3.078355150134038
S0000930,cell_composition,22.483091763875,31.452972532551808
S0000931,cell_composition,74.204779543125,86.13002106950057
S0000932,cell_composition,12.04632118841875,8.211212195809944
S0000933,cell_composition,2.31867756710625,6.599070730380028
S0000934,cell_composition,4.4385845884999995,7.2769370600398915
S0000935,cell_composition,5.09400282665625,7.107761243761827
S0000936,cell_composition,3.946405129325,4.677902024926476
S0000937,cell_composition,5.324189405810625,6.139374182832572
S0000938,cell_composition,14.518860746375,9.83401947066945
S0000939,cell_composition,9.5313099583125,6.845313858105684
S0000940,cell_composition,8.1371869970625,18.477236082549968
S0000941,cell_composition,9.785763595168751,10.166036783599075
S0000942,cell_composition,12.64962695375,12.482805677284224
S0000943,cell_composition,1.63016763310625,7.772489182129051
S0000944,cell_composition,8.015563148125,5.933182888144406
S0000945,cell_composition,8.388261010499999,16.59469848031285
S0000946,cell_composition,43.781989830625,18.70345991849845
S0000947,cell_composition,6.01123588425,5.2289664599398815
S0000948,cell_composition,20.186030749775,10.92312563254894
S0000949,cell_composition,10.04610658725,11.411438614295792
S0000950,cell_composition,10.0993789195,11.219564232951866
S0000951,cell_composition,9.26197150895,7.286708503280435
S0000952,cell_composition,12.278991351125,16.801756997150566
S0000953,cell_composition,7.9397682320625,6.548784776976906
S0000954,cell_composition,3.29796536126875,5.864959330075296
S0000955,cell_composition,3.4777238235750003,6.446287424407944
S0000956,cell_composition,7.6804365449625,6.833637945965436
S0000957,cell_composition,23.20014820325,14.622091413687551
S0000958,cell_composition,5.52876847875,6.6079618731087475
S0000959,cell_composition,19.48135162125,17.82449635142336
S0000960,cell_composition,11.853664317175,14.203344956468246
S0000961,cell_composition,108.470777275,65.23620672824215
S0000962,cell_composition,9.3683074841875,7.480471602739486
S0000963,cell_composition,21.049118169125,10.99034898770019
S0000964,cell_composition,3.20570639445,6.954480474007008
S0000965,cell_composition,8.7807831353125,15.989067020389257
S0000966,cell_composition,12.8439393919375,16.76236214997998
S0000967,cell_composition,6.2064744323625005,7.230488919442867
S0000968,cell_composition,6.4339077225625,6.701414469811755
S0000969,cell_composition,14.826745028625,7.7322969020156975
S0000970,cell_composition,0.38805127276249995,4.972908387102106
S0000971,cell_composition,37.7073872975,19.51332706924417
S0000972,cell_composition,32.42683509875,16.29414633143899
S0000973,cell_composition,7.1880671035625,15.03580526952567
S0000974,cell_composition,1.059538646121875,2.728989774147756
S0000975,cell_composition,6.475075054853125,5.358073010180606
S0000976,cell_composition,24.747489559999998,15.774971082160723
S0000977,cell_composition,12.553721217875001,3.8992771007920584
S0000978,cell_composition,1.6140434459245625,2.089361541012116
S0000979,cell_composition,22.813050899874998,14.307186975921637
S0000980,cell_composition,16.1123467158125,9.740360979767523
S0000981,cell_composition,7.908551290375,7.537498268081382
S0000982,cell_composition,4.0009827410625,6.324042083359298
S0000983,cell_composition,8.33835759791875,16.187693702560598
S0000984,cell_composition,8.137684415375,1.9110943105687679
S0000985,cell_composition,5.4047692237425,2.4513131612857166
S0000986,cell_composition,3.01711394846875,10.027681702773888
S0000987,cell_composition,3.715895633079375,10.212345909802567
S0000988,cell_composition,3.64194270711875,8.765791224101754
S0000989,cell_composition,4.2131214999875,4.356812577915731
S0000990,cell_composition,12.0051083988125,13.105175720178144
S0000991,cell_composition,92.514036035625,94.57381821016271
S0000992,cell_composition,1.368061501125,5.034581045317959
S0000993,cell_composition,2.93067876501875,9.418548164918528
S0000994,cell_composition,-0.37868902368999996,3.9651680779520073
S0000995,cell_composition,33.132173415625,31.763191718504896
S0000996,cell_composition,4.10080150025,10.432546167592744
S0000997,cell_composition,22.43740381125,26.199231831891403
S0000998,cell_composition,2.5084332079475002,4.671958907418166
S0000999,cell_composition,24.694343570625,12.906938147783578
S0001000,cell_composition,6.26623413885625,9.077472930974698
S0001001,cell_composition,5.8320076641875005,5.512391298509041
S0001002,cell_composition,17.555448361875,15.873013376012345
S0001003,cell_composition,7.98073653798125,15.471530575143225
S0001004,cell_composition,9.441227527625,5.745733913015371
S0001005,cell_composition,8.2827339554375,4.570399977251675
S0001006,cell_composition,5.26099096205,11.264321985859539
S0001007,cell_composition,6.34934045165625,13.365627662983869
S0001008,cell_composition,15.601251753875,63.91662949310619
S0001009,cell_composition,6.3181221246875,5.773938270812252
S0001010,cell_composition,32.59082690375,30.09621489540603
S0001011,cell_composition,4.8486832891875,6.958355912159903
S0001012,cell_composition,9.11163308718125,16.864009431323275
S0001013,cell_composition,11.94103102175,10.766708900594415
S0001014,cell_composition,12.55542496901875,5.507487732498845
S0001015,cell_composition,21.1269308433125,21.379064178253472
S0001016,cell_composition,10.1183512243125,11.918381694887199
S0001017,cell_composition,6.78229434268125,3.97653666836215
S0001018,cell_composition,24.140176545625,30.560439433281175
S0001019,cell_composition,37.731614328125,17.39290094410791
S0001020,cell_composition,2.484844245,7.874000713396764
S0001021,cell_composition,21.065274226,33.1243833390076
S0001022,cell_composition,4.5685648675,6.6481342178759455
S0001023,cell_composition,5.2204243866625,6.929327607243645
S0001024,cell_composition,2.32577841360875,1.9846785562336156
S0001025,cell_composition,14.270802817125,12.647865078232641
S0001026,cell_composition,8.278511453,5.264708720116249
S0001027,cell_composition,-0.71964759433,2.0730766040042203
S0001028,cell_composition,7.20207208664375,7.6133926666688705
S0001029,cell_composition,17.5398439884375,14.858761313722336
S0001030,cell_composition,2.5266757584375,5.1963708253718455
S0001031,cell_composition,3.3577458238749998,6.589643948957593
S0001032,cell_composition,3.24819314094375,9.644466769092203
S0001033,cell_composition,8.0695181830625,10.629805166735792
S0001034,cell_composition,6.8912012124375,6.444217743561807
S0001035,cell_composition,9.8817116944375,4.996352075863931
S0001036,cell_composition,5.84751362789375,15.162107572362276
S0001037,cell_composition,34.263766071875,27.089886399330105
S0001038,cell_composition,42.74741844375,23.802780957295845
S0001039,cell_composition,7.45463470480625,9.974524987743022
S0001040,cell_composition,3.11590288835,5.211978965956241
S0001041,cell_composition,-3.492784598875,-0.42746269901228895
S0001042,cell_composition,7.63344958238125,8.596339439117948
S0001043,cell_composition,7.2296432274999995,4.569709685161734
S0001044,cell_composition,13.167399933875,44.272295041598035
S0001045,cell_composition,11.14983619425,6.282197732252077
S0001046,cell_composition,13.1817706125625,13.73253060632132
S0001047,cell_composition,50.311041403125,48.812345816143136
S0001048,cell_composition,6.7567997680375,4.599871855128653
S0001049,cell_composition,20.4477645444375,23.19823152955522
S0001050,cell_composition,3.2650695975,7.948881629601303
S0001051,cell_composition,14.2563945758125,12.077992498607891
S0001052,cell_composition,5.650794788125,6.3305984541398646
S0001053,cell_composition,14.618255550375,20.343380941509217
S0001054,cell_composition,92.015695913125,41.15446892565184
S0001055,cell_composition,5.47981332585625,8.818590029265827
S0001056,cell_composition,8.9572968125375,17.180705947406352
S0001057,cell_composition,26.43440758625,13.638155517395084
S0001058,cell_composition,8.492692435968749,18.220543333949582
S0001059,cell_composition,7.389205157634375,16.11872700620333
S0001060,cell_composition,10.13045610898125,8.792707129746843
S0001061,cell_composition,16.564428276375,14.041517157547894
S0001062,cell_composition,16.9979910195,28.63215384331463
S0001063,cell_composition,10.8368197006875,7.509823813592322
S0001064,cell_composition,15.4541525549375,16.41256441614229
S0001065,cell_composition,19.823643782375,10.433244971517682
S0001066,cell_composition,-2.23203630088125,4.672709175020231
S0001067,cell_composition,7.3788069453625,22.697877703066727
S0001068,cell_composition,-2.0714582661125,2.5603144884600084
S0001069,cell_composition,2.9937749092906247,4.386345762213295
S0001070,cell_composition,28.809151989375,19.795577208799344
S0001071,cell_composition,33.235397720375,50.474935779349416
S0001072,cell_composition,4.52844918305625,5.09590353931841
S0001073,cell_composition,17.690609809,18.059266280028694
S0001074,cell_composition,1.1204450403,5.885705777366172
S0001075,cell_composition,18.912990615312502,13.321695695252204
S0001076,cell_composition,27.73679920375,17.75761396657327
S0001077,cell_composition,30.812352836875,22.32585425783111
S0001078,cell_composition,11.1747305094375,7.2319093232222995
S0001079,cell_composition,11.906267048437499,10.551877357402358
S0001080,cell_composition,21.3907331413125,12.026737249055603
S0001081,cell_composition,17.087163924125,8.328567061485483
S0001082,cell_composition,8.675895606,8.320667273782016
S0001083,cell_composition,18.832146146812498,16.877124795604608
S0001084,cell_composition,4.910972654375,8.918598870790104
S0001085,cell_composition,17.6165086986875,48.67239509638304
S0001086,cell_composition,40.874225818375,22.7946548574539
S0001087,cell_composition,13.772592400625,7.907278684721477
S0001088,cell_composition,15.7149331283125,15.67056795423875
S0001089,cell_composition,22.9979598575,22.148109558292617
S0001090,cell_composition,9.7912053946875,11.771525045844266
S0001091,cell_composition,20.073830415125002,10.869668238227039
S0001092,cell_composition,7.8206560666875,9.689303026986666
S0001093,cell_composition,3.8947132735875,8.709378012557902
S0001094,cell_composition,-0.7338865512499999,5.7041456256196446
S0001095,cell_composition,5.3324152977115125,6.944609088189464
S0001096,cell_composition,5.12560722503125,7.4087386970991265
S0001097,cell_composition,20.645487215625,20.013894628968387
S0001098,cell_composition,12.421079136,10.673322913115022
S0001099,cell_composition,2.5198422872225,5.373169665224287
S0001100,cell_composition,21.422157965625,18.632187072985268
S0001101,cell_composition,12.4374235589375,16.403397180035473
S0001102,cell_composition,3.5353918256812498,2.4478197201888485
S0001103,cell_composition,22.70115746375,34.839551111754425
S0001104,cell_composition,27.270828048625,18.381814835440785
S0001105,cell_composition,39.594962680625,45.204506984404915
S0001106,cell_composition,12.8772266624625,9.106766832308582
S0001107,cell_composition,12.2939932841875,17.36313817891162
S0001108,cell_composition,14.7303225180625,13.314735105488133
S0001109,cell_composition,73.67742312125,52.236552812356486
S0001110,cell_composition,34.714988766875,93.61577827747786
S0001111,cell_composition,30.349546081875,32.46715069318857
S0001112,cell_composition,5.9314255956062505,6.526351490406823
S0001113,cell_composition,11.540717793625,11.962839093096699
S0001114,cell_composition,19.513080960625,17.049444677287525
S0001115,cell_composition,2.1690833832,2.7709287857501983
S0001116,cell_composition,20.14239253325,15.436614657935243
S0001117,cell_composition,21.58822033825,24.00893907788976
S0001118,cell_composition,10.13251073466875,12.506435950934938
S0001119,cell_composition,21.917701356875,16.07499201369459
S0001120,cell_composition,20.508887375,11.089116752975197
S0001121,cell_composition,13.071531522375,36.29311232694764
S0001122,cell_composition,16.077436838625,32.79685915545576
S0001123,cell_composition,34.24416640625,33.56015454457593
S0001124,cell_composition,2.0194108868175,11.492370554483943
S0001125,cell_composition,12.224960583125,4.0194162844975825
S0001126,cell_composition,40.216059576250004,27.45809290102386
S0001127,cell_composition,45.2464338075,33.40090686624908
S0001128,cell_composition,9.341964305918749,17.456373892580434
S0001129,cell_composition,0.7606497368124999,8.377807125738977
S0001130,cell_composition,1.1454022161250001,3.7786895610553657
S0001131,cell_composition,8.4151479816875,11.41897731843806
S0001132,cell_composition,14.32988745025,15.890869521191183
S0001133,cell_composition,11.845452320306249,18.283011376374475
S0001134,cell_composition,14.125611101625001,13.923612316177907
S0001135,cell_composition,6.365488855675,7.207238107798421
S0001136,cell_composition,3.528233451475,6.702368044332602
S0001137,cell_composition,7.3780443457562495,1.8302882085936079
S0001138,cell_composition,23.0363178366,15.464069295139995
S0001139,cell_composition,5.6385187965625,6.48256410135954
S0001140,cell_composition,27.3417911425,16.504220903512973
S0001141,cell_composition,7.0506579416875,4.407133432961729
S0001142,cell_composition,8.9037967485,8.85722628396505
S0001143,cell_composition,9.717901369875,6.376884869723353
S0001144,cell_composition,11.174309524875,16.205338331756813
S0001145,cell_composition,4.6267238464750005,10.095527305750442
S0001146,cell_composition,1.2768770260312499,6.468714452783128
S0001147,cell_composition,0.121042578975,3.6429492353196333
S0001148,cell_composition,4.2348335320625,6.719014629996132
S0001149,cell_composition,18.429572380875,19.532003561870567
S0001150,cell_composition,19.15021557,17.6355026001104
S0001151,cell_composition,31.88905460125,30.37207345503892
S0001152,cell_composition,3.8225632073125,7.22496860509362
S0001153,cell_composition,37.35973052875,24.89516696594749
S0001154,cell_composition,2.6140918975875,4.75737242040849
S0001155,cell_composition,2.618550329875,13.745478274710477
S0001156,cell_composition,7.935193657361875,7.545299178838846
S0001157,cell_composition,8.524565447625001,13.860939755807662
S0001158,cell_composition,0.21297943901406252,2.679984604640947
S0001159,cell_composition,15.6708005215,42.71492466206822
S0001160,cell_composition,1.7854960251,4.789781186745492
S0001161,cell_composition,9.772437958087501,10.834218819085295
S0001162,cell_composition,0.446969802969375,2.792056639223934
S0001163,cell_composition,8.51764058231875,11.574920898111877
S0001164,cell_composition,24.967878020875,17.887287120628102
S0001165,cell_composition,18.798445245,44.769554070295435
S0001166,cell_composition,33.04195754125,23.019332644661244
S0001167,cell_composition,21.91271796625,20.354291689324924
S0001168,cell_composition,21.181455025625,18.209589929983178
S0001169,cell_composition,15.41941034125,26.281075925339817
S0001170,cell_composition,8.7557873372,8.311226632398776
S0001171,cell_composition,5.66951572430625,12.1697310026327
S0001172,cell_composition,39.4506769825,34.87327242961603
S0001173,cell_composition,9.485287447000001,10.615193257442305
S0001174,cell_composition,11.2561257665625,6.92315020538801
S0001175,cell_composition,36.47316618875,22.736598899453647
S0001176,cell_composition,12.3217397608125,11.464629145574014
S0001177,cell_composition,3.1317978156125,8.025906023804147
S0001178,cell_composition,7.21722750075,9.143915397892298
S0001179,cell_composition,16.5965577254375,9.96838557115724
S0001180,cell_composition,74.696027950625,44.89891635351068
S0001181,cell_composition,30.46736301875,11.43177909080256
S0001182,cell_composition,10.7486977075,15.043465921916942
S0001183,cell_composition,13.583465397687501,14.326800455713462
S0001184,cell_composition,4.160431816649375,4.197029709188179
S0001185,cell_composition,0.726640565575,2.975351978635064
S0001186,cell_composition,22.837352668125,37.292435494131674
S0001187,cell_composition,21.7202105991875,25.93778233717367
S0001188,cell_composition,11.005721670875,18.93482792881855
S0001189,cell_composition,22.7325457366875,13.399365139580834
S0001190,cell_composition,13.446221437625,26.86599655314265
S0001191,cell_composition,12.1530175660625,13.125153688606098
S0001192,cell_composition,-0.029928401537500038,2.2553232638961282
S0001193,cell_composition,5.6861269068125,3.8602425749497704
S0001194,cell_composition,13.321642626375,22.845344427598963
S0001195,cell_composition,29.677988923125,14.805244232947715
S0001196,cell_composition,4.0888470808125,4.6226789096158605
S0001197,cell_composition,8.7092827690625,24.16230240117128
S0001198,cell_composition,3.024687633065,3.350229939380618
S0001199,cell_composition,43.3090786925,24.537263132294264
S0001200,cell_composition,8.39227890150625,13.446461469914807
S0001201,cell_composition,15.4143165080625,19.39401051927901
S0001202,cell_composition,14.58929881949375,12.317135759102422
S0001203,cell_composition,0.6883615847888125,-0.4704154275945348
S0001204,cell_composition,24.79289941,19.978443566963122
S0001205,cell_composition,9.8767289585625,9.12720947907332
S0001206,cell_composition,4.6676458643125,6.976099151799417
S0001207,cell_composition,20.0165198029375,10.376066637705748
S0001208,cell_composition,19.518986886875,16.873410159064026
S0001209,cell_composition,11.055178130125,14.615662941382844
S0001210,cell_composition,26.892087875,28.36251084434686
S0001211,cell_composition,6.8611826025200005,9.225096033012656
S0001212,cell_composition,10.53711563810625,5.314347716755878
S0001213,cell_composition,4.0832544778125,6.985083725772577
S0001214,cell_composition,2.030763196175,5.1664021663931186
S0001215,cell_composition,7.065750884685625,11.097078051305745
S0001216,cell_composition,1.63383815885625,-0.4163064445510748
S0001217,cell_composition,12.3160322745625,6.960888619585888
S0001218,cell_composition,6.540971740200625,11.6374499805398
S0001219,cell_composition,7.503576943125,5.0700788175128535
S0001220,cell_composition,11.7214953820625,6.801545697483164
S0001221,cell_composition,1.090564339724375,6.77945847256055
S0001222,cell_composition,1.764145816505,6.638870779462637
S0001223,cell_composition,32.823900445,21.824252471726652
S0001224,cell_composition,8.1777723607,14.449428336714897
S0001225,cell_composition,0.5884107022,-1.007746844666425
S0001226,cell_composition,39.66432149125,16.34213138311854
S0001227,cell_composition,28.91667062625,15.177646236826918
S0001228,cell_composition,32.916910636875,14.948963267370674
S0001229,cell_composition,9.43469172462,12.272445071794326
S0001230,cell_composition,3.56651147840625,9.441859168801203
S0001231,cell_composition,8.75800270340625,10.766344746999945
S0001232,cell_composition,4.733615961,1.7086696926362441
S0001233,cell_composition,3.38544436534375,5.436278211379101
S0001234,cell_composition,7.47394670800125,7.681525083513105
S0001235,cell_composition,4.005418579896375,7.524789601223936
S0001236,cell_composition,10.2154195655,7.2585032610179345
S0001237,cell_composition,3.916651912,7.437795527752136
S0001238,cell_composition,17.0206187393125,13.585209646744769
S0001239,cell_composition,7.2159527384999995,14.35599102860598
S0001240,cell_composition,16.313848001375,7.101365528465413
S0001241,cell_composition,5.39555927400625,18.12026021369628
S0001242,cell_composition,12.631324190375,5.734050466566465
S0001243,cell_composition,5.8801376718125,6.67647784403963
S0001244,cell_composition,3.9625449554375,13.228791170875892
S0001245,cell_composition,2.53823218985625,5.694254821577143
S0001246,cell_composition,4.81058631915625,1.995672232417684
S0001247,cell_composition,38.448670090625,39.27202208615476
S0001248,cell_composition,10.7149185486875,15.069208878244341
S0001249,cell_composition,5.5845848972606245,7.505574510758844
S0001250,cell_composition,-0.8254460276375,11.354265807070693
S0001251,cell_composition,2.191472204224375,5.0471000293169785
S0001252,cell_composition,15.394110596874999,7.2319093232222995
S0001253,cell_composition,24.59214002625,11.765713118876175
S0001254,cell_composition,6.54375613668125,15.361295592786036
S0001255,cell_composition,1.7867025851625,10.777264298695206
S0001256,cell_composition,1.697383070175,-0.16619352131399973
S0001257,cell_composition,17.429377636875,15.262142545184288
S0001258,cell_composition,4.20150880891875,6.547200007306132
S0001259,cell_composition,16.102570954875,16.727439001082534
S0001260,cell_composition,20.9441732125,23.29134615049285
S0001261,cell_composition,10.82820432548125,2.129464998587795
S0001262,cell_composition,16.889575743625,17.887924902643384
S0001263,cell_composition,25.5808999985,16.007148898986944
S0001264,cell_composition,3.77343087000625,4.90049516881634
S0001265,cell_composition,11.7745736835625,19.237101139321865
S0001266,cell_composition,6.96729810930625,17.25224127563483
S0001267,cell_composition,26.514539598,15.51293259243405
S0001268,cell_composition,7.61401915238125,15.49994003695615
S0001269,cell_composition,21.589167768125,16.64936168204051
S0001270,cell_composition,33.291781005625,18.810698977745933
S0001271,cell_composition,35.964213974375,39.949516280136805
S0001272,cell_composition,25.626170195,12.00164692721361
S0001273,cell_composition,10.859569477375,11.156866461512912
S0001274,cell_composition,-0.875666503225,3.5820838669510233
S0001275,cell_composition,3.99099906334375,6.143436530247289
S0001276,cell_composition,13.40420049420625,6.897533300667731
S0001277,cell_composition,1.0701007965625,2.7298647476851685
S0001278,cell_composition,5.7458238950625,4.946107055816435
S0001279,cell_composition,15.0793774419375,14.382563616116936
S0001280,cell_composition,3.2904418638625,3.9731202945938553
S0001281,cell_composition,23.8083325098125,24.443109909654485
S0001282,cell_composition,18.586146195578124,21.298920326969892
S0001283,cell_composition,19.183274253875,23.501448050860404
S0001284,cell_composition,4.02521731684375,7.367387580975586
S0001285,cell_composition,5.3429479899375,7.699098108632106
S0001286,cell_composition,7.1535246966875,7.502273392064364
S0001287,cell_composition,18.11179471875,13.368614641824351
S0001288,cell_composition,7.80139482605,6.510765269487014
S0001289,cell_composition,5.307863616875,8.853207393494806
S0001290,cell_composition,81.492067654375,93.75107267969925
S0001291,cell_composition,5.173345175375,6.6638198372990844
S0001292,cell_composition,4.01883726231875,4.792500558320141
S0001293,cell_composition,9.697922941125,9.58396773359271
S0001294,cell_composition,13.3360575913125,9.810326375953785
S0001295,cell_composition,0.9655081394687499,5.307959778116439
S0001296,cell_composition,30.503860276250002,24.989194588558096
S0001297,cell_composition,4.7081420151125,7.903978509997146
S0001298,cell_composition,19.028054942875002,13.964881293702877
S0001299,cell_composition,5.6674434156106255,10.005921942405225
S0001300,cell_composition,4.22042209655625,7.799888388101109
S0001301,cell_composition,7.098121368875,6.996093433412362
S0001302,cell_composition,12.314628416,16.00222534281896
S0001303,cell_composition,77.65389747,66.52010551529497
S0001304,cell_composition,31.77304723,80.8778868929999
S0001305,cell_composition,4.78332958679375,5.398744498095359
S0001306,cell_composition,33.657012396875004,44.18206508298944
S0001307,cell_composition,16.0514856276875,17.299560505272137
S0001308,cell_composition,0.3572859429,2.150234239136521
S0001309,cell_composition,11.8351344193125,17.961203181445025
S0001310,cell_composition,50.683227093125,30.666094398170532
S0001311,cell_composition,14.5809472160625,19.1717425131258
S0001312,cell_composition,40.242278885625,29.29677738994177
S0001313,cell_composition,2.063071255494375,6.3879383594983015
S0001314,cell_composition,12.942811997,21.312172898680117
S0001315,cell_composition,18.5430253935,13.998271668472016
S0001316,cell_composition,0.967667050834375,3.0239764378152127
S0001317,cell_composition,4.7613451632625,2.1816848812545904
S0001318,cell_composition,26.99185753,25.11901970552001
S0001319,cell_composition,39.26962929,44.06521939210237
S0001320,cell_composition,6.5068614001875,5.190643187973033
S0001321,cell_composition,4.346937899951875,2.3830284269043394
S0001322,cell_composition,8.5133286744375,7.525400487406399
S0001323,cell_composition,10.239666190125,16.263351843992123
S0001324,cell_composition,30.2787848125,16.468494907212897
S0001325,cell_composition,0.559187437596875,2.9865857786598418
S0001326,cell_composition,17.7875194309375,19.11955423422593
S0001327,cell_composition,2.3030033448875,6.4013583658695135
S0001328,cell_composition,1.37345989836875,5.733412688166637
S0001329,cell_composition,20.03819591975,11.180051323264806
S0001330,cell_composition,11.1094241463125,12.621904909456983
S0001331,cell_composition,17.7486997859375,19.178799414878487
S0001332,cell_composition,3.04562990146875,4.6230466082049295
S0001333,cell_composition,23.36218137,15.960049794862984
S0001334,cell_composition,12.205575559375,3.336414826766377
S0001335,cell_composition,19.9600604214375,15.891802926356032
S0001336,cell_composition,7.1786527714375,9.90889222201115
S0001337,cell_composition,21.5969355416875,9.926137547399248
S0001338,cell_composition,16.5841341615,19.76308049666429
S0001339,cell_composition,4.10626442805625,6.900174300165306
S0001340,cell_composition,17.64622346875,6.986403620023307
S0001341,cell_composition,5.20257402657125,9.918118934536452
S0001342,cell_composition,3.7585914626875,11.030046233494291
S0001343,cell_composition,3.298660887626875,7.859394031912535
S0001344,cell_composition,17.294613596875,16.61505252815914
S0001345,cell_composition,8.33485132624375,14.032463328382391
S0001346,cell_composition,3.65129637130625,4.09696000183681
S0001347,cell_composition,16.1687197036875,8.143589932933738
S0001348,cell_composition,111.103990500625,91.9362458607979
S0001349,cell_composition,37.59161898875,24.342894081682143
S0001350,cell_composition,23.8938670076875,41.284231548730986
S0001351,cell_composition,5.286781746375,4.51666260287004
S0001352,cell_composition,4.18215872760625,10.328412745045823
S0001353,cell_composition,3.51673973503125,6.155860662643558
S0001354,cell_composition,39.198938863125,19.89097193591207
S0001355,cell_composition,3.748814209975,13.000226016031446
S0001356,cell_composition,7.6733986299375,9.515134682081904
S0001357,cell_composition,2.50266664575625,9.054269343057872
S0001358,cell_composition,5.6561767490625,4.827822132836393
S0001359,cell_composition,42.523819670625,60.213718900896765
S0001360,cell_composition,12.517851379187501,15.841540338229219
S0001361,cell_composition,5.3391162603875,13.375601509280468
S0001362,cell_composition,12.9823386769375,29.48312265797274
S0001363,cell_composition,2.357438019900625,4.427428562144481
S0001364,cell_composition,25.6247179914375,15.48051984435808
S0001365,cell_composition,6.76943774625,11.598509890541376
S0001366,cell_composition,8.198427855875,6.691450366124733
S0001367,cell_composition,17.135915036875,21.110427772401607
S0001368,cell_composition,69.68920781875,37.24365879922714
S0001369,cell_composition,4.9452740557875,11.509660818980628
S0001370,cell_composition,14.844576999874999,15.983960450062717
S0001371,cell_composition,11.0635571464375,7.374950624564974
S0001372,cell_composition,3.84883981306875,8.851862421628006
S0001373,cell_composition,6.3136810633125,4.45674098993401
S0001374,cell_composition,5.28508900256875,3.3470514311384814
S0001375,cell_composition,11.7057524425,13.7264085419049
S0001376,cell_composition,3.577156415425,9.599794713256756
S0001377,cell_composition,2.386703832183125,2.935762432935401
S0001378,cell_composition,4.8684578418125,6.966824741313672
S0001379,cell_composition,8.918910697375,20.10523866424695
S0001380,cell_composition,8.9369025662625,5.832968478129697
S0001381,cell_composition,11.521377857125,11.344149699748849
S0001382,cell_composition,17.141842720625,30.803441320810084
S0001383,cell_composition,13.8372999301875,15.66632487323676
S0001384,cell_composition,21.524600858812498,17.93191492670044
S0001385,cell_composition,4.057359799325,5.447560742710452
S0001386,cell_composition,9.844151943125,6.229476831379374
S0001387,cell_composition,5.010405962425,5.802087864850128
S0001388,cell_composition,8.463628477625,6.70031700951587
S0001389,cell_composition,33.315641910625,20.61456192628677
S0001390,cell_composition,8.35799297989375,5.14317042542807
S0001391,cell_composition,1.9422394569125,5.602059558554705
S0001392,cell_composition,12.5881233766875,39.569186477240244
S0001393,cell_composition,12.7592344985625,19.22176071225551
S0001394,cell_composition,20.265419969625,20.574831179186475
S0001395,cell_composition,5.875327643075,6.192181909881588
S0001396,cell_composition,8.7267826419375,6.218931490129513
S0001397,cell_composition,35.663097072875,50.056431280220124
S0001398,cell_composition,7.824102935,6.7764939990958375
S0001399,cell_composition,17.848908608437497,14.183171214821966
S0001400,cell_composition,20.4811778401875,19.389228844319195
S0001401,cell_composition,5.72597871258125,7.894533069801005
S0001402,cell_composition,16.210819171875,7.182174056399787
S0001403,cell_composition,22.824695899375,14.926694501376785
S0001404,cell_composition,10.584744530375,16.83013099833171
S0001405,cell_composition,16.755389507125,8.594124201009182
S0001406,cell_composition,1.4333575158649374,6.937335708117424
S0001407,cell_composition,13.1866013513125,15.601667681810333
S0001408,cell_composition,7.672396332875,10.69147004274382
S0001409,cell_composition,10.16282289675,8.53571620586535
S0001410,cell_composition,2.0280900433125,7.437596443932272
S0001411,cell_composition,7.9025954968125,11.055084235723653
S0001412,cell_composition,3.94484579536875,6.738741540543139
S0001413,cell_composition,10.17031372875,3.8549761249752663
S0001414,cell_composition,1.86535853893125,3.844661740239544
S0001415,cell_composition,15.46812611775,26.07441463685356
S0001416,cell_composition,10.153459774375,7.900960131351432
S0001417,cell_composition,28.772146584999998,21.921639299578437
S0001418,cell_composition,-2.87270007438125,-0.096408707352475
S0001419,cell_composition,11.0165085834375,2.1599750028106195
S0001420,cell_composition,17.387842383875,10.25774908341054
S0001421,cell_composition,2.53647144532125,6.878599180268319
S0001422,cell_composition,32.5512687875,24.809877261505594
S0001423,cell_composition,7.4711161405,16.16441951107595
S0001424,cell_composition,31.288154691875,16.522538033038654
S0001425,cell_composition,5.2021726401875,7.051100102289461
S0001426,cell_composition,5.90987958869375,17.82410120051581
S0001427,cell_composition,8.1621241904,6.650632394872977
S0001428,cell_composition,4.8446682440875,7.736922611038657
S0001429,cell_composition,9.53517936586875,21.631888691780965
S0001430,cell_composition,6.6884084024375,5.932849953680307
S0001431,cell_composition,8.2549659713125,11.880972507880902
S0001432,cell_composition,11.2257727829375,13.336507961651586
S0001433,cell_composition,6.14151597390625,8.094022466437602
S0001434,cell_composition,5.787993891799999,6.736003703058548
S0001435,cell_composition,13.3266674265,9.143488151250827
S0001436,cell_composition,7.6677180051875,12.71224115166554
S0001437,cell_composition,13.905542822143751,9.31945835011183
S0001438,cell_composition,3.515014664331875,7.74570472555765
S0001439,cell_composition,14.0553571835,18.972372127021405
S0001440,cell_composition,10.93949010975,24.38149771835152
S0001441,cell_composition,12.975792362875,8.835466578789088
S0001442,cell_composition,47.54921344,68.61557488200364
S0001443,cell_composition,19.276485678125,11.81253356753674
S0001444,cell_composition,12.716331766562499,29.59343256733924
S0001445,cell_composition,0.3781166864812501,2.9282485229763853
S0001446,cell_composition,11.216224620325,7.63181697988352
S0001447,cell_composition,9.620973969775,6.0295766869067755
S0001448,cell_composition,2.942898017125,6.342585438667717
S0001449,cell_composition,21.1786965315375,18.18212973940362
S0001450,cell_composition,7.361151955625,11.496384281641626
S0001451,cell_composition,7.569008263625,6.2062548822994055
S0001452,cell_composition,5.61693713765625,8.157246809188182
S0001453,cell_composition,12.404577868812499,20.73296829156199
S0001454,cell_composition,12.2213107764375,7.580653803649359
S0001455,cell_composition,7.3300549909375,8.191330571637423
S0001456,cell_composition,11.4900471156875,21.621157819005766
S0001457,cell_composition,14.167695778312499,16.675740407479278
S0001458,cell_composition,64.04931999125,25.362164638402266
S0001459,cell_composition,2.24628023363125,1.7194082541421474
S0001460,cell_composition,13.79296367625,5.065847664077544
S0001461,cell_composition,6.82444753283125,8.936375876935777
S0001462,cell_composition,-0.1999395329225,2.612435184216728
S0001463,cell_composition,34.478736784375,18.782051765101546
S0001464,cell_composition,19.7177324536875,19.528490799737426
S0001465,cell_composition,13.3212444083125,12.14836011425266
S0001466,cell_composition,6.5771828298375,6.372800228171223
S0001467,cell_composition,29.8598764798125,21.62264626353681
S0001468,cell_composition,4.25550902383125,4.774025112041729
S0001469,cell_composition,13.8131472994375,26.40374842645181
S0001470,cell_composition,8.68508516163125,21.3851584472892
S0001471,cell_composition,26.267910620625,18.5163080883162
S0001472,cell_composition,1.6368692288375,3.5820838669510233
S0001473,cell_composition,5.9708875036875,8.396423283596462
S0001474,cell_composition,8.086613801,7.432179370674963
S0001475,cell_composition,5.981421947125,7.459733556135639
S0001476,cell_composition,9.582681733209375,1.9231406568547846
S0001477,cell_composition,22.33430883375,17.912680671706827
S0001478,cell_composition,12.408741125125001,11.750668486069301
S0001479,cell_composition,12.3575017201875,4.621310977259581
S0001480,cell_composition,29.2378335780625,22.167089884312183
S0001481,cell_composition,5.5011865979375,7.4462403204314604
S0001482,cell_composition,35.361567175,26.837957770555548
S0001483,cell_composition,3.41731003080875,7.31459522810986
S0001484,cell_composition,21.251105095225,7.439435163155842
S0001485,cell_composition,9.9667812135625,16.111507036332927
S0001486,cell_composition,1.012764427204,7.377203846651494
S0001487,cell_composition,8.2640723571875,14.023043003459787
S0001488,cell_composition,24.180184724375,17.21002434105421
S0001489,cell_composition,9.8222151351875,16.66575092435685
S0001490,cell_composition,4.72057741789375,9.678121116846624
S0001491,cell_composition,22.258513176250002,10.033384858810772
S0001492,cell_composition,12.681527479062499,14.731406706699866
S0001493,cell_composition,12.0996755051875,11.643321039186777
S0001494,cell_composition,7.037454365375,8.47087775842566
S0001495,cell_composition,7.4580975608937505,11.669758708330676
S0001496,cell_composition,14.2077552824375,23.18093277692737
S0001497,cell_composition,0.6279469454312501,2.1332068989932194
S0001498,cell_composition,39.125952769375004,22.9755994176922
S0001499,cell_composition,11.4852937574375,17.84540704970613
S0001500,cell_composition,14.17843101775,6.387833162309939
S0001501,cell_composition,15.9219111411875,12.225630756443866
S0001502,cell_composition,20.37013857425,32.30333376276546
S0001503,cell_composition,8.5349297199375,9.69250200402345
S0001504,cell_composition,4.387933378075,5.4757035488647245
S0001505,cell_composition,11.419048554875001,5.968563912542163
S0001506,cell_composition,9.4634742215625,19.362782073465308
S0001507,cell_composition,8.4515518288125,13.430777589395213
S0001508,cell_composition,31.739739236875,14.784679748303798
S0001509,cell_composition,3.99100516475,9.608583688539184
S0001510,cell_composition,7.51877381775,11.138999287380456
S0001511,cell_composition,5.43926152748125,17.874273561214668
S0001512,cell_composition,7.394540468375,15.568655534177335
S0001513,cell_composition,2.5738835372406252,4.569709685161734
S0001514,cell_composition,11.1677822546,4.890836887628552
S0001515,cell_composition,17.5457938091875,31.035609940218517
S0001516,cell_composition,10.5007498305,13.624934577153097
S0001517,cell_composition,9.200973621687499,7.205416292478637
S0001518,cell_composition,9.5418108903125,6.455813936103359
S0001519,cell_composition,8.3585138796875,9.218151829241924
S0001520,cell_composition,6.8536250393275,8.468080938750733
S0001521,cell_composition,34.30562295125,19.65967756288946
S0001522,cell_composition,1.73648485677125,6.0673558309784825
S0001523,cell_composition,4.2791293188749995,9.72997027860234
S0001524,cell_composition,20.987151959875,9.430813717766815
S0001525,cell_composition,4.77458962311875,6.557667441079774
S0001526,cell_composition,39.50002172375,20.064229108080355
S0001527,cell_composition,25.66010001625,18.750621309576257
S0001528,cell_composition,6.1698500088125,7.857551570673696
S0001529,cell_composition,11.176161261375,10.87453276132525
S0001530,cell_composition,3.58937892195,3.8428164209256086
S0001531,cell_composition,11.5149456233125,11.629231084119818
S0001532,cell_composition,14.999950679625,13.346794385159637
S0001533,cell_composition,18.683035879,9.331784233739373
S0001534,cell_composition,11.3851128619375,9.476932816097085
S0001535,cell_composition,21.44573016,19.588328675129667
S0001536,cell_composition,41.8623754325,30.238548125787858
S0001537,cell_composition,-2.23209057200625,2.088335156221423
S0001538,cell_composition,6.2339048213125,8.420791557997454
S0001539,cell_composition,8.9283324195625,7.498006754306095
S0001540,cell_composition,14.7918439253125,11.320791233295258
S0001541,cell_composition,20.153050176375,19.44301032208486
S0001542,cell_composition,32.088872080625,14.890731260648153
S0001543,cell_composition,36.93587778375,34.914633595231926
S0001544,cell_composition,0.345806363258125,1.8976431489566346
S0001545,cell_composition,9.146893268374999,10.25697233259596
S0001546,cell_composition,11.727990870687501,14.506552555143841
S0001547,cell_composition,19.1807459179375,12.713159797654622
S0001548,cell_composition,11.6325424274375,12.212418899622653
S0001549,cell_composition,-7.0262664169999995,-0.11913433662697494
S0001550,cell_composition,5.5123941474625004,7.824693983054979
S0001551,cell_composition,14.699209237375,6.480402058959333
S0001552,cell_composition,7.11783077540625,8.637460051330835
S0001553,cell_composition,8.2145494001875,8.654894634763988
S0001554,cell_composition,31.9598292581875,18.994650359791382
S0001555,cell_composition,3.74534753174375,10.26811782714679
S0001556,cell_composition,0.6538351979543751,6.997917978477333
S0001557,cell_composition,20.494986729125,10.578842111402226
S0001558,cell_composition,17.6697736009375,27.187593396589374
S0001559,cell_composition,9.60776092275,13.560029051655535
S0001560,cell_composition,11.13788773675,6.400755062070532
S0001561,cell_composition,14.9148264390625,9.66233481367637
S0001562,cell_composition,5.92239902545,16.870544562826826
S0001563,cell_composition,13.0126599778125,19.528720183487067
S0001564,cell_composition,22.6406530999375,11.011249590854069
S0001565,cell_composition,1.9480902430425,7.197774124784566
S0001566,cell_composition,9.6381281134375,11.636476579180917
S0001567,cell_composition,10.528160583375,8.901036795160783
S0001568,cell_composition,5.791177583825,2.421933128774344
S0001569,cell_composition,22.97641776,21.767734454935407
S0001570,cell_composition,4.06933312675625,4.980290970164687
S0001571,cell_composition,8.0464829540875,7.3243110078757425
S0001572,cell_composition,25.9263031183125,33.643803016707274
S0001573,cell_composition,8.1554717294375,10.328412745045823
S0001574,cell_composition,98.975857086875,80.8778868929999
S0001575,cell_composition,15.6331097650625,23.471279011339284
S0001576,cell_composition,41.7071356246875,48.80254233608747
S0001577,cell_composition,15.668847918625,8.60485943074399
S0001578,cell_composition,8.2043248233125,5.354051376691066
S0001579,cell_composition,9.95037357125,15.280650245807614
S0001580,cell_composition,10.2119852327625,10.156478060127856
S0001581,cell_composition,17.149184218125,29.981038918280145
S0001582,cell_composition,11.345748246625,13.23005964612507
S0001583,cell_composition,13.5394849063125,9.926137547399248
S0001584,cell_composition,10.635252740875,5.128317586502622
S0001585,cell_composition,18.7028404544375,11.831898595156083
S0001586,cell_composition,9.42963075919375,12.021056146123263
S0001587,cell_composition,15.054094902,10.3320740026295
S0001588,cell_composition,11.1663796320375,8.173465707647257
S0001589,cell_composition,10.6839038675625,8.296811115727246
S0001590,cell_composition,3.554011900875,7.4087386970991265
S0001591,cell_composition,18.8224150045,48.06708112751037
S0001592,cell_composition,17.962684895625,7.708637052880014
S0001593,cell_composition,4.1627304836312495,7.1642101331841985
S0001594,cell_composition,15.8409268331375,12.48218044145638
S0001595,cell_composition,5.699240097375,6.671421271917141
S0001596,cell_composition,0.309586575420625,3.735884251861308
S0001597,cell_composition,4.534044145025,7.7744937526694144
S0001598,cell_composition,29.213875569375,14.94800543689655
S0001599,cell_composition,9.94177405368125,13.449737034131838
S0001600,cell_composition,60.157800323125,23.198345199788857
S0001601,cell_composition,13.90671828375,9.596399844967149
S0001602,cell_composition,3.89756450544375,3.7589569051037253
S0001603,cell_composition,20.094323246125,12.470067454997524
S0001604,cell_composition,5.89774828901875,6.753622675296011
S0001605,cell_composition,35.709269285625,22.405174001406454
S0001606,cell_composition,13.84378209725,6.747632106754121
S0001607,cell_composition,15.48579269375,8.91666523323342
S0001608,cell_composition,14.331962641625001,15.72153194686969
S0001609,cell_composition,15.7852552559375,17.48008594060734
S0001610,cell_composition,5.2371541948375,3.595458070282591
S0001611,cell_composition,9.1574890240625,6.973159587044876
S0001612,cell_composition,9.95011214200625,2.093843060895975
S0001613,cell_composition,16.802544492375,20.819667410073748
S0001614,cell_composition,4.01831408488125,7.038614634505822
S0001615,cell_composition,-0.09345485694375,9.81949557633937
S0001616,cell_composition,-2.12442296201375,2.8924577830801517
S0001617,cell_composition,32.814853869375,17.881846387729333
S0001618,cell_composition,9.0564101156875,10.076144595041137
S0001619,cell_composition,2.8545332051249996,4.69919669210992
S0001620,cell_composition,8.3830690998125,4.961480110092828
S0001621,cell_composition,4.4804069623125,17.273775892234994
S0001622,cell_composition,5.8307332676875,12.862255756782751
S0001623,cell_composition,31.6742434679375,15.67056795423875
S0001624,cell_composition,5.54211207528125,3.9746180766100756
S0001625,cell_composition,8.1378035313125,17.464706454560588
S0001626,cell_composition,1.4179223065750002,6.433545952429456
S0001627,cell_composition,8.988439048725,11.76771103949807
S0001628,cell_composition,2.60640391748125,4.193554400343029
S0001629,cell_composition,16.8058065274375,19.04099730778728
S0001630,cell_composition,11.3178551351875,14.550400271546271
S0001631,cell_composition,13.942105323875,18.900956232317622
S0001632,cell_composition,32.584151131625,71.93824896342285
S0001633,cell_composition,18.006818350625,16.31413115508363
S0001634,cell_composition,2.4397313648312497,6.721128169653861
S0001635,cell_composition,27.063257770625,18.472673061376792
S0001636,cell_composition,9.8187414954,21.485885474134346
S0001637,cell_composition,14.8419977723125,6.730649202190401
S0001638,cell_composition,13.2152076819375,8.472762002650821
S0001639,cell_composition,3.262490235325,5.249750625460914
S0001640,cell_composition,15.5244914321875,15.323422416684023
S0001641,cell_composition,-0.6538174423374999,-0.38798100438462807
S0001642,cell_composition,25.073219895624998,34.05518278792661
S0001643,cell_composition,19.2698184183125,18.24572846582336
S0001644,cell_composition,2.7897193612218127,2.0304322777191985
S0001645,cell_composition,2.6826731264778125,4.710987522017432
S0001646,cell_composition,14.896046661875,7.092268420661968
S0001647,cell_composition,8.1471834805,9.14242392245006
S0001648,cell_composition,6.393169719125,6.638084394716698
S0001649,cell_composition,3.4631320467375,6.3918164084065605
S0001650,cell_composition,3.6356385216875,7.107761243761827
S0001651,cell_composition,10.672943130375,8.320925820437377
S0001652,cell_composition,3.5429462932887503,7.324934400818676
S0001653,cell_composition,20.617569506875,18.45806848432751
S0001654,cell_composition,26.522695476875,26.37722815590364
S0001655,cell_composition,17.3728887235625,17.145330369154355
S0001656,cell_composition,18.5549299730625,16.356273168295647
S0001657,cell_composition,21.2961659525,11.583788020815515
S0001658,cell_composition,11.73704949689375,30.10037038741036
S0001659,cell_composition,7.1876775970625,15.320876676388174
S0001660,cell_composition,4.6684345456875,7.149421389609569
S0001661,cell_composition,3.14498955718125,4.113373917367049
S0001662,cell_composition,8.94616057025,6.8240840944150145
S0001663,cell_composition,15.287289294625001,14.372248614080934
S0001664,cell_composition,4.372897218625,9.123055093574429
S0001665,cell_composition,10.6074502944375,16.258322815804718
S0001666,cell_composition,15.2189990560625,21.716229301412323
S0001667,cell_composition,4.1197938311875,10.240151685207403
S0001668,cell_composition,16.616007575625,11.365311194930063
S0001669,cell_composition,3.9854961130625,4.3871648560279795
S0001670,cell_composition,5.9571977824025,3.385451571728042
S0001671,cell_composition,4.290329582481251,8.59632781099884
S0001672,cell_composition,17.263196098312502,13.177759680958959
S0001673,cell_composition,13.76768165625,9.413764334574882
S0001674,cell_composition,7.13665637125,10.343879086516374
S0001675,cell_composition,8.902327475375,13.756476691222936
S0001676,cell_composition,8.680068921375,4.734443728196161
S0001677,cell_composition,23.102914055375,11.471541531583776
S0001678,cell_composition,1.25904396809375,4.73840693208587
S0001679,cell_composition,6.77827903069,9.619027746003864
S0001680,cell_composition,33.5921407275,36.42275379673706
S0001681,cell_composition,42.98841954125,49.488894348281065
S0001682,cell_composition,10.4077290933125,7.772489182129051
S0001683,cell_composition,41.286626961875,64.28364122582379
S0001684,cell_composition,14.4756662214375,5.629486363270695
S0001685,cell_composition,7.9428991643125,7.36938075445035
S0001686,cell_composition,14.4318973746875,10.242035031001828
S0001687,cell_composition,5.5842657519375,9.736050720316818
S0001688,cell_composition,7.516109454025,17.628080570343744
S0001689,cell_composition,0.06058783224500003,3.1484075988077747
S0001690,cell_composition,2.148285074846875,8.885759587068156
S0001691,cell_composition,10.8083696562375,5.044255129607531
S0001692,cell_composition,1.23207366056875,6.852921033847957
S0001693,cell_composition,11.138725884375,9.692981728274859
S0001694,cell_composition,20.1496973959375,45.358953984923815
S0001695,cell_composition,6.123083843125,8.594380322376548
S0001696,cell_composition,0.91185495228125,5.9182303411208785
S0001697,cell_composition,3.2667290469375,10.656428757565966
S0001698,cell_composition,13.8563875206875,14.830854288213342
S0001699,cell_composition,15.86930624231875,14.605672219160198
S0001700,cell_composition,2.8724991110249998,4.584768587814639
S0001701,cell_composition,2.97719085628125,5.672279340439241
S0001702,cell_composition,25.141057455625,32.20772981630921
S0001703,cell_composition,22.84828847914375,13.620390698529809
S0001704,cell_composition,3.729930941075,7.364544850562761
S0001705,cell_composition,3.4305222901937498,2.792056639223934
S0001706,cell_composition,17.243137680187502,6.898867306154537
S0001707,cell_composition,12.60827907845,17.239268825974705
S0001708,cell_composition,0.8282740244125001,3.788418151187367
S0001709,cell_composition,12.985610300125,9.46392330466781
S0001710,cell_composition,18.06887408825,11.513743103835534
S0001711,cell_composition,3.9299823015625,6.718384325193924
S0001712,cell_composition,0.10677819583125006,2.7993672041130773
S0001713,cell_composition,41.709543979375,30.348218594438276
S0001714,cell_composition,12.378744927125,10.483598371287096
S0001715,cell_composition,8.156728561805,6.392261180733323
S0001716,cell_composition,10.71702657086875,10.81907558772223
S0001717,cell_composition,2.7578362971125,8.065277369570257
S0001718,cell_composition,25.3063520551875,17.574206721049094
S0001719,cell_composition,15.9316713083125,10.544984056887225
S0001720,cell_composition,0.5717707063,4.193123011511736
S0001721,cell_composition,10.855225339375,14.02514589295829
S0001722,cell_composition,9.5399264521875,7.149421389609569
S0001723,cell_composition,2.971046617393125,5.209134760893466
S0001724,cell_composition,25.719992842875,17.106184606787444
S0001725,cell_composition,8.152804306437499,9.167606549388564
S0001726,cell_composition,1.77544581671875,9.202521720835536
S0001727,cell_composition,6.5090783782812505,5.711169392308384
S0001728,cell_composition,10.5858220235,9.200078205944719
S0001729,cell_composition,10.527520330062499,7.22496860509362
S0001730,cell_composition,6.2218261634375,7.631359178523694
S0001731,cell_composition,1.2046701689375,2.391060640297214
S0001732,cell_composition,-0.06701554769999989,6.737399116568255
S0001733,cell_composition,1.7045944073875,4.204600902465448
S0001734,cell_composition,11.2797144622125,11.24408206524925
S0001735,cell_composition,17.6012352440625,23.464263657492232
S0001736,cell_composition,5.94865589799375,10.96412745164657
S0001737,cell_composition,5.022783911075,8.157020103841267
S0001738,cell_composition,20.7057054899375,19.859909566950737
S0001739,cell_composition,15.76641262880625,15.186627190126144
S0001740,cell_composition,7.96049257383125,12.551108912582343
S0001741,cell_composition,11.7384953298125,13.526506367131894
S0001742,cell_composition,33.61958113625,16.120440139366384
S0001743,cell_composition,9.747708303375001,22.479290602938203
S0001744,cell_composition,10.663218084,5.187541610795151
S0001745,cell_composition,17.70526724025,11.64624017300083
S0001746,cell_composition,7.5642694201875,9.260519708360716
S0001747,cell_composition,52.999035694375,93.61577827747786
S0001748,cell_composition,3.01704380790625,14.866497007755962
S0001749,cell_composition,10.954469135,10.587379005723681
S0001750,cell_composition,10.5378716725625,24.013473823591376
S0001751,cell_composition,12.907156014386564,16.74110556329622
S0001752,cell_composition,10.267412429337499,5.647377287083697
S0001753,cell_composition,36.023206715,28.22752658675728
S0001754,cell_composition,5.4098599805625,5.358073010180606
S0001755,cell_composition,6.01699178724,6.7653218675438955
S0001756,cell_composition,36.710204455625004,31.126442040052943
S0001757,cell_composition,9.88209923684375,12.451713760949389
S0001758,cell_composition,1.4626963647125,6.903120258254326
S0001759,cell_composition,9.95631774675,12.529628103794064
S0001760,cell_composition,12.790525616125,6.857440113935543
S0001761,cell_composition,40.84605831,29.362802149004985
S0001762,cell_composition,12.1046788805625,8.134318749128932
S0001763,cell_composition,24.387120553749998,9.137976134625456
S0001764,cell_composition,33.52771086125,41.14591565406685
S0001765,cell_composition,4.49838207739375,6.706172402499808
S0001766,cell_composition,15.4950586589375,8.559086761903474
S0001767,cell_composition,18.3535919635,26.457322226548474
S0001768,cell_composition,58.945142964375,58.080573252015235
S0001769,cell_composition,18.15953484625,16.33601497034034
S0001770,cell_composition,2.50606744333125,4.598810318368869
S0001771,cell_composition,16.8070774344875,18.718011041440867
S0001772,cell_composition,29.152870531875,54.06985737644571
S0001773,cell_composition,22.917964545,13.865695311092038
S0001774,cell_composition,3.61359273871875,6.464255273761339
S0001775,cell_composition,9.44240446875,6.266919795723739
S0001776,cell_composition,4.7030705762531255,10.173060486478558
S0001777,cell_composition,3.551496458125,4.576789156300653
S0001778,cell_composition,1.386121457625,3.6187969047446296
S0001779,cell_composition,15.904265887375,8.066142392021272
S0001780,cell_composition,2.754733658326875,4.840038795101379
S0001781,cell_composition,0.7759512471687502,2.41378533308496
S0001782,cell_composition,69.60521779625,49.41477870046314
S0001783,cell_composition,7.8773930495,7.293541876881678
S0001784,cell_composition,5.31163706981875,6.6650023680153545
S0001785,cell_composition,6.65941450425,6.120106216794419
S0001786,cell_composition,6.2328971163124995,8.564035538656043
S0001787,cell_composition,8.502734800999999,7.457892128498145
S0001788,cell_composition,2.5312701616562503,6.143436530247289
S0001789,cell_composition,0.56520393124375,3.980954129386874
S0001790,cell_composition,7.2634526519375004,5.495776713630357
S0001791,cell_composition,6.928183898,6.678664533695819
S0001792,cell_composition,-1.722915259691125,3.87798340746095
S0001793,cell_composition,8.8303365514625,13.175747847230662
S0001794,cell_composition,35.543209125,31.041964639138577
S0001795,cell_composition,57.9155483275,39.21330733147077
S0001796,cell_composition,294.06521573125,76.16152770456773
S0001797,cell_composition,14.40675539475,16.034647514391505
S0001798,cell_composition,12.5532604075,6.027596156938854
S0001799,cell_composition,7.6800894775,11.521891598971823
S0001800,cell_composition,12.9032221436875,19.061724421915613
S0001801,cell_composition,9.41109956166625,6.426045376459297
S0001802,cell_composition,3.5072462050125,7.930049095867329
S0001803,cell_composition,12.445006584125,12.614304612667443
S0001804,cell_composition,2.549427460225,4.197029709188179
S0001805,cell_composition,40.501641904375,42.293452581094265
S0001806,cell_composition,18.0253407958125,28.204046878592226
S0001807,cell_composition,2.4822669231125,11.067904636931058
S0001808,cell_composition,2.20448969005625,2.447505543889668
S0001809,cell_composition,4.09077946191875,6.642649723235105
S0001810,cell_composition,11.435162485075,20.89742123775879
S0001811,cell_composition,7.8418349815,16.535088489642938
S0001812,cell_composition,23.6705038184375,46.13696956150859
S0001813,cell_composition,7.1308372309125,5.1023231446275945
S0001814,cell_composition,4.64090553375625,9.349041427682232
S0001815,cell_composition,4.01280379261875,5.3661867017648985
S0001816,cell_composition,9.018978066375,17.02339136923645
S0001817,cell_composition,1.39233921089375,3.8078069329823085
S0001818,cell_composition,17.610129181875,30.182998839075054
S0001819,cell_composition,3.7048735634625,4.872894167658343
S0001820,cell_composition,7.9056139442874995,7.2970280757861365
S0001821,cell_composition,1.65092509808125,9.073088577442485
S0001822,cell_composition,0.05142368861937503,2.8748524098162176
S0001823,cell_composition,1.5411394204187499,4.6139765588761295
S0001824,cell_composition,5.34106883338125,9.64407124600614
S0001825,cell_composition,3.0584343484875,2.8993587431018892
S0001826,cell_composition,2.0303663750625,19.492635180340784
S0001827,cell_composition,10.955696785125,22.283667167265843
S0001828,cell_composition,13.382280991750001,12.081755984492432
S0001829,cell_composition,11.852575097,16.944512746438626
S0001830,cell_composition,9.4488801219375,10.167676710364642
S0001831,cell_composition,11.685357237,13.088258454947088
S0001832,cell_composition,5.1628307959375,7.926657713614919
S0001833,cell_composition,7.27149649678125,5.405966718753047
S0001834,cell_composition,11.705983334875,16.082099026702384
S0001835,cell_composition,17.915050446875,10.425323112241399
S0001836,cell_composition,16.4336927038125,10.803353318857962
S0001837,cell_composition,5.53418470175,11.349471668968224
S0001838,cell_composition,6.870893684125,5.904670932117245
S0001839,cell_composition,17.6297097405,16.576334398082093
S0001840,cell_composition,15.0761746575625,22.61673780173686
S0001841,cell_composition,7.50489862505,7.008344752962274
S0001842,cell_composition,16.1487191171875,13.240793457308584
S0001843,cell_composition,5.0744621159625005,10.048414796233416
S0001844,cell_composition,6.765906537375,14.004382998212293
S0001845,cell_composition,22.05818057625,19.96517455493115
S0001846,cell_composition,3.96233054663125,9.314224844875916
S0001847,cell_composition,16.565007593,9.320383896857107
S0001848,cell_composition,10.0668846803125,4.621310977259581
S0001849,cell_composition,8.8616305061875,7.738703878735294
S0001850,cell_composition,2.95360490805625,4.322662761992996
S0001851,cell_composition,9.5081054780625,3.6319521313850793
S0001852,cell_composition,-0.15923408963,2.7059482047560453
S0001853,cell_composition,-0.12618966687124997,2.7885446598682635
S0001854,cell_composition,8.5160304304375,9.510312647776775
S0001855,cell_composition,6.6954219465,12.646302945052065
S0001856,cell_composition,21.33367985375,9.300500322314102
S0001857,cell_composition,8.5743896748125,19.63232483434937
S0001858,cell_composition,3.4316570308437497,6.95136004540914
S0001859,cell_composition,11.5219292958125,7.558581217604827
S0001860,cell_composition,31.915293946875,25.589570608955853
S0001861,cell_composition,6.72151514275,6.960888619585888
S0001862,cell_composition,6.20186826825,2.334691365587623
S0001863,cell_composition,2.3021056636374997,3.181366617993284
S0001864,cell_composition,7.96807590975,6.43342843528981
S0001865,cell_composition,-1.2574206293125,2.654466036223457
S0001866,cell_composition,7.522029376625,7.820236923161686
S0001867,cell_composition,8.4520004886875,4.521004618198835
S0001868,cell_composition,9.499639212750001,5.953708075038016
S0001869,cell_composition,14.769813376437499,13.068660220210406
S0001870,cell_composition,5.8520260775625,-0.04316990005523732
S0001871,cell_composition,10.6000206895625,7.001582426172386
S0001872,cell_composition,12.7253277415,25.88272340981274
S0001873,cell_composition,8.0433770503,12.092436938209383
S0001874,cell_composition,7.8557552463124996,12.42401372643531
S0001875,cell_composition,4.82668958374375,10.563202405143569
S0001876,cell_composition,1.5710643178375,3.735532705428092
S0001877,cell_composition,0.97535794676,3.7193023101834517
S0001878,cell_composition,8.87544066125625,15.36900856738355
S0001879,cell_composition,24.0485033375,25.249277612387104
S0001880,cell_composition,14.8092563638125,16.975278962319504
S0001881,cell_composition,1.85919829525,4.499458167996143
S0001882,cell_composition,9.7492084858125,10.849828948318919
S0001883,cell_composition,7.920269719,13.68894627269467
S0001884,cell_composition,7.953254861675,12.018340051292894
S0001885,cell_composition,3.06582382773125,8.529683905896862
S0001886,cell_composition,8.35341982425,10.486469218648145
S0001887,cell_composition,18.497353078,9.187675655360101
S0001888,cell_composition,14.003056173,7.879324709868327
S0001889,cell_composition,1.63447845358125,2.1535317903917797
S0001890,cell_composition,13.51859241625,15.282829987511787
S0001891,cell_composition,13.69365816075,11.960089707567077
S0001892,cell_composition,23.5298083535625,27.009206644442077
S0001893,cell_composition,10.4361854218125,21.32082601392485
S0001894,cell_composition,22.6721915908125,14.355352681580124
S0001895,cell_composition,11.315245618625,8.194793041579276
S0001896,cell_composition,20.01321450525,5.981203062757586
S0001897,cell_composition,3.11277634635375,7.110012956123421
S0001898,cell_composition,1.06005873490375,2.29585344129423
S0001899,cell_composition,29.2253945575,23.035714694100925
S0001900,cell_composition,29.8666499,12.986787783445092
S0001901,cell_composition,-0.050247003731249976,2.29020999144331
S0001902,cell_composition,2.612701902975,2.1972189754276608
S0001903,cell_composition,7.5032936921874995,6.732734647248332
S0001904,cell_composition,17.79866741575,15.04437396498902
S0001905,cell_composition,25.54483424375,16.42183720770836
S0001906,cell_composition,12.7474999981875,6.802565170627822
S0001907,cell_composition,14.6455750895625,4.459856276647784
S0001908,cell_composition,13.108498819,15.584795342796996
S0001909,cell_composition,10.6920743674375,15.089898824048392
S0001910,cell_composition,3.92225059548125,4.197029709188179
S0001911,cell_composition,4.9101260808125,5.178426492652399
S0001912,cell_composition,22.7365146880625,28.562218142151366
S0001913,cell_composition,33.976925338125,27.627859134147513
S0001914,cell_composition,12.724840890187501,15.525952793018396
S0001915,cell_composition,10.8886838245,13.88305083967014
S0001916,cell_composition,22.129902511250002,35.88755245489028
S0001917,cell_composition,34.592328330625,23.046627586160508
S0001918,cell_composition,29.1221348251875,13.539834682624258
S0001919,cell_composition,14.3879177695,12.40437286448766
S0001920,cell_composition,63.8476912925,51.74729311350477
S0001921,cell_composition,30.317652990625,16.525359213853047
S0001922,cell_composition,14.880912447437499,7.015572708088248
S0001923,cell_composition,10.693472761375,7.035564320832875
S0001924,cell_composition,14.616441874375,11.03628123416716
S0001925,cell_composition,0.8250159609,4.178216731234662
S0001926,cell_composition,7.9901120605625,7.2585032610179345
S0001927,cell_composition,20.5938814381875,36.02600667057953
S0001928,cell_composition,20.693268335375,24.290000305476482
S0001929,cell_composition,11.438529120125,15.516423983508123
S0001930,cell_composition,7.2500555270625,4.0473976009750485
S0001931,cell_composition,14.276753926125,21.208953293889245
S0001932,cell_composition,1.6257113815625,6.652158694717632
S0001933,cell_composition,6.59651923336875,5.886256217488869
S0001934,cell_composition,6.2002259313875,5.992500065178983
S0001935,cell_composition,17.75179273125,20.79550277684163
S0001936,cell_composition,8.7438162238125,12.237020600395661
S0001937,cell_composition,71.79865001625001,58.547131450710054
S0001938,cell_composition,4.6166174329625,2.8183453764246837
S0001939,cell_composition,9.72472910780625,3.8534013763746287
S0001940,cell_composition,27.28461281,12.647056826100643
S0001941,cell_composition,11.68129355086875,11.75330302302704
S0001942,cell_composition,1.28897704265,2.786103200625618
S0001943,cell_composition,3.03665062900625,7.035564320832875
S0001944,cell_composition,-0.8851674043250001,2.1653992341742474
S0001945,cell_composition,1.45379991471,3.106441763126989
S0001946,cell_composition,2.971250012880625,5.121896930564089
S0001947,cell_composition,2.48831768871875,3.713613423734772
S0001948,cell_composition,4.8705797436375,6.526952891270158
S0001949,cell_composition,21.17568120825,8.550606511302506
S0001950,cell_composition,47.734717995625,16.63346484470439
S0001951,cell_composition,1.78378092856875,5.276028824036372
S0001952,cell_composition,11.6401521329375,17.382524530063797
S0001953,cell_composition,-0.7600542760125,-0.2358640302605901
S0001954,cell_composition,37.96971671625,15.18982097579947
S0001955,cell_composition,5.1490189343125,3.9245839398356384
S0001956,cell_composition,3.80788281766875,2.998728042408094
S0001957,cell_composition,16.172902212621874,15.16247495721677
S0001958,cell_composition,10.745498794625,10.32875981148218
S0001959,cell_composition,1.3545064886937501,7.01150194127551
S0001960,cell_composition,40.75576131125,17.496349574290324
S0001961,cell_composition,4.4894091839375,6.999824151341651
S0001962,cell_composition,9.7741706659375,10.737963667147405
S0001963,cell_composition,10.466529241,6.892482374072723
S0001964,cell_composition,8.3776591715625,12.533889522064865
S0001965,cell_composition,18.593999497625,7.792265398195339
S0001966,cell_composition,8.2829512215,9.550023435374992
S0001967,cell_composition,7.1609040101875,5.392721687324745
S0001968,cell_composition,21.710586473,9.180900345278191
S0001969,cell_composition,25.81843249875,20.517985130438213
S0001970,cell_composition,-3.1757379570000004,-0.2358640302605901
S0001971,cell_composition,11.3953034951625,14.357874580030701
S0001972,cell_composition,8.680381623875,8.994460000651005
S0001973,cell_composition,17.352631355,31.038464019432013
S0001974,cell_composition,34.97402310875,33.45757630066965
S0001975,cell_composition,-7.2682999702343745,4.194388618873268
S0001976,cell_composition,7.018424318,7.1630839730641975
S0001977,cell_composition,2.707943780903125,4.988767917481614
S0001978,cell_composition,13.6147692249375,13.65448788760797
S0001979,cell_composition,5.3360159218625,6.746962224821279
S0001980,cell_composition,7.2358091239375,9.306587417558642
S0001981,cell_composition,13.405028544124999,23.528032000946173
S0001982,cell_composition,10.3820887788125,11.024739385129012
S0001983,cell_composition,22.0563372875,6.380860630006615
S0001984,cell_composition,8.91907758068125,6.65837309121319
S0001985,cell_composition,7.679828784875,7.1314321839357495
S0001986,cell_composition,3.77883411185625,6.342604484194716
S0001987,cell_composition,14.03165323775,10.784194818139921
S0001988,cell_composition,5.426232762375,-0.06373865818063482
S0001989,cell_composition,6.64720845825,14.123984774006944
S0001990,cell_composition,6.5022456293125,12.78870362176806
S0001991,cell_composition,3.26324575009375,4.375626719108587
S0001992,cell_composition,5.7076484024375,11.783105265885442
S0001993,cell_composition,7.222267949,11.329541685205994
S0001994,cell_composition,21.46741472675,29.178502185652537
S0001995,cell_composition,5.9708096394375,7.160685638731326
S0001996,cell_composition,7.82769872625,9.77400401067636
S0001997,cell_composition,5.119805635175,3.749922182789772
S0001998,cell_composition,13.751584067875,9.510156588262516
S0001999,cell_composition,12.0728407690625,12.71991681194298
S0002000,cell_composition,3.3255627940375003,2.364706080995687
S0002001,cell_composition,2.2640280022625,4.238141680457309
S0002002,cell_composition,7.7284080430125,7.6750136791829755
S0002003,cell_composition,57.332368554375,46.017932090513014
S0002004,cell_composition,0.03653755246875007,2.0445225366296995
S0002005,cell_composition,31.76961750875,17.673009485240794
S0002006,cell_composition,4.8314089431375,8.149513879246253
S0002007,cell_composition,20.59516437475,13.335653780804101
S0002008,cell_composition,4.02228805575625,6.874718527779208
S0002009,cell_composition,13.61608276281875,2.679984604640947
S0002010,cell_composition,0.6929363766187501,5.098150492463891
S0002011,cell_composition,10.3958441853375,6.251808751959472
S0002012,cell_composition,18.702101674625,14.44780439527738
S0002013,cell_composition,47.243003599375,56.87027676738244
S0002014,cell_composition,19.407826215,17.917726108380883
S0002015,cell_composition,11.817491417875,16.059101796230557
S0002016,cell_composition,2.5576374282125003,4.1561730352329365
S0002017,cell_composition,13.6818475166875,17.726134527730178
S0002018,cell_composition,1.7471075586375,3.857662494651546
S0002019,cell_composition,11.8362404065625,18.22065319031452
S0002020,cell_composition,8.29180553145625,15.183247642791281
S0002021,cell_composition,6.78955804475,16.054127297344884
S0002022,cell_composition,13.0201320964375,8.321847282778862
S0002023,cell_composition,14.650375110625,26.79120918345117
S0002024,cell_composition,16.315058742375,28.776340934993907
S0002025,cell_composition,3.584360135275,2.1340071157164093
S0002026,cell_composition,13.124699931375,20.010034455232248
S0002027,cell_composition,26.118232009499998,20.342605227129237
S0002028,cell_composition,2.114874681335625,4.761203954211633
S0002029,cell_composition,3.2401191266750002,4.552569715760507
S0002030,cell_composition,10.8396285025625,8.472762002650821
S0002031,cell_composition,15.023178202875,8.991914760952186
S0002032,cell_composition,9.83313548338125,7.234862208626912
S0002033,cell_composition,5.9317467103125,7.475852986156882
S0002034,cell_composition,70.38450123875,91.9362458607979
S0002035,cell_composition,21.844174083125,25.449227635565148
S0002036,cell_composition,12.00812828826875,6.830691987876416
S0002037,cell_composition,6.089524211275,19.31300841823009
S0002038,cell_composition,5.241515445625,4.702750698531838
S0002039,cell_composition,0.028167055651062506,3.1869362760601336
S0002040,cell_composition,3.4650098462,1.2154319822903648
S0002041,cell_composition,3.1160496638375,6.652207223355803
S0002042,cell_composition,11.19257091400625,5.089810194723716
S0002043,cell_composition,24.0344074075,15.567666973492248
S0002044,cell_composition,24.285966190625,23.402918304035097
S0002045,cell_composition,29.297127285,23.39967264747239
S0002046,cell_composition,5.4140267326875,9.505348988598858
S0002047,cell_composition,82.7050481825,81.20305934519045
S0000000,process_aware,2.4244224203375,2.1133219328569677
S0000001,process_aware,11.0323573243125,11.42894207709741
S0000002,process_aware,-0.5853499811437499,-2.6653552470942143
S0000003,process_aware,2.656615593538125,2.4986868351789573
S0000004,process_aware,10.37305450625,10.795704087169554
S0000005,process_aware,48.328902115625,58.94245382109645
S0000006,process_aware,18.0972251925,18.278681176894597
S0000007,process_aware,13.6020206530625,12.263159599372234
S0000008,process_aware,8.898258860375,8.424522695297373
S0000009,process_aware,8.1590069176875,8.208632411386326
S0000010,process_aware,13.871308687175,13.604602129940716
S0000011,process_aware,7.3880461053375,7.878310922062752
S0000012,process_aware,13.9878658507,14.506645503160364
S0000013,process_aware,13.4959295726875,12.57281027980269
S0000014,process_aware,13.896532005375,14.651578223607418
S0000015,process_aware,4.676242609625,3.518485848434012
S0000016,process_aware,12.6775433431875,11.653778066731938
S0000017,process_aware,7.66480653719375,6.006079160011083
S0000018,process_aware,17.155617473375,21.91372840463037
S0000019,process_aware,8.164006917875,6.5494151387907324
S0000020,process_aware,2.57750450473625,3.1619865155241023
S0000021,process_aware,-0.354664866045,-0.5916344358942515
S0000022,process_aware,2.84311598781875,3.306697589535871
S0000023,process_aware,0.677443119805625,0.28163696100315677
S0000024,process_aware,12.4203158604375,12.552569403033022
S0000025,process_aware,16.7328558530625,14.552255753960418
S0000026,process_aware,5.3585667513625,6.571302162012814
S0000027,process_aware,17.701551544249998,17.12538149990511
S0000028,process_aware,5.3965855830375,6.9062919248570545
S0000029,process_aware,0.7189396379562499,0.42690869778419344
S0000030,process_aware,1.5649826498625,-0.056998519701969876
S0000031,process_aware,18.3670676545,18.23122731341814
S0000032,process_aware,7.2477477896875,7.138846808479572
S0000033,process_aware,11.9478923385625,14.254933352137144
S0000034,process_aware,7.0377593590625,7.487916439481787
S0000035,process_aware,1.4273981177750001,2.290784744179624
S0000036,process_aware,16.00645683325,15.48187547951387
S0000037,process_aware,1.2427766729625,1.7070322949489165
S0000038,process_aware,9.705146674375,10.439872202864064
S0000039,process_aware,29.198231588124997,32.827745242521026
S0000040,process_aware,13.0983429480625,11.505421956192137
S0000041,process_aware,2.9850052921687498,3.2807617985585584
S0000042,process_aware,9.2114496801875,8.777297622725523
S0000043,process_aware,0.45287446231750006,0.2597266906195652
S0000044,process_aware,14.23359011531875,12.997963596281135
S0000045,process_aware,22.200303021875,20.15877152736546
S0000046,process_aware,6.70538243228125,6.51771822438953
S0000047,process_aware,22.83332415175,25.705264300708926
S0000048,process_aware,31.593945696875,28.85657686298729
S0000049,process_aware,35.270513723125,34.88741406280565
S0000050,process_aware,8.7523613164375,7.504817900213752
S0000051,process_aware,6.766700133375,6.050831470227074
S0000052,process_aware,2.14791177023125,2.856768201844013
S0000053,process_aware,56.18477660875,54.6068481080083
S0000054,process_aware,24.97685017125,24.040969498254547
S0000055,process_aware,8.717336453625,9.161536576374221
S0000056,process_aware,88.10805461187499,70.49437000754905
S0000057,process_aware,4.3191209734375,7.900437700633614
S0000058,process_aware,16.1276193960625,19.15579362509377
S0000059,process_aware,3.0227788861500002,2.9476117714923817
S0000060,process_aware,7.067630227675,8.604824383820311
S0000061,process_aware,27.446986644375,20.411308943180686
S0000062,process_aware,14.546658364125,16.075738080746618
S0000063,process_aware,8.552683273975,9.097145847167923
S0000064,process_aware,6.1496710303125,6.889023203135212
S0000065,process_aware,3.296059647575,3.7701759917719677
S0000066,process_aware,3.46892478275625,4.832297505460731
S0000067,process_aware,4.47744450175,6.81784824833693
S0000068,process_aware,8.10667242236875,8.279512321993183
S0000069,process_aware,17.69937360575,17.236371559895183
S0000070,process_aware,12.293174488625,12.922290595478922
S0000071,process_aware,23.2497476375,26.813949741190775
S0000072,process_aware,2.778591052266875,3.1074911097936004
S0000073,process_aware,34.1185789010625,46.36481259447047
S0000074,process_aware,2.3938885234431253,3.314700741683077
S0000075,process_aware,3.077679978475,3.8813658387578553
S0000076,process_aware,13.966308090875,14.054660429278059
S0000077,process_aware,3.0078356547125003,2.9671789341346
S0000078,process_aware,14.7939951625625,14.035315690547227
S0000079,process_aware,25.667323200125,29.722757472199472
S0000080,process_aware,5.4369786394999995,6.218110637615637
S0000081,process_aware,9.68975817725,10.561980365195309
S0000082,process_aware,13.155291661125,15.11364760812081
S0000083,process_aware,3.6182792201375,3.449888124404944
S0000084,process_aware,5.3053586700625,5.77403901462072
S0000085,process_aware,13.5999442066875,12.804864982209422
S0000086,process_aware,6.8705736473125,8.110926060173925
S0000087,process_aware,23.8078288303125,19.216131560093825
S0000088,process_aware,6.1818466354375,3.3257337678838774
S0000089,process_aware,14.7677850348125,14.493142922561205
S0000090,process_aware,12.526993536687499,12.417768201855306
S0000091,process_aware,8.425266492437501,9.11978016848173
S0000092,process_aware,15.013472644250001,9.163180419266697
S0000093,process_aware,5.62905891825,5.818633617848421
S0000094,process_aware,17.3571912849625,19.753850230944717
S0000095,process_aware,2.3913619974375,4.882475256578655
S0000096,process_aware,19.886466152,17.263514456961413
S0000097,process_aware,27.5643282825,27.514145147163127
S0000098,process_aware,6.94916351725,6.723219825811908
S0000099,process_aware,13.8916677415625,13.600291020574568
S0000100,process_aware,77.4729410843625,80.36293287206612
S0000101,process_aware,16.735890443125,17.674221252290213
S0000102,process_aware,6.562730316425,7.474507193149811
S0000103,process_aware,3.21106081803125,6.183785292306819
S0000104,process_aware,4.180190007375,4.595998053244362
S0000105,process_aware,42.87438172875,54.09413593923022
S0000106,process_aware,12.1513312464375,12.86157455961445
S0000107,process_aware,5.8475200166625,6.868150089777462
S0000108,process_aware,3.54119248085,0.9677856072187746
S0000109,process_aware,7.8993021495,8.098102817681578
S0000110,process_aware,-0.63710340968125,-2.228167002088893
S0000111,process_aware,3.94604510255625,5.122182012813867
S0000112,process_aware,55.241831045625,59.569783590788134
S0000113,process_aware,13.678056113,16.708742525280325
S0000114,process_aware,15.3638590149375,13.500114226906923
S0000115,process_aware,21.879589143875002,19.58958366460733
S0000116,process_aware,11.5105244005,9.681011825957293
S0000117,process_aware,11.55148652925,11.896253059382376
S0000118,process_aware,26.2510474724375,28.187891241335368
S0000119,process_aware,9.3291236314375,9.632890458453224
S0000120,process_aware,10.5368384666875,11.299957892440288
S0000121,process_aware,29.440576495,31.134198121274213
S0000122,process_aware,9.7236412633125,8.362928180249806
S0000123,process_aware,1.7372742229125002,2.838326881386598
S0000124,process_aware,10.5726832460625,10.81119127939013
S0000125,process_aware,2.8572757639125,4.796642794396533
S0000126,process_aware,9.3468195026875,7.10197231835399
S0000127,process_aware,14.274810280375,15.618410016900405
S0000128,process_aware,6.26445132523125,7.424947597490528
S0000129,process_aware,17.173659811375,20.997571233306612
S0000130,process_aware,20.0548605680625,18.203540736385783
S0000131,process_aware,5.50347728358125,5.4087049035960115
S0000132,process_aware,5.9481180378125,6.399202824508847
S0000133,process_aware,11.8275187445,10.35607852173365
S0000134,process_aware,10.020626786125,9.564314924034706
S0000135,process_aware,24.500519006875003,21.238062887778145
S0000136,process_aware,22.190008563124998,19.111448327411807
S0000137,process_aware,5.61240350316875,5.899534012487306
S0000138,process_aware,9.93528051631875,8.150806489410163
S0000139,process_aware,4.51146597525,4.783598256120681
S0000140,process_aware,8.643806636499999,5.970170223539871
S0000141,process_aware,12.6390851310625,12.45261071753057
S0000142,process_aware,-3.3399095817125,-1.015742574730619
S0000143,process_aware,71.46562694125,61.35775298002463
S0000144,process_aware,9.6786464493125,9.679112667841588
S0000145,process_aware,7.9885309367124995,7.899237347521991
S0000146,process_aware,19.897781042875,19.041597137679567
S0000147,process_aware,14.0332751360625,12.935903136326322
S0000148,process_aware,6.2713332855,7.246545611561185
S0000149,process_aware,17.581413333625,18.53687961511455
S0000150,process_aware,15.0036246588125,16.88842184305774
S0000151,process_aware,16.9263405083125,16.448110455559753
S0000152,process_aware,10.710093878675,11.001293536937542
S0000153,process_aware,6.4833213290625,7.024778659710073
S0000154,process_aware,7.3546346031250005,7.950565112544175
S0000155,process_aware,4.498860243375,5.42748433115295
S0000156,process_aware,4.3301073971875,4.574892822109972
S0000157,process_aware,9.2708750273125,7.529640891934253
S0000158,process_aware,13.8562415440625,13.875836693317765
S0000159,process_aware,8.7692395155,9.341529559419255
S0000160,process_aware,14.1811925448125,12.826199634549257
S0000161,process_aware,10.397814478375,9.899372331242745
S0000162,process_aware,7.122310855125,10.588810971350055
S0000163,process_aware,3.79827907918125,2.6107313941670496
S0000164,process_aware,7.636625406249999,6.836958037305439
S0000165,process_aware,6.74062509325,6.183276569279686
S0000166,process_aware,21.214309114625003,21.538265698260325
S0000167,process_aware,7.5295718869375,9.168974213451872
S0000168,process_aware,13.5114383866875,13.402130288009634
S0000169,process_aware,8.61806701356875,10.214647806055554
S0000170,process_aware,4.994601188675,5.190175792264227
S0000171,process_aware,15.5166650596075,16.22272658428743
S0000172,process_aware,20.4009789345625,21.212852714908788
S0000173,process_aware,-0.7522673774249999,-1.1433967289261002
S0000174,process_aware,2.702021878775,3.11074243091655
S0000175,process_aware,9.16859604075,9.370265013349005
S0000176,process_aware,8.29158453146125,8.238584216586515
S0000177,process_aware,3.59827148590625,3.8722201647595753
S0000178,process_aware,2.47723928226875,2.7238044754732083
S0000179,process_aware,4.94174576979375,6.247509163799038
S0000180,process_aware,6.8271759814375,6.648106215903626
S0000181,process_aware,5.66698451946875,6.980645265818976
S0000182,process_aware,8.26738629275,9.453705069952608
S0000183,process_aware,3.3907268943625,3.7190583440173843
S0000184,process_aware,4.427840361875,5.246489703681161
S0000185,process_aware,88.773982716875,76.86877237021876
S0000186,process_aware,15.06088672948125,14.786665736283753
S0000187,process_aware,7.317886884125,7.532819750149883
S0000188,process_aware,5.420421167704375,5.337809492309168
S0000189,process_aware,6.25150055386875,7.314481279678011
S0000190,process_aware,23.32394546775,17.138741603908233
S0000191,process_aware,8.1257063915,6.265281325534344
S0000192,process_aware,13.08419510625,13.263483407794299
S0000193,process_aware,6.71586880235625,8.653861861514635
S0000194,process_aware,3.23881626475,3.428382578857792
S0000195,process_aware,10.8896901543125,12.87160364048388
S0000196,process_aware,71.6005807075,80.39259753519725
S0000197,process_aware,15.984244488937499,16.35222057832193
S0000198,process_aware,3.60009236095625,1.2449780543065319
S0000199,process_aware,12.7743767844375,10.153583608320718
S0000200,process_aware,55.376831280625,62.73288727694377
S0000201,process_aware,0.40417226181,1.2338046002369893
S0000202,process_aware,2.95272734291875,3.077004893289284
S0000203,process_aware,24.854702065625,22.658922786933456
S0000204,process_aware,37.2070516,33.85836525240678
S0000205,process_aware,25.38595846155,23.42420169209392
S0000206,process_aware,7.9822542413125,5.950501778837472
S0000207,process_aware,4.46825677664375,4.731337603510274
S0000208,process_aware,20.528241221875,19.020686745532032
S0000209,process_aware,18.4507797375,16.479174212172914
S0000210,process_aware,6.519660559031251,6.696993757486063
S0000211,process_aware,19.0573534136875,18.855422970071594
S0000212,process_aware,3.8248433895375,3.8072415305182896
S0000213,process_aware,3.88994129750625,4.575309313057741
S0000214,process_aware,2.5795021111375,2.557658318784688
S0000215,process_aware,7.9480159779125,6.8835251290102795
S0000216,process_aware,5.12539600570625,4.643786479703036
S0000217,process_aware,9.3898621349375,10.040764012862994
S0000218,process_aware,1.4701908791406249,1.5824350857827338
S0000219,process_aware,1.9983066831125,1.9911177002471232
S0000220,process_aware,2.16001390958125,2.756691704084414
S0000221,process_aware,60.3032077375,62.319784817017414
S0000222,process_aware,26.280288649375002,28.901032924835903
S0000223,process_aware,4.3445739063625,6.717966430886487
S0000224,process_aware,63.42256843875,62.08327279733855
S0000225,process_aware,4.09172168661875,4.531565477595358
S0000226,process_aware,14.9820104924375,15.035442410744206
S0000227,process_aware,23.749989436874998,21.685904161950976
S0000228,process_aware,0.7320930862849999,-1.216132854439798
S0000229,process_aware,19.9499933569375,19.100366092300295
S0000230,process_aware,12.8707732625625,15.41811403170251
S0000231,process_aware,2.464160936425,2.5135981320408796
S0000232,process_aware,38.24555460625,28.584228193720662
S0000233,process_aware,14.5102295763125,15.376141852396762
S0000234,process_aware,18.0085078798125,22.287731218030757
S0000235,process_aware,18.32859717675,19.207421574567295
S0000236,process_aware,5.91172199226875,7.059606607957744
S0000237,process_aware,5.750893046171875,6.136336399092972
S0000238,process_aware,3.72372111643125,3.288863311164956
S0000239,process_aware,2.58477277965,3.0417801562056055
S0000240,process_aware,7.03862966541875,6.528588402360777
S0000241,process_aware,4.89791066189375,4.794756691687908
S0000242,process_aware,32.88784214875,34.953748933035634
S0000243,process_aware,0.10021478712499998,4.158555247409661
S0000244,process_aware,5.4988817653124995,4.7424319674034185
S0000245,process_aware,8.4855129123125,7.722767674305641
S0000246,process_aware,7.90531632,9.709713952150665
S0000247,process_aware,20.63389864525,22.015115247756622
S0000248,process_aware,15.2790652140625,16.142279879813646
S0000249,process_aware,18.2004415088125,17.989603411350593
S0000250,process_aware,6.42829552385625,6.847578600420685
S0000251,process_aware,15.8973845810625,16.801457446903342
S0000252,process_aware,20.4193842350625,22.50611223822121
S0000253,process_aware,23.083423074125,18.240073421864317
S0000254,process_aware,3.98476309553125,3.426707641719456
S0000255,process_aware,15.0126463182125,12.70544046972583
S0000256,process_aware,2.81888957316875,3.7587858371073484
S0000257,process_aware,8.3380602856875,10.18327885210471
S0000258,process_aware,13.740095080125,13.430881895148772
S0000259,process_aware,0.13443488542687507,0.7461989417365874
S0000260,process_aware,27.568694049375,28.560978006248025
S0000261,process_aware,7.9769358661875,8.542808024303305
S0000262,process_aware,41.09940668125,33.355694841211275
S0000263,process_aware,4.1042489278625,4.262717757650743
S0000264,process_aware,0.17091732341750002,-0.7285178513557531
S0000265,process_aware,29.5104157275,31.276199267721733
S0000266,process_aware,12.437713181615624,12.050525442882652
S0000267,process_aware,27.6076629948125,26.26682159517536
S0000268,process_aware,83.788536018125,76.26350745071946
S0000269,process_aware,13.60339553725,13.067717014245172
S0000270,process_aware,16.9916866785,19.033003621710535
S0000271,process_aware,-4.6849194695,-0.2821403041455879
S0000272,process_aware,12.0769742581875,12.187063619773278
S0000273,process_aware,21.49110388163125,23.710639688158896
S0000274,process_aware,32.052776420625,35.16182832758712
S0000275,process_aware,47.877669235,50.6594810879278
S0000276,process_aware,8.870268809,8.821427411394872
S0000277,process_aware,1.76261573766875,1.793499599273091
S0000278,process_aware,9.4891283983125,8.885596838787773
S0000279,process_aware,12.474296103,12.937176724146976
S0000280,process_aware,6.21250563075,5.851149522992692
S0000281,process_aware,11.233464476125,12.677683158721837
S0000282,process_aware,26.025624586875,26.337170227319934
S0000283,process_aware,2.31254722399375,2.046475271360741
S0000284,process_aware,8.19463115163125,8.707607818580412
S0000285,process_aware,5.9873452245,6.230582440175962
S0000286,process_aware,30.895796223125,29.896640565604287
S0000287,process_aware,21.69623934225,22.9512724700183
S0000288,process_aware,24.40173168284375,21.38949284618931
S0000289,process_aware,11.1885487041875,12.287406781959627
S0000290,process_aware,14.7879974393125,14.098947590867052
S0000291,process_aware,14.911813898625,17.4052536538637
S0000292,process_aware,9.374935495125,9.151558302431589
S0000293,process_aware,20.227916288124998,21.30556629157392
S0000294,process_aware,4.83982299193125,5.224290730669152
S0000295,process_aware,3.757214186615,4.69883914836529
S0000296,process_aware,5.2891080918875,5.220869968181572
S0000297,process_aware,25.006911454125,26.64397988227064
S0000298,process_aware,15.7692575900625,15.676538941931904
S0000299,process_aware,3.8323249622875,2.748416904110604
S0000300,process_aware,1.1566374987049999,-0.0005337000577892152
S0000301,process_aware,11.3936591384375,12.096981203007775
S0000302,process_aware,12.125965944875,13.123426227690105
S0000303,process_aware,8.509794070375,9.09240375034825
S0000304,process_aware,5.1226473155625,5.196216183531049
S0000305,process_aware,35.462281155625,34.25944920577028
S0000306,process_aware,13.298215884874999,14.710894919282891
S0000307,process_aware,10.733600044374999,10.988695325159963
S0000308,process_aware,5.1847701390625005,5.19092629155957
S0000309,process_aware,21.16164666375,23.172753453047324
S0000310,process_aware,5.4016552054749996,5.591336465478383
S0000311,process_aware,7.6114501592499995,7.0189808598895
S0000312,process_aware,45.42598319125,52.153277037446344
S0000313,process_aware,2.921512566025,2.9306141703194215
S0000314,process_aware,3.37817527145,3.7632602557417862
S0000315,process_aware,5.254920803125,6.645308801356522
S0000316,process_aware,8.4452414140625,9.804664578894018
S0000317,process_aware,11.2681339494375,5.570609273697661
S0000318,process_aware,5.076199833356875,5.613218843370668
S0000319,process_aware,3.43786722395625,5.588488451794447
S0000320,process_aware,6.8798111124000005,7.0110077778958875
S0000321,process_aware,8.6421456310625,9.289492547353646
S0000322,process_aware,24.987761797,24.854669520393497
S0000323,process_aware,-1.53332896769375,-1.0718079966149834
S0000324,process_aware,9.908248386625,11.424889043902793
S0000325,process_aware,22.773667296875,22.203748250167536
S0000326,process_aware,17.881023994625,17.908374840566804
S0000327,process_aware,12.976558753125,12.159537869027236
S0000328,process_aware,6.0399959781625,5.380203412043071
S0000329,process_aware,1.7475379804312499,1.2484116391576896
S0000330,process_aware,13.658237407062499,13.17455572290578
S0000331,process_aware,18.9949487805,17.952727385084597
S0000332,process_aware,18.119354744375,16.816910544378544
S0000333,process_aware,3.9985283323750003,6.777059977482344
S0000334,process_aware,8.2848693948125,8.642652481687879
S0000335,process_aware,8.04505523142,7.67812851626978
S0000336,process_aware,7.7692805288125,7.808462167749543
S0000337,process_aware,9.346974879625,8.424056358163996
S0000338,process_aware,5.855108687284438,5.682875588082248
S0000339,process_aware,2.019743056475,2.48032441570373
S0000340,process_aware,9.120691741249999,9.9540542069834
S0000341,process_aware,8.4308222063125,7.69678867937767
S0000342,process_aware,28.60934175125,31.86338561079765
S0000343,process_aware,18.1177177514375,16.0358192895741
S0000344,process_aware,14.3725141966875,14.786192625977138
S0000345,process_aware,14.044697906,14.507609814314973
S0000346,process_aware,1.6455732878,2.026402329683486
S0000347,process_aware,5.81678461914375,5.499371254376686
S0000348,process_aware,1.2440434953875,2.219877297144881
S0000349,process_aware,1.61366461231875,2.1658413838883415
S0000350,process_aware,29.641275333125,31.30408427867136
S0000351,process_aware,10.87685710425,13.734054712660026
S0000352,process_aware,19.72571759106875,21.835096251708627
S0000353,process_aware,15.4051161365625,18.038660357098873
S0000354,process_aware,6.77865324025,6.517054975846592
S0000355,process_aware,13.00898467075,14.09591912617406
S0000356,process_aware,-0.5520362527000001,0.37924851995772974
S0000357,process_aware,5.42940794223125,5.8679699644741445
S0000358,process_aware,10.5945133306875,11.653405331134994
S0000359,process_aware,12.333234031375,11.488282309676944
S0000360,process_aware,10.2344313375,10.618781488660328
S0000361,process_aware,18.0247984805,26.649728678355622
S0000362,process_aware,10.631050576,9.652582801810532
S0000363,process_aware,5.9356250126687495,5.212162289039838
S0000364,process_aware,14.2511563225625,16.724669841031766
S0000365,process_aware,15.128520460499999,15.311037917355392
S0000366,process_aware,76.61104963875,78.97007304271128
S0000367,process_aware,3.5081168243125003,4.823696202323967
S0000368,process_aware,8.883080969125,8.223641640580139
S0000369,process_aware,9.70523147075,8.739175577457349
S0000370,process_aware,3.9955949669375,2.335490038117507
S0000371,process_aware,8.10768363368125,7.229451618862405
S0000372,process_aware,3.7733018384125,3.7692426307893707
S0000373,process_aware,2.18141847950625,2.840409416591652
S0000374,process_aware,11.566615264187499,13.204704416546411
S0000375,process_aware,18.3784955619375,18.775805497879688
S0000376,process_aware,8.9130065124375,8.244171962228238
S0000377,process_aware,19.866856829625,17.065766067646184
S0000378,process_aware,13.962196743562501,14.646899996713753
S0000379,process_aware,5.7947466646812495,6.234527635598775
S0000380,process_aware,62.864415272500004,55.17239790046134
S0000381,process_aware,4.93948589564375,5.324962128501261
S0000382,process_aware,41.560742535,33.67923215899411
S0000383,process_aware,9.36720311384375,10.108569070423568
S0000384,process_aware,4.91450520383125,4.260342042755247
S0000385,process_aware,4.58032849775625,5.273218478686236
S0000386,process_aware,5.4203248327,5.375771374056324
S0000387,process_aware,17.640344469687502,18.8039415303
S0000388,process_aware,13.6408963571875,12.062911763124392
S0000389,process_aware,15.5629871825,16.62108944529883
S0000390,process_aware,8.21753170403125,8.337951993475082
S0000391,process_aware,14.28155376671875,17.1783849493186
S0000392,process_aware,40.30643659375,28.973001240008863
S0000393,process_aware,26.593700653125,28.134962382686652
S0000394,process_aware,-2.40277434611875,-1.696183353107308
S0000395,process_aware,12.668653440625,10.612842432733554
S0000396,process_aware,3.7330253159625,6.776327645537659
S0000397,process_aware,6.04077215275,7.509283537801512
S0000398,process_aware,2.5762421316,2.3376533563143553
S0000399,process_aware,11.8592631800625,9.371574524611379
S0000400,process_aware,27.895629605,26.99488885902901
S0000401,process_aware,21.812943842812498,20.13725130764417
S0000402,process_aware,6.7068374058749995,5.890083583499742
S0000403,process_aware,9.877461044875,10.038230338113852
S0000404,process_aware,2.54969402628125,6.701847058725934
S0000405,process_aware,2.43230906804375,2.2274240073517872
S0000406,process_aware,5.0831862973124995,6.204621655374449
S0000407,process_aware,4.30472116401875,4.432489527384091
S0000408,process_aware,38.781059529375,36.50081473429987
S0000409,process_aware,9.1848790603125,10.224163996095395
S0000410,process_aware,4.5907652603125,4.9611893848636965
S0000411,process_aware,2.50940746856,2.5532206480676436
S0000412,process_aware,13.671251608125,11.292906373135725
S0000413,process_aware,1.18047633401875,1.136901440098491
S0000414,process_aware,9.913035204875,9.111954864472029
S0000415,process_aware,7.2804561434375,8.33068121376819
S0000416,process_aware,3.0459435146125,3.091764887736837
S0000417,process_aware,40.78948266125,34.63873889517898
S0000418,process_aware,-1.92528258683125,-0.8880834917742596
S0000419,process_aware,-0.73658420415,-1.1175094020756924
S0000420,process_aware,1.151294224325,1.3601302655912484
S0000421,process_aware,15.573689564875,15.418903817247914
S0000422,process_aware,5.27762763287875,5.473560954869872
S0000423,process_aware,6.05017126346875,5.717545891371399
S0000424,process_aware,4.3323511725,4.189489353807829
S0000425,process_aware,16.5776983311875,15.661037395540406
S0000426,process_aware,12.62194619575,12.614947043160873
S0000427,process_aware,4.12345580455625,5.908269950748314
S0000428,process_aware,26.482388426500002,25.532015949111464
S0000429,process_aware,-3.6829643680250004,-1.071364108245759
S0000430,process_aware,17.5827844458125,18.042683081081197
S0000431,process_aware,19.5195481396875,19.127758085504038
S0000432,process_aware,6.5711212339375,5.976158739585029
S0000433,process_aware,8.88854248425,10.439584795273484
S0000434,process_aware,-0.4734088082937501,-1.365361523154075
S0000435,process_aware,6.840910580275,9.906875925640337
S0000436,process_aware,18.78606691125,19.54078428665138
S0000437,process_aware,14.8580776756875,10.660519565159115
S0000438,process_aware,3.4046501131625,3.6251118829984543
S0000439,process_aware,14.5618145134375,14.393742130087299
S0000440,process_aware,6.1475066540625,6.851982739539953
S0000441,process_aware,4.810652835813125,3.2842692456601563
S0000442,process_aware,22.6623378076875,23.08312066273497
S0000443,process_aware,4.43595471607875,4.277689381125734
S0000444,process_aware,25.1327786538125,26.527391795092115
S0000445,process_aware,8.10539786725,6.970071628150242
S0000446,process_aware,3.2735474445625,2.657150911341456
S0000447,process_aware,9.71243280975,11.004287342979564
S0000448,process_aware,3.0611594895875,4.056165648828107
S0000449,process_aware,5.954268018625,7.983079796953047
S0000450,process_aware,13.7820490381875,13.917132652136306
S0000451,process_aware,9.4754752274375,11.242556367932224
S0000452,process_aware,12.2190980083125,13.677260436930776
S0000453,process_aware,4.238696211125,3.2266355535286335
S0000454,process_aware,1.384797703875,1.2723922017353841
S0000455,process_aware,9.1537042159375,9.73770209326376
S0000456,process_aware,53.150944736875005,50.76023867741819
S0000457,process_aware,8.5636297563125,11.69251932920457
S0000458,process_aware,15.502626422625,19.75958265037418
S0000459,process_aware,98.55869549875,79.22991187421165
S0000460,process_aware,49.117968133125,44.253635077094486
S0000461,process_aware,5.330190595925,8.227797937835387
S0000462,process_aware,17.659305103375,17.29389835063715
S0000463,process_aware,6.7167697093125005,6.722516026191212
S0000464,process_aware,29.103450108125,29.053309718836093
S0000465,process_aware,6.8552225718125,7.346465357052043
S0000466,process_aware,10.1547353794375,11.393397754557963
S0000467,process_aware,65.35117364875,71.4598869628407
S0000468,process_aware,7.930565175,8.5036165658875
S0000469,process_aware,4.3645354197,3.940876577232798
S0000470,process_aware,2.1790281453249998,1.8294098474572005
S0000471,process_aware,17.117975722375,15.793762565578557
S0000472,process_aware,14.9294235105,17.465867442915116
S0000473,process_aware,3.7162560968875002,3.9325859025226393
S0000474,process_aware,3.39796768494375,3.4865632493743073
S0000475,process_aware,14.6998448471875,15.211441209433385
S0000476,process_aware,35.205987246875,36.878267250134826
S0000477,process_aware,0.06669900565250007,-0.4679496402255791
S0000478,process_aware,11.2392168915,9.440022308474951
S0000479,process_aware,15.7230857791875,15.719677769567891
S0000480,process_aware,6.02322768135,5.754683685708357
S0000481,process_aware,10.1297256220625,8.849093465442508
S0000482,process_aware,23.40742323875,23.58418116044802
S0000483,process_aware,15.4627427435,16.482213810356868
S0000484,process_aware,10.736642152249999,10.567531914285079
S0000485,process_aware,12.1366730243125,11.89394108085651
S0000486,process_aware,6.8877174694375,8.871827451070692
S0000487,process_aware,7.280034881,7.1756144756464275
S0000488,process_aware,18.134358237125,14.606066947755213
S0000489,process_aware,30.778446561875,20.269548934602714
S0000490,process_aware,8.9298921710625,8.463251112289003
S0000491,process_aware,4.9958776021125,4.4638161750765315
S0000492,process_aware,15.7730556230625,13.564612191732273
S0000493,process_aware,9.47996618775,10.569633960951688
S0000494,process_aware,-2.631603560680625,-2.406207034199235
S0000495,process_aware,4.723199345875,6.256946296716586
S0000496,process_aware,27.432713896875,31.13413040539949
S0000497,process_aware,8.22052161398125,7.365459063882442
S0000498,process_aware,9.104140194175,5.688435712684789
S0000499,process_aware,-0.029369453181249946,-0.2062839787203089
S0000500,process_aware,12.1111072553125,11.904188658547481
S0000501,process_aware,8.5018165388125,8.374988038624421
S0000502,process_aware,3.49363803239375,3.8915693590665748
S0000503,process_aware,4.9315349171375,4.958032477256368
S0000504,process_aware,4.51530063233125,3.30876592000594
S0000505,process_aware,6.0683820047375,7.269413142257815
S0000506,process_aware,12.3949556990625,12.934335470545856
S0000507,process_aware,10.037070667937499,9.214502267726457
S0000508,process_aware,37.887518433125,37.94320704766305
S0000509,process_aware,3.6389782999125,3.9865505933800227
S0000510,process_aware,7.6848874989375,6.59255662342606
S0000511,process_aware,5.63473430756875,5.513111806847027
S0000512,process_aware,12.7126340486875,12.403656737541096
S0000513,process_aware,12.929596212125,11.587811270602213
S0000514,process_aware,13.6233541090625,18.711367311499988
S0000515,process_aware,19.7071842003125,19.727393881740106
S0000516,process_aware,17.5167047679375,18.029462184001805
S0000517,process_aware,15.1964745709375,14.389195432713974
S0000518,process_aware,4.08895748879375,4.4748897637213165
S0000519,process_aware,1.33886817650625,0.8717735620651126
S0000520,process_aware,24.91264448125,21.78599269156173
S0000521,process_aware,14.6817223106875,13.045123016542766
S0000522,process_aware,3.262814778056875,3.765980321424845
S0000523,process_aware,14.1479065368125,14.020494292847184
S0000524,process_aware,11.17064217236875,7.589785731067137
S0000525,process_aware,20.037554918375,18.356721725230543
S0000526,process_aware,19.687662615625,19.710909910650777
S0000527,process_aware,-1.084103520531875,-2.4560865493362223
S0000528,process_aware,1.6138741027375,1.8889101374344899
S0000529,process_aware,8.66775415194375,8.881089390625904
S0000530,process_aware,6.8547211725,7.550956597612894
S0000531,process_aware,10.557054057875,9.68246354875178
S0000532,process_aware,14.4153168436875,13.670561308957598
S0000533,process_aware,8.1129772766875,8.286372549324945
S0000534,process_aware,34.123544024375,48.85701685121215
S0000535,process_aware,5.65888248283125,5.902514380120293
S0000536,process_aware,5.078311215075,5.029228004649018
S0000537,process_aware,25.901166248125,26.305288475494237
S0000538,process_aware,9.679318154125,8.468127638174963
S0000539,process_aware,29.717473909375002,27.019985843840818
S0000540,process_aware,13.5605280173125,13.412434123342216
S0000541,process_aware,3.724242109431875,2.2590599872003128
S0000542,process_aware,12.2756822030625,11.644397806421544
S0000543,process_aware,12.20798560025,14.207358896013929
S0000544,process_aware,4.2268606365,4.829898321670409
S0000545,process_aware,9.3445272243375,12.053879019885214
S0000546,process_aware,26.4383243840125,22.697169107173178
S0000547,process_aware,20.0414181625,19.940734997740634
S0000548,process_aware,0.10235336080625004,-0.05861182343044876
S0000549,process_aware,7.43109569630625,7.822831714227458
S0000550,process_aware,7.4875788310625,7.69539288282027
S0000551,process_aware,4.21118288280625,3.481577162084973
S0000552,process_aware,0.6312690510143125,-0.6120207087472169
S0000553,process_aware,8.3661354031875,8.478877329814377
S0000554,process_aware,14.3330318743125,14.217519863941604
S0000555,process_aware,0.17977288891874982,3.0145514463804544
S0000556,process_aware,2.69579063201875,3.0004074503288085
S0000557,process_aware,6.72748020375,8.31602709088898
S0000558,process_aware,5.70330421658125,7.432571837769076
S0000559,process_aware,3.276956298994375,3.7856854301953775
S0000560,process_aware,7.96981870840625,9.088589259285047
S0000561,process_aware,8.6777385159375,8.038075139360384
S0000562,process_aware,18.565164165,17.39381464166689
S0000563,process_aware,16.098614090875,14.594073569912725
S0000564,process_aware,7.9460513934562504,7.973047925415616
S0000565,process_aware,18.358790906625,16.518512864717238
S0000566,process_aware,6.64314773180625,6.5899188788578895
S0000567,process_aware,20.322181488125,18.701035705177677
S0000568,process_aware,21.2028223806875,23.215164889379857
S0000569,process_aware,6.306399671625,5.522016605994332
S0000570,process_aware,48.72005488125,61.86576266048884
S0000571,process_aware,17.812771980625,17.71219349791732
S0000572,process_aware,7.5944028126875,6.29768631431995
S0000573,process_aware,7.9087537830125,6.81488843097646
S0000574,process_aware,1.218580407208125,0.3971285786856058
S0000575,process_aware,5.998450362971,6.930246394033679
S0000576,process_aware,8.7404451053125,10.255171031655145
S0000577,process_aware,6.575731522625,6.864906152698391
S0000578,process_aware,11.3800765585375,11.464996230038382
S0000579,process_aware,10.338841506,12.26763430587708
S0000580,process_aware,38.19703755125,37.33953180772522
S0000581,process_aware,6.8453243275,7.6646370235872325
S0000582,process_aware,6.6539194740375,6.094332187596513
S0000583,process_aware,18.360393942375,18.603569139231638
S0000584,process_aware,22.12584165375,20.941931676292064
S0000585,process_aware,8.981262953,8.729440136393166
S0000586,process_aware,27.4734241625,24.333936739075813
S0000587,process_aware,4.01191382180625,1.9909252931057808
S0000588,process_aware,0.36674064361875014,0.9202761042468199
S0000589,process_aware,9.1625022257625,3.254902702811764
S0000590,process_aware,8.97918334885625,8.264663247556635
S0000591,process_aware,9.3884073145625,9.142031379270461
S0000592,process_aware,8.0359392695625,6.215413151212063
S0000593,process_aware,25.799985023125,28.164334664195664
S0000594,process_aware,3.244543720125,3.109692231526142
S0000595,process_aware,16.99183258625,15.977893840283059
S0000596,process_aware,10.188172272625,8.75339736814972
S0000597,process_aware,8.215944188515,7.217060096960648
S0000598,process_aware,1.888961682925,1.5475094322145564
S0000599,process_aware,6.3514916671875,5.658372849911928
S0000600,process_aware,-1.0920326231568749,-0.9270254535924668
S0000601,process_aware,20.441340556875,20.03487919091007
S0000602,process_aware,2.04891198514375,1.9312500316242198
S0000603,process_aware,2.6001907280687497,1.0358700254659974
S0000604,process_aware,28.650697220625002,31.97552604563541
S0000605,process_aware,26.1055348966875,25.274246850837105
S0000606,process_aware,9.0173270856875,8.965201025521202
S0000607,process_aware,17.3465402975,18.963987324037262
S0000608,process_aware,7.927039755025,9.420062912077032
S0000609,process_aware,47.2348321625,53.31556176618615
S0000610,process_aware,-0.79024468330625,-0.3321667730415271
S0000611,process_aware,0.56253995229375,1.4836218373042278
S0000612,process_aware,17.3889896239375,18.32031173726487
S0000613,process_aware,13.6550684305625,13.500176224427257
S0000614,process_aware,8.5695465495125,9.214488930476575
S0000615,process_aware,16.0432598358125,15.724978946949651
S0000616,process_aware,20.2182264234375,24.46876369878571
S0000617,process_aware,54.834093261875,46.60767726523002
S0000618,process_aware,7.18638552075,6.106774504686848
S0000619,process_aware,9.9823993430625,10.391496493709928
S0000620,process_aware,1.32403986125625,1.7146321429644125
S0000621,process_aware,14.0138847491875,14.216489392421968
S0000622,process_aware,8.527578025,9.59274414227497
S0000623,process_aware,10.2510621519375,15.185993999765051
S0000624,process_aware,27.17450059,26.91960049335969
S0000625,process_aware,0.31038980037375,0.05380251812836388
S0000626,process_aware,6.36658897325,5.74530840164754
S0000627,process_aware,15.938518699,15.306161446722168
S0000628,process_aware,6.0331569246875,6.885554648143887
S0000629,process_aware,69.792023648125,74.14817364391291
S0000630,process_aware,31.7108903175,31.903271780787318
S0000631,process_aware,6.3448682769375,7.040487002611097
S0000632,process_aware,1.851855504823125,2.6103316940787225
S0000633,process_aware,5.8482331069999995,7.153082264294154
S0000634,process_aware,32.0362977575,32.11513742737307
S0000635,process_aware,39.500130650625,37.230316567538985
S0000636,process_aware,1.91376984690625,1.752207201930853
S0000637,process_aware,20.5011184325,20.365663750094
S0000638,process_aware,7.855534959375,6.349531167120344
S0000639,process_aware,7.28719230516875,7.455970745562452
S0000640,process_aware,11.2232780345625,12.033209162845413
S0000641,process_aware,7.45304549628125,7.12999904114553
S0000642,process_aware,-1.3459453169375,-0.8295490211307884
S0000643,process_aware,25.01388168625,20.234701424617253
S0000644,process_aware,15.7150387055625,17.11669971782905
S0000645,process_aware,4.051107524443751,5.103634370487707
S0000646,process_aware,3.62823101875,3.347568771975592
S0000647,process_aware,4.4120304646625,4.998649491306176
S0000648,process_aware,1.6524511184000001,1.9357891380112142
S0000649,process_aware,7.0039678026125,7.917793949982585
S0000650,process_aware,9.83783545975,10.20929901982287
S0000651,process_aware,14.6310530939375,14.624643101085047
S0000652,process_aware,11.6273945231875,11.805729872086559
S0000653,process_aware,9.45034786275,8.412385997942966
S0000654,process_aware,2.1989063163124998,2.323176027974571
S0000655,process_aware,26.34263392625,28.473427134543805
S0000656,process_aware,9.8830023816875,11.092282486872362
S0000657,process_aware,3.43588538623125,4.448983571377812
S0000658,process_aware,20.529784679375,19.134315783477856
S0000659,process_aware,8.2122755784375,10.295413417726321
S0000660,process_aware,3.9227315722375002,5.890140127276207
S0000661,process_aware,33.62889234925,33.677356856677
S0000662,process_aware,10.062131264875,9.915841340858439
S0000663,process_aware,13.21980953275,13.806981509965778
S0000664,process_aware,27.3725202475,27.237082268246954
S0000665,process_aware,13.84260847425,14.236117791958002
S0000666,process_aware,6.7919864151125005,7.499317168617779
S0000667,process_aware,3.228604242475,4.238704086541307
S0000668,process_aware,9.856876536049999,9.824468100149579
S0000669,process_aware,10.904861472724999,12.965227601583196
S0000670,process_aware,3.102311524025,2.7061381856222373
S0000671,process_aware,2.3777366393562502,0.6130926109781474
S0000672,process_aware,3.357196312325,4.164972589601333
S0000673,process_aware,5.05917363561875,5.257802387501048
S0000674,process_aware,18.79607144506875,12.510757276066867
S0000675,process_aware,8.51528740469375,7.095069119645628
S0000676,process_aware,6.2351518269187505,7.457762842564415
S0000677,process_aware,6.043342307875,6.2377379290286035
S0000678,process_aware,0.66752447493,0.3138038895047106
S0000679,process_aware,26.9980967498125,29.955911508126174
S0000680,process_aware,5.79834039624375,5.8637291204355675
S0000681,process_aware,11.2393886381875,11.509859620678611
S0000682,process_aware,10.0611236351875,10.798219533995898
S0000683,process_aware,23.6239953629375,24.58774173195984
S0000684,process_aware,7.1866569759375,8.083680231956556
S0000685,process_aware,4.1511416255625,4.658867078822019
S0000686,process_aware,15.85512146006875,19.664647704829907
S0000687,process_aware,8.4729840422,2.1978127336403714
S0000688,process_aware,92.380454051875,70.80194726274797
S0000689,process_aware,10.3297128398875,9.169720893737045
S0000690,process_aware,7.13523603618125,5.155995375549292
S0000691,process_aware,14.214257002375,15.183191362451929
S0000692,process_aware,11.74362080800625,11.577582045471724
S0000693,process_aware,10.88153524373125,9.386457582457535
S0000694,process_aware,11.2598859195625,10.238034187749994
S0000695,process_aware,30.0729266725,27.043243302618503
S0000696,process_aware,8.59532206775,7.9818501705720815
S0000697,process_aware,19.161400790625,22.18859837416255
S0000698,process_aware,5.32536942021875,5.5152839195201375
S0000699,process_aware,4.6590637734375004,6.416079033291731
S0000700,process_aware,18.046334611,17.94219223500011
S0000701,process_aware,39.297131863125,40.636194704550796
S0000702,process_aware,68.425812689375,49.01994181099244
S0000703,process_aware,12.4762019361875,12.739502612451064
S0000704,process_aware,4.4480476459875,4.260515276200263
S0000705,process_aware,6.306950142375,5.739358727464935
S0000706,process_aware,4.687296353625,4.839064046875468
S0000707,process_aware,7.672513696825,7.492079636836675
S0000708,process_aware,18.179741422875,19.11683704136141
S0000709,process_aware,19.728729438125,19.762274719417086
S0000710,process_aware,9.0267583939875,6.053219761542742
S0000711,process_aware,-2.08424573446875,-1.7715839458292213
S0000712,process_aware,15.994164643,13.393174093683491
S0000713,process_aware,5.6788532555625,6.4325610776792645
S0000714,process_aware,31.989116038124997,29.086646846735608
S0000715,process_aware,8.8450896170625,9.014638013214027
S0000716,process_aware,1.55185368980625,1.9826463969087973
S0000717,process_aware,18.7150797396875,16.334525017499054
S0000718,process_aware,-3.49485045555625,-0.2972621475879862
S0000719,process_aware,6.78185473560625,6.979239210023351
S0000720,process_aware,4.8081043645,4.696830103707926
S0000721,process_aware,21.0897284998125,24.167005978717153
S0000722,process_aware,0.23020970826874987,1.1470916761744812
S0000723,process_aware,14.4230497825,13.701770998679066
S0000724,process_aware,9.893420553,9.574872101841502
S0000725,process_aware,30.979495615624998,23.96311831229615
S0000726,process_aware,16.5048841375,17.563642523586154
S0000727,process_aware,29.4016547958125,29.792870259254844
S0000728,process_aware,1.625436665349375,1.9198247217243407
S0000729,process_aware,11.4699708593,10.240725749373413
S0000730,process_aware,3.3641605910625,2.997366612786143
S0000731,process_aware,19.6131231709375,20.18093451260756
S0000732,process_aware,4.41209001579375,5.306943831980783
S0000733,process_aware,25.0874848743125,28.937981178164236
S0000734,process_aware,32.341824724375,41.51644372164354
S0000735,process_aware,18.94965812925,17.91672583725831
S0000736,process_aware,8.8474668865625,8.616970800711622
S0000737,process_aware,40.801269938125,65.0341011231504
S0000738,process_aware,8.41930815325,8.999475876165585
S0000739,process_aware,1.99666938642625,2.2134102996214686
S0000740,process_aware,2.76979850166875,2.694651638662493
S0000741,process_aware,7.1722432394375,7.714433883470126
S0000742,process_aware,19.077218284375,18.379741585010535
S0000743,process_aware,9.3130651376875,8.54683380321868
S0000744,process_aware,2.4122582693875003,3.230405167232393
S0000745,process_aware,-1.0362000258375,-0.7382079263726562
S0000746,process_aware,6.2253339206875005,8.916117534399856
S0000747,process_aware,5.5047939541875,5.089324560553076
S0000748,process_aware,12.2185042939375,12.1479628866568
S0000749,process_aware,8.19387994695625,8.232467668708818
S0000750,process_aware,8.1422807235625,7.414945384032578
S0000751,process_aware,7.91778746683125,6.939092795236778
S0000752,process_aware,9.79375204925,10.274039563171053
S0000753,process_aware,0.360905470411875,-0.17180076377385883
S0000754,process_aware,17.47947695925,19.89950599492902
S0000755,process_aware,11.913342179812501,11.25248101352441
S0000756,process_aware,3.3766310702375,3.7108630823813726
S0000757,process_aware,30.4267462625,33.652993399393765
S0000758,process_aware,8.19306595725,6.950521669540066
S0000759,process_aware,5.02474104725625,3.6511910442937294
S0000760,process_aware,6.3348189998125,8.063391730057075
S0000761,process_aware,16.2972545863125,18.983099794262788
S0000762,process_aware,20.0113037081875,20.546533638961687
S0000763,process_aware,8.8396558690625,7.036888036065334
S0000764,process_aware,6.5535922023125,5.969132874366572
S0000765,process_aware,8.6161278694375,8.485684282354299
S0000766,process_aware,14.013429000624999,17.97492447874511
S0000767,process_aware,4.259897024343751,4.631472377340422
S0000768,process_aware,23.326654960625,24.414936466812627
S0000769,process_aware,12.7163848059375,12.280689206836954
S0000770,process_aware,11.6245027604375,10.36013908935888
S0000771,process_aware,5.42935648999375,5.28092044863631
S0000772,process_aware,7.24564904365625,7.000242573065861
S0000773,process_aware,89.92622187125001,73.33119707889874
S0000774,process_aware,6.9693549493125,6.98905868952276
S0000775,process_aware,14.80089294625,14.956398815242103
S0000776,process_aware,5.2280593203875,4.1319624456705455
S0000777,process_aware,7.7704987929375005,7.490204728019833
S0000778,process_aware,30.153590933125,31.538757621995938
S0000779,process_aware,11.5096493914375,12.617901148169997
S0000780,process_aware,1.6117164828125,2.065226472923736
S0000781,process_aware,69.81340390875,92.24125545024594
S0000782,process_aware,20.4110025855875,21.96430823119261
S0000783,process_aware,7.7552432359375,9.001693761101048
S0000784,process_aware,24.767288438125,28.078874113778166
S0000785,process_aware,14.773695264875,15.693854684115243
S0000786,process_aware,17.1637202753125,18.62621692042046
S0000787,process_aware,5.26812202985,4.58618883246019
S0000788,process_aware,4.36452167245375,5.915296516806761
S0000789,process_aware,10.844274029,11.91025849906758
S0000790,process_aware,15.7666517458125,15.703589247369633
S0000791,process_aware,7.2652688768125,7.942847696356907
S0000792,process_aware,10.7600279980625,10.92930768554583
S0000793,process_aware,16.6734695536875,15.73946622300735
S0000794,process_aware,7.6711059304375,9.579782397219784
S0000795,process_aware,12.770480739375,13.073122410610093
S0000796,process_aware,21.9656860039375,20.325164049186544
S0000797,process_aware,7.2368909448125,8.194561217499642
S0000798,process_aware,2.86489432794,3.153611265598771
S0000799,process_aware,10.3288076678325,9.641682949914435
S0000800,process_aware,13.566776971625,13.837184439978802
S0000801,process_aware,21.1922154845,21.14038873115427
S0000802,process_aware,12.3083145652,14.76695863075242
S0000803,process_aware,6.5429600167499995,6.35186721970133
S0000804,process_aware,6.26258626112375,4.414583119722843
S0000805,process_aware,15.547048412581251,18.079109651161883
S0000806,process_aware,6.69425735510625,6.848222324114003
S0000807,process_aware,12.2028102873875,14.464001300982547
S0000808,process_aware,-1.5919926715625001,-2.4386207314571156
S0000809,process_aware,1.4485250967875,1.2737117430850735
S0000810,process_aware,26.3953993510625,19.40643541698251
S0000811,process_aware,7.8534072085625,8.058135002844704
S0000812,process_aware,12.015859345875,14.33994332379818
S0000813,process_aware,32.3720565075,44.37708544935422
S0000814,process_aware,33.19698615,29.182799556252736
S0000815,process_aware,6.1272929053750005,7.471225816121896
S0000816,process_aware,4.23583458639375,3.9419562782617152
S0000817,process_aware,3.8644060041875,3.902667549413099
S0000818,process_aware,1.2595802156625,2.4624253430374594
S0000819,process_aware,2.9186085555625,3.345005946173855
S0000820,process_aware,22.08401225175,17.968329074483748
S0000821,process_aware,5.1548347635375,5.874818344027117
S0000822,process_aware,3.26342373585625,4.491176842287084
S0000823,process_aware,33.33800013,36.78514897372273
S0000824,process_aware,2.6235164269625,2.764258256611748
S0000825,process_aware,10.461374768321875,10.76334273842345
S0000826,process_aware,8.5906988779375,9.551180321660803
S0000827,process_aware,8.25327708925,9.387714758935244
S0000828,process_aware,7.355898752175,7.413028062307749
S0000829,process_aware,11.6383052559375,11.929672186024538
S0000830,process_aware,51.7502209125,64.36369228208113
S0000831,process_aware,7.9573665201875,8.779731514280174
S0000832,process_aware,11.53337993131875,10.49735912406638
S0000833,process_aware,12.845495125875,12.727117430503757
S0000834,process_aware,7.17820340179375,8.633198101870503
S0000835,process_aware,3.05326565808125,3.42539000206727
S0000836,process_aware,16.45530279575,14.427333225475866
S0000837,process_aware,18.439321908125,17.690472530640758
S0000838,process_aware,26.056046431875,20.936442069423258
S0000839,process_aware,62.232025595,77.50224601026062
S0000840,process_aware,12.38803063785625,13.026224169013897
S0000841,process_aware,17.4869399175,18.81916977090573
S0000842,process_aware,27.474464535,28.17902000722048
S0000843,process_aware,7.51735481756875,6.510353678087088
S0000844,process_aware,2.114411414665,2.7824265062317215
S0000845,process_aware,27.10520587125,24.51516691220436
S0000846,process_aware,10.674324623124999,9.035509596180077
S0000847,process_aware,2.5233997495875,2.579260911586934
S0000848,process_aware,12.0893775200625,14.32079830108685
S0000849,process_aware,10.379048862625,10.02826620465199
S0000850,process_aware,33.219925655625,29.407389550055484
S0000851,process_aware,16.3723122629375,15.766991496855473
S0000852,process_aware,32.249143131875,34.220993336244305
S0000853,process_aware,8.678043372368125,10.485363716640565
S0000854,process_aware,-3.670663099535625,-1.2124313731231597
S0000855,process_aware,8.615294636493125,7.556607449849597
S0000856,process_aware,2.846476879169375,2.3233466066002837
S0000857,process_aware,14.711182542875001,13.020132886330222
S0000858,process_aware,17.909729032999998,17.776548506237667
S0000859,process_aware,8.20513599025,9.355118677752175
S0000860,process_aware,8.1238416541875,9.005403444897643
S0000861,process_aware,12.4382847660125,10.842964179021576
S0000862,process_aware,14.154331076875,15.83717160718616
S0000863,process_aware,1.0112437305625,2.5341687887331474
S0000864,process_aware,4.543207108875,4.031053430662211
S0000865,process_aware,-1.27048209849375,-0.34949339972568044
S0000866,process_aware,11.941084455,9.740355346494676
S0000867,process_aware,5.8313258461875,5.848259851431692
S0000868,process_aware,35.737000675625,34.55352533332651
S0000869,process_aware,4.3269796543125,2.069885430864645
S0000870,process_aware,16.384225004125,16.9421973656744
S0000871,process_aware,15.1221872913125,14.24073658308773
S0000872,process_aware,14.709039970625,14.155235600121506
S0000873,process_aware,37.34114836125,43.15163995791631
S0000874,process_aware,7.0518156851125005,6.749649227683487
S0000875,process_aware,2.89658928276875,2.61207737977312
S0000876,process_aware,100.20820937375001,73.78508858964665
S0000877,process_aware,7.7969898392625,7.69250787543987
S0000878,process_aware,8.21925608616875,8.06187445803842
S0000879,process_aware,11.6811347211875,13.500565133439881
S0000880,process_aware,7.6875075119375005,9.207194319833336
S0000881,process_aware,2.881166922575,3.9879181903019583
S0000882,process_aware,3.499769757029375,3.8612540776842663
S0000883,process_aware,24.217325815625,24.190406701857306
S0000884,process_aware,14.23573205739375,12.063820535485416
S0000885,process_aware,11.736954915175,9.831345746218616
S0000886,process_aware,5.8155387169812505,5.230333572249744
S0000887,process_aware,28.288606841875,23.362142010362792
S0000888,process_aware,10.02212104855,10.355499955123927
S0000889,process_aware,4.36607927278125,3.706964774760237
S0000890,process_aware,6.14241929475,5.666131424333458
S0000891,process_aware,1.83195821165,3.045716253641374
S0000892,process_aware,0.4252571779475,1.918228939782545
S0000893,process_aware,10.4347050175625,15.099933270138683
S0000894,process_aware,57.19799130125,61.83016241050822
S0000895,process_aware,-0.43816085314437503,-0.45457906203879694
S0000896,process_aware,3.3548915554375,3.7053902321665246
S0000897,process_aware,7.56271819356875,6.964090046743059
S0000898,process_aware,1.850479761875,1.7586332132080986
S0000899,process_aware,14.539557185375001,14.542622265866072
S0000900,process_aware,38.746062243125,36.107915348178956
S0000901,process_aware,26.561549713125,26.3574323478904
S0000902,process_aware,23.56271132,22.17916426914243
S0000903,process_aware,16.8859436570625,15.133091859899205
S0000904,process_aware,-1.08569805369375,-2.145682845581931
S0000905,process_aware,3.113726706875,3.168684015439296
S0000906,process_aware,34.034876143125,33.59059577276007
S0000907,process_aware,5.4427347595625,4.385637494913748
S0000908,process_aware,10.49086519475,7.708305658362909
S0000909,process_aware,21.787476753187498,13.899094705552567
S0000910,process_aware,41.06707266625,39.769902104525876
S0000911,process_aware,1.6746094358,1.943968974743511
S0000912,process_aware,5.83368496328125,6.240783663639205
S0000913,process_aware,2.16463575061875,3.123020453142045
S0000914,process_aware,66.985885934375,57.468257423186955
S0000915,process_aware,4.32160435946875,5.6192440449015
S0000916,process_aware,6.5807542628125,6.288489198170808
S0000917,process_aware,11.7611382903125,13.532388625711231
S0000918,process_aware,8.138200115625,9.747615007831872
S0000919,process_aware,0.04209494614375017,1.000918937678924
S0000920,process_aware,7.0059217143125,5.93746865881376
S0000921,process_aware,3.6155463973099997,2.7336552821874727
S0000922,process_aware,4.131810017675625,4.193895920786172
S0000923,process_aware,8.928414519375,9.121020790679278
S0000924,process_aware,7.886936299,6.728210610632439
S0000925,process_aware,25.01166779625,25.667277789298442
S0000926,process_aware,1.08649428530625,5.6702355248868015
S0000927,process_aware,1.1511114008625,1.6073992705949027
S0000928,process_aware,12.758864587125,12.775296321377562
S0000929,process_aware,-1.37547802655625,-1.8381287261301171
S0000930,process_aware,22.483091763875,19.48134280402982
S0000931,process_aware,74.204779543125,88.09824182113304
S0000932,process_aware,12.04632118841875,10.921005529436702
S0000933,process_aware,2.31867756710625,2.5820461611637793
S0000934,process_aware,4.4385845884999995,3.779616569478632
S0000935,process_aware,5.09400282665625,6.339266198722615
S0000936,process_aware,3.946405129325,3.3137699071635773
S0000937,process_aware,5.324189405810625,5.2677684482757
S0000938,process_aware,14.518860746375,14.256449943435316
S0000939,process_aware,9.5313099583125,8.682922717389761
S0000940,process_aware,8.1371869970625,8.556245440399247
S0000941,process_aware,9.785763595168751,9.885791285612303
S0000942,process_aware,12.64962695375,11.685316042388457
S0000943,process_aware,1.63016763310625,2.3715256990305176
S0000944,process_aware,8.015563148125,8.682596828238768
S0000945,process_aware,8.388261010499999,9.113062572956112
S0000946,process_aware,43.781989830625,45.10827698274479
S0000947,process_aware,6.01123588425,6.483922264323338
S0000948,process_aware,20.186030749775,18.645933951558188
S0000949,process_aware,10.04610658725,10.336569426948799
S0000950,process_aware,10.0993789195,11.311513363324574
S0000951,process_aware,9.26197150895,8.413778541660093
S0000952,process_aware,12.278991351125,14.218079050826434
S0000953,process_aware,7.9397682320625,8.686463419105342
S0000954,process_aware,3.29796536126875,3.0886597902881854
S0000955,process_aware,3.4777238235750003,3.2878278823341622
S0000956,process_aware,7.6804365449625,7.300570844585851
S0000957,process_aware,23.20014820325,27.31576214773294
S0000958,process_aware,5.52876847875,6.4577532168300005
S0000959,process_aware,19.48135162125,18.923682452190448
S0000960,process_aware,11.853664317175,11.443350256012238
S0000961,process_aware,108.470777275,81.61277228681561
S0000962,process_aware,9.3683074841875,11.10944166543481
S0000963,process_aware,21.049118169125,19.281203124947467
S0000964,process_aware,3.20570639445,3.5145861246072894
S0000965,process_aware,8.7807831353125,9.275521037021345
S0000966,process_aware,12.8439393919375,14.011945797779324
S0000967,process_aware,6.2064744323625005,6.400165140742157
S0000968,process_aware,6.4339077225625,6.174089580718993
S0000969,process_aware,14.826745028625,15.762463344787367
S0000970,process_aware,0.38805127276249995,-0.359571815571047
S0000971,process_aware,37.7073872975,38.651510632529614
S0000972,process_aware,32.42683509875,35.701832121775105
S0000973,process_aware,7.1880671035625,7.221310923096017
S0000974,process_aware,1.059538646121875,0.5553302329021998
S0000975,process_aware,6.475075054853125,5.433511156668149
S0000976,process_aware,24.747489559999998,25.790839493498417
S0000977,process_aware,12.553721217875001,9.213562148066359
S0000978,process_aware,1.6140434459245625,1.4594227179180537
S0000979,process_aware,22.813050899874998,19.151820699713394
S0000980,process_aware,16.1123467158125,15.409356826896083
S0000981,process_aware,7.908551290375,8.124835825511353
S0000982,process_aware,4.0009827410625,3.930197560736523
S0000983,process_aware,8.33835759791875,9.058019008297038
S0000984,process_aware,8.137684415375,7.26275703931859
S0000985,process_aware,5.4047692237425,10.81125759199943
S0000986,process_aware,3.01711394846875,3.0528004973955722
S0000987,process_aware,3.715895633079375,2.911468100386362
S0000988,process_aware,3.64194270711875,3.6845914295070656
S0000989,process_aware,4.2131214999875,4.194837642290196
S0000990,process_aware,12.0051083988125,12.470168608584844
S0000991,process_aware,92.514036035625,84.01616840672989
S0000992,process_aware,1.368061501125,1.0560288137266858
S0000993,process_aware,2.93067876501875,2.278712713713259
S0000994,process_aware,-0.37868902368999996,-0.07244574324297835
S0000995,process_aware,33.132173415625,35.45570413447259
S0000996,process_aware,4.10080150025,4.04794331474618
S0000997,process_aware,22.43740381125,21.505509306677745
S0000998,process_aware,2.5084332079475002,2.723144352075774
S0000999,process_aware,24.694343570625,25.508208732431612
S0001000,process_aware,6.26623413885625,6.647239357991664
S0001001,process_aware,5.8320076641875005,5.146688789177322
S0001002,process_aware,17.555448361875,17.570008783334142
S0001003,process_aware,7.98073653798125,9.301336156964178
S0001004,process_aware,9.441227527625,9.215852615910991
S0001005,process_aware,8.2827339554375,7.390178480328619
S0001006,process_aware,5.26099096205,5.358948107134563
S0001007,process_aware,6.34934045165625,7.533655015260794
S0001008,process_aware,15.601251753875,21.354022727508315
S0001009,process_aware,6.3181221246875,7.1081090466721495
S0001010,process_aware,32.59082690375,26.36133296646829
S0001011,process_aware,4.8486832891875,6.253929040368095
S0001012,process_aware,9.11163308718125,9.655444571972385
S0001013,process_aware,11.94103102175,11.833068071030004
S0001014,process_aware,12.55542496901875,12.863919107200505
S0001015,process_aware,21.1269308433125,22.741715656095124
S0001016,process_aware,10.1183512243125,10.403913474343256
S0001017,process_aware,6.78229434268125,7.850682661764255
S0001018,process_aware,24.140176545625,24.504099736370105
S0001019,process_aware,37.731614328125,35.113255119975854
S0001020,process_aware,2.484844245,3.2454434448703635
S0001021,process_aware,21.065274226,21.958119601819575
S0001022,process_aware,4.5685648675,5.219229411083861
S0001023,process_aware,5.2204243866625,6.802944499163559
S0001024,process_aware,2.32577841360875,3.095302962655911
S0001025,process_aware,14.270802817125,14.265242743573117
S0001026,process_aware,8.278511453,8.333967566729942
S0001027,process_aware,-0.71964759433,-2.921081501695104
S0001028,process_aware,7.20207208664375,7.241412254997902
S0001029,process_aware,17.5398439884375,19.9912975013577
S0001030,process_aware,2.5266757584375,2.1164863144709405
S0001031,process_aware,3.3577458238749998,3.835250631552863
S0001032,process_aware,3.24819314094375,2.5352260149946084
S0001033,process_aware,8.0695181830625,7.814882488565992
S0001034,process_aware,6.8912012124375,7.130275482178774
S0001035,process_aware,9.8817116944375,8.867848265465689
S0001036,process_aware,5.84751362789375,6.157811573230113
S0001037,process_aware,34.263766071875,31.461822056200454
S0001038,process_aware,42.74741844375,45.40830309693384
S0001039,process_aware,7.45463470480625,5.636587205576611
S0001040,process_aware,3.11590288835,3.148408985530978
S0001041,process_aware,-3.492784598875,-2.692152473747273
S0001042,process_aware,7.63344958238125,7.780044673918718
S0001043,process_aware,7.2296432274999995,9.923677284687514
S0001044,process_aware,13.167399933875,14.389125784173455
S0001045,process_aware,11.14983619425,13.725294510278374
S0001046,process_aware,13.1817706125625,12.906956795319022
S0001047,process_aware,50.311041403125,54.70467975702941
S0001048,process_aware,6.7567997680375,6.577160833093224
S0001049,process_aware,20.4477645444375,20.352580110686567
S0001050,process_aware,3.2650695975,2.888558487832436
S0001051,process_aware,14.2563945758125,14.821908450541109
S0001052,process_aware,5.650794788125,5.508002045003304
S0001053,process_aware,14.618255550375,15.457357038115724
S0001054,process_aware,92.015695913125,74.31419564879792
S0001055,process_aware,5.47981332585625,3.913958829160595
S0001056,process_aware,8.9572968125375,8.389912968404783
S0001057,process_aware,26.43440758625,26.241308032894505
S0001058,process_aware,8.492692435968749,9.277217323288658
S0001059,process_aware,7.389205157634375,7.8678610629985135
S0001060,process_aware,10.13045610898125,11.80449772838353
S0001061,process_aware,16.564428276375,16.829525013801227
S0001062,process_aware,16.9979910195,17.62307890423769
S0001063,process_aware,10.8368197006875,11.360886558994796
S0001064,process_aware,15.4541525549375,14.262321367550847
S0001065,process_aware,19.823643782375,21.63736399932452
S0001066,process_aware,-2.23203630088125,-0.2865186230778478
S0001067,process_aware,7.3788069453625,8.278134930673268
S0001068,process_aware,-2.0714582661125,-0.6364076865257431
S0001069,process_aware,2.9937749092906247,3.0976005431574314
S0001070,process_aware,28.809151989375,29.229807721592117
S0001071,process_aware,33.235397720375,35.54607915012675
S0001072,process_aware,4.52844918305625,5.078724765989396
S0001073,process_aware,17.690609809,19.057340328978377
S0001074,process_aware,1.1204450403,2.09042051923783
S0001075,process_aware,18.912990615312502,14.67539249007408
S0001076,process_aware,27.73679920375,32.884001831617745
S0001077,process_aware,30.812352836875,32.41099180496949
S0001078,process_aware,11.1747305094375,10.500581687700903
S0001079,process_aware,11.906267048437499,12.576362648409328
S0001080,process_aware,21.3907331413125,24.36239436745505
S0001081,process_aware,17.087163924125,18.85424837362447
S0001082,process_aware,8.675895606,10.895213739824298
S0001083,process_aware,18.832146146812498,18.558867245096366
S0001084,process_aware,4.910972654375,4.781372142501034
S0001085,process_aware,17.6165086986875,28.989795540130082
S0001086,process_aware,40.874225818375,39.7057382026644
S0001087,process_aware,13.772592400625,16.836188025140103
S0001088,process_aware,15.7149331283125,16.25024425526254
S0001089,process_aware,22.9979598575,20.52617580652753
S0001090,process_aware,9.7912053946875,9.587947919454708
S0001091,process_aware,20.073830415125002,16.983364036607824
S0001092,process_aware,7.8206560666875,7.7670903803918785
S0001093,process_aware,3.8947132735875,3.9718862680944094
S0001094,process_aware,-0.7338865512499999,1.503469065726364
S0001095,process_aware,5.3324152977115125,4.4807332861745675
S0001096,process_aware,5.12560722503125,6.107014853553095
S0001097,process_aware,20.645487215625,20.79504741069577
S0001098,process_aware,12.421079136,13.004335340850758
S0001099,process_aware,2.5198422872225,1.8552903037264303
S0001100,process_aware,21.422157965625,20.721700597631255
S0001101,process_aware,12.4374235589375,11.064852182508938
S0001102,process_aware,3.5353918256812498,5.406836073036998
S0001103,process_aware,22.70115746375,21.914059902173623
S0001104,process_aware,27.270828048625,27.151740216531522
S0001105,process_aware,39.594962680625,41.40450888427605
S0001106,process_aware,12.8772266624625,12.186168865314867
S0001107,process_aware,12.2939932841875,13.65127188214255
S0001108,process_aware,14.7303225180625,14.430836663316684
S0001109,process_aware,73.67742312125,75.4255726637964
S0001110,process_aware,34.714988766875,67.57596328456512
S0001111,process_aware,30.349546081875,33.465663916378
S0001112,process_aware,5.9314255956062505,5.860194035206562
S0001113,process_aware,11.540717793625,12.036238559494866
S0001114,process_aware,19.513080960625,16.715130512072125
S0001115,process_aware,2.1690833832,2.1764896597554073
S0001116,process_aware,20.14239253325,18.161262475660344
S0001117,process_aware,21.58822033825,19.4863042004936
S0001118,process_aware,10.13251073466875,10.446703790535164
S0001119,process_aware,21.917701356875,22.688636358095955
S0001120,process_aware,20.508887375,20.70357806887389
S0001121,process_aware,13.071531522375,14.167473827201782
S0001122,process_aware,16.077436838625,16.191803354655267
S0001123,process_aware,34.24416640625,36.131033515518034
S0001124,process_aware,2.0194108868175,2.086140177222901
S0001125,process_aware,12.224960583125,8.802624170471521
S0001126,process_aware,40.216059576250004,46.78587562815465
S0001127,process_aware,45.2464338075,36.71623053979327
S0001128,process_aware,9.341964305918749,10.677901331339442
S0001129,process_aware,0.7606497368124999,3.0949154096830633
S0001130,process_aware,1.1454022161250001,0.8658888639969767
S0001131,process_aware,8.4151479816875,9.658856507406515
S0001132,process_aware,14.32988745025,17.582848504078274
S0001133,process_aware,11.845452320306249,10.66758955651512
S0001134,process_aware,14.125611101625001,14.110336751327461
S0001135,process_aware,6.365488855675,5.550590097346125
S0001136,process_aware,3.528233451475,2.265659278775955
S0001137,process_aware,7.3780443457562495,10.135272141278811
S0001138,process_aware,23.0363178366,25.158651683472574
S0001139,process_aware,5.6385187965625,6.692817991097615
S0001140,process_aware,27.3417911425,28.221716722070177
S0001141,process_aware,7.0506579416875,8.557926840969476
S0001142,process_aware,8.9037967485,8.062359854116194
S0001143,process_aware,9.717901369875,6.163050104923149
S0001144,process_aware,11.174309524875,12.335146276324176
S0001145,process_aware,4.6267238464750005,4.91299993579929
S0001146,process_aware,1.2768770260312499,0.963072379407581
S0001147,process_aware,0.121042578975,-1.6916720089067891
S0001148,process_aware,4.2348335320625,5.557522753928795
S0001149,process_aware,18.429572380875,18.690011914203634
S0001150,process_aware,19.15021557,21.447387307303842
S0001151,process_aware,31.88905460125,27.89770913599597
S0001152,process_aware,3.8225632073125,3.0402089363928426
S0001153,process_aware,37.35973052875,41.02940755659173
S0001154,process_aware,2.6140918975875,4.738103266955738
S0001155,process_aware,2.618550329875,4.102460869572564
S0001156,process_aware,7.935193657361875,8.339185372911807
S0001157,process_aware,8.524565447625001,8.273611433633903
S0001158,process_aware,0.21297943901406252,-0.9058472129475644
S0001159,process_aware,15.6708005215,22.567129117009983
S0001160,process_aware,1.7854960251,1.9685764607150906
S0001161,process_aware,9.772437958087501,11.45555313246299
S0001162,process_aware,0.446969802969375,-0.16783208490633014
S0001163,process_aware,8.51764058231875,8.212761286967266
S0001164,process_aware,24.967878020875,21.630725278601126
S0001165,process_aware,18.798445245,19.766120013505056
S0001166,process_aware,33.04195754125,33.44578325150605
S0001167,process_aware,21.91271796625,21.203683868266722
S0001168,process_aware,21.181455025625,19.28355093605582
S0001169,process_aware,15.41941034125,9.3825071118923
S0001170,process_aware,8.7557873372,9.871633309080439
S0001171,process_aware,5.66951572430625,5.406997263098744
S0001172,process_aware,39.4506769825,44.64559941565349
S0001173,process_aware,9.485287447000001,9.49595408951084
S0001174,process_aware,11.2561257665625,12.940295776686831
S0001175,process_aware,36.47316618875,36.22344841525571
S0001176,process_aware,12.3217397608125,13.049250453218669
S0001177,process_aware,3.1317978156125,3.0613426019494447
S0001178,process_aware,7.21722750075,7.066732844632619
S0001179,process_aware,16.5965577254375,16.046278438068097
S0001180,process_aware,74.696027950625,64.73974627080882
S0001181,process_aware,30.46736301875,26.074573172378347
S0001182,process_aware,10.7486977075,10.615470476116364
S0001183,process_aware,13.583465397687501,13.21543728293669
S0001184,process_aware,4.160431816649375,4.436744617063739
S0001185,process_aware,0.726640565575,1.0817850960300126
S0001186,process_aware,22.837352668125,26.492766187126225
S0001187,process_aware,21.7202105991875,20.408729013095734
S0001188,process_aware,11.005721670875,11.737708567884537
S0001189,process_aware,22.7325457366875,26.080497191393818
S0001190,process_aware,13.446221437625,15.435554228691966
S0001191,process_aware,12.1530175660625,12.352407494897816
S0001192,process_aware,-0.029928401537500038,-0.4148346863795588
S0001193,process_aware,5.6861269068125,6.529939549134591
S0001194,process_aware,13.321642626375,15.119222048099202
S0001195,process_aware,29.677988923125,29.634015700401008
S0001196,process_aware,4.0888470808125,4.459020886380795
S0001197,process_aware,8.7092827690625,10.153177642837983
S0001198,process_aware,3.024687633065,3.814666773195974
S0001199,process_aware,43.3090786925,48.35352526157933
S0001200,process_aware,8.39227890150625,8.272644779282077
S0001201,process_aware,15.4143165080625,15.791017126534733
S0001202,process_aware,14.58929881949375,14.340423126687487
S0001203,process_aware,0.6883615847888125,1.760215763276439
S0001204,process_aware,24.79289941,26.550604586649087
S0001205,process_aware,9.8767289585625,9.842510031828601
S0001206,process_aware,4.6676458643125,5.158772818990722
S0001207,process_aware,20.0165198029375,15.97198504437889
S0001208,process_aware,19.518986886875,19.320415628263575
S0001209,process_aware,11.055178130125,11.838605551123246
S0001210,process_aware,26.892087875,25.7390533047247
S0001211,process_aware,6.8611826025200005,6.832279059496592
S0001212,process_aware,10.53711563810625,10.715884702680578
S0001213,process_aware,4.0832544778125,3.7052918623822912
S0001214,process_aware,2.030763196175,2.035253331469093
S0001215,process_aware,7.065750884685625,6.207981008088588
S0001216,process_aware,1.63383815885625,5.743786963246438
S0001217,process_aware,12.3160322745625,13.877743058723023
S0001218,process_aware,6.540971740200625,6.869777743442724
S0001219,process_aware,7.503576943125,7.141192232763683
S0001220,process_aware,11.7214953820625,13.425564294865351
S0001221,process_aware,1.090564339724375,2.3951272243218815
S0001222,process_aware,1.764145816505,1.9276216738696133
S0001223,process_aware,32.823900445,28.342977141039803
S0001224,process_aware,8.1777723607,9.312230140969897
S0001225,process_aware,0.5884107022,2.2954585622996415
S0001226,process_aware,39.66432149125,38.13176506681057
S0001227,process_aware,28.91667062625,34.96159337262097
S0001228,process_aware,32.916910636875,30.32719104227809
S0001229,process_aware,9.43469172462,10.257651428452702
S0001230,process_aware,3.56651147840625,3.2615850630936594
S0001231,process_aware,8.75800270340625,9.07297682549073
S0001232,process_aware,4.733615961,5.823885304035125
S0001233,process_aware,3.38544436534375,3.7328154989292144
S0001234,process_aware,7.47394670800125,9.186984490285171
S0001235,process_aware,4.005418579896375,3.3297187627535196
S0001236,process_aware,10.2154195655,10.192085056470978
S0001237,process_aware,3.916651912,4.337942595248413
S0001238,process_aware,17.0206187393125,15.400633502303792
S0001239,process_aware,7.2159527384999995,7.778898769243602
S0001240,process_aware,16.313848001375,14.867086195984893
S0001241,process_aware,5.39555927400625,5.461892140497031
S0001242,process_aware,12.631324190375,11.947223345123897
S0001243,process_aware,5.8801376718125,5.890554767925868
S0001244,process_aware,3.9625449554375,4.79163529471378
S0001245,process_aware,2.53823218985625,2.372580689165069
S0001246,process_aware,4.81058631915625,4.103922061410212
S0001247,process_aware,38.448670090625,40.94378993238489
S0001248,process_aware,10.7149185486875,11.599782996109736
S0001249,process_aware,5.5845848972606245,4.95599253814686
S0001250,process_aware,-0.8254460276375,4.251076402145743
S0001251,process_aware,2.191472204224375,1.9045250835540808
S0001252,process_aware,15.394110596874999,16.289380955867827
S0001253,process_aware,24.59214002625,24.84296786439377
S0001254,process_aware,6.54375613668125,7.322616642533094
S0001255,process_aware,1.7867025851625,2.966472266612102
S0001256,process_aware,1.697383070175,4.385473771166817
S0001257,process_aware,17.429377636875,19.32560083334187
S0001258,process_aware,4.20150880891875,4.4264719161057045
S0001259,process_aware,16.102570954875,16.96026756514531
S0001260,process_aware,20.9441732125,20.587463762232353
S0001261,process_aware,10.82820432548125,7.899659996729257
S0001262,process_aware,16.889575743625,17.8238133247283
S0001263,process_aware,25.5808999985,25.54652479120465
S0001264,process_aware,3.77343087000625,5.647616293090428
S0001265,process_aware,11.7745736835625,10.061532923918568
S0001266,process_aware,6.96729810930625,6.982637037055163
S0001267,process_aware,26.514539598,28.451427845039124
S0001268,process_aware,7.61401915238125,7.889331684373531
S0001269,process_aware,21.589167768125,21.409050331584535
S0001270,process_aware,33.291781005625,36.7983959382835
S0001271,process_aware,35.964213974375,36.1484519838725
S0001272,process_aware,25.626170195,28.72467244423681
S0001273,process_aware,10.859569477375,10.670338983214116
S0001274,process_aware,-0.875666503225,0.6203628965881273
S0001275,process_aware,3.99099906334375,3.88658262620594
S0001276,process_aware,13.40420049420625,12.116103840717
S0001277,process_aware,1.0701007965625,0.7485915888941012
S0001278,process_aware,5.7458238950625,6.473472517888605
S0001279,process_aware,15.0793774419375,17.123433596416053
S0001280,process_aware,3.2904418638625,3.6709093747986015
S0001281,process_aware,23.8083325098125,22.690348490597017
S0001282,process_aware,18.586146195578124,17.361128127578834
S0001283,process_aware,19.183274253875,18.517173623950235
S0001284,process_aware,4.02521731684375,4.125132545743854
S0001285,process_aware,5.3429479899375,5.716623037324965
S0001286,process_aware,7.1535246966875,6.955049686703591
S0001287,process_aware,18.11179471875,15.75198908640096
S0001288,process_aware,7.80139482605,7.935387181312558
S0001289,process_aware,5.307863616875,5.333774618989877
S0001290,process_aware,81.492067654375,95.17829820193833
S0001291,process_aware,5.173345175375,4.940373279761832
S0001292,process_aware,4.01883726231875,4.2064678635352815
S0001293,process_aware,9.697922941125,10.43382669183818
S0001294,process_aware,13.3360575913125,14.414918150738137
S0001295,process_aware,0.9655081394687499,1.465501199158651
S0001296,process_aware,30.503860276250002,25.194572870481895
S0001297,process_aware,4.7081420151125,4.391876521851886
S0001298,process_aware,19.028054942875002,19.226569663461504
S0001299,process_aware,5.6674434156106255,5.436125659349751
S0001300,process_aware,4.22042209655625,5.013896752977237
S0001301,process_aware,7.098121368875,6.794691431064707
S0001302,process_aware,12.314628416,12.34326192570918
S0001303,process_aware,77.65389747,75.46449395798614
S0001304,process_aware,31.77304723,58.64160753475819
S0001305,process_aware,4.78332958679375,5.543797771066723
S0001306,process_aware,33.657012396875004,41.542014740676606
S0001307,process_aware,16.0514856276875,16.473178221076424
S0001308,process_aware,0.3572859429,0.19213887676441793
S0001309,process_aware,11.8351344193125,11.418690854279918
S0001310,process_aware,50.683227093125,57.75351741989049
S0001311,process_aware,14.5809472160625,14.452979036249499
S0001312,process_aware,40.242278885625,41.56170661930441
S0001313,process_aware,2.063071255494375,1.462147796995723
S0001314,process_aware,12.942811997,13.714123921547209
S0001315,process_aware,18.5430253935,18.774765217958766
S0001316,process_aware,0.967667050834375,1.4213649331316678
S0001317,process_aware,4.7613451632625,5.194055068021072
S0001318,process_aware,26.99185753,25.32525964015263
S0001319,process_aware,39.26962929,40.16274184817758
S0001320,process_aware,6.5068614001875,6.132122636966313
S0001321,process_aware,4.346937899951875,4.275421010340818
S0001322,process_aware,8.5133286744375,7.478929568243408
S0001323,process_aware,10.239666190125,10.451932309545466
S0001324,process_aware,30.2787848125,31.667485414166638
S0001325,process_aware,0.559187437596875,0.7244187876383308
S0001326,process_aware,17.7875194309375,17.418591381854252
S0001327,process_aware,2.3030033448875,1.7222792395892794
S0001328,process_aware,1.37345989836875,1.592693236333569
S0001329,process_aware,20.03819591975,19.899752380584385
S0001330,process_aware,11.1094241463125,12.240295686966569
S0001331,process_aware,17.7486997859375,17.0393721739033
S0001332,process_aware,3.04562990146875,3.1311653246058073
S0001333,process_aware,23.36218137,23.89243908251738
S0001334,process_aware,12.205575559375,10.379608504706495
S0001335,process_aware,19.9600604214375,20.634814671117088
S0001336,process_aware,7.1786527714375,7.591950111103586
S0001337,process_aware,21.5969355416875,20.44662392085128
S0001338,process_aware,16.5841341615,16.442915519863114
S0001339,process_aware,4.10626442805625,4.030810472607874
S0001340,process_aware,17.64622346875,14.851988884063866
S0001341,process_aware,5.20257402657125,4.419278939615019
S0001342,process_aware,3.7585914626875,4.010452061801383
S0001343,process_aware,3.298660887626875,3.4298938638236702
S0001344,process_aware,17.294613596875,16.106198549294593
S0001345,process_aware,8.33485132624375,8.123000548727463
S0001346,process_aware,3.65129637130625,3.9719398011330522
S0001347,process_aware,16.1687197036875,16.82522039317489
S0001348,process_aware,111.103990500625,87.29725144976781
S0001349,process_aware,37.59161898875,34.874548458463266
S0001350,process_aware,23.8938670076875,21.647176053564106
S0001351,process_aware,5.286781746375,4.368314490894469
S0001352,process_aware,4.18215872760625,3.905708000113111
S0001353,process_aware,3.51673973503125,3.6192036436205757
S0001354,process_aware,39.198938863125,38.985735664851866
S0001355,process_aware,3.748814209975,3.861290377930567
S0001356,process_aware,7.6733986299375,7.356259487597542
S0001357,process_aware,2.50266664575625,3.2545168257229644
S0001358,process_aware,5.6561767490625,6.296540922818944
S0001359,process_aware,42.523819670625,48.64268726665598
S0001360,process_aware,12.517851379187501,12.904149684019929
S0001361,process_aware,5.3391162603875,6.080968063135599
S0001362,process_aware,12.9823386769375,13.611455242033845
S0001363,process_aware,2.357438019900625,1.7750203966107514
S0001364,process_aware,25.6247179914375,25.0917130668549
S0001365,process_aware,6.76943774625,6.789603856980793
S0001366,process_aware,8.198427855875,9.355040705715918
S0001367,process_aware,17.135915036875,20.797875605587784
S0001368,process_aware,69.68920781875,71.40804119094707
S0001369,process_aware,4.9452740557875,4.53977853350028
S0001370,process_aware,14.844576999874999,16.528674097836525
S0001371,process_aware,11.0635571464375,12.59581994345057
S0001372,process_aware,3.84883981306875,3.8723455865189913
S0001373,process_aware,6.3136810633125,6.552203992526486
S0001374,process_aware,5.28508900256875,5.065202962707445
S0001375,process_aware,11.7057524425,13.859830628026977
S0001376,process_aware,3.577156415425,3.332254406236756
S0001377,process_aware,2.386703832183125,4.2219330005348406
S0001378,process_aware,4.8684578418125,4.788234563970353
S0001379,process_aware,8.918910697375,8.277175660764554
S0001380,process_aware,8.9369025662625,9.997840757208003
S0001381,process_aware,11.521377857125,10.544618529531022
S0001382,process_aware,17.141842720625,15.343520634041765
S0001383,process_aware,13.8372999301875,13.614955538694948
S0001384,process_aware,21.524600858812498,20.267649767659996
S0001385,process_aware,4.057359799325,3.6643136322278265
S0001386,process_aware,9.844151943125,9.713793347165732
S0001387,process_aware,5.010405962425,5.842818354237671
S0001388,process_aware,8.463628477625,7.155543102515376
S0001389,process_aware,33.315641910625,30.88625258150777
S0001390,process_aware,8.35799297989375,7.513769231974215
S0001391,process_aware,1.9422394569125,1.4355233585345522
S0001392,process_aware,12.5881233766875,11.245491982741795
S0001393,process_aware,12.7592344985625,12.615275094485334
S0001394,process_aware,20.265419969625,19.920602339000244
S0001395,process_aware,5.875327643075,5.548523968615214
S0001396,process_aware,8.7267826419375,8.06846842584161
S0001397,process_aware,35.663097072875,48.78809823192253
S0001398,process_aware,7.824102935,8.732060519706865
S0001399,process_aware,17.848908608437497,19.717949748905347
S0001400,process_aware,20.4811778401875,19.741044131139635
S0001401,process_aware,5.72597871258125,6.333010939288251
S0001402,process_aware,16.210819171875,14.253033361328045
S0001403,process_aware,22.824695899375,23.951105342014603
S0001404,process_aware,10.584744530375,8.687067341277121
S0001405,process_aware,16.755389507125,18.37050128843122
S0001406,process_aware,1.4333575158649374,2.1808162040938375
S0001407,process_aware,13.1866013513125,14.240538019824559
S0001408,process_aware,7.672396332875,8.420124214031546
S0001409,process_aware,10.16282289675,10.32655112468658
S0001410,process_aware,2.0280900433125,2.0361717768303706
S0001411,process_aware,7.9025954968125,7.783041357573473
S0001412,process_aware,3.94484579536875,2.6750456571480665
S0001413,process_aware,10.17031372875,9.818940644480547
S0001414,process_aware,1.86535853893125,1.8212008105046509
S0001415,process_aware,15.46812611775,18.015698882546065
S0001416,process_aware,10.153459774375,14.09410072815459
S0001417,process_aware,28.772146584999998,28.9224146621964
S0001418,process_aware,-2.87270007438125,-2.535099143997491
S0001419,process_aware,11.0165085834375,7.571866079826897
S0001420,process_aware,17.387842383875,16.426386391851153
S0001421,process_aware,2.53647144532125,3.18168147899693
S0001422,process_aware,32.5512687875,30.155278395269768
S0001423,process_aware,7.4711161405,7.858047254783941
S0001424,process_aware,31.288154691875,30.47052769204737
S0001425,process_aware,5.2021726401875,5.373327763901942
S0001426,process_aware,5.90987958869375,6.576258484873916
S0001427,process_aware,8.1621241904,8.867500607893987
S0001428,process_aware,4.8446682440875,4.453483434610654
S0001429,process_aware,9.53517936586875,9.594795321439793
S0001430,process_aware,6.6884084024375,6.08137310835863
S0001431,process_aware,8.2549659713125,9.95804544174983
S0001432,process_aware,11.2257727829375,9.78180414057757
S0001433,process_aware,6.14151597390625,5.399223637374215
S0001434,process_aware,5.787993891799999,4.132177243147474
S0001435,process_aware,13.3266674265,13.681779355622846
S0001436,process_aware,7.6677180051875,8.165091957271198
S0001437,process_aware,13.905542822143751,16.543273748255473
S0001438,process_aware,3.515014664331875,3.3248712918014816
S0001439,process_aware,14.0553571835,13.65191958102237
S0001440,process_aware,10.93949010975,10.263916885751422
S0001441,process_aware,12.975792362875,13.601931249842556
S0001442,process_aware,47.54921344,59.41163575681238
S0001443,process_aware,19.276485678125,18.720019910996978
S0001444,process_aware,12.716331766562499,12.839372774130895
S0001445,process_aware,0.3781166864812501,0.1646892729004371
S0001446,process_aware,11.216224620325,11.977285269389432
S0001447,process_aware,9.620973969775,8.515777864188115
S0001448,process_aware,2.942898017125,2.577026491053233
S0001449,process_aware,21.1786965315375,19.987261513073864
S0001450,process_aware,7.361151955625,8.526802211388498
S0001451,process_aware,7.569008263625,7.263694822755197
S0001452,process_aware,5.61693713765625,5.011657768812271
S0001453,process_aware,12.404577868812499,13.915939806092569
S0001454,process_aware,12.2213107764375,10.665310744812267
S0001455,process_aware,7.3300549909375,8.031639898021716
S0001456,process_aware,11.4900471156875,11.663314804083738
S0001457,process_aware,14.167695778312499,14.787111864573221
S0001458,process_aware,64.04931999125,65.45488126305698
S0001459,process_aware,2.24628023363125,0.9093397183108157
S0001460,process_aware,13.79296367625,10.484153531003619
S0001461,process_aware,6.82444753283125,6.750645901738306
S0001462,process_aware,-0.1999395329225,-1.2218651024965486
S0001463,process_aware,34.478736784375,40.37739043867842
S0001464,process_aware,19.7177324536875,20.09139450778874
S0001465,process_aware,13.3212444083125,12.823930397962227
S0001466,process_aware,6.5771828298375,6.641410199776759
S0001467,process_aware,29.8598764798125,31.878806914426534
S0001468,process_aware,4.25550902383125,4.7751832219309245
S0001469,process_aware,13.8131472994375,14.532895104235742
S0001470,process_aware,8.68508516163125,9.218241271728209
S0001471,process_aware,26.267910620625,24.300167067115307
S0001472,process_aware,1.6368692288375,1.227053391736107
S0001473,process_aware,5.9708875036875,6.496374135626529
S0001474,process_aware,8.086613801,8.146950031824725
S0001475,process_aware,5.981421947125,5.840539240459937
S0001476,process_aware,9.582681733209375,6.614178382588644
S0001477,process_aware,22.33430883375,26.00357173125671
S0001478,process_aware,12.408741125125001,12.750436036008447
S0001479,process_aware,12.3575017201875,10.157408854766777
S0001480,process_aware,29.2378335780625,35.41509457676828
S0001481,process_aware,5.5011865979375,6.701059999740618
S0001482,process_aware,35.361567175,39.28110025586769
S0001483,process_aware,3.41731003080875,3.3856219712579065
S0001484,process_aware,21.251105095225,13.893437171420697
S0001485,process_aware,9.9667812135625,9.883522682137292
S0001486,process_aware,1.012764427204,0.5600183020790404
S0001487,process_aware,8.2640723571875,7.349964794484278
S0001488,process_aware,24.180184724375,26.445368888111993
S0001489,process_aware,9.8222151351875,8.813287241888174
S0001490,process_aware,4.72057741789375,4.4411106734582555
S0001491,process_aware,22.258513176250002,18.141710057015885
S0001492,process_aware,12.681527479062499,12.963202515596581
S0001493,process_aware,12.0996755051875,11.796730943492191
S0001494,process_aware,7.037454365375,7.547783737620434
S0001495,process_aware,7.4580975608937505,7.86783390413484
S0001496,process_aware,14.2077552824375,15.346247874508752
S0001497,process_aware,0.6279469454312501,0.5585695327923627
S0001498,process_aware,39.125952769375004,33.57133860122743
S0001499,process_aware,11.4852937574375,11.773562104253715
S0001500,process_aware,14.17843101775,11.740326957753954
S0001501,process_aware,15.9219111411875,11.522054398062677
S0001502,process_aware,20.37013857425,20.221318379447236
S0001503,process_aware,8.5349297199375,9.840920149011552
S0001504,process_aware,4.387933378075,4.705693713847743
S0001505,process_aware,11.419048554875001,7.677216917379905
S0001506,process_aware,9.4634742215625,9.918499691074388
S0001507,process_aware,8.4515518288125,9.474006016322011
S0001508,process_aware,31.739739236875,29.613997680272774
S0001509,process_aware,3.99100516475,4.500530742464829
S0001510,process_aware,7.51877381775,7.471958796788145
S0001511,process_aware,5.43926152748125,6.282319455975974
S0001512,process_aware,7.394540468375,7.771036816458008
S0001513,process_aware,2.5738835372406252,3.3897486127730336
S0001514,process_aware,11.1677822546,7.238699744370441
S0001515,process_aware,17.5457938091875,18.800257891014777
S0001516,process_aware,10.5007498305,9.589585624008052
S0001517,process_aware,9.200973621687499,10.695765047158092
S0001518,process_aware,9.5418108903125,10.222438516606488
S0001519,process_aware,8.3585138796875,8.106001732133574
S0001520,process_aware,6.8536250393275,4.034180489380837
S0001521,process_aware,34.30562295125,27.500041252019265
S0001522,process_aware,1.73648485677125,1.520753176783105
S0001523,process_aware,4.2791293188749995,4.3060318471602255
S0001524,process_aware,20.987151959875,25.263620389735053
S0001525,process_aware,4.77458962311875,4.902292790833772
S0001526,process_aware,39.50002172375,37.02250900626272
S0001527,process_aware,25.66010001625,26.722919914721004
S0001528,process_aware,6.1698500088125,6.121009323514827
S0001529,process_aware,11.176161261375,12.536135055403246
S0001530,process_aware,3.58937892195,4.627470681324191
S0001531,process_aware,11.5149456233125,12.041690586591223
S0001532,process_aware,14.999950679625,13.831388959462133
S0001533,process_aware,18.683035879,17.768753133605127
S0001534,process_aware,11.3851128619375,11.500826255661302
S0001535,process_aware,21.44573016,21.195823054098362
S0001536,process_aware,41.8623754325,39.44952124290478
S0001537,process_aware,-2.23209057200625,-1.3688811415753839
S0001538,process_aware,6.2339048213125,5.815464347455684
S0001539,process_aware,8.9283324195625,9.924162968324453
S0001540,process_aware,14.7918439253125,13.548392866457394
S0001541,process_aware,20.153050176375,17.65418032137093
S0001542,process_aware,32.088872080625,30.15506208775344
S0001543,process_aware,36.93587778375,39.524311367652786
S0001544,process_aware,0.345806363258125,-0.2850950489719666
S0001545,process_aware,9.146893268374999,9.813336954645834
S0001546,process_aware,11.727990870687501,10.666232619223807
S0001547,process_aware,19.1807459179375,21.164140693661547
S0001548,process_aware,11.6325424274375,10.164246907479246
S0001549,process_aware,-7.0262664169999995,-3.949301404239449
S0001550,process_aware,5.5123941474625004,5.895977277467639
S0001551,process_aware,14.699209237375,16.22229033251078
S0001552,process_aware,7.11783077540625,5.704731300736768
S0001553,process_aware,8.2145494001875,7.391756202092976
S0001554,process_aware,31.9598292581875,28.778383337090695
S0001555,process_aware,3.74534753174375,3.0747058314417433
S0001556,process_aware,0.6538351979543751,0.10034045678430091
S0001557,process_aware,20.494986729125,16.343933043114774
S0001558,process_aware,17.6697736009375,20.401123078222835
S0001559,process_aware,9.60776092275,8.423770163528088
S0001560,process_aware,11.13788773675,12.905698203870521
S0001561,process_aware,14.9148264390625,15.055705865780089
S0001562,process_aware,5.92239902545,8.789632270032175
S0001563,process_aware,13.0126599778125,14.127537726514102
S0001564,process_aware,22.6406530999375,21.00638526111033
S0001565,process_aware,1.9480902430425,2.1169187957767606
S0001566,process_aware,9.6381281134375,10.463122263457587
S0001567,process_aware,10.528160583375,12.899499016067082
S0001568,process_aware,5.791177583825,6.798478112013128
S0001569,process_aware,22.97641776,21.243520562646154
S0001570,process_aware,4.06933312675625,5.231105618883133
S0001571,process_aware,8.0464829540875,7.343950919086813
S0001572,process_aware,25.9263031183125,26.230763876926368
S0001573,process_aware,8.1554717294375,7.503158164475759
S0001574,process_aware,98.975857086875,86.08690678029144
S0001575,process_aware,15.6331097650625,16.064248194096916
S0001576,process_aware,41.7071356246875,46.693795624516575
S0001577,process_aware,15.668847918625,19.538139063060832
S0001578,process_aware,8.2043248233125,5.756705588495862
S0001579,process_aware,9.95037357125,10.155135703496526
S0001580,process_aware,10.2119852327625,11.575635576098094
S0001581,process_aware,17.149184218125,19.586664767956034
S0001582,process_aware,11.345748246625,12.518851341973654
S0001583,process_aware,13.5394849063125,13.743310938519848
S0001584,process_aware,10.635252740875,14.741420128966855
S0001585,process_aware,18.7028404544375,16.379518083431453
S0001586,process_aware,9.42963075919375,10.127601487182377
S0001587,process_aware,15.054094902,16.060046757578903
S0001588,process_aware,11.1663796320375,11.52089343808321
S0001589,process_aware,10.6839038675625,11.21263002589615
S0001590,process_aware,3.554011900875,3.250478088263995
S0001591,process_aware,18.8224150045,29.363578400530855
S0001592,process_aware,17.962684895625,18.464985653490164
S0001593,process_aware,4.1627304836312495,4.445217882459498
S0001594,process_aware,15.8409268331375,15.51549424909806
S0001595,process_aware,5.699240097375,5.727669997150315
S0001596,process_aware,0.309586575420625,0.3663836437207184
S0001597,process_aware,4.534044145025,4.250480801348081
S0001598,process_aware,29.213875569375,29.20112925968752
S0001599,process_aware,9.94177405368125,9.930699336873992
S0001600,process_aware,60.157800323125,61.29062442284198
S0001601,process_aware,13.90671828375,14.132818443000652
S0001602,process_aware,3.89756450544375,4.636144417315697
S0001603,process_aware,20.094323246125,21.78928865281967
S0001604,process_aware,5.89774828901875,5.6164949803474125
S0001605,process_aware,35.709269285625,33.910926641656324
S0001606,process_aware,13.84378209725,14.719444313735575
S0001607,process_aware,15.48579269375,17.995957777021864
S0001608,process_aware,14.331962641625001,15.726260881715012
S0001609,process_aware,15.7852552559375,14.250058562728489
S0001610,process_aware,5.2371541948375,4.73421075816279
S0001611,process_aware,9.1574890240625,8.706437585508665
S0001612,process_aware,9.95011214200625,7.100228062136458
S0001613,process_aware,16.802544492375,23.545676593087197
S0001614,process_aware,4.01831408488125,4.058311675215737
S0001615,process_aware,-0.09345485694375,1.5305290639652365
S0001616,process_aware,-2.12442296201375,0.13721526156909755
S0001617,process_aware,32.814853869375,30.766406820333557
S0001618,process_aware,9.0564101156875,8.406497364406663
S0001619,process_aware,2.8545332051249996,3.11983790429628
S0001620,process_aware,8.3830690998125,6.892981205937889
S0001621,process_aware,4.4804069623125,10.031896808269385
S0001622,process_aware,5.8307332676875,5.699263859789332
S0001623,process_aware,31.6742434679375,29.527035535030357
S0001624,process_aware,5.54211207528125,5.069955536178445
S0001625,process_aware,8.1378035313125,10.077702283630945
S0001626,process_aware,1.4179223065750002,1.1532014832384112
S0001627,process_aware,8.988439048725,9.395044690884541
S0001628,process_aware,2.60640391748125,2.3302705134980686
S0001629,process_aware,16.8058065274375,17.434377674545754
S0001630,process_aware,11.3178551351875,11.173588554219261
S0001631,process_aware,13.942105323875,15.197768490522991
S0001632,process_aware,32.584151131625,52.70226658533246
S0001633,process_aware,18.006818350625,14.364295559040515
S0001634,process_aware,2.4397313648312497,2.2268900984407933
S0001635,process_aware,27.063257770625,24.156542784204724
S0001636,process_aware,9.8187414954,13.433911772107992
S0001637,process_aware,14.8419977723125,14.165069071937985
S0001638,process_aware,13.2152076819375,16.40191270560702
S0001639,process_aware,3.262490235325,2.548231192751585
S0001640,process_aware,15.5244914321875,16.785386891193358
S0001641,process_aware,-0.6538174423374999,-0.5760907227440639
S0001642,process_aware,25.073219895624998,24.111048831488617
S0001643,process_aware,19.2698184183125,18.01434818542696
S0001644,process_aware,2.7897193612218127,3.540139132016023
S0001645,process_aware,2.6826731264778125,2.1806346527825347
S0001646,process_aware,14.896046661875,12.743539419155216
S0001647,process_aware,8.1471834805,9.282828610652032
S0001648,process_aware,6.393169719125,5.876264846549759
S0001649,process_aware,3.4631320467375,4.792183104133494
S0001650,process_aware,3.6356385216875,2.2523965493709475
S0001651,process_aware,10.672943130375,10.687661649280768
S0001652,process_aware,3.5429462932887503,4.346012971126939
S0001653,process_aware,20.617569506875,26.70120726499532
S0001654,process_aware,26.522695476875,26.47198234966053
S0001655,process_aware,17.3728887235625,18.32802645514017
S0001656,process_aware,18.5549299730625,21.881440513591347
S0001657,process_aware,21.2961659525,21.20725275637858
S0001658,process_aware,11.73704949689375,12.301895804462582
S0001659,process_aware,7.1876775970625,7.375557459353379
S0001660,process_aware,4.6684345456875,6.56767662678437
S0001661,process_aware,3.14498955718125,2.9658596741313823
S0001662,process_aware,8.94616057025,9.292544040379532
S0001663,process_aware,15.287289294625001,14.782552261169151
S0001664,process_aware,4.372897218625,4.279078670032166
S0001665,process_aware,10.6074502944375,11.330941385681353
S0001666,process_aware,15.2189990560625,16.303991410151358
S0001667,process_aware,4.1197938311875,3.3608595077586814
S0001668,process_aware,16.616007575625,15.844292248859405
S0001669,process_aware,3.9854961130625,3.7964805221536513
S0001670,process_aware,5.9571977824025,5.926286270506786
S0001671,process_aware,4.290329582481251,2.840087234467365
S0001672,process_aware,17.263196098312502,17.12416076246636
S0001673,process_aware,13.76768165625,11.296764894659669
S0001674,process_aware,7.13665637125,8.617024569765167
S0001675,process_aware,8.902327475375,8.270918658813239
S0001676,process_aware,8.680068921375,5.48817021190143
S0001677,process_aware,23.102914055375,23.244330634578386
S0001678,process_aware,1.25904396809375,0.536312098469008
S0001679,process_aware,6.77827903069,9.00832562832187
S0001680,process_aware,33.5921407275,36.391540384226815
S0001681,process_aware,42.98841954125,41.61261648510673
S0001682,process_aware,10.4077290933125,11.341797040436035
S0001683,process_aware,41.286626961875,49.423817820519574
S0001684,process_aware,14.4756662214375,17.028460356515883
S0001685,process_aware,7.9428991643125,9.061574480686792
S0001686,process_aware,14.4318973746875,9.93610740544635
S0001687,process_aware,5.5842657519375,5.462555983419356
S0001688,process_aware,7.516109454025,5.534289328831553
S0001689,process_aware,0.06058783224500003,-0.43843016546711117
S0001690,process_aware,2.148285074846875,2.3704829007629344
S0001691,process_aware,10.8083696562375,11.953902868632973
S0001692,process_aware,1.23207366056875,0.6651422695468826
S0001693,process_aware,11.138725884375,12.08151108981463
S0001694,process_aware,20.1496973959375,17.021311518778784
S0001695,process_aware,6.123083843125,6.400205662897095
S0001696,process_aware,0.91185495228125,1.3969559027788812
S0001697,process_aware,3.2667290469375,3.9844238623062784
S0001698,process_aware,13.8563875206875,14.753820230911142
S0001699,process_aware,15.86930624231875,13.920791796465748
S0001700,process_aware,2.8724991110249998,3.5729708772013313
S0001701,process_aware,2.97719085628125,3.944554044371644
S0001702,process_aware,25.141057455625,22.4493468282869
S0001703,process_aware,22.84828847914375,23.480441491578013
S0001704,process_aware,3.729930941075,8.415943444299163
S0001705,process_aware,3.4305222901937498,5.7023636314116155
S0001706,process_aware,17.243137680187502,14.080563174544551
S0001707,process_aware,12.60827907845,13.75600505644719
S0001708,process_aware,0.8282740244125001,0.19517692038913842
S0001709,process_aware,12.985610300125,11.769702617220313
S0001710,process_aware,18.06887408825,20.19404430689444
S0001711,process_aware,3.9299823015625,3.208052348045107
S0001712,process_aware,0.10677819583125006,-0.04012454004686532
S0001713,process_aware,41.709543979375,40.63435727404718
S0001714,process_aware,12.378744927125,12.776512683617574
S0001715,process_aware,8.156728561805,9.24574300202954
S0001716,process_aware,10.71702657086875,8.512504073446477
S0001717,process_aware,2.7578362971125,3.6708059581043506
S0001718,process_aware,25.3063520551875,24.181275555435317
S0001719,process_aware,15.9316713083125,15.79309167443554
S0001720,process_aware,0.5717707063,0.7764953920315228
S0001721,process_aware,10.855225339375,10.414277327615354
S0001722,process_aware,9.5399264521875,7.8723072028989565
S0001723,process_aware,2.971046617393125,3.39492679963164
S0001724,process_aware,25.719992842875,23.206821247239883
S0001725,process_aware,8.152804306437499,8.167304038969784
S0001726,process_aware,1.77544581671875,3.8261086436667737
S0001727,process_aware,6.5090783782812505,5.820715373378972
S0001728,process_aware,10.5858220235,12.20567257723098
S0001729,process_aware,10.527520330062499,11.545776638881472
S0001730,process_aware,6.2218261634375,6.022590843741358
S0001731,process_aware,1.2046701689375,0.5347097079306878
S0001732,process_aware,-0.06701554769999989,0.645331757384
S0001733,process_aware,1.7045944073875,2.22838607556139
S0001734,process_aware,11.2797144622125,10.220391712833958
S0001735,process_aware,17.6012352440625,17.64264388147097
S0001736,process_aware,5.94865589799375,5.753359717972873
S0001737,process_aware,5.022783911075,5.238376770967235
S0001738,process_aware,20.7057054899375,20.347614796829824
S0001739,process_aware,15.76641262880625,15.487787630861984
S0001740,process_aware,7.96049257383125,7.949017011872035
S0001741,process_aware,11.7384953298125,6.9222505189824615
S0001742,process_aware,33.61958113625,31.457490588617947
S0001743,process_aware,9.747708303375001,10.097548437581136
S0001744,process_aware,10.663218084,10.914641469992521
S0001745,process_aware,17.70526724025,19.472509055076443
S0001746,process_aware,7.5642694201875,7.233096391865724
S0001747,process_aware,52.999035694375,74.35266699526122
S0001748,process_aware,3.01704380790625,4.048403502508562
S0001749,process_aware,10.954469135,11.348000006915237
S0001750,process_aware,10.5378716725625,13.108803251328146
S0001751,process_aware,12.907156014386564,14.728955188191641
S0001752,process_aware,10.267412429337499,8.628812931651034
S0001753,process_aware,36.023206715,34.91560015737071
S0001754,process_aware,5.4098599805625,5.9236066507387415
S0001755,process_aware,6.01699178724,5.292628592595912
S0001756,process_aware,36.710204455625004,43.45523895987777
S0001757,process_aware,9.88209923684375,10.495500826344877
S0001758,process_aware,1.4626963647125,2.3199567902728435
S0001759,process_aware,9.95631774675,9.829788999930512
S0001760,process_aware,12.790525616125,13.634519428505067
S0001761,process_aware,40.84605831,41.982505572352096
S0001762,process_aware,12.1046788805625,12.038733436246051
S0001763,process_aware,24.387120553749998,16.14052692716421
S0001764,process_aware,33.52771086125,34.6965208735327
S0001765,process_aware,4.49838207739375,4.70030496875944
S0001766,process_aware,15.4950586589375,16.762241467526195
S0001767,process_aware,18.3535919635,16.81421910295867
S0001768,process_aware,58.945142964375,59.35335196316228
S0001769,process_aware,18.15953484625,17.446347918104927
S0001770,process_aware,2.50606744333125,2.730299641432701
S0001771,process_aware,16.8070774344875,15.78573156276263
S0001772,process_aware,29.152870531875,44.43920691669517
S0001773,process_aware,22.917964545,22.53487516405597
S0001774,process_aware,3.61359273871875,2.674735082625776
S0001775,process_aware,9.44240446875,9.454917233239929
S0001776,process_aware,4.7030705762531255,5.210270108782716
S0001777,process_aware,3.551496458125,4.932580923611818
S0001778,process_aware,1.386121457625,0.8063889267513136
S0001779,process_aware,15.904265887375,17.075151113174833
S0001780,process_aware,2.754733658326875,2.327200226184981
S0001781,process_aware,0.7759512471687502,-0.6815201903377861
S0001782,process_aware,69.60521779625,65.40736855803871
S0001783,process_aware,7.8773930495,7.794646239448992
S0001784,process_aware,5.31163706981875,5.122107104910895
S0001785,process_aware,6.65941450425,5.934759572560228
S0001786,process_aware,6.2328971163124995,5.862009886100015
S0001787,process_aware,8.502734800999999,8.096766365249758
S0001788,process_aware,2.5312701616562503,0.9619264970342762
S0001789,process_aware,0.56520393124375,0.5182745298319252
S0001790,process_aware,7.2634526519375004,7.407241341532601
S0001791,process_aware,6.928183898,7.752304386275054
S0001792,process_aware,-1.722915259691125,-0.9361256110270493
S0001793,process_aware,8.8303365514625,9.616251606900686
S0001794,process_aware,35.543209125,32.83232493313592
S0001795,process_aware,57.9155483275,66.67072107784197
S0001796,process_aware,294.06521573125,87.84284221372481
S0001797,process_aware,14.40675539475,14.343254301945827
S0001798,process_aware,12.5532604075,8.71165667584668
S0001799,process_aware,7.6800894775,8.019873087858745
S0001800,process_aware,12.9032221436875,13.023105190698043
S0001801,process_aware,9.41109956166625,11.147011714171667
S0001802,process_aware,3.5072462050125,2.3269827702683408
S0001803,process_aware,12.445006584125,12.231537778759566
S0001804,process_aware,2.549427460225,3.4918481934072214
S0001805,process_aware,40.501641904375,46.24181385104366
S0001806,process_aware,18.0253407958125,15.479837552062707
S0001807,process_aware,2.4822669231125,2.0981503217663686
S0001808,process_aware,2.20448969005625,3.8253786087016888
S0001809,process_aware,4.09077946191875,3.969604083343652
S0001810,process_aware,11.435162485075,12.445680153162364
S0001811,process_aware,7.8418349815,8.48482325129672
S0001812,process_aware,23.6705038184375,23.35857450215523
S0001813,process_aware,7.1308372309125,6.521526313374306
S0001814,process_aware,4.64090553375625,5.516447345334856
S0001815,process_aware,4.01280379261875,5.050117852822554
S0001816,process_aware,9.018978066375,6.7712251543269995
S0001817,process_aware,1.39233921089375,1.3040571419534661
S0001818,process_aware,17.610129181875,17.76440751436325
S0001819,process_aware,3.7048735634625,3.6207593655198256
S0001820,process_aware,7.9056139442874995,8.626298515973785
S0001821,process_aware,1.65092509808125,2.153952900757036
S0001822,process_aware,0.05142368861937503,-0.24998763434963406
S0001823,process_aware,1.5411394204187499,1.8827857042174725
S0001824,process_aware,5.34106883338125,5.3361022844092165
S0001825,process_aware,3.0584343484875,4.606355032973641
S0001826,process_aware,2.0303663750625,7.478977989438219
S0001827,process_aware,10.955696785125,13.075878869526475
S0001828,process_aware,13.382280991750001,13.393675626336247
S0001829,process_aware,11.852575097,13.845312688277971
S0001830,process_aware,9.4488801219375,10.069203637343747
S0001831,process_aware,11.685357237,11.251918774687752
S0001832,process_aware,5.1628307959375,4.6557283330695345
S0001833,process_aware,7.27149649678125,5.848919039662764
S0001834,process_aware,11.705983334875,12.52332631604873
S0001835,process_aware,17.915050446875,21.115007626572385
S0001836,process_aware,16.4336927038125,19.219287272161345
S0001837,process_aware,5.53418470175,5.8603672497202695
S0001838,process_aware,6.870893684125,7.940501117992193
S0001839,process_aware,17.6297097405,17.49776363472314
S0001840,process_aware,15.0761746575625,15.956443902949355
S0001841,process_aware,7.50489862505,7.6918715472761665
S0001842,process_aware,16.1487191171875,17.886896602694843
S0001843,process_aware,5.0744621159625005,3.9103664220049046
S0001844,process_aware,6.765906537375,6.4550044945023695
S0001845,process_aware,22.05818057625,21.34767547765809
S0001846,process_aware,3.96233054663125,4.49099402161044
S0001847,process_aware,16.565007593,12.627862436778317
S0001848,process_aware,10.0668846803125,10.175786121842224
S0001849,process_aware,8.8616305061875,7.744108058304521
S0001850,process_aware,2.95360490805625,2.847909585672962
S0001851,process_aware,9.5081054780625,11.731699914529372
S0001852,process_aware,-0.15923408963,-0.09909336391053424
S0001853,process_aware,-0.12618966687124997,-0.1607845677366865
S0001854,process_aware,8.5160304304375,7.952846947810944
S0001855,process_aware,6.6954219465,8.082684678158982
S0001856,process_aware,21.33367985375,17.800438922313585
S0001857,process_aware,8.5743896748125,9.498059137983464
S0001858,process_aware,3.4316570308437497,3.2881873124881196
S0001859,process_aware,11.5219292958125,14.43138105008081
S0001860,process_aware,31.915293946875,31.16671902527969
S0001861,process_aware,6.72151514275,7.203598533992061
S0001862,process_aware,6.20186826825,5.021354781792311
S0001863,process_aware,2.3021056636374997,2.4619716931310074
S0001864,process_aware,7.96807590975,8.081223794180337
S0001865,process_aware,-1.2574206293125,-1.5001830113823973
S0001866,process_aware,7.522029376625,9.596887152629208
S0001867,process_aware,8.4520004886875,6.9035047988496
S0001868,process_aware,9.499639212750001,10.84223254725108
S0001869,process_aware,14.769813376437499,16.126970695555194
S0001870,process_aware,5.8520260775625,6.649964954932041
S0001871,process_aware,10.6000206895625,11.822932963444579
S0001872,process_aware,12.7253277415,12.98532228413488
S0001873,process_aware,8.0433770503,7.8558444620888315
S0001874,process_aware,7.8557552463124996,9.179779273774022
S0001875,process_aware,4.82668958374375,5.190264357313094
S0001876,process_aware,1.5710643178375,1.2011106137222383
S0001877,process_aware,0.97535794676,0.9308704182620832
S0001878,process_aware,8.87544066125625,9.175251779898181
S0001879,process_aware,24.0485033375,21.376571716899946
S0001880,process_aware,14.8092563638125,15.331253719326291
S0001881,process_aware,1.85919829525,2.3737964510338005
S0001882,process_aware,9.7492084858125,7.231996464971602
S0001883,process_aware,7.920269719,8.896420067600248
S0001884,process_aware,7.953254861675,7.569085700121669
S0001885,process_aware,3.06582382773125,2.9770353472615554
S0001886,process_aware,8.35341982425,8.574903855960532
S0001887,process_aware,18.497353078,21.2497710963778
S0001888,process_aware,14.003056173,11.545691046172756
S0001889,process_aware,1.63447845358125,1.4445132297049124
S0001890,process_aware,13.51859241625,14.26655593995827
S0001891,process_aware,13.69365816075,16.118476338104788
S0001892,process_aware,23.5298083535625,22.52535496282376
S0001893,process_aware,10.4361854218125,10.578310885213469
S0001894,process_aware,22.6721915908125,18.24691672258081
S0001895,process_aware,11.315245618625,12.730673978458707
S0001896,process_aware,20.01321450525,12.530551811124186
S0001897,process_aware,3.11277634635375,3.353013385421345
S0001898,process_aware,1.06005873490375,1.0919232900677698
S0001899,process_aware,29.2253945575,26.8388812602067
S0001900,process_aware,29.8666499,30.295593254917918
S0001901,process_aware,-0.050247003731249976,-0.7439201235337508
S0001902,process_aware,2.612701902975,5.053807064377715
S0001903,process_aware,7.5032936921874995,9.054631885627716
S0001904,process_aware,17.79866741575,18.08177997907143
S0001905,process_aware,25.54483424375,23.799752746991278
S0001906,process_aware,12.7474999981875,12.075238002809611
S0001907,process_aware,14.6455750895625,9.619427422934901
S0001908,process_aware,13.108498819,14.634156180179478
S0001909,process_aware,10.6920743674375,12.239900733274856
S0001910,process_aware,3.92225059548125,5.120481516574582
S0001911,process_aware,4.9101260808125,5.181278338751535
S0001912,process_aware,22.7365146880625,23.556374315294512
S0001913,process_aware,33.976925338125,29.53020820145915
S0001914,process_aware,12.724840890187501,13.358283923280194
S0001915,process_aware,10.8886838245,10.864986294013733
S0001916,process_aware,22.129902511250002,25.47685524978255
S0001917,process_aware,34.592328330625,37.882589235576035
S0001918,process_aware,29.1221348251875,30.555462177046145
S0001919,process_aware,14.3879177695,13.742656560429012
S0001920,process_aware,63.8476912925,66.83680752029612
S0001921,process_aware,30.317652990625,32.17522738622004
S0001922,process_aware,14.880912447437499,14.333293575710615
S0001923,process_aware,10.693472761375,10.934629736682849
S0001924,process_aware,14.616441874375,14.034672021723651
S0001925,process_aware,0.8250159609,0.3951411597517005
S0001926,process_aware,7.9901120605625,7.8011005726412455
S0001927,process_aware,20.5938814381875,21.158276467032394
S0001928,process_aware,20.693268335375,18.2645862625699
S0001929,process_aware,11.438529120125,12.539457638593102
S0001930,process_aware,7.2500555270625,6.8050971109198155
S0001931,process_aware,14.276753926125,14.68597537290949
S0001932,process_aware,1.6257113815625,1.9408724665275756
S0001933,process_aware,6.59651923336875,6.3759851387616076
S0001934,process_aware,6.2002259313875,6.541234165230417
S0001935,process_aware,17.75179273125,16.873347471569133
S0001936,process_aware,8.7438162238125,9.967099623080163
S0001937,process_aware,71.79865001625001,69.14228091355913
S0001938,process_aware,4.6166174329625,4.7458289701938225
S0001939,process_aware,9.72472910780625,12.122081155736103
S0001940,process_aware,27.28461281,26.166749019457033
S0001941,process_aware,11.68129355086875,11.391363685218296
S0001942,process_aware,1.28897704265,0.547751508001676
S0001943,process_aware,3.03665062900625,3.2706974217961764
S0001944,process_aware,-0.8851674043250001,-0.9735282621329936
S0001945,process_aware,1.45379991471,1.2977708889245063
S0001946,process_aware,2.971250012880625,2.8626162295108077
S0001947,process_aware,2.48831768871875,1.6744354703097164
S0001948,process_aware,4.8705797436375,5.693559934316959
S0001949,process_aware,21.17568120825,15.198375547916884
S0001950,process_aware,47.734717995625,39.52703114944871
S0001951,process_aware,1.78378092856875,1.9614949880543158
S0001952,process_aware,11.6401521329375,12.239558993503108
S0001953,process_aware,-0.7600542760125,-1.5476595145453051
S0001954,process_aware,37.96971671625,31.91914527395518
S0001955,process_aware,5.1490189343125,6.586314352853778
S0001956,process_aware,3.80788281766875,5.059675885918621
S0001957,process_aware,16.172902212621874,16.668435361348536
S0001958,process_aware,10.745498794625,12.265765332579365
S0001959,process_aware,1.3545064886937501,1.986094186882225
S0001960,process_aware,40.75576131125,30.358426707371976
S0001961,process_aware,4.4894091839375,4.289598093324261
S0001962,process_aware,9.7741706659375,9.276320624673751
S0001963,process_aware,10.466529241,9.263622213294173
S0001964,process_aware,8.3776591715625,9.397655716984247
S0001965,process_aware,18.593999497625,13.36189143523384
S0001966,process_aware,8.2829512215,8.49486452121508
S0001967,process_aware,7.1609040101875,9.425072730381338
S0001968,process_aware,21.710586473,19.169493602984954
S0001969,process_aware,25.81843249875,27.836830645234567
S0001970,process_aware,-3.1757379570000004,-1.9424424505436602
S0001971,process_aware,11.3953034951625,11.791247679318523
S0001972,process_aware,8.680381623875,10.390885597550502
S0001973,process_aware,17.352631355,17.872647994584838
S0001974,process_aware,34.97402310875,42.729736411443476
S0001975,process_aware,-7.2682999702343745,-2.4774437460370144
S0001976,process_aware,7.018424318,8.637448708495265
S0001977,process_aware,2.707943780903125,2.223311696691776
S0001978,process_aware,13.6147692249375,14.229309225052381
S0001979,process_aware,5.3360159218625,5.476296027995541
S0001980,process_aware,7.2358091239375,6.931009661777504
S0001981,process_aware,13.405028544124999,11.712436242417683
S0001982,process_aware,10.3820887788125,10.515435957103321
S0001983,process_aware,22.0563372875,16.97119902163443
S0001984,process_aware,8.91907758068125,8.275338356028868
S0001985,process_aware,7.679828784875,7.155384671685552
S0001986,process_aware,3.77883411185625,3.08403449400317
S0001987,process_aware,14.03165323775,13.580332886181065
S0001988,process_aware,5.426232762375,3.0382904600495273
S0001989,process_aware,6.64720845825,6.871990453570136
S0001990,process_aware,6.5022456293125,6.136936590193695
S0001991,process_aware,3.26324575009375,2.63556830553178
S0001992,process_aware,5.7076484024375,5.326529361482484
S0001993,process_aware,7.222267949,7.797253412371603
S0001994,process_aware,21.46741472675,19.466811764334693
S0001995,process_aware,5.9708096394375,6.885417676612252
S0001996,process_aware,7.82769872625,7.393805693187687
S0001997,process_aware,5.119805635175,6.110398653330232
S0001998,process_aware,13.751584067875,19.72967058204905
S0001999,process_aware,12.0728407690625,12.766746157111998
S0002000,process_aware,3.3255627940375003,4.526532784492602
S0002001,process_aware,2.2640280022625,2.1576955671650055
S0002002,process_aware,7.7284080430125,8.22760057188064
S0002003,process_aware,57.332368554375,54.59459007860336
S0002004,process_aware,0.03653755246875007,0.6442127509821947
S0002005,process_aware,31.76961750875,31.648770708174638
S0002006,process_aware,4.8314089431375,5.265777050602634
S0002007,process_aware,20.59516437475,20.280670104410035
S0002008,process_aware,4.02228805575625,3.9271014222203475
S0002009,process_aware,13.61608276281875,8.49943851165704
S0002010,process_aware,0.6929363766187501,0.8550390025614163
S0002011,process_aware,10.3958441853375,13.644714799156743
S0002012,process_aware,18.702101674625,20.906309751108843
S0002013,process_aware,47.243003599375,53.59719033096772
S0002014,process_aware,19.407826215,21.571553669046565
S0002015,process_aware,11.817491417875,12.857869032510994
S0002016,process_aware,2.5576374282125003,2.2721745445107158
S0002017,process_aware,13.6818475166875,12.914389795983528
S0002018,process_aware,1.7471075586375,0.8783104578422452
S0002019,process_aware,11.8362404065625,11.209509396425881
S0002020,process_aware,8.29180553145625,7.9159911088405694
S0002021,process_aware,6.78955804475,7.0945287718483945
S0002022,process_aware,13.0201320964375,12.144089512015686
S0002023,process_aware,14.650375110625,17.803362162035814
S0002024,process_aware,16.315058742375,18.468930576767264
S0002025,process_aware,3.584360135275,5.6084160067323525
S0002026,process_aware,13.124699931375,13.712313993110019
S0002027,process_aware,26.118232009499998,25.435323601753474
S0002028,process_aware,2.114874681335625,2.420886216995099
S0002029,process_aware,3.2401191266750002,3.363678663525835
S0002030,process_aware,10.8396285025625,8.919765263408795
S0002031,process_aware,15.023178202875,14.348376609579393
S0002032,process_aware,9.83313548338125,9.984528924117592
S0002033,process_aware,5.9317467103125,6.0233641585394535
S0002034,process_aware,70.38450123875,90.95127573916227
S0002035,process_aware,21.844174083125,20.37615244090653
S0002036,process_aware,12.00812828826875,11.97038462793099
S0002037,process_aware,6.089524211275,7.884196454486277
S0002038,process_aware,5.241515445625,5.3944397993495015
S0002039,process_aware,0.028167055651062506,0.03583512363250105
S0002040,process_aware,3.4650098462,6.923600070433273
S0002041,process_aware,3.1160496638375,2.6136581599802478
S0002042,process_aware,11.19257091400625,7.762236225109584
S0002043,process_aware,24.0344074075,23.72723157635699
S0002044,process_aware,24.285966190625,21.65222044292597
S0002045,process_aware,29.297127285,28.756576563188446
S0002046,process_aware,5.4140267326875,5.013133274076837
S0002047,process_aware,82.7050481825,79.77490743754255
