set_id,base_id,t_end,delta_extent,delta_fni,mismatch_probability
S0002048,P00000,7,0.75,0.42760519606999997,0.0
S0002049,P00001,7,0.5,0.32632208372500005,0.0
S0002050,P00002,7,0.25,-0.05951999782924999,0.5
S0002051,P00003,7,0.0,0.16272472242199998,0.0
S0002052,P00004,7,0.0,-0.04867697057249999,0.0
S0002053,P00005,7,0.5,0.53967559715,0.0
S0002054,P00006,7,0.5,0.46821583375000003,0.0
S0002055,P00007,7,-0.75,0.450058836515,0.0
S0002056,P00008,7,0.5,0.340478666065,0.0
S0002057,P00009,7,0.25,-0.703966969575,0.0
S0002058,P00010,7,-0.25,0.21581304433250004,0.0
S0002059,P00011,7,-0.75,0.3681851413452749,0.0
S0002060,P00012,7,0.25,0.24578655623000004,0.5
S0002061,P00013,7,0.25,0.103092504675,0.0
S0002062,P00014,7,1.0,0.27184267812824997,0.0
S0002063,P00015,7,1.0,0.076338464895,0.25
S0002064,P00016,7,0.75,0.13247799519999998,0.0
S0002065,P00017,7,0.0,-0.029150854777500002,0.25
S0002066,P00018,7,0.25,0.466521154575,0.0
S0002067,P00019,7,0.5,0.385798434825,0.0
S0002068,P00020,7,0.0,0.28883382409999997,0.25
S0002069,P00021,7,-0.25,-0.0533074799325,0.0
S0002070,P00022,7,0.75,-0.19903958112499998,0.5
S0002071,P00023,7,-1.0,-0.4315874624525,0.0
S0002072,P00024,7,1.0,-0.055747506979999986,0.25
S0002073,P00025,7,0.0,0.10901605647675,0.0
S0002074,P00026,7,0.25,-0.12725964908999998,0.25
S0002075,P00027,7,0.25,0.5502660773999999,0.0
S0002076,P00028,7,-0.25,0.08394391082000002,0.0
S0002077,P00029,7,-0.25,-0.4016721338325,0.25
S0002078,P00030,7,0.25,0.061039934952499986,0.0
S0002079,P00031,7,-0.5,0.3205022986625,0.0
S0002080,P00032,7,0.5,0.2052959798,0.0
S0002081,P00033,7,-0.5,0.22469668798,0.0
S0002082,P00034,7,1.0,0.012477061192499993,0.25
S0002083,P00035,7,-1.0,-0.1718117189925,0.0
S0002084,P00036,7,0.25,0.2333203016775,0.0
S0002085,P00037,7,0.25,-0.11432745214725,0.25
S0002086,P00038,7,0.25,0.09413074658500001,0.0
S0002087,P00039,7,0.0,-0.297699998925,0.0
S0002088,P00040,7,0.75,0.8674626579,0.0
S0002089,P00041,7,-0.75,0.00436654428525,0.0
S0002090,P00042,7,-0.5,0.351246942185,0.0
S0002091,P00043,7,-0.25,-0.0468942150715,0.0
S0002092,P00044,7,0.5,1.094440780685,0.0
S0002093,P00045,7,0.25,-0.045509675515,0.25
S0002094,P00046,7,0.0,-0.0312776153345,0.0
S0002095,P00047,7,-0.5,0.20624639746275,0.0
S0002096,P00048,7,0.5,0.05482742174125,0.0
S0002097,P00049,7,0.5,0.1273799370825,0.0
S0002098,P00050,7,0.0,0.20563712675625,0.0
S0002099,P00051,7,0.25,0.27563527379249997,0.0
S0002100,P00052,7,0.75,0.17034418417975,0.0
S0002101,P00053,7,0.25,0.1396365712875,0.0
S0002102,P00054,7,-0.75,0.086328610095,0.0
S0002103,P00055,7,0.75,0.1328184835625,0.0
S0002104,P00056,7,-1.25,-0.74626061575,0.25
S0002105,P00057,7,0.25,-0.25968883004500004,0.0
S0002106,P00058,7,-0.25,0.026136255358000002,0.0
S0002107,P00059,7,0.25,-0.2046101394,0.25
S0002108,P00060,7,0.5,0.2356941696115,0.0
S0002109,P00061,7,-0.25,0.45625126302499996,0.0
S0002110,P00062,7,0.0,0.023274970575975,0.0
S0002111,P00063,7,0.0,0.14980660774600002,0.0
S0002112,P00064,7,-0.25,-0.172759899775,0.25
S0002113,P00065,7,0.5,-0.387391092025,0.5
S0002114,P00066,7,0.5,0.21820254417749999,0.0
S0002115,P00067,7,0.25,0.251287539481,0.0
S0002116,P00068,7,0.5,0.048792738755,0.0
S0002117,P00069,7,0.75,0.51528645419,0.25
S0002118,P00070,7,0.0,0.02979542225250001,0.25
S0002119,P00071,7,1.75,0.16423647516,0.0
S0002120,P00072,7,-0.25,0.0135270421425,0.0
S0002121,P00073,7,0.5,0.47733461106,0.0
S0002122,P00074,7,1.25,-0.2461547642375,0.75
S0002123,P00075,7,1.0,0.013814175847500002,0.5
S0002124,P00076,7,-0.75,-0.5648496116474999,0.0
S0002125,P00077,7,0.25,0.17965313298399999,0.0
S0002126,P00078,7,1.0,0.3671201261015,0.0
S0002127,P00079,7,-0.25,0.1961417345,0.0
S0002128,P00080,7,-0.5,0.1181848115825,0.0
S0002129,P00081,7,0.0,0.022763091037499992,0.25
S0002130,P00082,7,0.25,0.27471228278,0.0
S0002131,P00083,7,-0.5,-0.18071567654749998,0.0
S0002132,P00084,7,-0.25,0.04379201425,0.0
S0002133,P00085,7,0.25,0.14032562604999999,0.25
S0002134,P00086,7,0.5,0.3599766743575,0.0
S0002135,P00087,7,1.5,0.32661297562499997,0.0
S0002136,P00088,7,0.0,-0.12383200222749999,0.0
S0002137,P00089,7,0.25,-0.10410088800249999,0.0
S0002138,P00090,7,1.0,0.23297844272999998,0.0
S0002139,P00091,7,0.25,-0.3186797163925,0.25
S0002140,P00092,7,0.5,0.1955153999,0.25
S0002141,P00093,7,0.5,0.12392835491815,0.25
S0002142,P00094,7,0.25,0.045660131857499994,0.25
S0002143,P00095,7,0.5,0.011150538647999999,0.0
S0002144,P00096,7,0.5,0.22798637344999997,0.0
S0002145,P00097,7,0.25,0.0919764134675,0.0
S0002146,P00098,7,0.5,0.2653325465925,0.0
S0002147,P00099,7,-0.5,-0.20386465334999998,0.0
S0002148,P00100,7,1.25,0.351355210325,0.0
S0002149,P00101,7,0.5,0.33807451578,0.0
S0002150,P00102,7,0.0,-0.01758113855975,0.0
S0002151,P00103,7,1.25,0.2632693976,0.0
S0002152,P00104,7,-0.25,-0.0804141567925,0.0
S0002153,P00105,7,1.0,0.4258285476125,0.0
S0002154,P00106,7,-0.25,0.35556496875,0.0
S0002155,P00107,7,0.25,-0.1142747326675,0.25
S0002156,P00108,7,0.5,0.1267470717175,0.0
S0002157,P00109,7,1.0,0.42572745559999997,0.0
S0002158,P00110,7,-0.25,0.0339290710725,0.25
S0002159,P00111,7,0.0,-0.06478966247000001,0.0
S0002160,P00112,7,0.5,1.35812289905,0.0
S0002161,P00113,7,0.25,0.15439639924999998,0.0
S0002162,P00114,7,0.0,0.543345813475,0.0
S0002163,P00115,7,1.25,-0.0005017556249999888,0.25
S0002164,P00116,7,-0.25,0.16459365207499999,0.0
S0002165,P00117,7,1.75,0.5335516458,0.0
S0002166,P00118,7,-0.5,-0.536205863335,0.0
S0002167,P00119,7,-0.5,-0.231175599605,0.25
S0002168,P00120,7,0.25,0.6763123817699999,0.0
S0002169,P00121,7,-0.25,0.3636383850475,0.0
S0002170,P00122,7,0.75,-0.00273205843499999,0.25
S0002171,P00123,7,0.5,-0.38455521922499997,0.5
S0002172,P00124,7,0.75,0.16030283889,0.0
S0002173,P00125,7,0.75,0.120879849045,0.0
S0002174,P00126,7,0.5,-0.5791879103249999,0.25
S0002175,P00127,7,0.75,-0.022639677065000002,0.25
S0002176,P00128,7,0.5,-0.22980417621,0.5
S0002177,P00129,7,0.5,-0.15470744017500002,0.0
S0002178,P00130,7,-0.25,0.5429868901275,0.0
S0002179,P00131,7,0.75,-0.054170697832499996,0.5
S0002180,P00132,7,-0.25,-0.0283122810875,0.25
S0002181,P00133,7,1.75,0.30503390110500006,0.25
S0002182,P00134,7,-0.25,0.09949159482250002,0.0
S0002183,P00135,7,0.75,0.6123936130350001,0.0
S0002184,P00136,7,0.25,0.5468593173725,0.0
S0002185,P00137,7,0.0,-0.027935836695,0.0
S0002186,P00138,7,-0.25,-0.26429826902250003,0.0
S0002187,P00139,7,0.0,0.7455050516225,0.0
S0002188,P00140,7,0.75,0.026968208862499995,0.0
S0002189,P00141,7,0.75,0.131166353875,0.0
S0002190,P00142,7,0.75,0.11959893976999997,0.25
S0002191,P00143,7,0.0,0.49294694205,0.0
S0002192,P00144,7,0.75,0.18368260430525002,0.0
S0002193,P00145,7,1.25,-0.10674393950000001,0.0
S0002194,P00146,7,-0.5,-0.1372792637125,0.0
S0002195,P00147,7,0.5,-0.0873888727675,0.25
S0002196,P00148,7,0.25,0.1799114459665,0.0
S0002197,P00149,7,-0.25,0.2727570689225,0.0
S0002198,P00150,7,-0.5,0.3522123526,0.0
S0002199,P00151,7,0.75,0.75410334545,0.0
S0002200,P00152,7,0.5,0.2824123101575,0.25
S0002201,P00153,7,0.25,0.3095234434125,0.0
S0002202,P00154,7,0.0,0.04808222297749999,0.0
S0002203,P00155,7,-0.75,-0.050477301712500006,0.0
S0002204,P00156,7,-0.75,-0.34576985960574247,0.0
S0002205,P00157,7,-0.75,0.02532575850749999,0.0
S0002206,P00158,7,0.5,-0.42492767988150004,0.5
S0002207,P00159,7,0.25,0.082311028421,0.0
S0002208,P00160,7,0.5,0.1547428598,0.0
S0002209,P00161,7,0.0,0.3360835633075,0.25
S0002210,P00162,7,0.0,0.479111361565,0.0
S0002211,P00163,7,-0.75,-0.10554261675250001,0.25
S0002212,P00164,7,0.0,0.1950280846575,0.0
S0002213,P00165,7,0.0,-0.0925660679025,0.0
S0002214,P00166,7,-0.25,0.4048018881275,0.0
S0002215,P00167,7,1.0,0.5515523077225,0.0
S0002216,P00168,7,1.0,0.1804795355725,0.0
S0002217,P00169,7,0.0,0.205253067695,0.0
S0002218,P00170,7,1.5,0.414269247009625,0.25
S0002219,P00171,7,0.25,0.279662146075,0.0
S0002220,P00172,7,0.75,0.3297867440825,0.0
S0002221,P00173,7,-0.5,-0.3036831449775,0.0
S0002222,P00174,7,0.25,0.03260310677,0.0
S0002223,P00175,7,1.25,0.32923354225,0.0
S0002224,P00176,7,0.0,-0.12688009960000002,0.0
S0002225,P00177,7,0.25,-0.099098929865,0.5
S0002226,P00178,7,1.25,0.3713266023425,0.0
S0002227,P00179,7,1.25,-0.012413608411250013,0.5
S0002228,P00180,7,-0.5,0.0365093957623,0.0
S0002229,P00181,7,0.5,0.08076998996075,0.0
S0002230,P00182,7,1.75,0.3673581499325,0.0
S0002231,P00183,7,0.5,-0.11075564024450002,0.25
S0002232,P00184,7,-0.25,-0.39736401461500004,0.0
S0002233,P00185,7,-0.25,0.80636062835,0.0
S0002234,P00186,7,1.0,-0.082654254534,0.5
S0002235,P00187,7,0.5,0.07867924416499998,0.25
S0002236,P00188,7,0.5,-0.2402845876425,0.5
S0002237,P00189,7,0.0,-0.5177472750675,0.25
S0002238,P00190,7,0.0,-0.5260805484687501,0.0
S0002239,P00191,7,-0.25,0.008334371977500005,0.0
S0002240,P00192,7,0.25,0.5580496907675,0.0
S0002241,P00193,7,0.75,0.1725649133375,0.0
S0002242,P00194,7,-0.25,-0.094008791975,0.25
S0002243,P00195,7,0.0,-0.05124549560499999,0.0
S0002244,P00196,7,0.25,-0.015073183802500001,0.25
S0002245,P00197,7,0.0,0.29854155455725,0.0
S0002246,P00198,7,0.5,-0.3177439341325,0.25
S0002247,P00199,7,0.25,-0.734323064015,0.25
S0002248,P00200,7,1.25,0.22326145876999998,0.0
S0002249,P00201,7,0.75,-0.019460864544999998,0.75
S0002250,P00202,7,0.5,-0.035672461723500005,0.25
S0002251,P00203,7,-0.5,0.16920964165000002,0.0
S0002252,P00204,7,0.5,0.161412051825,0.0
S0002253,P00205,7,0.5,0.16425665679999998,0.0
S0002254,P00206,7,-0.75,0.167937649165,0.0
S0002255,P00207,7,0.75,-0.46886379494749997,0.5
S0002256,P00208,7,-0.25,0.816817495495,0.0
S0002257,P00209,7,1.0,0.2160975829125,0.25
S0002258,P00210,7,-0.5,-0.024431678027500008,0.0
S0002259,P00211,7,0.5,0.3891448377525,0.0
S0002260,P00212,7,0.0,0.019617167697499993,0.0
S0002261,P00213,7,-0.5,0.238171362005,0.0
S0002262,P00214,7,0.25,0.11093550350650001,0.0
S0002263,P00215,7,0.0,0.067871114495,0.0
S0002264,P00216,7,1.0,0.09219007583675,0.0
S0002265,P00217,7,0.0,-0.10450329215000001,0.0
S0002266,P00218,7,0.75,-0.20416820999500002,0.25
S0002267,P00219,7,-0.25,-0.14680607745000002,0.25
S0002268,P00220,7,-0.5,-0.16426059404749999,0.0
S0002269,P00221,7,0.75,0.566318260135,0.0
S0002270,P00222,7,-1.0,-0.5822947483225,0.0
S0002271,P00223,7,0.25,0.302379935225,0.0
S0002272,P00224,7,1.25,0.416148084925,0.25
S0002273,P00225,7,-0.5,0.353837473925,0.0
S0002274,P00226,7,0.0,0.8877868563025,0.0
S0002275,P00227,7,-0.5,0.036491595363,0.0
S0002276,P00228,7,0.75,0.20482229763249998,0.0
S0002277,P00229,7,0.5,0.23613947554025,0.0
S0002278,P00230,7,1.0,-0.044984538274,0.0
S0002279,P00231,7,0.5,0.2301965023175,0.0
S0002280,P00232,7,0.25,0.1717752334275,0.0
S0002281,P00233,7,0.75,0.55785784727,0.25
S0002282,P00234,7,0.0,-0.593710480398,0.0
S0002283,P00235,7,-0.25,-0.37976141228000004,0.0
S0002284,P00236,7,0.25,-0.1024786644525,0.25
S0002285,P00237,7,1.0,0.26912433029,0.0
S0002286,P00238,7,1.25,-0.01009926555675,0.75
S0002287,P00239,7,0.25,0.06308819916700001,0.0
S0002288,P00240,7,1.75,0.15474375754449998,0.0
S0002289,P00241,7,-0.25,-0.04772721174999994,0.0
S0002290,P00242,7,1.5,-0.2271904945375,0.5
S0002291,P00243,7,0.5,0.1168787117475,0.0
S0002292,P00244,7,0.0,0.5935826925775,0.0
S0002293,P00245,7,-0.5,0.07608668489249999,0.0
S0002294,P00246,7,0.25,0.12190332814999999,0.0
S0002295,P00247,7,0.5,0.184185373965,0.0
S0002296,P00248,7,1.5,0.2643447145085,0.5
S0002297,P00249,7,-0.5,-0.98751977837,0.25
S0002298,P00250,7,-0.25,0.0315451308255,0.0
S0002299,P00251,7,1.5,0.40508165492250003,0.0
S0002300,P00252,7,0.5,0.41425000087499997,0.0
S0002301,P00253,7,0.0,0.248785273025,0.0
S0002302,P00254,7,0.25,-0.00561303604,0.25
S0002303,P00255,7,1.25,0.13338663406,0.25
S0002304,P00256,7,0.75,0.5394798840175,0.0
S0002305,P00257,7,1.0,0.3075301707,0.5
S0002306,P00258,7,0.0,-0.024315131543,0.25
S0002307,P00259,7,-0.75,0.10684182144500001,0.0
S0002308,P00260,7,-0.5,0.14426039020644998,0.0
S0002309,P00261,7,0.5,-0.06489265110999999,0.0
S0002310,P00262,7,-0.75,0.244258851035,0.0
S0002311,P00263,7,0.25,0.9802765003175,0.0
S0002312,P00264,7,-0.5,0.1029258166575,0.0
S0002313,P00265,7,0.25,0.314851447754,0.0
S0002314,P00266,7,0.25,0.11976770414749999,0.0
S0002315,P00267,7,-0.25,-0.2233014094325,0.0
S0002316,P00268,7,0.25,0.6993056360475001,0.0
S0002317,P00269,7,-0.25,0.0313026412675,0.0
S0002318,P00270,7,-0.25,0.0852957683975,0.0
S0002319,P00271,7,0.0,-0.25635277735,0.25
S0002320,P00272,7,2.0,0.14546997025,0.5
S0002321,P00273,7,-0.25,0.1335992139,0.0
S0002322,P00274,7,-0.5,-0.024402969614,0.0
S0002323,P00275,7,2.0,0.14518298483,0.75
S0002324,P00276,7,0.75,-0.0070983201349999955,0.25
S0002325,P00277,7,0.0,0.06955455442477501,0.25
S0002326,P00278,7,0.25,0.0668779802075,0.0
S0002327,P00279,7,0.75,0.5997531660250001,0.25
S0002328,P00280,7,-0.25,0.11610102298525,0.0
S0002329,P00281,7,0.5,0.41975206069500004,0.0
S0002330,P00282,7,0.5,0.20992993451550004,0.25
S0002331,P00283,7,0.25,-0.23766881973249998,0.0
S0002332,P00284,7,0.75,0.016772624599999994,0.0
S0002333,P00285,7,-1.0,-0.272259195349,0.0
S0002334,P00286,7,1.0,0.292969644125,0.0
S0002335,P00287,7,0.75,0.17260503113999998,0.0
S0002336,P00288,7,0.5,-0.3668501314625,0.5
S0002337,P00289,7,-0.25,-0.04907663479999999,0.0
S0002338,P00290,7,0.25,0.3410504840075,0.25
S0002339,P00291,7,-0.75,0.31403829682500006,0.0
S0002340,P00292,7,0.5,0.7419397122575,0.0
S0002341,P00293,7,0.0,0.106786563995,0.0
S0002342,P00294,7,0.0,0.22948283738,0.0
S0002343,P00295,7,-0.25,-0.0461990510085,0.0
S0002344,P00296,7,0.0,-0.20906303767925002,0.25
S0002345,P00297,7,0.5,0.456114448814,0.25
S0002346,P00298,7,0.0,0.1390090695925,0.0
S0002347,P00299,7,0.75,0.2649080568,0.0
S0002348,P00300,7,0.0,-0.06589561152,0.0
S0002349,P00301,7,0.25,-0.11814180738135,0.25
S0002350,P00302,7,-0.25,-0.1446057729175,0.0
S0002351,P00303,7,0.75,0.0909352569175,0.25
S0002352,P00304,7,-0.5,0.21748360057500002,0.0
S0002353,P00305,7,-1.0,0.3122537642,0.0
S0002354,P00306,7,1.5,0.0489234224,0.0
S0002355,P00307,7,0.25,0.06335058886549999,0.0
S0002356,P00308,7,0.5,0.15657875165000001,0.0
S0002357,P00309,7,1.25,0.5121336098325,0.0
S0002358,P00310,7,0.0,-0.018944398936,0.25
S0002359,P00311,7,0.5,0.4831723934175,0.25
S0002360,P00312,7,1.25,0.781479397425,0.0
S0002361,P00313,7,1.0,0.1773271337525,0.0
S0002362,P00314,7,0.25,0.02236960651,0.0
S0002363,P00315,7,0.0,0.10864298887500001,0.0
S0002364,P00316,7,0.25,0.20009294840925002,0.25
S0002365,P00317,7,0.25,0.19600866025,0.0
S0002366,P00318,7,-1.0,-0.3719398238905,0.0
S0002367,P00319,7,1.0,-0.0591780920675,0.5
S0002368,P00320,7,1.25,0.0664321829975,0.0
S0002369,P00321,7,0.25,0.3931465556,0.0
S0002370,P00322,7,0.0,-0.277450007005,0.25
S0002371,P00323,7,0.25,-0.0847797171575,0.25
S0002372,P00324,7,0.0,0.12834610611025,0.0
S0002373,P00325,7,0.5,0.37010463457250004,0.0
S0002374,P00326,7,0.75,0.79657381616,0.0
S0002375,P00327,7,0.75,0.3540752873325,0.0
S0002376,P00328,7,0.5,0.037243054565,0.5
S0002377,P00329,7,0.5,0.0376004134925,0.0
S0002378,P00330,7,0.0,0.2523326123385,0.0
S0002379,P00331,7,1.0,0.415931616905,0.0
S0002380,P00332,7,0.25,0.77130101435,0.0
S0002381,P00333,7,0.0,0.07436031669,0.0
S0002382,P00334,7,0.0,0.0110001310275,0.0
S0002383,P00335,7,-0.5,-0.11179605643500001,0.0
S0002384,P00336,7,0.5,0.1029754064125,0.0
S0002385,P00337,7,1.0,0.3197862397475,0.0
S0002386,P00338,7,0.5,0.10126026422825,0.0
S0002387,P00339,7,1.25,-0.20344899008425002,0.25
S0002388,P00340,7,0.75,0.564889484875,0.25
S0002389,P00341,7,0.5,0.528806414125,0.0
S0002390,P00342,7,1.25,0.3640345311,0.0
S0002391,P00343,7,0.5,-0.0334966777175,0.0
S0002392,P00344,7,0.25,0.0393710504475,0.0
S0002393,P00345,7,1.75,-0.153324553725,0.5
S0002394,P00346,7,-0.25,0.35350766522525,0.0
S0002395,P00347,7,0.0,-0.215121107966,0.25
S0002396,P00348,7,0.25,-0.1246622318875,0.0
S0002397,P00349,7,0.5,0.07016355886499999,0.0
S0002398,P00350,7,0.25,0.64790272997,0.0
S0002399,P00351,7,0.25,0.06105095165000002,0.0
S0002400,P00352,7,1.25,0.3376033125175,0.0
S0002401,P00353,7,0.25,0.3316454293325,0.0
S0002402,P00354,7,0.25,0.3212696735075,0.25
S0002403,P00355,7,0.5,0.3970690979,0.0
S0002404,P00356,7,0.25,0.1485297803615,0.0
S0002405,P00357,7,0.0,0.2666374598725,0.0
S0002406,P00358,7,0.25,-0.147621050995,0.25
S0002407,P00359,7,0.75,0.200561267995,0.0
S0002408,P00360,7,0.75,-0.30060618907500003,0.5
S0002409,P00361,7,0.25,-0.0218429896395,0.25
S0002410,P00362,7,0.5,0.154647563675,0.0
S0002411,P00363,7,1.0,0.41371395662250005,0.5
S0002412,P00364,7,0.0,0.32301011593249995,0.0
S0002413,P00365,7,0.25,0.10799240473499999,0.25
S0002414,P00366,7,0.25,0.06793928932750004,0.0
S0002415,P00367,7,0.0,0.0010570415752,0.0
S0002416,P00368,7,0.25,0.2091273441025,0.0
S0002417,P00369,7,0.75,0.355443789525,0.0
S0002418,P00370,7,0.0,-1.0074785057925,0.25
S0002419,P00371,7,0.0,0.06715429283999999,0.25
S0002420,P00372,7,0.0,-0.09027424120887499,0.0
S0002421,P00373,7,0.0,0.1081906976945,0.0
S0002422,P00374,7,-0.25,0.1329930311225,0.0
S0002423,P00375,7,0.25,-0.41314836127657506,0.5
S0002424,P00376,7,0.5,0.24673371373874997,0.0
S0002425,P00377,7,0.5,0.80220945285,0.0
S0002426,P00378,7,1.5,0.652592245725,0.0
S0002427,P00379,7,1.0,0.3653741594675,0.0
S0002428,P00380,7,0.0,0.12806309837500002,0.0
S0002429,P00381,7,0.0,0.3252542908575,0.0
S0002430,P00382,7,0.75,0.645063132475,0.0
S0002431,P00383,7,0.0,-0.0341496510975,0.0
S0002432,P00384,7,0.5,-0.0038790232749999973,0.25
S0002433,P00385,7,0.5,0.11247537585225,0.25
S0002434,P00386,7,0.25,0.118772647175,0.0
S0002435,P00387,7,0.25,-0.4997793066975,0.5
S0002436,P00388,7,-0.75,-0.262259259315,0.0
S0002437,P00389,7,1.0,0.49375431785,0.0
S0002438,P00390,7,1.25,0.26588225746375,0.5
S0002439,P00391,7,0.25,0.2102941263225,0.25
S0002440,P00392,7,0.75,0.138004192175,0.5
S0002441,P00393,7,1.75,0.60488855495,0.0
S0002442,P00394,7,-0.25,-0.0144894972475,0.0
S0002443,P00395,7,-0.75,-0.561512796975,0.0
S0002444,P00396,7,0.75,0.0500663081725,0.25
S0002445,P00397,7,0.5,-0.13432104618500001,0.25
S0002446,P00398,7,0.75,0.34507932181175,0.25
S0002447,P00399,7,-0.5,0.0544631871325,0.0
S0002448,P00400,7,0.25,0.47015940115,0.0
S0002449,P00401,7,2.75,0.75987316135,0.25
S0002450,P00402,7,0.0,0.00393782813875,0.0
S0002451,P00403,7,1.0,0.25329827374,0.25
S0002452,P00404,7,-0.25,-0.031881466535,0.0
S0002453,P00405,7,-0.25,-0.0072551927292499995,0.0
S0002454,P00406,7,-0.25,0.20942255008474997,0.0
S0002455,P00407,7,0.5,-0.21226502430045,0.25
S0002456,P00408,7,0.5,0.550289190325,0.0
S0002457,P00409,7,0.25,-0.190492464281,0.5
S0002458,P00410,7,0.5,0.39459462348499996,0.0
S0002459,P00411,7,0.0,-0.0481918631325,0.0
S0002460,P00412,7,-0.75,0.5025161590225,0.0
S0002461,P00413,7,0.0,-0.2230407802685,0.0
S0002462,P00414,7,-0.5,0.24467878198749998,0.0
S0002463,P00415,7,0.0,-0.07351837128000001,0.0
S0002464,P00416,7,0.25,-0.37401932695,0.25
S0002465,P00417,7,1.0,0.215239100475,0.0
S0002466,P00418,7,0.0,-0.04155746647,0.0
S0002467,P00419,7,0.0,-0.035540661675,0.0
S0002468,P00420,7,0.25,0.0597832398475,0.0
S0002469,P00421,7,0.25,0.028186606855,0.0
S0002470,P00422,7,-0.5,-0.2558151816625,0.0
S0002471,P00423,7,0.0,0.050643324847500004,0.0
S0002472,P00424,7,0.0,0.08757786315999999,0.0
S0002473,P00425,7,-0.25,0.04327771689,0.0
S0002474,P00426,7,-0.25,0.33672257055,0.0
S0002475,P00427,7,0.25,-0.18532044797,0.0
S0002476,P00428,7,0.0,0.5047085851249999,0.0
S0002477,P00429,7,-0.25,-0.08341716670749999,0.0
S0002478,P00430,7,0.5,0.23792912362825,0.0
S0002479,P00431,7,-0.5,0.268139136635,0.0
S0002480,P00432,7,1.5,0.32966282991749996,0.0
S0002481,P00433,7,-0.25,-0.1942024879,0.0
S0002482,P00434,7,-0.75,-0.33587892453825,0.0
S0002483,P00435,7,0.25,0.021606608694999994,0.25
S0002484,P00436,7,0.25,0.203812435675,0.25
S0002485,P00437,7,0.75,-0.12437084991,0.0
S0002486,P00438,7,1.5,0.011929417604999992,0.25
S0002487,P00439,7,0.25,0.6343299116925,0.0
S0002488,P00440,7,-0.25,0.0580246102,0.0
S0002489,P00441,7,-0.75,-0.47489022140250003,0.0
S0002490,P00442,7,0.25,-0.10712431822549998,0.0
S0002491,P00443,7,-1.0,-0.47583928642125,0.0
S0002492,P00444,7,0.5,0.07792476255,0.0
S0002493,P00445,7,0.25,0.2985992047,0.25
S0002494,P00446,7,-0.5,-0.3168605313749999,0.0
S0002495,P00447,7,0.25,-0.2572534272,0.5
S0002496,P00448,7,0.25,-0.008639065243,0.25
S0002497,P00449,7,-0.25,0.020897643430000015,0.0
S0002498,P00450,7,-0.75,-0.038501743945,0.0
S0002499,P00451,7,1.25,0.0298126221125,0.0
S0002500,P00452,7,0.75,0.27681402265075,0.0
S0002501,P00453,7,0.25,-0.1072590628725,0.0
S0002502,P00454,7,0.0,-0.0325792064065,0.0
S0002503,P00455,7,0.5,0.64896160725,0.0
S0002504,P00456,7,0.5,-0.03841057743999998,0.0
S0002505,P00457,7,0.0,0.2800851630575,0.0
S0002506,P00458,7,0.25,0.089376110955,0.0
S0002507,P00459,7,1.0,0.777556501825,0.0
S0002508,P00460,7,-0.5,0.164730569075,0.0
S0002509,P00461,7,-0.5,0.21682536999000002,0.0
S0002510,P00462,7,-0.25,0.0908649071025,0.0
S0002511,P00463,7,1.5,0.0252548909675,0.0
S0002512,P00464,7,1.0,0.9532738471750001,0.0
S0002513,P00465,7,0.0,0.044134681707500005,0.0
S0002514,P00466,7,0.0,0.077120478475,0.0
S0002515,P00467,7,1.0,0.4924762062175,0.0
S0002516,P00468,7,0.0,-0.1905634837895,0.25
S0002517,P00469,7,0.0,0.13591537645,0.0
S0002518,P00470,7,0.5,-0.1397095136775,0.25
S0002519,P00471,7,0.5,-0.14326373942500004,0.25
S0002520,P00472,7,1.25,0.0183268535925,0.25
S0002521,P00473,7,0.25,0.28267173858250005,0.25
S0002522,P00474,7,0.75,-0.023716882475,0.75
S0002523,P00475,7,0.5,0.68984908179,0.0
S0002524,P00476,7,0.25,0.051246097525,0.0
S0002525,P00477,7,0.0,-0.1060386667735,0.25
S0002526,P00478,7,0.25,0.2151471444,0.0
S0002527,P00479,7,-0.5,0.4110911021725,0.0
S0002528,P00480,7,1.5,0.29585029177725,0.0
S0002529,P00481,7,0.25,0.7987518192974999,0.0
S0002530,P00482,7,0.5,0.527210475875,0.0
S0002531,P00483,7,0.0,0.337217162505,0.0
S0002532,P00484,7,0.0,0.14477249172,0.0
S0002533,P00485,7,0.0,0.04297011095999999,0.0
S0002534,P00486,7,-0.5,-0.08479737544,0.0
S0002535,P00487,7,0.25,0.0834420885125,0.0
S0002536,P00488,7,0.5,0.54910857215,0.0
S0002537,P00489,7,0.5,-0.39733748195,0.0
S0002538,P00490,7,0.25,0.03529113098525,0.0
S0002539,P00491,7,0.5,0.0315818955275,0.0
S0002540,P00492,7,0.25,0.19598552261000002,0.0
S0002541,P00493,7,-0.25,0.1570192374675,0.0
S0002542,P00494,7,-1.0,-0.6968106969875,0.0
S0002543,P00495,7,0.0,0.0574016422125,0.0
S0002544,P00496,7,1.0,0.66371122972,0.0
S0002545,P00497,7,1.75,1.0610824159999999,0.0
S0002546,P00498,7,0.25,0.5413662368250001,0.0
S0002547,P00499,7,0.25,-0.0035599248434999998,0.25
S0002548,P00500,7,-0.5,-0.010186863909000001,0.5
S0002549,P00501,7,-0.25,-0.01407803731675,0.0
S0002550,P00502,7,1.25,0.13796660555475002,0.5
S0002551,P00503,7,0.75,0.25586768289175,0.25
S0002552,P00504,7,0.5,0.07319278781000002,0.25
S0002553,P00505,7,1.25,0.7791667442749999,0.0
S0002554,P00506,7,0.0,0.11102630500999999,0.0
S0002555,P00507,7,-0.5,0.0709924642975,0.0
S0002556,P00508,7,0.5,-0.018697455520000003,0.25
S0002557,P00509,7,0.0,0.01701075196,0.0
S0002558,P00510,7,1.5,-0.035182790518849996,0.75
S0002559,P00511,7,0.0,0.11857129269,0.0
S0002560,P00000,14,2.25,0.11753238225749998,0.25
S0002561,P00001,14,1.25,0.747881209795,0.0
S0002562,P00002,14,0.25,-0.37584227832499995,0.5
S0002563,P00003,14,0.0,0.05497158214250001,0.0
S0002564,P00004,14,2.25,0.08677116117500001,0.25
S0002565,P00005,14,1.0,1.717605581825,0.0
S0002566,P00006,14,2.0,2.2899600082,0.0
S0002567,P00007,14,0.25,0.917409956225,0.0
S0002568,P00008,14,5.5,1.246357194,0.0
S0002569,P00009,14,2.25,-0.32720365682499997,0.75
S0002570,P00010,14,-1.5,0.790039603675,0.0
S0002571,P00011,14,0.5,0.805801126225,0.0
S0002572,P00012,14,1.75,1.5951969027750001,0.0
S0002573,P00013,14,0.25,0.20082881095,0.25
S0002574,P00014,14,2.25,1.2366670145,0.0
S0002575,P00015,14,1.5,0.012340897924999983,0.25
S0002576,P00016,14,0.5,0.9071985509,0.25
S0002577,P00017,14,1.75,0.38454259525000006,0.75
S0002578,P00018,14,1.0,0.748858832575,0.0
S0002579,P00019,14,2.0,0.48589972392499997,0.25
S0002580,P00020,14,1.75,-0.5903307924750001,0.25
S0002581,P00021,14,0.0,-0.305061680915,0.5
S0002582,P00022,14,2.0,-0.549332633125,0.5
S0002583,P00023,14,-0.5,-1.0058307933000001,0.25
S0002584,P00024,14,1.75,-0.13889099687500003,0.25
S0002585,P00025,14,-0.5,0.35808788057499996,0.0
S0002586,P00026,14,0.75,-0.218617299755,0.5
S0002587,P00027,14,0.25,1.2615323298,0.0
S0002588,P00028,14,-1.0,-0.06235868420599999,0.25
S0002589,P00029,14,-1.5,-0.66876344795,0.0
S0002590,P00030,14,3.25,1.47171692625,0.0
S0002591,P00031,14,3.5,0.427005962675,0.25
S0002592,P00032,14,1.5,0.9700632969749999,0.0
S0002593,P00033,14,1.75,0.9237421362,0.0
S0002594,P00034,14,1.75,0.390253079425,0.0
S0002595,P00035,14,-0.5,-0.6769061591750001,0.5
S0002596,P00036,14,0.75,0.6872904431,0.0
S0002597,P00037,14,1.0,-0.13801782299999998,0.25
S0002598,P00038,14,0.0,0.306120031,0.0
S0002599,P00039,14,2.5,1.0058692595825,0.0
S0002600,P00040,14,1.0,1.4899345018749999,0.0
S0002601,P00041,14,0.0,-0.0904989471975,0.0
S0002602,P00042,14,0.0,0.387674201025,0.0
S0002603,P00043,14,-0.5,0.22511502016774998,0.0
S0002604,P00044,14,2.25,1.1712853224875,0.0
S0002605,P00045,14,2.0,0.74784377235,0.0
S0002606,P00046,14,0.25,-0.16173717072325,0.25
S0002607,P00047,14,2.0,0.6881866023250001,0.0
S0002608,P00048,14,2.25,0.652186499125,0.25
S0002609,P00049,14,0.5,1.11826416655,0.0
S0002610,P00050,14,0.5,0.0021734657499999956,0.0
S0002611,P00051,14,1.5,0.6727839928275,0.0
S0002612,P00052,14,2.0,0.602000211285,0.0
S0002613,P00053,14,1.25,0.4809817063,0.0
S0002614,P00054,14,-0.25,1.672443175975,0.0
S0002615,P00055,14,3.25,1.117916713475,0.25
S0002616,P00056,14,0.25,-0.6201443264500001,0.25
S0002617,P00057,14,1.5,0.41259031450000005,0.5
S0002618,P00058,14,1.0,0.0980034436375,0.25
S0002619,P00059,14,0.25,0.3925867390775,0.25
S0002620,P00060,14,0.25,0.26571672982625,0.25
S0002621,P00061,14,-0.25,1.571324165,0.0
S0002622,P00062,14,0.25,0.51199147615,0.25
S0002623,P00063,14,2.0,0.638939706325,0.0
S0002624,P00064,14,-0.5,-0.36844896547499995,0.25
S0002625,P00065,14,3.0,0.5695416407,0.25
S0002626,P00066,14,0.0,-0.401208688125,0.5
S0002627,P00067,14,0.5,0.8095663616000001,0.0
S0002628,P00068,14,1.25,-0.02642573503,0.0
S0002629,P00069,14,1.75,-0.839119422325,1.0
S0002630,P00070,14,1.0,0.6112246669525,0.0
S0002631,P00071,14,2.25,1.611226893,0.0
S0002632,P00072,14,0.0,0.6646464431525,0.0
S0002633,P00073,14,0.0,0.449980557425,0.0
S0002634,P00074,14,0.75,-0.5977277654,0.25
S0002635,P00075,14,1.5,0.3183437293,0.25
S0002636,P00076,14,1.25,-0.849816003275,0.75
S0002637,P00077,14,1.25,0.42011454687499994,0.25
S0002638,P00078,14,1.75,0.269325225535,0.0
S0002639,P00079,14,0.25,2.662760370625,0.0
S0002640,P00080,14,0.0,1.1900484312500001,0.0
S0002641,P00081,14,1.25,0.5506768208,0.0
S0002642,P00082,14,1.75,0.736709876175,0.0
S0002643,P00083,14,1.0,-0.05908093372499998,0.5
S0002644,P00084,14,1.5,0.3034725977025,0.0
S0002645,P00085,14,2.25,1.5437924925,0.0
S0002646,P00086,14,2.75,0.7074943686,0.0
S0002647,P00087,14,0.75,1.30286690378,0.0
S0002648,P00088,14,0.5,-0.227420724725,0.0
S0002649,P00089,14,3.0,0.797298943025,0.25
S0002650,P00090,14,3.75,0.682755073015,0.0
S0002651,P00091,14,1.75,0.6543188336250001,0.75
S0002652,P00092,14,-1.0,0.6327904773925,0.0
S0002653,P00093,14,2.25,0.19057583727500002,0.25
S0002654,P00094,14,-0.75,-1.4972855342,0.0
S0002655,P00095,14,1.25,0.059174943375000025,0.5
S0002656,P00096,14,0.75,1.8084093700000001,0.0
S0002657,P00097,14,3.0,0.440933034325,0.0
S0002658,P00098,14,0.75,0.52958005745,0.0
S0002659,P00099,14,-0.5,-0.02312256238249999,0.0
S0002660,P00100,14,4.5,0.805307786575,0.0
S0002661,P00101,14,0.75,0.322086319625,0.25
S0002662,P00102,14,0.5,-0.37721681739000007,0.5
S0002663,P00103,14,1.25,0.13374979952499988,0.25
S0002664,P00104,14,-1.0,0.3060021927,0.0
S0002665,P00105,14,2.75,1.9060438834750002,0.0
S0002666,P00106,14,0.0,1.361181311575,0.0
S0002667,P00107,14,2.0,-0.10398781051999989,0.75
S0002668,P00108,14,1.0,-0.027463871727500005,0.25
S0002669,P00109,14,1.5,0.03309438050000002,0.0
S0002670,P00110,14,-0.25,0.03395268336150001,0.25
S0002671,P00111,14,1.75,-0.5255092003249999,0.5
S0002672,P00112,14,2.5,1.594538988525,0.0
S0002673,P00113,14,-0.5,1.078416587385,0.0
S0002674,P00114,14,2.0,1.790419931125,0.0
S0002675,P00115,14,2.25,-0.07428852807499997,0.5
S0002676,P00116,14,1.75,0.73561287305,0.0
S0002677,P00117,14,2.75,1.2518889419750001,0.0
S0002678,P00118,14,1.25,-0.12865742274999997,0.5
S0002679,P00119,14,0.75,-0.94010597725,0.5
S0002680,P00120,14,1.75,1.497769296375,0.0
S0002681,P00121,14,-1.5,1.3812232629999999,0.0
S0002682,P00122,14,2.0,0.09019923263500002,0.5
S0002683,P00123,14,0.25,-0.570092210525,0.5
S0002684,P00124,14,3.25,0.977961413425,0.0
S0002685,P00125,14,0.75,1.124939211075,0.0
S0002686,P00126,14,0.25,-0.43102994002499995,0.25
S0002687,P00127,14,2.5,0.745269557175,0.25
S0002688,P00128,14,0.75,-0.2989895706,0.25
S0002689,P00129,14,0.0,-0.25754985487500004,0.0
S0002690,P00130,14,1.0,1.2941687484,0.0
S0002691,P00131,14,2.0,0.305624367125,0.25
S0002692,P00132,14,1.5,0.644157088425,0.0
S0002693,P00133,14,2.75,0.578309805703975,0.25
S0002694,P00134,14,0.75,0.6620096749,0.0
S0002695,P00135,14,4.75,1.212906690575,0.25
S0002696,P00136,14,0.5,1.21224653665,0.0
S0002697,P00137,14,1.5,-0.1103423624225,0.75
S0002698,P00138,14,0.25,-0.33303795302500006,0.0
S0002699,P00139,14,0.75,-0.11812822497500003,0.0
S0002700,P00140,14,-0.75,0.2741449237,0.0
S0002701,P00141,14,1.5,0.9404528828500001,0.0
S0002702,P00142,14,1.0,-0.04336322570000001,0.25
S0002703,P00143,14,0.5,1.7772851092025,0.0
S0002704,P00144,14,1.75,0.506221702575,0.0
S0002705,P00145,14,1.75,0.434036312175,0.25
S0002706,P00146,14,-0.5,0.32364206925000005,0.0
S0002707,P00147,14,1.25,0.844340162675,0.0
S0002708,P00148,14,1.75,1.2712541419249999,0.0
S0002709,P00149,14,1.25,0.4343584948725,0.25
S0002710,P00150,14,0.5,1.1027313302250001,0.0
S0002711,P00151,14,0.0,1.536363575025,0.0
S0002712,P00152,14,2.75,1.396816789,0.0
S0002713,P00153,14,0.25,0.3607547916775,0.0
S0002714,P00154,14,3.5,0.7226596492749999,0.0
S0002715,P00155,14,0.0,-0.0909961709,0.25
S0002716,P00156,14,-2.25,-0.8221877671185125,0.0
S0002717,P00157,14,2.25,0.408750416675,0.25
S0002718,P00158,14,1.0,-0.5028614720925,0.5
S0002719,P00159,14,1.5,0.2215180828025,0.0
S0002720,P00160,14,0.5,0.09509767084999998,0.0
S0002721,P00161,14,1.0,0.33377661292500005,0.5
S0002722,P00162,14,0.75,0.9149320772,0.0
S0002723,P00163,14,0.75,-0.20774974257500006,0.0
S0002724,P00164,14,0.5,0.195097732325,0.0
S0002725,P00165,14,0.0,-0.16843654554999998,0.25
S0002726,P00166,14,0.5,0.267674023295,0.25
S0002727,P00167,14,0.75,0.75097885305,0.0
S0002728,P00168,14,1.75,1.2237044212,0.0
S0002729,P00169,14,0.0,0.41243282550000004,0.25
S0002730,P00170,14,-0.25,-0.95582462973875,0.0
S0002731,P00171,14,1.25,1.153919260725,0.0
S0002732,P00172,14,2.0,1.174671821875,0.25
S0002733,P00173,14,0.75,-0.292639493325,0.5
S0002734,P00174,14,1.0,0.7804563663249999,0.0
S0002735,P00175,14,2.75,0.087067351425,0.0
S0002736,P00176,14,1.0,-0.0350663437999999,0.25
S0002737,P00177,14,0.5,-1.0718029607,0.5
S0002738,P00178,14,3.5,2.0902887473000002,0.0
S0002739,P00179,14,3.0,0.221460789675,0.25
S0002740,P00180,14,-0.25,0.25214346499999996,0.0
S0002741,P00181,14,1.0,-0.5681378989000001,0.75
S0002742,P00182,14,4.0,0.9151350283249999,0.0
S0002743,P00183,14,2.25,-0.3275842562225,0.5
S0002744,P00184,14,-1.25,-1.7745210706499999,0.25
S0002745,P00185,14,0.5,2.19810082375,0.0
S0002746,P00186,14,3.0,0.334347578735,0.0
S0002747,P00187,14,3.0,0.578286658725,0.0
S0002748,P00188,14,1.75,0.1847504619,0.25
S0002749,P00189,14,1.25,-0.513539110625,0.75
S0002750,P00190,14,-0.25,-0.60117031405,0.25
S0002751,P00191,14,-0.25,0.240982999775,0.0
S0002752,P00192,14,1.5,1.2198003800250001,0.0
S0002753,P00193,14,-1.5,-0.11242032342025,0.0
S0002754,P00194,14,-1.5,-0.2256485284975,0.25
S0002755,P00195,14,-0.5,0.28460705795,0.0
S0002756,P00196,14,1.5,1.14557134785,0.25
S0002757,P00197,14,-0.25,0.3988445511325,0.0
S0002758,P00198,14,1.25,-0.663407338825,0.5
S0002759,P00199,14,1.25,0.684958876325,0.0
S0002760,P00200,14,3.0,0.8645519259,0.25
S0002761,P00201,14,0.75,-0.437756279455,0.75
S0002762,P00202,14,0.25,0.6814056278985,0.25
S0002763,P00203,14,0.75,1.667402368825,0.0
S0002764,P00204,14,2.75,0.609105771415,0.25
S0002765,P00205,14,0.5,1.219291083625,0.0
S0002766,P00206,14,-0.5,0.893810763625,0.0
S0002767,P00207,14,1.0,-0.1512584225125,0.5
S0002768,P00208,14,0.5,0.23927545392500005,0.0
S0002769,P00209,14,2.75,1.832305388425,0.0
S0002770,P00210,14,-1.5,0.14289552492500002,0.0
S0002771,P00211,14,4.25,1.596441761375,0.0
S0002772,P00212,14,-0.25,0.0010764284000000235,0.0
S0002773,P00213,14,0.0,0.10774120933500003,0.0
S0002774,P00214,14,0.25,0.011255802172499987,0.0
S0002775,P00215,14,0.25,0.185507712725,0.0
S0002776,P00216,14,3.75,0.32978045935875,0.0
S0002777,P00217,14,1.25,0.4140362996,0.0
S0002778,P00218,14,2.5,-0.506986770125,0.75
S0002779,P00219,14,0.25,-0.05867288477499999,0.0
S0002780,P00220,14,0.25,-0.431266194075,0.0
S0002781,P00221,14,1.0,0.6458446716000001,0.25
S0002782,P00222,14,0.25,-0.61873525875,0.25
S0002783,P00223,14,0.75,0.16523860307799998,0.0
S0002784,P00224,14,6.5,2.358727413,0.0
S0002785,P00225,14,0.25,0.29334887187500003,0.25
S0002786,P00226,14,2.25,1.0722448793,0.0
S0002787,P00227,14,0.0,0.54975777065,0.0
S0002788,P00228,14,1.25,-0.052390244555000014,0.25
S0002789,P00229,14,1.5,1.6291072520749998,0.0
S0002790,P00230,14,1.75,0.5982461960775,0.0
S0002791,P00231,14,0.0,0.10904844280000003,0.0
S0002792,P00232,14,1.5,0.41994677265,0.25
S0002793,P00233,14,1.5,1.2858198030749999,0.0
S0002794,P00234,14,0.75,0.14973373667500006,0.0
S0002795,P00235,14,0.0,-0.57535800595,0.5
S0002796,P00236,14,1.75,-0.810894605225,0.5
S0002797,P00237,14,2.5,0.691309765725,0.25
S0002798,P00238,14,2.0,-0.350380894435,1.0
S0002799,P00239,14,1.0,0.2657863080475,0.0
S0002800,P00240,14,0.25,0.789567180275,0.0
S0002801,P00241,14,-0.5,-0.738466805725,0.5
S0002802,P00242,14,2.25,0.543400264275,0.0
S0002803,P00243,14,2.0,-0.05143579430000002,0.25
S0002804,P00244,14,-0.25,0.37403140890000003,0.0
S0002805,P00245,14,-0.25,0.404701823675,0.25
S0002806,P00246,14,1.25,0.9435843659250001,0.0
S0002807,P00247,14,1.75,0.832766276075,0.0
S0002808,P00248,14,4.0,0.09122165122499999,0.5
S0002809,P00249,14,0.5,-0.639920529135,0.25
S0002810,P00250,14,-0.75,0.61778566535,0.0
S0002811,P00251,14,3.75,0.59055750935,0.25
S0002812,P00252,14,0.0,0.875845107925,0.0
S0002813,P00253,14,4.75,1.08933132275,0.0
S0002814,P00254,14,-0.25,-0.37287696831249995,0.25
S0002815,P00255,14,1.5,1.548085633725,0.25
S0002816,P00256,14,0.75,0.9566011598874999,0.0
S0002817,P00257,14,2.75,1.45351409015,0.0
S0002818,P00258,14,-0.5,1.27072160348,0.0
S0002819,P00259,14,0.75,0.337697691575,0.0
S0002820,P00260,14,0.75,0.9691805461690001,0.0
S0002821,P00261,14,1.25,0.2560492843125,0.0
S0002822,P00262,14,0.5,0.354525153965,0.0
S0002823,P00263,14,0.25,0.526359325475,0.25
S0002824,P00264,14,-0.25,-0.040523462129999965,0.0
S0002825,P00265,14,-0.25,1.42074611197,0.0
S0002826,P00266,14,2.0,0.7631313248,0.0
S0002827,P00267,14,0.25,0.47533702840000003,0.0
S0002828,P00268,14,0.25,1.1818732669999998,0.0
S0002829,P00269,14,-0.5,0.18722957097499998,0.0
S0002830,P00270,14,-1.5,0.75350008825,0.0
S0002831,P00271,14,0.25,-0.014527909402500008,0.25
S0002832,P00272,14,1.5,0.47213943162999994,0.0
S0002833,P00273,14,0.75,0.008032914674999975,0.25
S0002834,P00274,14,2.25,0.8799596997749999,0.0
S0002835,P00275,14,4.0,0.8370591674749999,0.25
S0002836,P00276,14,1.0,0.40519858299999995,0.25
S0002837,P00277,14,0.75,0.03445093711149999,0.75
S0002838,P00278,14,2.0,0.35756405462499996,0.0
S0002839,P00279,14,-1.75,1.4857714235500001,0.0
S0002840,P00280,14,0.25,0.54734637829,0.0
S0002841,P00281,14,3.75,0.08991805856499999,0.5
S0002842,P00282,14,3.0,0.9261929347500002,0.25
S0002843,P00283,14,-0.5,-0.271275404725,0.0
S0002844,P00284,14,1.0,0.48666498565000005,0.0
S0002845,P00285,14,-0.75,-0.37585377259,0.0
S0002846,P00286,14,3.5,1.29618698695,0.0
S0002847,P00287,14,1.25,0.3253200477,0.25
S0002848,P00288,14,0.0,-0.52582649952,0.0
S0002849,P00289,14,0.25,0.653256761475,0.0
S0002850,P00290,14,0.75,0.9843459222250001,0.25
S0002851,P00291,14,2.0,1.1489134108249999,0.25
S0002852,P00292,14,1.0,1.19872637895,0.0
S0002853,P00293,14,1.75,1.0357251941499999,0.0
S0002854,P00294,14,2.5,0.8307874962,0.0
S0002855,P00295,14,0.75,-0.029475731625000008,0.0
S0002856,P00296,14,2.5,0.4241686504075,0.25
S0002857,P00297,14,0.25,0.14679371887499998,0.25
S0002858,P00298,14,0.25,1.398279423475,0.0
S0002859,P00299,14,1.5,0.7714311567000001,0.0
S0002860,P00300,14,0.0,0.31605199624999997,0.0
S0002861,P00301,14,2.75,0.73508446737985,0.5
S0002862,P00302,14,0.25,0.98035247625,0.0
S0002863,P00303,14,1.25,0.19850011005499998,0.25
S0002864,P00304,14,1.0,0.3387147232,0.0
S0002865,P00305,14,-0.5,1.4320858823,0.0
S0002866,P00306,14,0.75,0.809750207575,0.0
S0002867,P00307,14,0.75,-0.08872028762500002,0.25
S0002868,P00308,14,1.0,0.63517862235,0.25
S0002869,P00309,14,4.75,1.5362847098499999,0.0
S0002870,P00310,14,1.5,-0.2523549219,0.5
S0002871,P00311,14,1.5,-0.406963859975,0.25
S0002872,P00312,14,0.75,3.17756874,0.0
S0002873,P00313,14,1.75,0.09269372384999999,0.25
S0002874,P00314,14,0.75,0.4428459333,0.0
S0002875,P00315,14,0.75,0.452715453825,0.0
S0002876,P00316,14,0.75,0.9014133575700001,0.25
S0002877,P00317,14,-0.5,0.9730885479,0.0
S0002878,P00318,14,1.0,-0.6029841140675001,0.25
S0002879,P00319,14,1.0,0.25391626697499997,0.0
S0002880,P00320,14,0.5,0.86446396265,0.0
S0002881,P00321,14,0.0,1.6432753577499999,0.0
S0002882,P00322,14,-1.0,0.37499973075000004,0.0
S0002883,P00323,14,0.5,-0.137062762975,0.5
S0002884,P00324,14,1.25,0.5930054735475,0.0
S0002885,P00325,14,1.25,1.7171476089,0.0
S0002886,P00326,14,3.25,0.5999712395000001,0.25
S0002887,P00327,14,2.0,0.7702988970275,0.0
S0002888,P00328,14,2.0,0.79629465805,0.25
S0002889,P00329,14,1.25,0.04274809592525,0.25
S0002890,P00330,14,1.75,1.1011527860499999,0.0
S0002891,P00331,14,0.75,0.973988460525,0.0
S0002892,P00332,14,2.0,0.393757981725,0.25
S0002893,P00333,14,0.75,-0.04758101237500001,0.0
S0002894,P00334,14,0.75,-0.068812078005,0.5
S0002895,P00335,14,-0.25,-0.09731111302249999,0.25
S0002896,P00336,14,1.25,0.21746395347750003,0.0
S0002897,P00337,14,0.5,-0.36756748710000003,0.25
S0002898,P00338,14,1.75,0.0202112764925,0.0
S0002899,P00339,14,1.5,0.28123740355,0.25
S0002900,P00340,14,1.25,0.836882484575,0.0
S0002901,P00341,14,1.5,1.3299258710325002,0.0
S0002902,P00342,14,2.75,1.3416470874,0.0
S0002903,P00343,14,2.25,0.428381770575,0.0
S0002904,P00344,14,0.75,0.142899793025,0.25
S0002905,P00345,14,2.25,-0.022270410472500002,0.5
S0002906,P00346,14,1.0,0.18042257404499998,0.25
S0002907,P00347,14,-0.25,-0.2806693848475,0.5
S0002908,P00348,14,0.5,-0.6653827787,0.25
S0002909,P00349,14,1.75,0.052469997465,0.25
S0002910,P00350,14,3.75,1.8230586452500002,0.0
S0002911,P00351,14,0.25,0.29622802995,0.0
S0002912,P00352,14,2.5,0.7874504901499999,0.0
S0002913,P00353,14,2.5,1.0414209318,0.0
S0002914,P00354,14,-0.5,0.249404464025,0.0
S0002915,P00355,14,1.0,0.8729869856,0.25
S0002916,P00356,14,0.75,-0.399922158125,0.25
S0002917,P00357,14,1.75,0.709096255715,0.0
S0002918,P00358,14,1.5,0.3660003479235,0.25
S0002919,P00359,14,1.0,0.35681794605,0.0
S0002920,P00360,14,2.0,-0.08474172003250001,0.25
S0002921,P00361,14,3.25,0.12949025570249997,0.5
S0002922,P00362,14,2.0,0.8571005663750001,0.0
S0002923,P00363,14,2.0,0.19040984235,0.5
S0002924,P00364,14,1.25,0.03851794962499999,0.25
S0002925,P00365,14,0.25,-0.065095472525,0.25
S0002926,P00366,14,3.25,1.137816008575,0.25
S0002927,P00367,14,2.5,-0.35044199524749997,0.5
S0002928,P00368,14,0.25,0.893327872525,0.0
S0002929,P00369,14,1.75,1.41728638181175,0.0
S0002930,P00370,14,0.0,-1.156688510725,0.5
S0002931,P00371,14,0.75,-0.247054782475,0.25
S0002932,P00372,14,1.25,0.011888428300000004,0.25
S0002933,P00373,14,1.0,0.9567745575250001,0.0
S0002934,P00374,14,1.75,1.0902483270749999,0.0
S0002935,P00375,14,2.75,0.43268078627499995,0.25
S0002936,P00376,14,2.5,0.39718862425,0.25
S0002937,P00377,14,1.75,1.58807432525,0.0
S0002938,P00378,14,2.25,1.55129100025,0.25
S0002939,P00379,14,1.25,0.741969842025,0.0
S0002940,P00380,14,1.75,1.32216020915,0.25
S0002941,P00381,14,0.25,0.45438068855,0.0
S0002942,P00382,14,4.5,3.00919638475,0.0
S0002943,P00383,14,0.5,-0.1415302336125,0.25
S0002944,P00384,14,-0.25,-0.0043062791000000045,0.25
S0002945,P00385,14,1.75,0.022265698427500008,0.25
S0002946,P00386,14,2.25,0.6088190663024999,0.25
S0002947,P00387,14,2.0,0.061894056067499995,0.25
S0002948,P00388,14,-0.25,-0.511586347825,0.25
S0002949,P00389,14,0.5,1.02846774025,0.0
S0002950,P00390,14,2.5,-0.009652881129999994,0.5
S0002951,P00391,14,1.75,0.55206246035,0.0
S0002952,P00392,14,2.25,2.434596832825,0.0
S0002953,P00393,14,1.5,1.842303686725,0.0
S0002954,P00394,14,1.0,-0.613018194225,0.25
S0002955,P00395,14,0.0,-0.11997754037499997,0.0
S0002956,P00396,14,0.25,0.46300861722500003,0.0
S0002957,P00397,14,0.75,-0.11020817127400001,0.5
S0002958,P00398,14,1.5,0.40275187463750006,0.25
S0002959,P00399,14,0.25,0.7145366056,0.0
S0002960,P00400,14,-1.25,1.062074174625,0.0
S0002961,P00401,14,4.75,0.94488140672,0.5
S0002962,P00402,14,0.0,0.6649495671125,0.0
S0002963,P00403,14,0.75,1.1410369304749999,0.0
S0002964,P00404,14,-1.0,0.09302340507500001,0.0
S0002965,P00405,14,1.0,0.24500425649250002,0.25
S0002966,P00406,14,0.75,0.11313446197500002,0.0
S0002967,P00407,14,0.5,-0.38367918518000005,0.0
S0002968,P00408,14,2.75,2.42037768035,0.0
S0002969,P00409,14,2.0,-0.276465586005,0.75
S0002970,P00410,14,2.0,0.37558114927499997,0.5
S0002971,P00411,14,0.5,-0.10388826207249999,0.25
S0002972,P00412,14,0.0,1.609319483775,0.0
S0002973,P00413,14,-0.25,-0.049090208036000005,0.25
S0002974,P00414,14,1.0,0.8935046437,0.0
S0002975,P00415,14,0.75,0.5090044319,0.0
S0002976,P00416,14,0.5,-0.508570475625,0.25
S0002977,P00417,14,3.25,0.631016588075,0.0
S0002978,P00418,14,0.0,-0.07237294517750001,0.0
S0002979,P00419,14,0.0,0.1990546491475,0.0
S0002980,P00420,14,1.5,0.66180809191,0.0
S0002981,P00421,14,0.75,-0.14117702445000002,0.25
S0002982,P00422,14,-1.0,-0.8645564696572501,0.25
S0002983,P00423,14,2.0,0.67049158865,0.25
S0002984,P00424,14,0.5,0.47764502156,0.0
S0002985,P00425,14,0.25,0.591717551625,0.0
S0002986,P00426,14,0.5,1.254899416875,0.0
S0002987,P00427,14,-0.25,-0.07646099977499998,0.0
S0002988,P00428,14,-2.0,2.008393111,0.0
S0002989,P00429,14,-3.25,-0.8501145491,0.0
S0002990,P00430,14,0.25,0.4701243624,0.0
S0002991,P00431,14,1.25,0.8640126648249999,0.0
S0002992,P00432,14,0.5,0.840921417775,0.0
S0002993,P00433,14,-1.0,0.297231459,0.0
S0002994,P00434,14,-0.5,-0.98749148748,0.25
S0002995,P00435,14,1.25,-0.258099745175,0.25
S0002996,P00436,14,1.5,0.923328197,0.0
S0002997,P00437,14,2.75,1.09207821285,0.0
S0002998,P00438,14,1.0,-0.16546228829999998,0.25
S0002999,P00439,14,0.75,0.610198418225,0.0
S0003000,P00440,14,-1.0,0.360540488325,0.0
S0003001,P00441,14,0.25,-0.6156736474,0.25
S0003002,P00442,14,0.5,1.0750635755000002,0.0
S0003003,P00443,14,0.75,0.023474823306749985,0.5
S0003004,P00444,14,0.25,0.71911648185,0.0
S0003005,P00445,14,1.0,0.564528735675,0.0
S0003006,P00446,14,1.0,-0.6035155672749999,0.25
S0003007,P00447,14,2.5,0.64294079775,0.0
S0003008,P00448,14,0.25,0.2929642720925,0.0
S0003009,P00449,14,1.75,0.3624518931,0.25
S0003010,P00450,14,1.25,1.2031089255,0.25
S0003011,P00451,14,0.5,0.494707840675,0.0
S0003012,P00452,14,0.25,0.8050205165000001,0.0
S0003013,P00453,14,1.0,0.52227032005,0.25
S0003014,P00454,14,1.5,-0.142542149415,0.5
S0003015,P00455,14,1.5,1.89559775445,0.0
S0003016,P00456,14,2.25,1.1268089234,0.25
S0003017,P00457,14,0.25,0.8007817265249999,0.0
S0003018,P00458,14,0.5,1.2591301129999999,0.0
S0003019,P00459,14,3.5,1.87671402595,0.0
S0003020,P00460,14,0.75,2.07348327325,0.0
S0003021,P00461,14,1.0,0.580248707,0.0
S0003022,P00462,14,-1.0,0.59667779394,0.0
S0003023,P00463,14,1.25,0.053464616425,0.0
S0003024,P00464,14,4.0,1.5111513421,0.0
S0003025,P00465,14,1.75,0.12153930830000001,0.0
S0003026,P00466,14,0.0,0.30159510905375,0.25
S0003027,P00467,14,3.25,1.5786979023,0.0
S0003028,P00468,14,-1.0,0.04559778340000001,0.25
S0003029,P00469,14,0.5,0.372903245125,0.25
S0003030,P00470,14,0.75,0.04457987349000001,0.25
S0003031,P00471,14,4.25,0.4396371172125,0.25
S0003032,P00472,14,2.25,0.09057439135,0.25
S0003033,P00473,14,1.0,0.48674347815,0.0
S0003034,P00474,14,-1.0,-0.58691398962,0.25
S0003035,P00475,14,1.75,1.1510538315325,0.0
S0003036,P00476,14,-1.0,0.2762067944,0.0
S0003037,P00477,14,0.75,0.22002321655975,0.25
S0003038,P00478,14,0.5,0.61218074971,0.0
S0003039,P00479,14,4.5,0.9605932349999999,0.25
S0003040,P00480,14,3.25,0.9149941659,0.0
S0003041,P00481,14,1.5,1.994257281775,0.0
S0003042,P00482,14,0.5,0.623208338,0.0
S0003043,P00483,14,1.25,1.4634996623749998,0.0
S0003044,P00484,14,0.5,0.44663079445,0.0
S0003045,P00485,14,1.75,0.8968617020749999,0.25
S0003046,P00486,14,1.5,-0.170219004535,0.75
S0003047,P00487,14,1.5,0.78936748495,0.0
S0003048,P00488,14,3.75,2.6916072368,0.0
S0003049,P00489,14,-0.75,0.36802785007499994,0.0
S0003050,P00490,14,-1.5,-0.27578068911000003,0.0
S0003051,P00491,14,-0.25,0.151782940175,0.0
S0003052,P00492,14,1.75,1.1142738794875,0.25
S0003053,P00493,14,2.5,0.412450322425,0.0
S0003054,P00494,14,-2.75,-1.13478407265,0.0
S0003055,P00495,14,0.0,0.300460356635,0.0
S0003056,P00496,14,0.25,1.7926432102499998,0.0
S0003057,P00497,14,2.0,0.81977750635,0.0
S0003058,P00498,14,-1.25,0.19971927912499998,0.0
S0003059,P00499,14,1.0,-0.08707747314000003,0.25
S0003060,P00500,14,-1.0,0.144009788895,0.0
S0003061,P00501,14,-0.25,0.024040311057500017,0.25
S0003062,P00502,14,1.5,-0.5419348141075,0.25
S0003063,P00503,14,1.5,0.745821071425,0.0
S0003064,P00504,14,0.5,-0.072920972025,0.25
S0003065,P00505,14,4.0,1.4950935354750001,0.0
S0003066,P00506,14,0.75,0.88578797285,0.0
S0003067,P00507,14,0.5,0.419087243675,0.0
S0003068,P00508,14,3.0,0.586236594775,0.0
S0003069,P00509,14,1.25,0.519616972925,0.0
S0003070,P00510,14,1.5,0.487972151545,0.25
S0003071,P00511,14,0.75,0.576846433875,0.0
S0003072,P00000,28,7.5,0.8240579329500001,0.25
S0003073,P00001,28,8.5,2.8069165502524998,0.0
S0003074,P00002,28,1.5,-0.46661654425,0.5
S0003075,P00003,28,6.75,1.5267837625,0.0
S0003076,P00004,28,8.5,4.675774485,0.0
S0003077,P00005,28,11.25,6.7943659045,0.0
S0003078,P00006,28,6.25,6.462530854000001,0.0
S0003079,P00007,28,3.0,4.70959272575,0.0
S0003080,P00008,28,11.75,2.0913788396,0.0
S0003081,P00009,28,10.0,1.0226752989999999,0.25
S0003082,P00010,28,7.25,4.11800491275,0.0
S0003083,P00011,28,5.5,2.9721747115,0.0
S0003084,P00012,28,9.0,4.7669744755000005,0.0
S0003085,P00013,28,3.5,2.363752417025,0.0
S0003086,P00014,28,6.75,2.79948482615,0.0
S0003087,P00015,28,8.25,0.36520350852499994,0.5
S0003088,P00016,28,1.5,5.53089635125,0.0
S0003089,P00017,28,5.25,0.4971719486999999,0.0
S0003090,P00018,28,7.5,3.89610028795,0.25
S0003091,P00019,28,3.75,3.1292999945,0.0
S0003092,P00020,28,5.5,0.9628826554999999,0.0
S0003093,P00021,28,-0.5,-0.456647917,0.0
S0003094,P00022,28,6.75,-0.790145563275,0.75
S0003095,P00023,28,1.5,-0.02799602977500007,0.25
S0003096,P00024,28,5.75,3.057561037,0.0
S0003097,P00025,28,1.0,3.0964489705,0.0
S0003098,P00026,28,11.0,1.088652138825,0.25
S0003099,P00027,28,4.0,3.9478476552425,0.0
S0003100,P00028,28,2.25,0.03839093773299999,0.0
S0003101,P00029,28,2.0,-0.246232552925,0.25
S0003102,P00030,28,3.0,2.276258669625,0.25
S0003103,P00031,28,11.25,2.1588695700500002,0.0
S0003104,P00032,28,1.0,2.4801532135000004,0.0
S0003105,P00033,28,6.75,2.8353483217499997,0.0
S0003106,P00034,28,2.5,1.29883896145,0.0
S0003107,P00035,28,2.5,-0.31280549366499993,0.25
S0003108,P00036,28,9.0,3.53125045,0.0
S0003109,P00037,28,2.5,0.86384774595,0.0
S0003110,P00038,28,5.75,2.709542336,0.0
S0003111,P00039,28,7.75,4.663328841999999,0.0
S0003112,P00040,28,3.25,4.0490375045,0.0
S0003113,P00041,28,-0.75,0.045422744975,0.0
S0003114,P00042,28,4.5,2.3998664645,0.0
S0003115,P00043,28,0.0,0.44830451922024994,0.25
S0003116,P00044,28,9.0,4.83516836675,0.0
S0003117,P00045,28,8.75,2.250522670425,0.0
S0003118,P00046,28,2.25,0.9194812821900001,0.5
S0003119,P00047,28,7.0,3.92306838625,0.0
S0003120,P00048,28,21.5,7.26522937575,0.0
S0003121,P00049,28,8.5,3.55225028595,0.0
S0003122,P00050,28,9.75,2.038655719,0.0
S0003123,P00051,28,9.25,2.421210577,0.0
S0003124,P00052,28,2.0,0.93168479345,0.0
S0003125,P00053,28,16.5,9.9259841705,0.0
S0003126,P00054,28,13.25,6.2131035855,0.0
S0003127,P00055,28,5.5,4.67302119075,0.0
S0003128,P00056,28,5.0,6.075850885175,0.0
S0003129,P00057,28,5.25,0.68863639135,0.25
S0003130,P00058,28,9.25,2.15797465625,0.0
S0003131,P00059,28,3.5,0.29317930472500003,0.25
S0003132,P00060,28,0.75,4.06331572625,0.0
S0003133,P00061,28,3.0,9.440604124250001,0.0
S0003134,P00062,28,8.0,3.0275618145000003,0.0
S0003135,P00063,28,5.75,2.116797049975,0.0
S0003136,P00064,28,2.5,-1.6818427355999999,0.75
S0003137,P00065,28,6.5,-0.270041807675,0.5
S0003138,P00066,28,1.25,0.064540079725,0.0
S0003139,P00067,28,2.5,1.452810456,0.0
S0003140,P00068,28,4.0,1.0213503050325001,0.0
S0003141,P00069,28,12.5,2.244424145225,0.25
S0003142,P00070,28,4.75,2.112756751275,0.0
S0003143,P00071,28,17.75,5.5578193882499995,0.0
S0003144,P00072,28,2.75,2.367684032,0.0
S0003145,P00073,28,7.25,4.82488193975,0.0
S0003146,P00074,28,2.75,-0.47715226474999994,0.0
S0003147,P00075,28,3.75,-0.059918194750000014,0.25
S0003148,P00076,28,6.25,1.9347503995425,0.25
S0003149,P00077,28,4.25,1.1022149961249998,0.0
S0003150,P00078,28,12.25,0.7127708908000001,0.5
S0003151,P00079,28,8.75,5.9608583821,0.25
S0003152,P00080,28,0.25,2.182722627925,0.0
S0003153,P00081,28,7.25,1.303648893175,0.0
S0003154,P00082,28,5.0,3.42917547925,0.0
S0003155,P00083,28,2.25,0.557907005175,0.0
S0003156,P00084,28,2.75,2.178973906025,0.0
S0003157,P00085,28,4.75,4.459935464,0.0
S0003158,P00086,28,5.75,2.62539701625,0.0
S0003159,P00087,28,-1.0,1.8356945847499997,0.0
S0003160,P00088,28,2.5,1.4024116347,0.0
S0003161,P00089,28,11.0,4.71467280275,0.0
S0003162,P00090,28,10.5,2.2925499460000003,0.0
S0003163,P00091,28,6.0,0.31591049725000003,0.25
S0003164,P00092,28,0.0,3.95965190325,0.0
S0003165,P00093,28,2.25,0.39812622345000004,0.0
S0003166,P00094,28,14.75,2.5609146039249997,0.25
S0003167,P00095,28,6.75,0.23228724672499998,0.25
S0003168,P00096,28,6.0,4.3041396305,0.0
S0003169,P00097,28,12.25,2.91412838815,0.0
S0003170,P00098,28,6.0,1.8098856008,0.0
S0003171,P00099,28,6.25,2.076066241575,0.0
S0003172,P00100,28,28.0,7.1069442385,0.0
S0003173,P00101,28,8.5,0.953621669675,0.25
S0003174,P00102,28,2.0,0.32137478277500003,0.25
S0003175,P00103,28,2.25,0.74014442625,0.25
S0003176,P00104,28,0.75,0.45735188595,0.0
S0003177,P00105,28,19.75,6.949433764,0.0
S0003178,P00106,28,2.25,2.61321900275,0.0
S0003179,P00107,28,11.0,-0.3489280170500001,0.75
S0003180,P00108,28,3.0,-0.05729263516249997,0.75
S0003181,P00109,28,8.0,0.9620292399,0.25
S0003182,P00110,28,2.0,-1.708112159775,0.75
S0003183,P00111,28,8.0,2.0029217607,0.0
S0003184,P00112,28,17.0,13.233255507500001,0.0
S0003185,P00113,28,-4.0,3.22750211375,0.0
S0003186,P00114,28,6.5,4.485780888,0.0
S0003187,P00115,28,6.5,5.041974986275,0.0
S0003188,P00116,28,1.25,2.902605653,0.0
S0003189,P00117,28,4.75,3.37451609925,0.0
S0003190,P00118,28,8.5,1.9456188887499999,0.25
S0003191,P00119,28,4.25,0.813296996775,0.0
S0003192,P00120,28,14.0,4.9142205122,0.0
S0003193,P00121,28,8.25,4.44879571175,0.0
S0003194,P00122,28,4.75,3.0269979965,0.0
S0003195,P00123,28,12.0,1.1993720889425,0.25
S0003196,P00124,28,7.75,4.3152207247500005,0.0
S0003197,P00125,28,1.75,2.4638989502465,0.0
S0003198,P00126,28,1.5,0.1234220042250001,0.25
S0003199,P00127,28,8.75,2.01179461925,0.0
S0003200,P00128,28,7.5,0.11876836554999998,0.25
S0003201,P00129,28,6.5,4.46333565525,0.0
S0003202,P00130,28,6.0,4.8024808619999995,0.0
S0003203,P00131,28,6.0,1.536158031175,0.0
S0003204,P00132,28,1.75,1.4791520735,0.25
S0003205,P00133,28,13.25,3.51071605,0.0
S0003206,P00134,28,6.5,1.4791222578999998,0.25
S0003207,P00135,28,27.25,11.549800702,0.0
S0003208,P00136,28,4.25,4.6964102015,0.0
S0003209,P00137,28,2.75,1.0974757672249997,0.5
S0003210,P00138,28,2.25,1.227804322875,0.25
S0003211,P00139,28,-0.75,0.645106957825,0.0
S0003212,P00140,28,-0.5,1.674900684575,0.0
S0003213,P00141,28,2.25,4.5258242200000005,0.0
S0003214,P00142,28,8.25,-0.11453147725,0.75
S0003215,P00143,28,11.0,10.815780190249999,0.0
S0003216,P00144,28,7.75,2.42298566415,0.25
S0003217,P00145,28,10.5,2.9130786029999998,0.0
S0003218,P00146,28,6.5,4.6456759306999995,0.0
S0003219,P00147,28,6.75,2.18664608371,0.25
S0003220,P00148,28,4.5,3.8354582235,0.0
S0003221,P00149,28,-0.25,2.1138146698,0.0
S0003222,P00150,28,6.25,3.53917553975,0.0
S0003223,P00151,28,6.5,6.10012909375,0.0
S0003224,P00152,28,9.5,3.60619225325,0.0
S0003225,P00153,28,4.5,1.3211869304500001,0.25
S0003226,P00154,28,5.75,2.11063942775,0.0
S0003227,P00155,28,1.75,-0.12160013179999996,0.25
S0003228,P00156,28,-0.25,0.400100803175,0.0
S0003229,P00157,28,8.0,3.9660422837500002,0.0
S0003230,P00158,28,9.75,-1.16791721925,0.75
S0003231,P00159,28,9.25,2.3479056967,0.0
S0003232,P00160,28,0.5,3.319310070825,0.0
S0003233,P00161,28,13.0,3.64848358575,0.0
S0003234,P00162,28,4.75,2.155769946125,0.0
S0003235,P00163,28,2.75,1.1813581422500001,0.0
S0003236,P00164,28,4.0,1.54221291,0.0
S0003237,P00165,28,6.0,2.58484815425,0.0
S0003238,P00166,28,9.25,2.8026364095825,0.25
S0003239,P00167,28,8.25,1.790011272825,0.0
S0003240,P00168,28,12.25,3.86427890225,0.0
S0003241,P00169,28,3.25,1.31683779645,0.0
S0003242,P00170,28,1.5,-0.7606009709,0.25
S0003243,P00171,28,5.75,5.353563533,0.0
S0003244,P00172,28,8.0,3.892405231775,0.25
S0003245,P00173,28,4.0,-0.5265577278999999,0.5
S0003246,P00174,28,1.25,1.4057346049000001,0.0
S0003247,P00175,28,5.75,1.6355401774249998,0.25
S0003248,P00176,28,2.25,1.36970913535,0.25
S0003249,P00177,28,5.25,-0.49721177537499994,0.5
S0003250,P00178,28,1.75,1.769064223525,0.0
S0003251,P00179,28,14.0,1.3027773288575,0.25
S0003252,P00180,28,3.25,1.51934231225,0.0
S0003253,P00181,28,5.25,0.31804379974999997,0.25
S0003254,P00182,28,7.25,2.74590751225,0.0
S0003255,P00183,28,7.75,0.2123647489,0.5
S0003256,P00184,28,1.5,-1.3740026651,0.25
S0003257,P00185,28,9.5,13.68711906525,0.0
S0003258,P00186,28,10.5,0.6468178096875,0.5
S0003259,P00187,28,6.75,1.3522366104499999,0.25
S0003260,P00188,28,10.75,-0.5420243806999999,0.75
S0003261,P00189,28,3.0,0.4999113560499999,0.25
S0003262,P00190,28,8.0,1.92100643965,0.0
S0003263,P00191,28,4.0,2.074322020825,0.0
S0003264,P00192,28,7.0,3.8281188825,0.0
S0003265,P00193,28,2.5,1.21384693465,0.0
S0003266,P00194,28,-0.5,0.5851546984,0.0
S0003267,P00195,28,4.75,0.66789554325,0.25
S0003268,P00196,28,14.5,4.22328062325,0.25
S0003269,P00197,28,3.5,1.482105823325,0.25
S0003270,P00198,28,0.75,-1.74542417845,0.25
S0003271,P00199,28,7.25,1.758824239325,0.25
S0003272,P00200,28,37.75,6.2908776057499995,0.0
S0003273,P00201,28,1.5,-0.671350356185,0.75
S0003274,P00202,28,0.5,2.06571088,0.0
S0003275,P00203,28,6.5,5.23206587475,0.0
S0003276,P00204,28,22.5,2.96801172025,0.0
S0003277,P00205,28,1.75,7.11353410225,0.0
S0003278,P00206,28,4.75,2.4108656305,0.0
S0003279,P00207,28,5.25,-0.1766808866000001,0.5
S0003280,P00208,28,7.25,5.29976217575,0.0
S0003281,P00209,28,12.75,3.3113271165500002,0.0
S0003282,P00210,28,-2.0,0.7705098542500001,0.0
S0003283,P00211,28,11.5,6.381893198,0.0
S0003284,P00212,28,1.75,-1.02470311192,0.5
S0003285,P00213,28,2.0,1.365635900675,0.0
S0003286,P00214,28,0.75,0.810626376975,0.0
S0003287,P00215,28,2.75,1.831451755075,0.0
S0003288,P00216,28,12.25,1.4395638517,0.0
S0003289,P00217,28,7.5,1.143089573025,0.0
S0003290,P00218,28,8.5,0.24530684762499996,0.5
S0003291,P00219,28,0.5,-0.21587923467249998,0.25
S0003292,P00220,28,2.75,-1.88834601275,0.75
S0003293,P00221,28,17.25,6.0082223985,0.0
S0003294,P00222,28,9.75,4.3473823744999995,0.0
S0003295,P00223,28,6.25,2.35588469025,0.0
S0003296,P00224,28,24.5,13.18733723125,0.0
S0003297,P00225,28,5.75,-0.20095096275000002,0.5
S0003298,P00226,28,7.0,3.69154459875,0.0
S0003299,P00227,28,-0.25,1.364872715275,0.0
S0003300,P00228,28,1.75,0.12308872674999999,0.25
S0003301,P00229,28,7.0,3.93831804125,0.0
S0003302,P00230,28,7.75,2.8210084736,0.0
S0003303,P00231,28,0.75,0.55499260635,0.25
S0003304,P00232,28,7.0,6.782755728,0.0
S0003305,P00233,28,6.25,2.3925561544,0.25
S0003306,P00234,28,9.0,6.2638806551,0.25
S0003307,P00235,28,11.0,1.102206641325,0.25
S0003308,P00236,28,7.5,-0.20880005832500004,0.5
S0003309,P00237,28,6.75,1.541303570875,0.0
S0003310,P00238,28,7.75,0.15693928015,0.25
S0003311,P00239,28,4.75,0.9660041608,0.0
S0003312,P00240,28,6.25,1.9634669582500002,0.0
S0003313,P00241,28,5.5,0.395612205975,0.25
S0003314,P00242,28,22.25,7.89346419275,0.0
S0003315,P00243,28,6.0,1.632950234845,0.0
S0003316,P00244,28,4.25,1.84021093945,0.25
S0003317,P00245,28,1.5,1.276306878275,0.0
S0003318,P00246,28,3.75,2.367229633275,0.0
S0003319,P00247,28,12.5,1.716536036725,0.0
S0003320,P00248,28,15.0,1.0621859873335,0.0
S0003321,P00249,28,8.0,1.92579384275,0.0
S0003322,P00250,28,2.5,2.5156887637,0.0
S0003323,P00251,28,13.25,2.1784141092500002,0.0
S0003324,P00252,28,10.0,5.4185221155,0.0
S0003325,P00253,28,14.5,3.7945033610000003,0.0
S0003326,P00254,28,-1.0,-0.17868154449999996,0.0
S0003327,P00255,28,13.25,5.443965862000001,0.0
S0003328,P00256,28,2.0,1.42441765945,0.0
S0003329,P00257,28,4.5,2.7313471597500003,0.0
S0003330,P00258,28,0.25,1.692038756,0.0
S0003331,P00259,28,6.0,0.6977907467725,0.25
S0003332,P00260,28,5.0,5.34947818925,0.0
S0003333,P00261,28,4.25,0.563583138975,0.25
S0003334,P00262,28,13.5,2.0773333355,0.0
S0003335,P00263,28,4.0,-0.6474942948875001,0.5
S0003336,P00264,28,-1.5,-0.20893271290000004,0.0
S0003337,P00265,28,3.25,2.9991314802,0.25
S0003338,P00266,28,4.75,1.558406012275,0.0
S0003339,P00267,28,11.5,2.843467227975,0.25
S0003340,P00268,28,23.0,10.118159734999999,0.0
S0003341,P00269,28,6.75,3.0315515212750004,0.0
S0003342,P00270,28,8.75,4.67613755585,0.0
S0003343,P00271,28,-1.0,-2.9931667632499996,0.5
S0003344,P00272,28,1.5,2.649588291,0.0
S0003345,P00273,28,6.5,3.884322831375,0.0
S0003346,P00274,28,8.0,4.07290047025,0.0
S0003347,P00275,28,24.0,2.3281567931250002,0.25
S0003348,P00276,28,4.5,2.73816553,0.0
S0003349,P00277,28,3.5,-0.036697029964999975,0.5
S0003350,P00278,28,11.0,2.32750023575,0.0
S0003351,P00279,28,6.25,5.5550728952499995,0.0
S0003352,P00280,28,3.0,1.7111699797500002,0.0
S0003353,P00281,28,12.5,1.9115654279549998,0.0
S0003354,P00282,28,14.75,4.8712340869999995,0.0
S0003355,P00283,28,3.5,0.921303454075,0.5
S0003356,P00284,28,7.5,1.456672920125,0.0
S0003357,P00285,28,4.0,0.866992991745,0.25
S0003358,P00286,28,15.75,8.059311198,0.0
S0003359,P00287,28,10.5,2.0936972985,0.0
S0003360,P00288,28,6.25,-1.553265378,0.5
S0003361,P00289,28,4.0,-0.14959105115000002,0.25
S0003362,P00290,28,3.5,2.617017116375,0.0
S0003363,P00291,28,3.5,3.9707220472499998,0.0
S0003364,P00292,28,4.0,3.427444212,0.25
S0003365,P00293,28,11.25,6.02020825075,0.0
S0003366,P00294,28,3.0,0.8995841446000001,0.0
S0003367,P00295,28,11.0,1.5628426187675002,0.25
S0003368,P00296,28,4.0,-0.06329498711750003,0.5
S0003369,P00297,28,8.25,0.948072625425,0.5
S0003370,P00298,28,5.75,5.99511581125,0.0
S0003371,P00299,28,0.0,0.906090773725,0.0
S0003372,P00300,28,2.0,0.05530443347500001,0.25
S0003373,P00301,28,9.5,3.5177003195,0.0
S0003374,P00302,28,7.75,4.4775712835,0.0
S0003375,P00303,28,9.5,2.0910518655750003,0.25
S0003376,P00304,28,1.0,1.22165850335,0.0
S0003377,P00305,28,7.75,6.7794093205,0.0
S0003378,P00306,28,14.0,3.513543317775,0.0
S0003379,P00307,28,2.0,2.2974037732,0.0
S0003380,P00308,28,1.25,1.87741098,0.0
S0003381,P00309,28,21.75,6.26395664125,0.0
S0003382,P00310,28,4.5,1.0321784808499999,0.5
S0003383,P00311,28,6.75,-1.844851334375,0.0
S0003384,P00312,28,12.5,9.893209271749999,0.0
S0003385,P00313,28,5.25,0.08845095758999996,0.5
S0003386,P00314,28,3.5,1.3972192939,0.0
S0003387,P00315,28,2.75,1.47960484805,0.0
S0003388,P00316,28,3.0,4.06961814625,0.0
S0003389,P00317,28,0.75,3.0352703875000002,0.0
S0003390,P00318,28,2.75,0.416540978725,0.0
S0003391,P00319,28,3.75,1.39358466665,0.0
S0003392,P00320,28,5.5,2.099027974125,0.25
S0003393,P00321,28,0.75,3.3708251985,0.0
S0003394,P00322,28,7.0,2.3008316380725002,0.25
S0003395,P00323,28,1.0,-0.6068772651250001,0.25
S0003396,P00324,28,6.75,3.0781462765,0.0
S0003397,P00325,28,9.75,4.95820719425,0.0
S0003398,P00326,28,17.5,0.63908674675,0.5
S0003399,P00327,28,13.0,2.9617201219,0.0
S0003400,P00328,28,13.75,3.6160617796174996,0.25
S0003401,P00329,28,3.0,1.07852034285,0.25
S0003402,P00330,28,9.75,3.05428827175,0.0
S0003403,P00331,28,8.0,5.586774531,0.0
S0003404,P00332,28,2.0,6.2017094007499995,0.0
S0003405,P00333,28,4.0,-0.6904049297999999,0.5
S0003406,P00334,28,5.0,0.804392572175,0.25
S0003407,P00335,28,5.25,1.204022740275,0.0
S0003408,P00336,28,6.75,1.2173138244500001,0.25
S0003409,P00337,28,2.0,-0.04307664134,0.0
S0003410,P00338,28,2.25,-0.04626593435000004,0.25
S0003411,P00339,28,4.0,0.23552218127500002,0.0
S0003412,P00340,28,2.0,2.970239987175,0.0
S0003413,P00341,28,2.0,2.7287122892499998,0.0
S0003414,P00342,28,9.0,6.54321688075,0.0
S0003415,P00343,28,16.25,2.5431197034,0.0
S0003416,P00344,28,6.25,2.3746390305,0.0
S0003417,P00345,28,10.5,2.972551974,0.0
S0003418,P00346,28,1.0,-0.20782114715,0.5
S0003419,P00347,28,1.75,-1.4961636460499999,0.5
S0003420,P00348,28,3.5,-0.92262003094,0.5
S0003421,P00349,28,1.25,-0.33317871425,0.0
S0003422,P00350,28,9.25,8.4521081765,0.0
S0003423,P00351,28,0.0,1.6786510342,0.0
S0003424,P00352,28,6.5,2.390218553975,0.25
S0003425,P00353,28,11.0,3.7729047390000003,0.0
S0003426,P00354,28,1.75,1.71202348285,0.0
S0003427,P00355,28,2.5,3.3503439625,0.0
S0003428,P00356,28,2.5,-0.599169928975,0.5
S0003429,P00357,28,6.25,2.1566598218225,0.25
S0003430,P00358,28,9.5,2.62441891475,0.0
S0003431,P00359,28,4.5,4.0315035795,0.0
S0003432,P00360,28,8.75,0.09679216939999999,0.5
S0003433,P00361,28,21.75,0.4825064301,0.5
S0003434,P00362,28,5.75,2.4883765426749997,0.0
S0003435,P00363,28,7.5,2.038734380775,0.0
S0003436,P00364,28,4.25,1.72882766675,0.0
S0003437,P00365,28,18.25,1.154998926625,0.0
S0003438,P00366,28,29.0,8.51216895525,0.0
S0003439,P00367,28,3.25,1.85416292225,0.0
S0003440,P00368,28,2.75,3.47998623225,0.0
S0003441,P00369,28,4.75,4.11235266025,0.0
S0003442,P00370,28,5.25,-1.0316823414999998,0.5
S0003443,P00371,28,9.0,0.9190141644050001,0.0
S0003444,P00372,28,1.75,-0.017032964250000004,0.0
S0003445,P00373,28,1.75,0.6878955741075,0.0
S0003446,P00374,28,1.25,2.757153812875,0.0
S0003447,P00375,28,25.25,1.9047955647500001,0.25
S0003448,P00376,28,14.0,1.3011265597,0.25
S0003449,P00377,28,2.0,5.44940993975,0.0
S0003450,P00378,28,9.5,5.333069645749999,0.0
S0003451,P00379,28,1.75,1.135719354625,0.0
S0003452,P00380,28,5.25,6.969784863499999,0.0
S0003453,P00381,28,8.0,2.3309363293,0.0
S0003454,P00382,28,13.25,10.018282098499999,0.0
S0003455,P00383,28,14.25,1.2397063688,0.25
S0003456,P00384,28,-1.25,0.75579490335,0.0
S0003457,P00385,28,6.25,-0.359088720775,0.5
S0003458,P00386,28,6.5,0.561494327,0.0
S0003459,P00387,28,2.25,1.393819903225,0.0
S0003460,P00388,28,7.5,1.7682435699499999,0.0
S0003461,P00389,28,6.0,4.59788251,0.0
S0003462,P00390,28,10.75,1.18788174855,0.0
S0003463,P00391,28,12.0,2.7495763175,0.0
S0003464,P00392,28,11.75,9.169822883,0.0
S0003465,P00393,28,12.75,5.525342491,0.0
S0003466,P00394,28,0.5,-2.49541821435,0.25
S0003467,P00395,28,3.5,1.6842968385,0.0
S0003468,P00396,28,1.75,1.649528515,0.0
S0003469,P00397,28,0.0,0.615398746775,0.0
S0003470,P00398,28,1.0,0.76669495808,0.0
S0003471,P00399,28,3.75,1.831030773625,0.0
S0003472,P00400,28,1.0,6.669750376,0.0
S0003473,P00401,28,19.5,2.5207282057500002,0.0
S0003474,P00402,28,10.0,1.3409247493075,0.0
S0003475,P00403,28,5.5,2.41277473785,0.0
S0003476,P00404,28,-3.0,0.16359486339999998,0.0
S0003477,P00405,28,5.25,0.20699142364499998,0.25
S0003478,P00406,28,5.25,1.3220964172,0.25
S0003479,P00407,28,5.25,-0.383791174025,0.5
S0003480,P00408,28,8.75,7.206292146,0.0
S0003481,P00409,28,9.0,2.2626062106,0.0
S0003482,P00410,28,3.25,3.2347750495,0.0
S0003483,P00411,28,8.0,0.5249548668899999,0.0
S0003484,P00412,28,-2.0,4.61785311075,0.0
S0003485,P00413,28,-0.75,-0.5187644877249998,0.0
S0003486,P00414,28,2.75,3.4784439165000003,0.0
S0003487,P00415,28,2.5,1.4214714184975001,0.0
S0003488,P00416,28,1.25,-1.0627068345,0.25
S0003489,P00417,28,12.25,4.53753842375,0.0
S0003490,P00418,28,1.75,-0.8267063674499999,0.75
S0003491,P00419,28,0.0,-0.89154427104,0.5
S0003492,P00420,28,3.75,0.8643870204549999,0.0
S0003493,P00421,28,6.75,3.067384223675,0.0
S0003494,P00422,28,2.0,1.16899534575,0.0
S0003495,P00423,28,7.0,2.77300538075,0.25
S0003496,P00424,28,1.5,0.19988652552277497,0.75
S0003497,P00425,28,7.5,3.6749573822249997,0.0
S0003498,P00426,28,3.0,3.7844725355,0.0
S0003499,P00427,28,1.75,1.549567783325,0.0
S0003500,P00428,28,4.75,7.517254801275,0.0
S0003501,P00429,28,-1.0,-1.639391325,0.25
S0003502,P00430,28,2.25,2.8150909464500002,0.0
S0003503,P00431,28,2.75,4.221624994,0.0
S0003504,P00432,28,1.75,0.71792148515,0.0
S0003505,P00433,28,3.75,2.63056024375,0.0
S0003506,P00434,28,0.0,-1.0866649586700001,0.5
S0003507,P00435,28,6.25,0.8358568130749999,0.25
S0003508,P00436,28,8.75,4.48638765275,0.0
S0003509,P00437,28,13.0,3.804733252,0.0
S0003510,P00438,28,2.5,-0.293983392175,0.5
S0003511,P00439,28,1.5,2.2001740709,0.0
S0003512,P00440,28,-3.25,1.234726166675,0.0
S0003513,P00441,28,5.5,0.10895304134999996,0.5
S0003514,P00442,28,4.0,4.2692011805,0.0
S0003515,P00443,28,6.0,2.11306102195,0.0
S0003516,P00444,28,8.25,4.2633026014999995,0.0
S0003517,P00445,28,6.5,2.665003878525,0.0
S0003518,P00446,28,1.75,-0.09482866302499993,0.0
S0003519,P00447,28,6.75,2.63815449,0.0
S0003520,P00448,28,3.0,2.35706895785,0.0
S0003521,P00449,28,6.5,2.96530312275,0.0
S0003522,P00450,28,6.75,1.5872000009999998,0.25
S0003523,P00451,28,10.5,2.5689786304249997,0.0
S0003524,P00452,28,2.75,3.5080366662499998,0.0
S0003525,P00453,28,3.75,0.8886206185000001,0.25
S0003526,P00454,28,1.25,-0.6499900812,0.0
S0003527,P00455,28,-0.5,4.89057342525,0.0
S0003528,P00456,28,12.5,11.31415875475,0.0
S0003529,P00457,28,3.75,3.5838624265,0.0
S0003530,P00458,28,7.0,5.40038444225,0.0
S0003531,P00459,28,14.75,10.21629907175,0.0
S0003532,P00460,28,10.25,6.9345354275,0.0
S0003533,P00461,28,0.5,2.13664241735,0.0
S0003534,P00462,28,4.0,3.2427293324999997,0.0
S0003535,P00463,28,3.25,0.8465113828,0.0
S0003536,P00464,28,11.0,5.995124114499999,0.0
S0003537,P00465,28,6.25,2.52387018635,0.0
S0003538,P00466,28,4.75,2.00376761425,0.0
S0003539,P00467,28,27.5,6.5428018485,0.0
S0003540,P00468,28,3.0,1.1436216239835,0.0
S0003541,P00469,28,2.5,1.305715834975,0.0
S0003542,P00470,28,3.0,1.102944328575,0.0
S0003543,P00471,28,20.0,2.392003581625,0.0
S0003544,P00472,28,11.0,4.6971929403,0.0
S0003545,P00473,28,0.0,1.1254828773474999,0.0
S0003546,P00474,28,-1.25,-0.30041550366499997,0.0
S0003547,P00475,28,4.5,1.5631639610249999,0.0
S0003548,P00476,28,5.5,3.2182506073,0.0
S0003549,P00477,28,3.25,0.5154334123,0.25
S0003550,P00478,28,2.25,1.3574017725,0.0
S0003551,P00479,28,14.75,4.6910146274999995,0.25
S0003552,P00480,28,6.25,1.368986532325,0.25
S0003553,P00481,28,2.5,6.19757712625,0.0
S0003554,P00482,28,11.5,2.430937448975,0.25
S0003555,P00483,28,8.0,4.3761640815,0.0
S0003556,P00484,28,2.0,2.2722821382500005,0.0
S0003557,P00485,28,8.75,4.8061279665,0.0
S0003558,P00486,28,11.0,1.226450402125,0.0
S0003559,P00487,28,3.5,2.6656647505,0.0
S0003560,P00488,28,9.5,7.108717381,0.0
S0003561,P00489,28,4.75,5.0024440455,0.0
S0003562,P00490,28,5.25,1.26175051175,0.0
S0003563,P00491,28,3.0,0.04815028262500004,0.25
S0003564,P00492,28,5.25,5.271505225,0.0
S0003565,P00493,28,8.5,2.0503463565,0.0
S0003566,P00494,28,-4.25,-1.9762594601,0.5
S0003567,P00495,28,2.25,1.923117926,0.0
S0003568,P00496,28,8.5,5.2069684917500005,0.0
S0003569,P00497,28,12.5,2.5521146975,0.0
S0003570,P00498,28,3.75,-0.5529381392749999,0.5
S0003571,P00499,28,0.5,-0.048191593714999995,0.0
S0003572,P00500,28,11.25,1.0356777149249998,0.25
S0003573,P00501,28,-2.5,-0.661507911875,0.0
S0003574,P00502,28,11.0,-0.9664284467900001,0.75
S0003575,P00503,28,8.0,1.10367726365,0.25
S0003576,P00504,28,1.5,0.9304155737700001,0.0
S0003577,P00505,28,3.0,3.091866928,0.0
S0003578,P00506,28,6.25,2.4353309085,0.0
S0003579,P00507,28,2.5,2.4697213416,0.0
S0003580,P00508,28,9.25,8.46480696125,0.0
S0003581,P00509,28,2.75,1.482679541325,0.0
S0003582,P00510,28,8.75,2.2307586424,0.0
S0003583,P00511,28,3.25,1.8868073495,0.0
S0003584,P00000,42,8.25,2.0535974318,0.0
S0003585,P00001,42,21.0,7.9923231455,0.0
S0003586,P00002,42,4.75,-0.729625059775,0.5
S0003587,P00003,42,15.0,2.3220378298275,0.25
S0003588,P00004,42,13.75,7.896367068,0.0
S0003589,P00005,42,34.25,21.5120862275,0.0
S0003590,P00006,42,11.25,12.77131063325,0.0
S0003591,P00007,42,7.0,10.04599256925,0.0
S0003592,P00008,42,24.75,6.3088838974999994,0.0
S0003593,P00009,42,18.0,3.90812756725,0.25
S0003594,P00010,42,17.0,6.47751786275,0.0
S0003595,P00011,42,8.5,7.2808549322500005,0.0
S0003596,P00012,42,16.75,6.6455714417500005,0.0
S0003597,P00013,42,5.75,6.4140416474999995,0.0
S0003598,P00014,42,16.5,7.2911991382500005,0.0
S0003599,P00015,42,14.75,1.3837008197325,0.5
S0003600,P00016,42,3.75,9.577970789,0.0
S0003601,P00017,42,13.5,2.05756118925,0.25
S0003602,P00018,42,18.25,8.96744951975,0.0
S0003603,P00019,42,5.5,4.29645059225,0.0
S0003604,P00020,42,14.0,4.25787186275,0.0
S0003605,P00021,42,-1.75,-1.34236122815,0.25
S0003606,P00022,42,12.5,1.59438261175,0.25
S0003607,P00023,42,2.75,-0.3539402292500001,0.0
S0003608,P00024,42,15.0,4.827579389,0.0
S0003609,P00025,42,4.25,7.59628662675,0.0
S0003610,P00026,42,25.75,3.188597011475,0.0
S0003611,P00027,42,13.75,10.25241229125,0.0
S0003612,P00028,42,4.25,1.259383090259,0.25
S0003613,P00029,42,14.75,1.8690838465000001,0.25
S0003614,P00030,42,2.25,2.522011273375,0.0
S0003615,P00031,42,36.5,7.71377771425,0.0
S0003616,P00032,42,4.75,4.5050702842499994,0.0
S0003617,P00033,42,16.75,6.44962228125,0.0
S0003618,P00034,42,12.0,3.408207501,0.0
S0003619,P00035,42,2.5,-0.34334036837500004,0.0
S0003620,P00036,42,24.0,11.096680325000001,0.0
S0003621,P00037,42,1.5,0.76058435125,0.0
S0003622,P00038,42,16.5,6.174860335249999,0.0
S0003623,P00039,42,25.75,13.13393664225,0.0
S0003624,P00040,42,2.25,6.51450525925,0.0
S0003625,P00041,42,3.5,1.43114150572475,0.25
S0003626,P00042,42,11.25,4.954177782,0.0
S0003627,P00043,42,1.5,0.4937548356,0.0
S0003628,P00044,42,20.0,11.38568633325,0.0
S0003629,P00045,42,27.75,7.888538543499999,0.0
S0003630,P00046,42,10.25,1.5638084437925,0.25
S0003631,P00047,42,22.25,9.6388295415,0.0
S0003632,P00048,42,58.0,17.2929765425,0.0
S0003633,P00049,42,36.25,14.129221249499999,0.0
S0003634,P00050,42,16.75,7.03931565825,0.0
S0003635,P00051,42,16.5,3.7076648783699997,0.25
S0003636,P00052,42,2.0,1.3210597516,0.0
S0003637,P00053,42,45.5,32.9662034275,0.0
S0003638,P00054,42,36.5,15.61661914075,0.0
S0003639,P00055,42,1.0,5.59032773535,0.0
S0003640,P00056,42,58.5,28.6079064225,0.0
S0003641,P00057,42,3.75,1.473114248575,0.5
S0003642,P00058,42,25.25,7.6595450965,0.0
S0003643,P00059,42,8.75,0.7673207814999999,0.25
S0003644,P00060,42,4.75,7.18013075295,0.0
S0003645,P00061,42,6.0,16.440304734999998,0.0
S0003646,P00062,42,15.5,7.16075792675,0.0
S0003647,P00063,42,9.0,4.7389707305,0.0
S0003648,P00064,42,6.5,0.783856331,0.25
S0003649,P00065,42,14.0,2.45155347074,0.25
S0003650,P00066,42,4.5,0.4537299102,0.0
S0003651,P00067,42,5.0,2.920481961,0.0
S0003652,P00068,42,6.75,5.0721271245,0.0
S0003653,P00069,42,22.0,7.4048070589999995,0.0
S0003654,P00070,42,10.25,5.16438078825,0.0
S0003655,P00071,42,32.25,15.0102552925,0.0
S0003656,P00072,42,3.25,2.99334007575,0.0
S0003657,P00073,42,44.5,15.6617055925,0.0
S0003658,P00074,42,11.5,3.51492867675,0.0
S0003659,P00075,42,9.0,0.21051622655000002,0.5
S0003660,P00076,42,15.5,4.22624366275,0.0
S0003661,P00077,42,9.75,1.98159317965,0.0
S0003662,P00078,42,31.5,2.3785161667825,0.25
S0003663,P00079,42,20.5,14.91161268575,0.0
S0003664,P00080,42,4.25,4.561532795750001,0.0
S0003665,P00081,42,16.75,3.864513905925,0.0
S0003666,P00082,42,13.25,7.41837085175,0.0
S0003667,P00083,42,4.25,1.88632009065,0.0
S0003668,P00084,42,8.25,3.5572768747500003,0.0
S0003669,P00085,42,14.5,7.5434627975,0.0
S0003670,P00086,42,10.75,5.8830586975,0.0
S0003671,P00087,42,6.75,9.6391292015,0.0
S0003672,P00088,42,8.5,4.960202479495,0.25
S0003673,P00089,42,17.5,9.12993852875,0.0
S0003674,P00090,42,25.75,7.32389904275,0.0
S0003675,P00091,42,14.25,2.831486086575,0.0
S0003676,P00092,42,4.0,9.9524320405,0.0
S0003677,P00093,42,13.5,2.834448064875,0.0
S0003678,P00094,42,33.5,7.84791315325,0.0
S0003679,P00095,42,5.5,0.48560915175,0.25
S0003680,P00096,42,11.0,10.987450568,0.0
S0003681,P00097,42,29.0,9.684691287,0.0
S0003682,P00098,42,16.5,4.4759172275,0.0
S0003683,P00099,42,19.75,7.661473412,0.0
S0003684,P00100,42,136.5,33.43348814,0.0
S0003685,P00101,42,30.25,6.2433312682499995,0.0
S0003686,P00102,42,12.0,4.076358635,0.0
S0003687,P00103,42,2.5,2.87371184085,0.25
S0003688,P00104,42,2.0,2.472470180775,0.0
S0003689,P00105,42,53.0,25.329879115,0.0
S0003690,P00106,42,12.0,6.4096435427500005,0.0
S0003691,P00107,42,17.25,4.015736068725,0.0
S0003692,P00108,42,10.0,-0.6734165971599999,0.5
S0003693,P00109,42,17.5,4.526002626,0.0
S0003694,P00110,42,1.75,-0.3911104456,0.25
S0003695,P00111,42,11.5,2.67692354525,0.0
S0003696,P00112,42,36.5,29.053006455000002,0.0
S0003697,P00113,42,-0.25,6.198092785655,0.0
S0003698,P00114,42,14.5,10.86394377525,0.0
S0003699,P00115,42,38.5,7.941395317725,0.0
S0003700,P00116,42,2.75,4.48426748165,0.0
S0003701,P00117,42,12.25,10.016511714,0.0
S0003702,P00118,42,28.5,10.52489411975,0.0
S0003703,P00119,42,13.25,1.9767727919500002,0.0
S0003704,P00120,42,24.25,8.2806487385,0.0
S0003705,P00121,42,21.5,18.6163439275,0.0
S0003706,P00122,42,12.5,7.089984025,0.0
S0003707,P00123,42,20.0,3.33031834575,0.0
S0003708,P00124,42,17.25,8.39111640825,0.0
S0003709,P00125,42,1.75,4.96512635575,0.0
S0003710,P00126,42,8.5,3.09068664675,0.0
S0003711,P00127,42,19.75,6.95205917075,0.0
S0003712,P00128,42,13.25,1.014136519175,0.25
S0003713,P00129,42,16.5,8.11551626025,0.0
S0003714,P00130,42,18.0,10.6987744895,0.0
S0003715,P00131,42,16.5,4.959497517499999,0.0
S0003716,P00132,42,-4.0,3.6214442038250003,0.0
S0003717,P00133,42,24.0,7.957402569,0.0
S0003718,P00134,42,19.75,5.66174231475,0.0
S0003719,P00135,42,42.0,20.0951163375,0.0
S0003720,P00136,42,5.0,9.4241762245,0.0
S0003721,P00137,42,20.25,4.64388654125,0.0
S0003722,P00138,42,4.75,3.6458235762499998,0.0
S0003723,P00139,42,2.75,2.1955491886,0.0
S0003724,P00140,42,1.5,3.40825,0.0
S0003725,P00141,42,6.75,8.16750371275,0.0
S0003726,P00142,42,13.25,-0.5868242709999999,0.75
S0003727,P00143,42,32.0,35.0675338825,0.0
S0003728,P00144,42,18.75,6.7302625769999995,0.0
S0003729,P00145,42,16.0,5.7389980255,0.0
S0003730,P00146,42,18.0,12.480269299749999,0.0
S0003731,P00147,42,6.0,7.18123818125,0.0
S0003732,P00148,42,4.75,6.3171302695,0.0
S0003733,P00149,42,12.0,7.4890803515,0.0
S0003734,P00150,42,17.0,6.80632083675,0.0
S0003735,P00151,42,13.25,10.250155164999999,0.0
S0003736,P00152,42,19.75,7.869289009,0.0
S0003737,P00153,42,12.5,4.018329023250001,0.0
S0003738,P00154,42,9.0,4.262612838,0.0
S0003739,P00155,42,8.0,0.6531697127,0.25
S0003740,P00156,42,5.25,0.37830806274999995,0.25
S0003741,P00157,42,15.0,8.75180780075,0.0
S0003742,P00158,42,27.25,3.5573131825749997,0.5
S0003743,P00159,42,21.0,5.59937141175,0.0
S0003744,P00160,42,7.25,7.22055675675,0.0
S0003745,P00161,42,20.25,6.8407106540000004,0.0
S0003746,P00162,42,6.0,5.324878408,0.0
S0003747,P00163,42,8.75,0.9571750605749999,0.25
S0003748,P00164,42,6.75,4.006931327249999,0.0
S0003749,P00165,42,11.5,4.053059517,0.0
S0003750,P00166,42,23.5,8.150528789900001,0.0
S0003751,P00167,42,13.25,4.9549063365,0.0
S0003752,P00168,42,20.0,9.232656495,0.0
S0003753,P00169,42,11.75,4.512631087,0.0
S0003754,P00170,42,3.0,1.165384707825,0.0
S0003755,P00171,42,10.0,11.154478715,0.0
S0003756,P00172,42,18.0,9.99572810675,0.0
S0003757,P00173,42,10.5,0.1905559026750001,0.75
S0003758,P00174,42,1.25,2.4686696335,0.0
S0003759,P00175,42,17.25,2.144329657725,0.25
S0003760,P00176,42,7.75,4.7040589585,0.0
S0003761,P00177,42,9.25,-0.45238656457500004,0.0
S0003762,P00178,42,3.25,2.1373659052000002,0.0
S0003763,P00179,42,21.25,2.76665596332,0.0
S0003764,P00180,42,7.75,3.45967277595,0.25
S0003765,P00181,42,7.75,1.7905159687500003,0.0
S0003766,P00182,42,9.5,4.33712345785,0.0
S0003767,P00183,42,13.5,3.305064742,0.0
S0003768,P00184,42,7.5,1.5293141227500002,0.0
S0003769,P00185,42,22.0,36.083281205,0.0
S0003770,P00186,42,32.5,3.83275702055,0.0
S0003771,P00187,42,20.25,5.544640546,0.0
S0003772,P00188,42,22.5,0.7289259475000001,0.5
S0003773,P00189,42,12.5,3.3548011212500004,0.25
S0003774,P00190,42,33.0,8.843107844,0.0
S0003775,P00191,42,4.5,4.3199677773000005,0.0
S0003776,P00192,42,14.75,6.14299914325,0.0
S0003777,P00193,42,9.75,3.462924266775,0.0
S0003778,P00194,42,4.5,2.279448719,0.0
S0003779,P00195,42,4.5,1.694721163425,0.0
S0003780,P00196,42,50.0,15.4608830055,0.0
S0003781,P00197,42,12.75,7.35439609975,0.0
S0003782,P00198,42,11.75,0.8445072647499999,0.0
S0003783,P00199,42,9.0,1.928790172342,0.25
S0003784,P00200,42,131.75,24.24224675,0.0
S0003785,P00201,42,1.0,-0.6125653481100001,0.75
S0003786,P00202,42,-1.0,1.4824702353750001,0.0
S0003787,P00203,42,13.75,14.226804706,0.0
S0003788,P00204,42,77.0,18.1293064525,0.0
S0003789,P00205,42,4.25,15.8195356925,0.0
S0003790,P00206,42,8.25,5.63401849075,0.0
S0003791,P00207,42,12.25,0.8494002797,0.5
S0003792,P00208,42,22.75,11.83218226325,0.0
S0003793,P00209,42,32.75,9.59291939075,0.0
S0003794,P00210,42,-0.25,4.520548952,0.0
S0003795,P00211,42,23.75,11.6472493635,0.0
S0003796,P00212,42,4.25,0.646343390775,0.25
S0003797,P00213,42,1.75,1.4011987427500001,0.0
S0003798,P00214,42,3.75,1.40353829265,0.0
S0003799,P00215,42,6.75,5.816372088,0.0
S0003800,P00216,42,31.25,3.381115295575,0.0
S0003801,P00217,42,19.5,6.9754829670000005,0.0
S0003802,P00218,42,17.75,1.5579424259,0.5
S0003803,P00219,42,4.75,-0.39576066625000006,0.25
S0003804,P00220,42,7.0,-0.21303533227499993,0.75
S0003805,P00221,42,57.25,30.26106055,0.0
S0003806,P00222,42,24.75,12.1703428725,0.0
S0003807,P00223,42,3.5,3.16392586425,0.0
S0003808,P00224,42,45.25,34.156685005,0.0
S0003809,P00225,42,10.25,0.744946608825,0.25
S0003810,P00226,42,12.5,5.83124202225,0.0
S0003811,P00227,42,16.5,8.37727250725,0.0
S0003812,P00228,42,2.5,0.703220604425,0.25
S0003813,P00229,42,15.5,10.726152825,0.0
S0003814,P00230,42,15.0,5.8222988525,0.0
S0003815,P00231,42,4.75,1.0703638995,0.25
S0003816,P00232,42,16.75,16.9152452875,0.0
S0003817,P00233,42,10.0,5.5116224625,0.0
S0003818,P00234,42,6.5,9.8734785775,0.0
S0003819,P00235,42,26.75,8.74004873025,0.0
S0003820,P00236,42,25.75,0.56503015035,0.25
S0003821,P00237,42,13.75,2.3212715236,0.0
S0003822,P00238,42,13.0,1.224900509475,0.0
S0003823,P00239,42,10.25,1.06079879275,0.0
S0003824,P00240,42,12.25,4.617708817325,0.0
S0003825,P00241,42,8.0,1.82859099155,0.0
S0003826,P00242,42,66.5,24.1716320675,0.0
S0003827,P00243,42,3.0,-0.4201783178499999,0.25
S0003828,P00244,42,11.75,3.87179310575,0.0
S0003829,P00245,42,4.5,2.318839514525,0.0
S0003830,P00246,42,5.25,4.8164032135,0.0
S0003831,P00247,42,33.0,8.29651964875,0.0
S0003832,P00248,42,35.75,7.94596060975,0.0
S0003833,P00249,42,18.75,6.0326064405,0.0
S0003834,P00250,42,1.75,3.73985781625,0.0
S0003835,P00251,42,37.75,6.24912767825,0.0
S0003836,P00252,42,17.25,11.307996217,0.0
S0003837,P00253,42,34.0,10.478381494,0.0
S0003838,P00254,42,-0.5,0.706189093925,0.25
S0003839,P00255,42,14.0,10.6687286475,0.0
S0003840,P00256,42,3.75,2.6847519569,0.0
S0003841,P00257,42,3.75,2.9179545295000002,0.0
S0003842,P00258,42,3.25,5.51291553025,0.0
S0003843,P00259,42,6.0,0.30959634270249997,0.5
S0003844,P00260,42,24.25,9.466054720499999,0.0
S0003845,P00261,42,10.0,3.4361777903,0.0
S0003846,P00262,42,38.0,9.390686801000001,0.0
S0003847,P00263,42,0.75,1.749340566,0.0
S0003848,P00264,42,-5.5,-0.2099061205749999,0.0
S0003849,P00265,42,12.5,9.8460392065,0.0
S0003850,P00266,42,11.75,4.7499963009999995,0.0
S0003851,P00267,42,46.0,17.645157412499998,0.0
S0003852,P00268,42,61.0,25.797171102500002,0.0
S0003853,P00269,42,20.5,7.7124075235,0.0
S0003854,P00270,42,22.25,10.244916708749999,0.0
S0003855,P00271,42,-4.5,-4.81567579125,0.5
S0003856,P00272,42,10.0,5.54386399675,0.0
S0003857,P00273,42,23.0,9.32228286725,0.0
S0003858,P00274,42,35.75,17.5612433425,0.0
S0003859,P00275,42,93.0,19.01640513225,0.0
S0003860,P00276,42,10.0,4.46396655475,0.0
S0003861,P00277,42,8.0,-0.60714539925,0.75
S0003862,P00278,42,13.25,5.587373245,0.0
S0003863,P00279,42,12.25,7.9634382775,0.0
S0003864,P00280,42,1.0,2.148998313325,0.0
S0003865,P00281,42,25.75,7.49642858825,0.0
S0003866,P00282,42,22.0,11.710488199,0.0
S0003867,P00283,42,2.75,0.2231445545225,0.25
S0003868,P00284,42,11.0,5.980954188,0.0
S0003869,P00285,42,13.75,2.5628636570000003,0.25
S0003870,P00286,42,31.25,13.3213016725,0.0
S0003871,P00287,42,23.5,10.8531581545,0.0
S0003872,P00288,42,29.25,9.506317951,0.0
S0003873,P00289,42,13.75,5.5405617993725,0.0
S0003874,P00290,42,12.0,4.6479253496,0.0
S0003875,P00291,42,5.5,7.9987733072500005,0.0
S0003876,P00292,42,8.75,5.3837990375,0.25
S0003877,P00293,42,22.25,15.079792877500001,0.0
S0003878,P00294,42,5.5,1.62171042725,0.0
S0003879,P00295,42,18.0,2.901444056775,0.0
S0003880,P00296,42,10.5,1.45370348135,0.25
S0003881,P00297,42,42.5,15.4386736225,0.0
S0003882,P00298,42,11.75,10.29971375825,0.0
S0003883,P00299,42,2.0,0.6631251067474999,0.0
S0003884,P00300,42,3.0,0.4798922280225,0.0
S0003885,P00301,42,24.25,9.4158386075,0.0
S0003886,P00302,42,9.25,7.9277813652499995,0.0
S0003887,P00303,42,19.75,3.9310414902749997,0.0
S0003888,P00304,42,4.5,3.149150097,0.0
S0003889,P00305,42,19.0,18.16768072325,0.0
S0003890,P00306,42,24.25,8.2227765475,0.0
S0003891,P00307,42,6.5,5.61718008625,0.0
S0003892,P00308,42,2.75,3.1116420872500004,0.0
S0003893,P00309,42,37.0,15.6103951525,0.0
S0003894,P00310,42,4.0,0.1265368533575002,0.0
S0003895,P00311,42,15.5,4.22336003675,0.25
S0003896,P00312,42,26.0,23.752617505,0.0
S0003897,P00313,42,4.25,1.1063299145,0.0
S0003898,P00314,42,6.75,-1.423383856875,0.75
S0003899,P00315,42,5.5,0.75684535975,0.5
S0003900,P00316,42,3.0,4.6263951035,0.0
S0003901,P00317,42,1.0,5.22023723675,0.0
S0003902,P00318,42,16.0,2.2298275546,0.25
S0003903,P00319,42,8.75,2.444040115,0.0
S0003904,P00320,42,12.75,3.91218537,0.0
S0003905,P00321,42,2.5,4.573948375,0.0
S0003906,P00322,42,22.5,8.95549055775,0.0
S0003907,P00323,42,-1.5,-2.4804272471,0.25
S0003908,P00324,42,12.75,5.6337654839999995,0.0
S0003909,P00325,42,14.75,15.88478398325,0.0
S0003910,P00326,42,51.75,7.2848034064675,0.25
S0003911,P00327,42,30.0,6.37495126375,0.25
S0003912,P00328,42,28.25,5.5674186827500005,0.0
S0003913,P00329,42,8.25,1.3700540935749999,0.25
S0003914,P00330,42,20.25,9.194074515,0.0
S0003915,P00331,42,13.0,14.72746628975,0.0
S0003916,P00332,42,5.5,10.40682358075,0.0
S0003917,P00333,42,7.25,1.4242690195,0.25
S0003918,P00334,42,23.5,2.924958789175,0.0
S0003919,P00335,42,23.5,3.5115882552500004,0.0
S0003920,P00336,42,22.25,3.92550073725,0.0
S0003921,P00337,42,12.75,1.844784897825,0.25
S0003922,P00338,42,10.0,2.539357409325,0.0
S0003923,P00339,42,8.0,1.18302888855,0.25
S0003924,P00340,42,6.0,4.006882282025,0.0
S0003925,P00341,42,5.5,5.87885601225,0.0
S0003926,P00342,42,25.75,14.3966931945,0.0
S0003927,P00343,42,49.75,7.44683779875,0.0
S0003928,P00344,42,25.25,6.309779525,0.0
S0003929,P00345,42,23.0,7.894975927000001,0.0
S0003930,P00346,42,0.75,0.11732703361749999,0.25
S0003931,P00347,42,17.75,1.5740823528824999,0.5
S0003932,P00348,42,15.0,0.9211694210000001,0.25
S0003933,P00349,42,4.0,-0.94370932275,0.5
S0003934,P00350,42,21.25,18.0412331575,0.0
S0003935,P00351,42,1.0,3.45000508325,0.0
S0003936,P00352,42,31.25,10.07630540925,0.0
S0003937,P00353,42,28.25,7.5818892435,0.0
S0003938,P00354,42,6.5,3.05998972,0.0
S0003939,P00355,42,6.25,6.541859941249999,0.0
S0003940,P00356,42,4.0,0.42312649742500014,0.0
S0003941,P00357,42,8.25,4.9990142585,0.0
S0003942,P00358,42,20.5,5.5867860355,0.0
S0003943,P00359,42,10.75,6.8023834415,0.0
S0003944,P00360,42,29.25,4.112199381,0.0
S0003945,P00361,42,89.25,3.6307158157500004,0.25
S0003946,P00362,42,21.75,6.567552379,0.0
S0003947,P00363,42,9.5,3.3680110109,0.0
S0003948,P00364,42,8.0,6.491912696749999,0.0
S0003949,P00365,42,40.0,6.0971164225,0.0
S0003950,P00366,42,111.0,33.082055515,0.0
S0003951,P00367,42,5.0,2.44088914525,0.0
S0003952,P00368,42,6.0,7.73695962425,0.0
S0003953,P00369,42,12.25,7.9279605205,0.0
S0003954,P00370,42,16.0,-0.13414419867500005,0.5
S0003955,P00371,42,18.5,3.2863196599999998,0.25
S0003956,P00372,42,11.75,1.43084469855,0.0
S0003957,P00373,42,6.75,2.11349799255,0.0
S0003958,P00374,42,3.75,5.8838899072499995,0.0
S0003959,P00375,42,68.5,7.159307494725001,0.25
S0003960,P00376,42,42.25,6.298928128749999,0.0
S0003961,P00377,42,9.25,11.98755992175,0.0
S0003962,P00378,42,18.25,11.00157532,0.0
S0003963,P00379,42,1.25,3.119326628,0.0
S0003964,P00380,42,21.5,25.094933322499998,0.0
S0003965,P00381,42,17.75,4.013243468,0.0
S0003966,P00382,42,28.0,24.5228911525,0.0
S0003967,P00383,42,23.25,4.59085071475,0.0
S0003968,P00384,42,-1.0,0.16250108925000006,0.0
S0003969,P00385,42,19.0,2.051006386825,0.25
S0003970,P00386,42,12.25,2.4182235692,0.0
S0003971,P00387,42,12.5,6.4803048085,0.0
S0003972,P00388,42,19.75,7.686723539499999,0.0
S0003973,P00389,42,14.0,10.6187273865,0.0
S0003974,P00390,42,31.5,5.052475798,0.0
S0003975,P00391,42,19.0,7.2079013915,0.0
S0003976,P00392,42,8.75,23.867485352499997,0.0
S0003977,P00393,42,31.5,15.89871619,0.0
S0003978,P00394,42,3.5,-1.151357561525,0.25
S0003979,P00395,42,8.0,6.3483277524999995,0.0
S0003980,P00396,42,4.0,4.0320025610000005,0.0
S0003981,P00397,42,6.75,3.2241785965,0.0
S0003982,P00398,42,3.5,1.1536953859499999,0.25
S0003983,P00399,42,9.0,4.61387980775,0.0
S0003984,P00400,42,10.25,14.970751055000001,0.0
S0003985,P00401,42,51.5,13.8788392005,0.25
S0003986,P00402,42,17.25,4.08390721275,0.0
S0003987,P00403,42,9.0,5.426613987750001,0.0
S0003988,P00404,42,-2.25,0.6669406743249999,0.0
S0003989,P00405,42,13.25,1.1373783315225001,0.0
S0003990,P00406,42,15.0,1.3377572830000002,0.5
S0003991,P00407,42,11.5,3.088160082175,0.0
S0003992,P00408,42,22.25,19.1133379625,0.0
S0003993,P00409,42,24.5,8.2096749255,0.0
S0003994,P00410,42,2.25,4.17286470425,0.0
S0003995,P00411,42,11.5,2.421388947375,0.0
S0003996,P00412,42,1.0,8.46707080325,0.0
S0003997,P00413,42,5.5,-0.41511311074999985,0.25
S0003998,P00414,42,2.75,5.35896082775,0.0
S0003999,P00415,42,12.25,4.293887217,0.0
S0004000,P00416,42,5.25,-0.30142039274499993,0.25
S0004001,P00417,42,24.75,18.133780679,0.0
S0004002,P00418,42,0.5,-1.0234216329999999,0.25
S0004003,P00419,42,1.0,-1.6205378565,0.25
S0004004,P00420,42,4.25,1.2477947870000001,0.0
S0004005,P00421,42,19.0,5.796265064,0.0
S0004006,P00422,42,1.25,1.4059108213,0.0
S0004007,P00423,42,7.5,4.0945450395,0.25
S0004008,P00424,42,7.0,1.8047208803249999,0.25
S0004009,P00425,42,20.75,8.24015698125,0.0
S0004010,P00426,42,6.0,8.93836370325,0.0
S0004011,P00427,42,1.75,1.1223935162499998,0.0
S0004012,P00428,42,15.0,18.761019005,0.0
S0004013,P00429,42,0.0,-3.537690251675,0.5
S0004014,P00430,42,11.5,7.64353822525,0.0
S0004015,P00431,42,16.25,11.09459736125,0.0
S0004016,P00432,42,10.0,2.617678921205,0.0
S0004017,P00433,42,5.25,5.333435074,0.0
S0004018,P00434,42,-2.25,-1.76476085275,0.25
S0004019,P00435,42,11.25,3.167347036,0.0
S0004020,P00436,42,12.5,12.37271818875,0.0
S0004021,P00437,42,25.25,9.552293318,0.0
S0004022,P00438,42,9.0,1.3334884445,0.0
S0004023,P00439,42,6.75,5.4582887695,0.0
S0004024,P00440,42,3.0,3.1575559867500003,0.0
S0004025,P00441,42,9.25,2.181363737,0.0
S0004026,P00442,42,29.25,11.0768297775,0.0
S0004027,P00443,42,15.25,2.569268546,0.25
S0004028,P00444,42,23.75,17.566767623249998,0.0
S0004029,P00445,42,15.0,5.15029321925,0.0
S0004030,P00446,42,3.5,0.36504335725000003,0.0
S0004031,P00447,42,16.5,4.83576412575,0.0
S0004032,P00448,42,1.25,1.8874673869750003,0.0
S0004033,P00449,42,13.0,6.32334707425,0.0
S0004034,P00450,42,9.75,6.023058728675,0.0
S0004035,P00451,42,18.75,4.41604282375,0.0
S0004036,P00452,42,9.25,8.342733626249998,0.0
S0004037,P00453,42,10.5,3.1290130785,0.0
S0004038,P00454,42,3.0,-0.570608078075,0.25
S0004039,P00455,42,-1.25,7.96287544125,0.0
S0004040,P00456,42,35.25,30.0762147325,0.0
S0004041,P00457,42,2.75,6.775702849,0.0
S0004042,P00458,42,22.5,11.41446183375,0.0
S0004043,P00459,42,61.0,33.7890225625,0.0
S0004044,P00460,42,30.25,31.0877501775,0.0
S0004045,P00461,42,4.25,4.7733723595,0.0
S0004046,P00462,42,12.0,9.1648678345,0.0
S0004047,P00463,42,6.5,2.92045115375,0.0
S0004048,P00464,42,17.75,14.8746125115,0.0
S0004049,P00465,42,14.0,5.54402676525,0.0
S0004050,P00466,42,12.5,5.724651683,0.0
S0004051,P00467,42,76.75,30.085084295,0.0
S0004052,P00468,42,15.75,5.3522953864975,0.25
S0004053,P00469,42,4.75,3.14002324225,0.0
S0004054,P00470,42,5.0,1.085355172875,0.0
S0004055,P00471,42,32.25,9.28326117475,0.0
S0004056,P00472,42,17.0,12.3696815585,0.0
S0004057,P00473,42,5.0,2.2147443952,0.25
S0004058,P00474,42,2.25,0.554988133875,0.0
S0004059,P00475,42,15.5,7.1357055225,0.0
S0004060,P00476,42,35.75,10.65412321225,0.0
S0004061,P00477,42,6.5,0.5027902688999999,0.25
S0004062,P00478,42,15.5,4.97172622975,0.0
S0004063,P00479,42,33.0,7.35839345475,0.0
S0004064,P00480,42,8.5,2.947020737475,0.0
S0004065,P00481,42,6.25,9.3776892085,0.0
S0004066,P00482,42,25.5,10.08121761425,0.0
S0004067,P00483,42,13.5,10.70879741825,0.0
S0004068,P00484,42,8.0,4.13906129075,0.0
S0004069,P00485,42,12.75,7.79288303575,0.0
S0004070,P00486,42,20.0,4.712230201,0.0
S0004071,P00487,42,10.0,8.172869298250001,0.0
S0004072,P00488,42,15.75,16.556157617500002,0.0
S0004073,P00489,42,23.25,13.3939674415,0.0
S0004074,P00490,42,19.0,5.2711404639,0.25
S0004075,P00491,42,11.5,2.4697541335000004,0.0
S0004076,P00492,42,12.25,9.32856614425,0.0
S0004077,P00493,42,18.0,4.6721905945,0.0
S0004078,P00494,42,1.5,-4.640153143,0.5
S0004079,P00495,42,3.75,2.681923076275,0.0
S0004080,P00496,42,15.75,11.38220718125,0.0
S0004081,P00497,42,22.5,3.93566080575,0.0
S0004082,P00498,42,16.0,0.8179694980500001,0.5
S0004083,P00499,42,6.5,0.273776398375,0.5
S0004084,P00500,42,21.5,5.71394212525,0.0
S0004085,P00501,42,-3.25,-0.8107845305000001,0.0
S0004086,P00502,42,20.5,2.5768905165,0.0
S0004087,P00503,42,18.25,4.181992253075,0.0
S0004088,P00504,42,4.75,1.7802731554250002,0.25
S0004089,P00505,42,5.25,5.5805378455,0.0
S0004090,P00506,42,12.75,7.05120093,0.0
S0004091,P00507,42,6.0,3.6904157429,0.0
S0004092,P00508,42,24.5,17.030558465000002,0.0
S0004093,P00509,42,7.25,1.6167815110750001,0.0
S0004094,P00510,42,15.75,6.00195115725,0.0
S0004095,P00511,42,8.75,3.6246403005000003,0.0
S0004096,P00000,56,13.0,2.6348638465,0.0
S0004097,P00001,56,27.75,11.0964730935,0.0
S0004098,P00002,56,3.0,-1.6150405765,0.5
S0004099,P00003,56,19.5,4.2773948417500005,0.0
S0004100,P00004,56,16.0,10.3032310545,0.0
S0004101,P00005,56,62.75,47.495782505,0.0
S0004102,P00006,56,20.5,24.2577892825,0.0
S0004103,P00007,56,12.25,13.745750064500001,0.0
S0004104,P00008,56,40.75,9.800714553,0.0
S0004105,P00009,56,29.0,10.67046192075,0.0
S0004106,P00010,56,19.0,8.47877540195,0.0
S0004107,P00011,56,12.75,10.24744360775,0.0
S0004108,P00012,56,32.75,15.403164339500002,0.0
S0004109,P00013,56,14.25,11.91927785575,0.0
S0004110,P00014,56,19.0,12.357093205,0.0
S0004111,P00015,56,24.5,4.9350441815,0.0
S0004112,P00016,56,7.25,14.500172745,0.0
S0004113,P00017,56,28.0,5.2981358665,0.0
S0004114,P00018,56,29.0,13.321511168250002,0.0
S0004115,P00019,56,5.0,5.19000573825,0.0
S0004116,P00020,56,21.5,3.6762104735,0.25
S0004117,P00021,56,-2.75,-1.51640779138,0.0
S0004118,P00022,56,17.5,3.0695600232499998,0.25
S0004119,P00023,56,4.25,-0.6942697775000001,0.0
S0004120,P00024,56,23.0,8.78759360775,0.0
S0004121,P00025,56,12.5,17.72537070825,0.0
S0004122,P00026,56,54.0,7.0340790925,0.0
S0004123,P00027,56,20.0,13.27241820025,0.0
S0004124,P00028,56,9.5,3.51568002,0.0
S0004125,P00029,56,27.75,4.12705078175,0.25
S0004126,P00030,56,0.75,-0.3448910112499999,0.0
S0004127,P00031,56,61.0,22.78593424,0.0
S0004128,P00032,56,3.75,6.73415629,0.0
S0004129,P00033,56,30.75,9.710048272749999,0.0
S0004130,P00034,56,19.75,5.670234055,0.0
S0004131,P00035,56,5.75,-1.3861675052,0.5
S0004132,P00036,56,44.25,23.4411368925,0.0
S0004133,P00037,56,2.0,1.13690581905,0.25
S0004134,P00038,56,25.75,12.0207440555,0.0
S0004135,P00039,56,53.5,27.7129388025,0.0
S0004136,P00040,56,10.5,10.046219486,0.0
S0004137,P00041,56,4.25,2.9152942047500003,0.0
S0004138,P00042,56,16.0,6.197329323,0.0
S0004139,P00043,56,1.0,0.9686625931499999,0.0
S0004140,P00044,56,26.25,19.951463265,0.0
S0004141,P00045,56,62.75,19.7184072775,0.0
S0004142,P00046,56,18.25,5.592772365875,0.0
S0004143,P00047,56,45.25,21.1593677445,0.0
S0004144,P00048,56,83.75,39.5846341125,0.0
S0004145,P00049,56,77.0,34.52648754,0.0
S0004146,P00050,56,32.25,11.590501256,0.0
S0004147,P00051,56,31.0,7.347783269,0.0
S0004148,P00052,56,0.25,1.804855851175,0.0
S0004149,P00053,56,83.5,70.528443005,0.0
S0004150,P00054,56,51.75,29.0037371775,0.0
S0004151,P00055,56,5.0,8.149772974,0.0
S0004152,P00056,56,142.75,83.9842454425,0.0
S0004153,P00057,56,6.5,3.5553183185,0.0
S0004154,P00058,56,47.5,15.728926925,0.0
S0004155,P00059,56,14.75,2.4196198046750004,0.25
S0004156,P00060,56,16.5,14.346554675,0.0
S0004157,P00061,56,11.5,28.728529117500003,0.0
S0004158,P00062,56,23.25,12.517422935999999,0.0
S0004159,P00063,56,16.5,8.318666587500001,0.0
S0004160,P00064,56,24.5,3.34539914425,0.25
S0004161,P00065,56,17.5,3.2657823283,0.25
S0004162,P00066,56,12.75,2.2274086757499996,0.0
S0004163,P00067,56,2.0,4.3720702962499995,0.0
S0004164,P00068,56,13.75,7.5743979975,0.0
S0004165,P00069,56,44.5,15.93746705025,0.0
S0004166,P00070,56,31.75,13.06338492,0.0
S0004167,P00071,56,49.75,26.1663999225,0.0
S0004168,P00072,56,7.5,3.9648768677499997,0.0
S0004169,P00073,56,78.75,41.1233710975,0.0
S0004170,P00074,56,3.75,2.1407074691,0.0
S0004171,P00075,56,10.75,0.66609862525,0.25
S0004172,P00076,56,42.75,11.47237314125,0.0
S0004173,P00077,56,22.75,3.8459762935,0.0
S0004174,P00078,56,82.5,11.6924985565,0.0
S0004175,P00079,56,38.75,30.8461429325,0.0
S0004176,P00080,56,2.5,6.1453772125,0.0
S0004177,P00081,56,35.75,6.7518729765,0.0
S0004178,P00082,56,25.0,14.067050810000001,0.0
S0004179,P00083,56,8.0,2.59657318055,0.0
S0004180,P00084,56,11.0,5.124095442,0.0
S0004181,P00085,56,23.0,15.207608595,0.0
S0004182,P00086,56,15.25,7.24161819925,0.0
S0004183,P00087,56,12.5,15.11271512375,0.0
S0004184,P00088,56,12.25,8.63645928175,0.0
S0004185,P00089,56,22.25,15.53465460675,0.0
S0004186,P00090,56,47.0,12.575512837,0.0
S0004187,P00091,56,26.5,5.2012282362499995,0.0
S0004188,P00092,56,7.0,16.43309927,0.0
S0004189,P00093,56,16.75,5.9256034545,0.0
S0004190,P00094,56,55.0,13.97458581775,0.0
S0004191,P00095,56,8.25,0.26914270739999996,0.25
S0004192,P00096,56,19.25,17.2370904055,0.0
S0004193,P00097,56,49.25,23.324134230000002,0.0
S0004194,P00098,56,19.5,7.158322512,0.0
S0004195,P00099,56,40.25,17.287291985,0.0
S0004196,P00100,56,343.75,89.97850551249999,0.0
S0004197,P00101,56,61.75,14.6513331275,0.0
S0004198,P00102,56,13.5,6.126581603,0.0
S0004199,P00103,56,6.25,4.99784354325,0.0
S0004200,P00104,56,5.5,3.18867479625,0.0
S0004201,P00105,56,97.5,52.316428384999995,0.0
S0004202,P00106,56,26.75,11.1906486825,0.0
S0004203,P00107,56,24.75,5.83973699755,0.25
S0004204,P00108,56,40.25,4.446501784875,0.25
S0004205,P00109,56,27.0,7.4684961605,0.0
S0004206,P00110,56,-2.0,-3.80561747975,0.5
S0004207,P00111,56,18.5,1.9625060535000003,0.0
S0004208,P00112,56,62.5,48.5004428875,0.0
S0004209,P00113,56,4.5,12.345103009999999,0.0
S0004210,P00114,56,15.25,17.889132705,0.0
S0004211,P00115,56,60.5,22.0500872525,0.0
S0004212,P00116,56,7.25,9.0425473975,0.0
S0004213,P00117,56,16.0,14.6646133925,0.0
S0004214,P00118,56,49.0,19.93954737225,0.0
S0004215,P00119,56,24.75,6.41383420975,0.0
S0004216,P00120,56,41.0,17.07051544,0.0
S0004217,P00121,56,34.25,31.8489984975,0.0
S0004218,P00122,56,11.5,10.70739483325,0.0
S0004219,P00123,56,26.25,2.11997273475,0.25
S0004220,P00124,56,21.25,12.330912453249999,0.0
S0004221,P00125,56,1.0,3.3718130048000003,0.0
S0004222,P00126,56,17.25,12.640405143999999,0.0
S0004223,P00127,56,30.75,13.876458765999999,0.0
S0004224,P00128,56,34.25,3.9517954395,0.25
S0004225,P00129,56,27.75,16.222381853,0.0
S0004226,P00130,56,31.0,18.8252535075,0.0
S0004227,P00131,56,23.0,7.115484295075,0.25
S0004228,P00132,56,-4.5,3.53185011325,0.0
S0004229,P00133,56,41.75,13.404461035,0.0
S0004230,P00134,56,21.0,9.2927600125,0.0
S0004231,P00135,56,65.0,32.313979165,0.0
S0004232,P00136,56,15.25,16.084910596,0.0
S0004233,P00137,56,36.25,8.10841007675,0.0
S0004234,P00138,56,5.5,7.692985557,0.0
S0004235,P00139,56,6.0,3.8307374585000002,0.25
S0004236,P00140,56,5.75,5.9745276225,0.0
S0004237,P00141,56,7.0,10.8623988695,0.0
S0004238,P00142,56,13.75,-0.28814180084999996,0.75
S0004239,P00143,56,59.5,63.4834485675,0.0
S0004240,P00144,56,29.25,10.858050554,0.0
S0004241,P00145,56,20.5,7.95478257525,0.0
S0004242,P00146,56,24.5,24.663816035,0.0
S0004243,P00147,56,7.5,14.343851795749998,0.0
S0004244,P00148,56,7.0,8.530994386,0.0
S0004245,P00149,56,17.0,13.6819079945,0.0
S0004246,P00150,56,35.0,15.755574735,0.0
S0004247,P00151,56,19.75,17.8448890025,0.0
S0004248,P00152,56,34.0,14.15411536375,0.0
S0004249,P00153,56,11.5,7.0192599095,0.0
S0004250,P00154,56,16.0,7.56740066075,0.0
S0004251,P00155,56,20.25,3.6793301899,0.0
S0004252,P00156,56,6.25,0.14641939199999987,0.25
S0004253,P00157,56,19.75,10.333134286,0.0
S0004254,P00158,56,49.5,10.3586928165,0.0
S0004255,P00159,56,31.25,10.6449734075,0.0
S0004256,P00160,56,10.0,11.95839145275,0.0
S0004257,P00161,56,39.5,12.937104524,0.0
S0004258,P00162,56,11.0,6.933465319250001,0.0
S0004259,P00163,56,5.5,5.42345263925,0.0
S0004260,P00164,56,14.0,7.3698608915,0.0
S0004261,P00165,56,21.75,7.9939200905,0.0
S0004262,P00166,56,38.75,18.55896279725,0.0
S0004263,P00167,56,29.75,10.4890761505,0.0
S0004264,P00168,56,31.25,14.072177408750001,0.0
S0004265,P00169,56,22.75,9.32976631625,0.0
S0004266,P00170,56,3.25,3.3794510347,0.0
S0004267,P00171,56,16.25,17.9987846075,0.0
S0004268,P00172,56,27.0,20.16303895825,0.0
S0004269,P00173,56,14.25,0.2750151893000001,0.5
S0004270,P00174,56,-2.0,3.3254313590500004,0.0
S0004271,P00175,56,32.0,6.587313151,0.0
S0004272,P00176,56,8.75,6.95983155725,0.0
S0004273,P00177,56,12.5,1.41092516275,0.0
S0004274,P00178,56,0.5,1.119712791325,0.0
S0004275,P00179,56,31.75,2.7244191446749997,0.25
S0004276,P00180,56,19.5,8.103263159499999,0.0
S0004277,P00181,56,21.0,4.238629311,0.0
S0004278,P00182,56,9.5,7.849436466749999,0.0
S0004279,P00183,56,26.0,5.2899203435,0.0
S0004280,P00184,56,12.5,-2.6487931505000004,0.0
S0004281,P00185,56,62.0,77.5913976675,0.0
S0004282,P00186,56,60.75,14.396783967925,0.25
S0004283,P00187,56,23.0,8.88997209225,0.0
S0004284,P00188,56,33.25,6.330739203749999,0.0
S0004285,P00189,56,20.25,6.93330720875,0.25
S0004286,P00190,56,87.5,17.17057770025,0.0
S0004287,P00191,56,4.0,6.76477715425,0.0
S0004288,P00192,56,29.0,11.518452140499999,0.0
S0004289,P00193,56,18.75,5.97490715125,0.0
S0004290,P00194,56,10.5,4.45110953825,0.0
S0004291,P00195,56,10.5,5.083231631,0.0
S0004292,P00196,56,138.75,52.226840765,0.0
S0004293,P00197,56,18.75,13.928181404999998,0.0
S0004294,P00198,56,31.0,3.3216751365,0.0
S0004295,P00199,56,11.0,8.08633214675,0.0
S0004296,P00200,56,313.25,69.06299553,0.0
S0004297,P00201,56,1.25,-0.3863096876225,0.5
S0004298,P00202,56,-4.0,0.03832500475000011,0.0
S0004299,P00203,56,15.25,25.231049055,0.0
S0004300,P00204,56,156.5,39.865701924999996,0.0
S0004301,P00205,56,8.0,28.189418585,0.0
S0004302,P00206,56,10.25,7.9649001795,0.0
S0004303,P00207,56,23.5,1.523046283825,0.25
S0004304,P00208,56,35.5,22.8940021525,0.0
S0004305,P00209,56,46.75,18.3812637425,0.0
S0004306,P00210,56,-0.25,5.759615796,0.0
S0004307,P00211,56,28.5,21.82665098,0.0
S0004308,P00212,56,4.5,1.70986426765,0.25
S0004309,P00213,56,19.25,4.529552334725,0.0
S0004310,P00214,56,4.0,1.65865334225,0.25
S0004311,P00215,56,11.25,9.616110512,0.0
S0004312,P00216,56,39.25,7.3121948334999995,0.0
S0004313,P00217,56,36.5,7.386849506,0.0
S0004314,P00218,56,31.0,2.7347759751,0.25
S0004315,P00219,56,11.75,-0.28062625374999994,0.25
S0004316,P00220,56,17.0,1.9916197519999999,0.25
S0004317,P00221,56,106.75,57.9694312125,0.0
S0004318,P00222,56,32.75,25.602306112500003,0.0
S0004319,P00223,56,3.5,6.161549079,0.0
S0004320,P00224,56,64.75,62.8990699275,0.0
S0004321,P00225,56,18.5,3.139117278125,0.5
S0004322,P00226,56,24.75,12.025799735,0.0
S0004323,P00227,56,39.5,20.60776374,0.0
S0004324,P00228,56,4.5,1.0462291533499999,0.25
S0004325,P00229,56,27.75,16.94607299275,0.0
S0004326,P00230,56,24.75,10.8368659575,0.0
S0004327,P00231,56,7.75,2.2856804844500003,0.25
S0004328,P00232,56,22.25,36.679217890000004,0.0
S0004329,P00233,56,15.75,13.50362632575,0.0
S0004330,P00234,56,16.0,14.894558468,0.0
S0004331,P00235,56,48.25,18.529716620000002,0.0
S0004332,P00236,56,53.5,3.8558360392,0.0
S0004333,P00237,56,29.5,6.7994112235,0.25
S0004334,P00238,56,17.5,3.29854355625,0.0
S0004335,P00239,56,15.0,3.207520216,0.0
S0004336,P00240,56,16.5,5.351113462675,0.0
S0004337,P00241,56,16.0,3.946035626175,0.0
S0004338,P00242,56,102.25,44.1410532775,0.0
S0004339,P00243,56,1.25,-2.37118557625,0.25
S0004340,P00244,56,17.75,7.237169874499999,0.0
S0004341,P00245,56,5.0,6.51828929025,0.0
S0004342,P00246,56,9.0,9.2615447205,0.0
S0004343,P00247,56,64.75,21.0995493335,0.0
S0004344,P00248,56,66.5,16.3114572155,0.0
S0004345,P00249,56,41.75,16.60051864,0.0
S0004346,P00250,56,5.5,5.0095848714999995,0.0
S0004347,P00251,56,63.75,17.760232725,0.0
S0004348,P00252,56,28.0,19.935095725,0.0
S0004349,P00253,56,52.5,19.1328183075,0.0
S0004350,P00254,56,3.25,2.29682111825,0.0
S0004351,P00255,56,13.75,19.611605387,0.0
S0004352,P00256,56,5.25,3.396366685925,0.0
S0004353,P00257,56,7.0,7.175667837500001,0.0
S0004354,P00258,56,11.75,8.27662346675,0.0
S0004355,P00259,56,11.25,1.238875926125,0.5
S0004356,P00260,56,47.75,22.0543277725,0.0
S0004357,P00261,56,15.5,5.20989206375,0.0
S0004358,P00262,56,96.5,30.628731962499998,0.0
S0004359,P00263,56,1.75,4.52492536925,0.0
S0004360,P00264,56,-15.25,-2.172455014855,0.0
S0004361,P00265,56,40.0,20.2449086025,0.0
S0004362,P00266,56,16.75,9.19319185875,0.0
S0004363,P00267,56,70.25,31.1174336075,0.0
S0004364,P00268,56,133.25,78.00816186,0.0
S0004365,P00269,56,35.75,15.554147799999999,0.0
S0004366,P00270,56,43.25,22.4981555275,0.0
S0004367,P00271,56,-11.0,-11.57652172225,0.75
S0004368,P00272,56,25.75,12.476578409,0.0
S0004369,P00273,56,33.5,22.20332381125,0.0
S0004370,P00274,56,52.75,26.33360077,0.0
S0004371,P00275,56,210.75,58.5591279125,0.0
S0004372,P00276,56,21.25,10.61809329925,0.0
S0004373,P00277,56,13.5,0.18394735967499998,0.25
S0004374,P00278,56,19.25,9.5899726235,0.0
S0004375,P00279,56,21.5,16.816022660999998,0.0
S0004376,P00280,56,8.25,4.487279922,0.0
S0004377,P00281,56,33.75,14.129246962,0.0
S0004378,P00282,56,35.5,23.577195695,0.0
S0004379,P00283,56,8.25,1.471131493975,0.0
S0004380,P00284,56,18.25,7.8967311780000005,0.0
S0004381,P00285,56,28.25,6.165887136,0.0
S0004382,P00286,56,57.0,36.02175045,0.0
S0004383,P00287,56,44.0,21.9673225425,0.0
S0004384,P00288,56,69.0,29.0957404525,0.0
S0004385,P00289,56,20.25,11.307480169249999,0.0
S0004386,P00290,56,28.5,12.758735715,0.0
S0004387,P00291,56,11.5,14.137732607250001,0.0
S0004388,P00292,56,10.5,10.397858398,0.0
S0004389,P00293,56,33.5,24.5348364225,0.0
S0004390,P00294,56,9.25,2.837214593725,0.0
S0004391,P00295,56,37.25,4.589845965675,0.0
S0004392,P00296,56,14.75,2.70223646475,0.0
S0004393,P00297,56,76.25,30.085237860000003,0.0
S0004394,P00298,56,19.5,16.49010954125,0.0
S0004395,P00299,56,1.75,3.05799540395,0.0
S0004396,P00300,56,7.75,2.6467696995,0.0
S0004397,P00301,56,34.75,14.19063873825,0.0
S0004398,P00302,56,13.25,13.15474260925,0.0
S0004399,P00303,56,38.75,10.123902356250001,0.0
S0004400,P00304,56,8.75,5.6537226645,0.0
S0004401,P00305,56,36.25,32.1749743375,0.0
S0004402,P00306,56,35.5,15.53208918,0.0
S0004403,P00307,56,7.0,10.00719878925,0.0
S0004404,P00308,56,9.0,5.789841815,0.0
S0004405,P00309,56,45.25,24.378462204999998,0.0
S0004406,P00310,56,0.25,3.3796504925,0.0
S0004407,P00311,56,28.75,11.77866402175,0.25
S0004408,P00312,56,36.5,45.238989915000005,0.0
S0004409,P00313,56,3.0,1.31690117795,0.0
S0004410,P00314,56,10.75,1.1390759617250001,0.5
S0004411,P00315,56,6.75,4.7029689195,0.0
S0004412,P00316,56,6.25,5.3761981895,0.0
S0004413,P00317,56,0.25,11.770112785,0.0
S0004414,P00318,56,22.5,3.9393037464275,0.0
S0004415,P00319,56,11.0,4.97668621525,0.0
S0004416,P00320,56,18.0,7.06845803185,0.0
S0004417,P00321,56,6.0,8.339141066749999,0.0
S0004418,P00322,56,59.25,23.5241224575,0.0
S0004419,P00323,56,-0.25,-2.8593845081250002,0.25
S0004420,P00324,56,24.0,6.212197799749999,0.0
S0004421,P00325,56,30.25,26.4819581675,0.0
S0004422,P00326,56,124.5,20.369912441,0.0
S0004423,P00327,56,42.25,15.983056655999999,0.0
S0004424,P00328,56,36.5,10.94949490625,0.0
S0004425,P00329,56,8.25,1.9261041101999998,0.5
S0004426,P00330,56,35.0,15.1137637175,0.0
S0004427,P00331,56,27.5,23.5471415235,0.0
S0004428,P00332,56,6.5,14.7408989325,0.0
S0004429,P00333,56,16.0,6.21279276275,0.0
S0004430,P00334,56,54.25,11.707632442000001,0.0
S0004431,P00335,56,37.25,8.95109969875,0.0
S0004432,P00336,56,35.75,8.4811303095,0.0
S0004433,P00337,56,29.75,8.44014743125,0.0
S0004434,P00338,56,13.75,6.053224107,0.0
S0004435,P00339,56,15.5,2.60858018295,0.0
S0004436,P00340,56,10.25,10.01644609325,0.0
S0004437,P00341,56,7.5,8.8828414005,0.0
S0004438,P00342,56,38.75,25.8821159275,0.0
S0004439,P00343,56,99.25,22.0393333275,0.0
S0004440,P00344,56,40.0,19.851601985000002,0.0
S0004441,P00345,56,31.25,13.688634898250001,0.0
S0004442,P00346,56,2.25,-0.043034602800000044,0.25
S0004443,P00347,56,35.25,6.6208278605,0.0
S0004444,P00348,56,20.0,-1.5487833260000001,0.75
S0004445,P00349,56,8.0,0.13180244465000002,0.5
S0004446,P00350,56,27.25,28.56722247,0.0
S0004447,P00351,56,11.0,9.847534264250001,0.0
S0004448,P00352,56,50.75,23.498991545,0.0
S0004449,P00353,56,39.5,16.116999868,0.0
S0004450,P00354,56,9.5,5.13413897575,0.0
S0004451,P00355,56,13.75,11.64946742775,0.0
S0004452,P00356,56,0.75,-4.63341249895,0.75
S0004453,P00357,56,10.0,6.51546936625,0.0
S0004454,P00358,56,42.0,11.1586242465,0.0
S0004455,P00359,56,18.75,12.821679401,0.0
S0004456,P00360,56,46.25,10.5093400505,0.0
S0004457,P00361,56,247.5,19.10242354575,0.0
S0004458,P00362,56,43.5,14.006802231250001,0.0
S0004459,P00363,56,13.5,4.223922435925,0.25
S0004460,P00364,56,18.75,12.712309791,0.0
S0004461,P00365,56,94.75,12.0189129525,0.0
S0004462,P00366,56,264.0,87.2790017225,0.0
S0004463,P00367,56,11.75,1.73702504,0.25
S0004464,P00368,56,10.75,10.12827746775,0.0
S0004465,P00369,56,20.0,12.9557828985,0.0
S0004466,P00370,56,32.5,4.733769665500001,0.25
S0004467,P00371,56,35.5,9.558299801575,0.25
S0004468,P00372,56,25.5,4.24531616825,0.0
S0004469,P00373,56,5.5,1.7397808858750001,0.25
S0004470,P00374,56,1.75,10.875929566499998,0.0
S0004471,P00375,56,103.75,24.6001947575,0.0
S0004472,P00376,56,66.5,10.603065936,0.0
S0004473,P00377,56,19.5,20.64364187,0.0
S0004474,P00378,56,27.0,17.772129947499998,0.0
S0004475,P00379,56,-1.0,5.7248243599999995,0.0
S0004476,P00380,56,59.75,59.543968379999995,0.0
S0004477,P00381,56,25.75,6.9707362985,0.0
S0004478,P00382,56,53.0,48.7241142525,0.0
S0004479,P00383,56,46.75,9.953112100625,0.25
S0004480,P00384,56,6.75,0.5301667817499998,0.0
S0004481,P00385,56,27.0,5.55330854325,0.0
S0004482,P00386,56,18.75,5.9408164955,0.0
S0004483,P00387,56,23.5,14.88503159825,0.0
S0004484,P00388,56,26.75,12.75078063275,0.0
S0004485,P00389,56,28.25,15.5343097975,0.0
S0004486,P00390,56,45.0,8.6358791095,0.0
S0004487,P00391,56,27.75,11.459030208125,0.0
S0004488,P00392,56,20.5,40.668890024999996,0.0
S0004489,P00393,56,56.5,31.066705329999998,0.0
S0004490,P00394,56,-2.0,-0.2971044125499999,0.25
S0004491,P00395,56,13.0,11.54999894625,0.0
S0004492,P00396,56,1.75,4.480711138,0.0
S0004493,P00397,56,13.75,6.58943173925,0.0
S0004494,P00398,56,7.75,2.3776225786499996,0.25
S0004495,P00399,56,15.75,10.544420719,0.0
S0004496,P00400,56,18.75,28.499979335,0.0
S0004497,P00401,56,88.5,29.07708573375,0.0
S0004498,P00402,56,19.5,8.252173463,0.0
S0004499,P00403,56,15.75,6.409973415,0.0
S0004500,P00404,56,2.0,2.039948746525,0.0
S0004501,P00405,56,15.5,1.9634022772250002,0.0
S0004502,P00406,56,22.25,5.77706840575,0.25
S0004503,P00407,56,21.25,4.81769534725,0.25
S0004504,P00408,56,43.25,39.2328575925,0.0
S0004505,P00409,56,27.0,13.79026182175,0.0
S0004506,P00410,56,3.25,4.102793888,0.0
S0004507,P00411,56,17.25,4.122722095,0.0
S0004508,P00412,56,2.5,14.297652573499999,0.0
S0004509,P00413,56,9.75,-1.2489979837499998,0.75
S0004510,P00414,56,10.0,9.8361900615,0.0
S0004511,P00415,56,16.25,7.92902607825,0.0
S0004512,P00416,56,8.5,-0.60884469625,0.75
S0004513,P00417,56,55.25,38.2779335775,0.0
S0004514,P00418,56,3.5,-2.2612594172250002,0.75
S0004515,P00419,56,2.5,-0.8727048819000001,0.5
S0004516,P00420,56,7.0,1.9912881805,0.0
S0004517,P00421,56,33.75,10.46531581775,0.0
S0004518,P00422,56,9.0,4.603074059015,0.0
S0004519,P00423,56,8.25,5.77365837975,0.0
S0004520,P00424,56,11.75,2.083930997075,0.5
S0004521,P00425,56,31.25,16.90434460075,0.0
S0004522,P00426,56,7.5,15.0334951945,0.0
S0004523,P00427,56,2.75,4.2948077455,0.0
S0004524,P00428,56,17.5,28.27959985,0.0
S0004525,P00429,56,-1.5,-6.65007703275,0.25
S0004526,P00430,56,26.75,15.41578898,0.0
S0004527,P00431,56,24.25,21.7794797175,0.0
S0004528,P00432,56,17.5,6.6803320369999994,0.0
S0004529,P00433,56,9.5,7.56427705075,0.0
S0004530,P00434,56,0.25,-0.41162468389999995,0.0
S0004531,P00435,56,16.75,4.3569911005,0.0
S0004532,P00436,56,21.25,21.244424265,0.0
S0004533,P00437,56,32.0,16.5524392675,0.0
S0004534,P00438,56,18.25,2.531481789725,0.0
S0004535,P00439,56,11.75,10.0727078335,0.0
S0004536,P00440,56,6.0,5.3132904320000005,0.0
S0004537,P00441,56,11.75,4.265478609,0.0
S0004538,P00442,56,53.5,21.89759536,0.0
S0004539,P00443,56,17.75,6.1080160115,0.25
S0004540,P00444,56,43.0,33.582446759999996,0.0
S0004541,P00445,56,22.5,9.35339462775,0.0
S0004542,P00446,56,9.75,2.70229500625,0.0
S0004543,P00447,56,22.5,7.112042149,0.0
S0004544,P00448,56,-3.25,1.515564730275,0.0
S0004545,P00449,56,16.25,7.58275790475,0.0
S0004546,P00450,56,13.25,9.59155438875,0.0
S0004547,P00451,56,30.5,8.23063754075,0.0
S0004548,P00452,56,17.75,13.49468361125,0.0
S0004549,P00453,56,17.0,4.3731748889999995,0.0
S0004550,P00454,56,4.75,0.005705648975000019,0.25
S0004551,P00455,56,-3.5,6.8050827072499995,0.0
S0004552,P00456,56,56.0,56.65649598,0.0
S0004553,P00457,56,4.5,8.84189536025,0.0
S0004554,P00458,56,49.5,22.245988095,0.0
S0004555,P00459,56,147.25,94.87154111,0.0
S0004556,P00460,56,49.5,51.1472174025,0.0
S0004557,P00461,56,7.5,6.5701676652500005,0.0
S0004558,P00462,56,23.5,17.5214951225,0.0
S0004559,P00463,56,17.5,6.586418009,0.0
S0004560,P00464,56,30.5,22.5121100025,0.0
S0004561,P00465,56,23.5,7.7709636369999995,0.0
S0004562,P00466,56,14.75,9.66507753775,0.0
S0004563,P00467,56,155.5,68.8205022775,0.0
S0004564,P00468,56,31.75,9.153739540250001,0.0
S0004565,P00469,56,9.5,4.13512886005,0.0
S0004566,P00470,56,11.5,2.20374789925,0.0
S0004567,P00471,56,52.75,18.54146951,0.0
S0004568,P00472,56,26.75,16.5636424025,0.0
S0004569,P00473,56,7.0,3.32253001225,0.0
S0004570,P00474,56,1.75,2.2955912985,0.0
S0004571,P00475,56,34.75,13.08909206375,0.0
S0004572,P00476,56,102.0,38.905290300000004,0.0
S0004573,P00477,56,9.25,1.588238751975,0.25
S0004574,P00478,56,21.75,11.75660953875,0.0
S0004575,P00479,56,48.0,12.6829036775,0.0
S0004576,P00480,56,15.25,5.06741764365,0.0
S0004577,P00481,56,4.5,10.62014095825,0.0
S0004578,P00482,56,41.75,19.770785435,0.0
S0004579,P00483,56,20.5,16.8739649325,0.0
S0004580,P00484,56,15.75,9.4937764,0.0
S0004581,P00485,56,13.5,10.0184883475,0.0
S0004582,P00486,56,25.5,7.1757623265,0.0
S0004583,P00487,56,10.75,10.14035908225,0.0
S0004584,P00488,56,21.75,25.8048516825,0.0
S0004585,P00489,56,35.0,31.5076580675,0.0
S0004586,P00490,56,26.75,10.6909266955,0.0
S0004587,P00491,56,22.25,7.9371843725,0.0
S0004588,P00492,56,24.75,18.23873171675,0.0
S0004589,P00493,56,31.5,10.6865453725,0.0
S0004590,P00494,56,5.25,-3.8624370501,0.5
S0004591,P00495,56,8.0,3.8897348039999997,0.0
S0004592,P00496,56,31.5,22.84827823,0.0
S0004593,P00497,56,41.25,10.05044252525,0.0
S0004594,P00498,56,25.25,3.29352145475,0.25
S0004595,P00499,56,-0.5,-1.8371123809999998,0.25
S0004596,P00500,56,51.75,14.55345304,0.0
S0004597,P00501,56,10.0,1.415897219,0.5
S0004598,P00502,56,31.0,5.158273219,0.0
S0004599,P00503,56,22.25,4.9990489805000005,0.0
S0004600,P00504,56,11.25,3.23706424125,0.0
S0004601,P00505,56,6.5,6.92798193575,0.0
S0004602,P00506,56,17.5,11.1855437545,0.0
S0004603,P00507,56,8.75,8.421550828,0.0
S0004604,P00508,56,53.75,40.4368448375,0.0
S0004605,P00509,56,17.25,6.14771301125,0.0
S0004606,P00510,56,24.25,12.485470805,0.0
S0004607,P00511,56,8.25,6.59641829125,0.0
