set_id,design_group,model,n_rep,failed_reps,control_extent,treat_extent,delta_extent,sd_delta_extent,control_fni,treat_fni,delta_fni,sd_delta_fni,treat_Q,treat_A,treat_P,treat_N,treat_M,treat_G
S000000,phase,full,4,0,65.75,78,12.25,6.898067362,22.32609635,31.79322786,9.467131509,3.466868495,49.75,6.75,13.75,40,41.5,36.5
S000001,phase,full,4,0,68.5,78.5,10,9.591663047,19.55437602,21.86419963,2.309823603,1.688484471,42.25,9.25,13.25,26.5,40.5,38
S000002,phase,full,4,0,104.25,141,36.75,12.94539815,28.79427263,47.67826444,18.88399182,5.373899828,29,14.25,34.75,30.25,59.5,81.5
S000003,phase,full,4,0,49,69.25,20.25,2.872281323,17.28137117,27.56285558,10.28148441,1.830075037,28.5,8.25,19.75,23,18,51.25
S000004,phase,full,4,0,63.5,71,7.5,2.380476143,35.03020238,45.64522953,10.61502715,3.209900516,33.75,19.25,9.75,24.5,26.5,44.5
S000005,phase,full,4,0,38,44.5,6.5,6.658328118,25.02914825,36.28211966,11.25297141,6.648714117,28.5,12,4,6.5,10.25,34.25
S000006,phase,full,4,0,88.25,95.75,7.5,14.36430762,47.62773876,45.48564724,-2.142091521,7.779319834,33,9.75,7,19,28.75,67
S000007,phase,full,4,0,78.75,98,19.25,10.17758976,31.531516,47.60550048,16.07398449,4.697434557,37,7,7,11,29.25,68.75
S000008,phase,full,4,0,113.25,152.5,39.25,21.28183889,57.95450666,75.70257188,17.74806522,9.902993607,28,15,47,70.25,41.25,111.25
S000009,phase,full,4,0,63.25,75,11.75,6.60176744,29.864971,38.36663471,8.501663719,0.7343262153,38.5,9.75,20.75,21,32.75,42.25
S000010,phase,full,4,0,45.25,51.25,6,3.16227766,25.65201305,28.65920924,3.007196186,1.933551503,42.5,7,5.25,12,17.25,34
S000011,phase,full,4,0,93.5,151.75,58.25,23.40049857,51.68646079,106.8238761,55.13741534,15.40486134,15.25,11.25,32.25,45.75,53,98.75
S000012,phase,full,4,0,60.25,96.5,36.25,9.878427675,27.69508637,40.17761011,12.48252373,3.60451577,38.5,9,13,13.25,37.25,59.25
S000013,phase,full,4,0,53.75,71.5,17.75,20.53249457,19.28411824,31.85041192,12.56629369,8.042345753,39,7,8.5,13.25,15.25,56.25
S000014,phase,full,4,0,131,155.75,24.75,21.92981228,31.08141068,48.33999483,17.25858415,7.93815773,33.25,16.75,81.5,131.75,77.75,78
S000015,phase,full,4,0,52.75,58,5.25,5.057996968,34.97769626,42.96534735,7.987651089,4.551399777,33.25,9.25,5,17.25,11.5,46.5
S000016,phase,full,4,0,59.75,82,22.25,11.08677891,27.71517382,38.08733854,10.37216472,5.337589957,39.5,10.75,16.75,33,24,58
S000017,phase,full,4,0,79.5,110.25,30.75,11.5,27.41274378,44.54812766,17.13538388,6.453754796,36.25,8,13,16.25,42.25,68
S000018,phase,full,4,0,51.5,61.5,10,7.071067812,15.2672802,23.0035944,7.736314197,2.910017134,28.75,7.25,11.5,20.5,27.5,34
S000019,phase,full,4,0,37.5,37.5,0,2.943920289,19.60944473,22.89016764,3.280722907,2.477022968,26.75,10,4.75,11,11.25,26.25
S000020,phase,full,4,0,56.25,74.75,18.5,14.91084616,19.24273185,24.20064914,4.95791729,2.146100344,39.5,7.25,11.75,14.25,24,50.75
S000021,phase,full,4,0,67,108,41,9.201449161,20.55596354,39.25657104,18.70060749,4.202732365,22.25,12.25,27.25,38,40.5,67.5
S000022,phase,full,4,0,91,87.5,-3.5,10.66145706,25.14286967,31.63190631,6.489036645,1.40618246,37,12.5,23,38.25,34.5,53
S000023,phase,full,4,0,75.25,86,10.75,8.180260795,33.06319072,36.91104206,3.847851341,3.866054579,42.75,11.5,14.5,30.5,24.5,61.5
S000024,phase,full,4,0,127.75,185.25,57.5,39.34886699,40.67281257,50.61343428,9.940621715,9.931878272,28.75,18,18,34,52.5,132.75
S000025,phase,full,4,0,119,143.5,24.5,8.582928793,21.87393521,30.81231277,8.938377563,2.370524137,39.25,12.75,38.5,67,69.75,73.75
S000026,phase,full,4,0,34.75,39,4.25,4.991659711,17.47053434,17.05433997,-0.4161943674,1.189775989,46.25,6.5,7.5,9.25,5.5,33.5
S000027,phase,full,4,0,87.75,121.75,34,24.46766574,57.48719006,82.72745344,25.24026338,14.79326639,28.5,17.75,25.5,22.5,40,81.75
S000028,phase,full,4,0,80.5,86.25,5.75,21.77728174,39.47299595,46.79549744,7.322501489,10.19747868,36,5.25,9,32.75,26.75,59.5
S000029,phase,full,4,0,121.25,163,41.75,32.68409399,60.00017385,98.69509322,38.69491937,11.61735941,29.75,13,39.5,97.25,47.5,115.5
S000030,phase,full,4,0,105,128.25,23.25,20.96624271,41.74785813,47.93782873,6.189970599,6.841548612,29.75,11.25,17.5,26,31,97.25
S000031,phase,full,4,0,57.5,90.25,32.75,11.75797602,32.35365552,43.33515801,10.98150249,7.020110695,42.75,6.5,13.5,52.5,41.75,48.5
S000032,phase,full,4,0,60.75,74.75,14,1.414213562,21.18564841,28.45620512,7.270556711,3.549842026,18.75,14.25,17,27.75,37.75,37
S000033,phase,full,4,0,87.75,98.75,11,7.023769169,49.57650786,68.52258279,18.94607493,6.878087323,29.25,7.25,10.5,24.25,23.75,75
S000034,phase,full,4,0,99.75,109,9.25,12.6062154,30.73645592,30.83026183,0.09380591598,1.561903936,38.75,8.75,13.25,29.25,65.25,43.75
S000035,phase,full,4,0,53.75,62.5,8.75,3.774917218,21.46515015,26.33363984,4.868489696,2.71625443,39.5,10.25,6.75,19.25,17.25,45.25
S000036,phase,full,4,0,92.5,93.25,0.75,20.83866598,38.5945695,48.74059151,10.14602201,5.587924572,42.5,12.75,19.25,26.5,23,70.25
S000037,phase,full,4,0,64.25,79.5,15.25,10.04572878,36.80515033,54.60158993,17.7964396,7.844623946,36,9,12.75,6,14.25,65.25
S000038,phase,full,4,0,70.5,81,10.5,14.73091986,38.47545674,52.25645351,13.78099677,7.356672305,31.5,5.5,8,7.5,32,49
S000039,phase,full,4,0,174,389,215,65.82299497,45.44485098,122.1444914,76.69964046,15.66446655,27,18.5,295.75,464,210.75,178.25
S000040,phase,full,4,0,45,50.25,5.25,5.909032634,22.9490237,26.50897927,3.559955575,1.985013172,38,7.75,10,17.25,12.75,37.5
S000041,phase,full,4,0,103,119,16,6.377042157,32.24146914,38.90301163,6.661542489,1.6626445,42.5,11.25,10.25,23.25,32.75,86.25
S000042,phase,full,4,0,50.25,54.5,4.25,8.460693431,13.65144122,15.36865667,1.717215451,0.9995476388,41,4.5,9,19.25,18.75,35.75
S000043,phase,full,4,0,50.5,68.5,18,5.416025603,35.11706619,41.13903259,6.021966401,4.06299834,28.75,11.5,9.25,15.25,15.75,52.75
S000044,phase,full,4,0,66.75,89.25,22.5,6.454972244,29.88042248,40.52007875,10.63965628,2.940414872,36,10.75,15.25,24.5,26.25,63
S000045,phase,full,4,0,60.5,66.25,5.75,5.852349955,39.73342046,49.65557202,9.922151552,3.295369024,49,7.75,8.25,9.5,8.75,57.5
S000046,phase,full,4,0,70.75,92.5,21.75,11.02648327,30.55410521,47.90559977,17.35149456,6.28057455,37,10.5,23,24.5,20,72.5
S000047,phase,full,4,0,67.5,72.5,5,4.082482905,24.66572864,29.9966899,5.330961255,1.746272387,39.25,9.5,5,12.25,10.5,62
S000048,phase,full,4,0,53.75,76.5,22.75,12.5,16.15244088,20.58086414,4.428423259,1.65854301,31.75,14.25,21,45.75,31.75,44.75
S000049,phase,full,4,0,62.25,79.75,17.5,4.795831523,15.00614393,19.78461524,4.778471313,1.538429321,38.5,11.25,18.25,22,35,44.75
S000050,phase,full,4,0,76.5,89.25,12.75,7.365459931,33.63056469,40.32139492,6.69083023,3.033822912,39.5,12.75,34.75,44.75,18.5,70.75
S000051,phase,full,4,0,45.75,58.5,12.75,4.645786622,8.9428441,11.6422091,2.699364998,0.8102572085,44,7.25,21.5,25,23.25,35.25
S000052,phase,full,4,0,51.5,54.75,3.25,8.421203398,21.27340052,26.38942187,5.116021358,1.233970896,37.5,7.25,5.75,17.5,16,38.75
S000053,phase,full,4,0,73.5,102.75,29.25,14.88567544,36.03429182,39.67344178,3.639149964,4.784393257,31.5,6.25,8.75,12.75,50.75,52
S000054,phase,full,4,0,98.75,113,14.25,4.193248542,36.68676342,50.42397157,13.73720815,3.640275784,31.25,13.75,16.5,31.75,28.25,84.75
S000055,phase,full,4,0,147.75,252.25,104.5,41.36423576,57.20202695,110.9848871,53.78286015,15.54132587,43.25,9.5,87.25,160.75,103.5,148.75
S000056,phase,full,4,0,60,74.25,14.25,9.639329161,32.06125809,44.26620864,12.20495055,6.524457536,41.75,10,5.75,23,27.25,47
S000057,phase,full,4,0,106.25,164.5,58.25,37.00788204,36.24773334,53.03888809,16.79115475,10.73724751,40.25,10,52.75,67.5,88.25,76.25
S000058,phase,full,4,0,110.5,157.5,47,11.69045194,50.18818724,64.04259478,13.85440754,2.494420908,43,11.25,31,63,72.5,85
S000059,phase,full,4,0,97,134.75,37.75,22.11146008,23.65222156,35.27482957,11.62260801,4.787505564,35.75,10.75,46.5,48.25,57,77.75
S000060,phase,full,4,0,181,235.25,54.25,18.42778699,85.24628574,150.1751493,64.92886355,10.28377909,27.5,15.75,28.75,38.75,69.25,166
S000061,phase,full,4,0,46.75,63.5,16.75,2.217355783,17.04775346,25.62160987,8.573856408,2.578373571,30.5,15.25,11.75,21,16,47.5
S000062,phase,full,4,0,113.75,169.5,55.75,32.57171575,32.08331597,43.94538751,11.86207154,8.481901851,33.25,12.25,43.5,47.5,104.25,65.25
S000063,phase,full,4,0,46.75,47.5,0.75,5.188127472,14.44056391,15.22859935,0.7880354417,0.2933316952,34,9.25,5,9,9,38.5
S000064,phase,full,4,0,61.25,72.75,11.5,3.696845502,26.64519731,30.61571955,3.970522247,1.708619258,14.75,9,12.75,13,27.75,45
S000065,phase,full,4,0,70,90,20,7.702813339,44.75595189,67.246781,22.49082911,6.807329737,41,8.75,5.25,12.75,17.5,72.5
S000066,phase,full,4,0,65.5,88.25,22.75,8.732124598,26.89084244,33.58226968,6.691427245,2.976297092,42.25,9.25,29.25,34,23.25,65
S000067,phase,full,4,0,156,245.5,89.5,35.78174581,49.30495782,71.89830722,22.5933494,10.60921335,44.5,10,28,51.25,150.5,95
S000068,phase,full,4,0,79,110,31,15.76916823,28.72145417,37.00856067,8.287106507,3.552658488,38.25,11,20.75,17.75,29,81
S000069,phase,full,4,0,81.75,101,19.25,17.25060385,51.35120414,69.71287766,18.36167353,12.98983182,33.75,16.25,19.5,37.75,20.25,80.75
S000070,phase,full,4,0,62,65,3,3.915780041,26.96129699,28.25886053,1.297563536,3.935645115,40,7.25,11,10.75,24,41
S000071,phase,full,4,0,47.5,68.25,20.75,12.17579566,20.42448572,25.96290531,5.538419588,4.122015676,41.25,6.5,10.25,20.25,26.25,42
S000072,phase,full,4,0,93.75,129.5,35.75,12.36594787,46.5280843,70.6264316,24.09834729,6.479476564,30,9.75,23.75,36,35.75,93.75
S000073,phase,full,4,0,97.5,106.25,8.75,18.080837,26.2582074,23.75097472,-2.507232685,1.981899815,33,10.75,15,22.25,32,74.25
S000074,phase,full,4,0,87.5,112.75,25.25,12.06579187,19.72971006,29.00271839,9.273008332,2.339483041,38.5,10,11.75,20.75,52,60.75
S000075,phase,full,4,0,83,137.75,54.75,20.83866598,21.99368483,47.83441673,25.84073191,6.794813679,34.25,10.75,35.25,43,62.75,75
S000076,phase,full,4,0,59.75,55.75,-4,10.16530045,17.97955778,18.44305521,0.4634974319,2.568280764,42,11.25,9.25,16,20,35.75
S000077,phase,full,4,0,65.25,77,11.75,13.07351011,17.60907048,17.93283799,0.3237675129,3.302660531,32.25,6,29.25,44.5,27,50
S000078,phase,full,4,0,47,64.75,17.75,3.201562119,10.5361154,15.56063151,5.024516106,1.658872202,43.75,5.5,13.25,9.75,34.25,30.5
S000079,phase,full,4,0,89.75,123.75,34,9.763879011,44.18397402,71.25031676,27.06634274,11.29459845,34,12,23.75,29.75,36.25,87.5
S000080,phase,full,4,0,79.5,88.25,8.75,2.62995564,28.33256454,37.52344923,9.190884685,3.103117947,45.5,5.5,10.25,13.25,14.25,74
S000081,phase,full,4,0,84.75,122.75,38,16.79285562,45.5056596,56.85307275,11.34741315,8.963466101,36.5,11,13.25,37.5,34.75,88
S000082,phase,full,4,0,113,165.5,52.5,31.87998327,71.78051767,123.0136924,51.23317473,23.74609114,21,11.5,18,26.25,37.25,128.25
S000083,phase,full,4,0,66.25,91.25,25,1.414213562,37.47664273,47.50642091,10.02977818,5.6007844,42.25,5,10.5,19.25,30.75,60.5
S000084,phase,full,4,0,75,105.5,30.5,19.13983629,27.34234544,42.30722167,14.96487623,6.978642252,35.25,6.5,34.25,23.25,49,56.5
S000085,phase,full,4,0,65.25,88,22.75,11.32475165,23.51792079,37.23346728,13.71554649,3.703007109,24,9.75,14.75,46,35.25,52.75
S000086,phase,full,4,0,144,208.5,64.5,7.937253933,46.79044404,74.07155927,27.28111523,4.043092022,37.25,11,33.75,32.25,60.75,147.75
S000087,phase,full,4,0,52.75,67,14.25,4.716990566,22.36655525,26.52998632,4.163431076,4.741893018,33,13.75,10.75,17,18.75,48.25
S000088,phase,full,4,0,79.25,87.5,8.25,6.075908711,28.48279841,29.52148215,1.038683739,4.748659905,22,9.25,8.5,14.75,37.25,50.25
S000089,phase,full,4,0,105,183,78,30.95157508,36.53890172,64.23793986,27.69903813,10.26536541,29.5,21,28.75,64.25,92.5,90.5
S000090,phase,full,4,0,72,83,11,3.651483717,32.84361101,36.50265012,3.659039112,1.664471585,31.75,16.25,16,22,42.5,40.5
S000091,phase,full,4,0,198.5,284.75,86.25,41.46785904,40.49681785,55.24415754,14.74733969,6.081259957,30.5,18.5,129,199,121.5,163.25
S000092,phase,full,4,0,76.25,108.25,32,19.33907961,14.83455163,17.61808034,2.783528715,2.735960557,36,13.25,29.75,30.25,54.5,53.75
S000093,phase,full,4,0,97.5,91.75,-5.75,11.72959221,40.37725877,52.81088024,12.43362147,6.752913677,35.5,6,13.5,19.25,11.75,80
S000094,phase,full,4,0,51.25,75.25,24,10.36018018,35.67104005,45.92976325,10.2587232,5.032536472,34.75,8.75,16,38.25,19.25,56
S000095,phase,full,4,0,69.5,72,2.5,4.654746681,30.94228172,32.34463172,1.402350005,2.080020025,44.75,12,8.25,13.25,23.5,48.5
S000096,phase,full,4,0,162,184.25,22.25,14.63728117,34.76877215,38.07571795,3.306945793,3.66261908,22,17.25,16.75,39,73,111.25
S000097,phase,full,4,0,71.5,74.75,3.25,4.991659711,43.76764891,45.1303161,1.362667183,3.877045757,29.25,7,7.25,10,21.25,53.5
S000098,phase,full,4,0,33.25,57.75,24.5,15.92691642,15.1896781,24.81877492,9.629096814,6.106180291,42.25,5.25,7.25,18.75,16.25,41.5
S000099,phase,full,4,0,74,91,17,6.271629241,29.92982325,39.76996292,9.840139664,2.084620717,44.25,8.5,42.5,29,50.25,40.75
S000100,phase,full,4,0,86.25,113,26.75,15.7770931,19.73067383,27.69368356,7.963009724,2.059489094,25.75,18.25,19.75,53,57.75,55.25
S000101,phase,full,4,0,80.25,127.25,47,8.602325267,42.72408371,77.61132364,34.88723993,6.875289864,17.75,16.25,22,65.75,48.75,78.5
S000102,phase,full,4,0,56.75,63.75,7,12.08304597,20.97069862,26.50985295,5.539154331,5.109935101,43.25,7.75,9.5,17.5,28,35.75
S000103,phase,full,4,0,67.75,90.25,22.5,20.46948949,21.70978613,29.15174091,7.441954782,5.131134983,23.25,7.25,22.75,33.5,22.25,68
S000104,phase,full,4,0,48.5,51.75,3.25,4.272001873,22.35188429,22.07974375,-0.2721405379,1.01382673,32,5.75,4,8,22.5,29.25
S000105,phase,full,4,0,77.75,91.25,13.5,5.916079783,35.29966659,41.67314729,6.373480701,5.029071306,28.75,11,18.25,20.5,31.5,59.75
S000106,phase,full,4,0,90.75,139.5,48.75,12.33896268,21.95497511,37.88056564,15.92559053,3.14251587,27.75,20.75,24.25,71.5,76.75,62.75
S000107,phase,full,4,0,43.5,68,24.5,11.70469991,12.01285196,19.84623251,7.833380546,2.095696657,28.75,15.5,9,18.5,21.25,46.75
S000108,phase,full,4,0,96.5,181.5,85,51.99358935,21.64999876,39.88885001,18.23885124,8.815423641,33.75,11.5,88.25,92.5,116.75,64.75
S000109,phase,full,4,0,61.75,85.75,24,5.099019514,27.28935983,39.35575823,12.0663984,3.947095106,39.75,13.25,17.25,41.5,43.75,42
S000110,phase,full,4,0,96,119.75,23.75,17.96988221,35.27703872,44.79355302,9.5165143,5.614332874,34.75,13.25,25,36,61.5,58.25
S000111,phase,full,4,0,56.25,61.75,5.5,7.325753659,33.16143657,32.46103812,-0.7003984468,3.163701781,34.5,8.75,4.5,11.75,16.25,45.5
S000112,phase,full,4,0,104,106.25,2.25,5.737304826,50.34627912,54.88238974,4.536110621,5.555975635,29.25,13.25,15.5,31.25,40.25,66
S000113,phase,full,4,0,90.75,110,19.25,10.27537509,66.33744073,85.1459627,18.80852198,7.90550569,32.75,9,17,35.5,24,86
S000114,phase,full,4,0,71.25,101.25,30,7.16472842,24.62061855,34.26298284,9.642364289,4.187464222,38.75,9.5,18.25,43.5,50,51.25
S000115,phase,full,4,0,135.75,208.25,72.5,22.70829511,58.85315481,95.78614982,36.93299501,8.544527861,38.5,11,65.25,131.5,93.5,114.75
S000116,phase,full,4,0,86,130.25,44.25,11.61536339,32.26077612,55.93152252,23.6707464,4.942878414,42,14.5,21,39.75,62.5,67.75
S000117,phase,full,4,0,43.75,43.75,0,6.683312552,24.80446619,32.27909079,7.4746246,2.922916962,46.5,4.25,4.75,5.25,8.5,35.25
S000118,phase,full,4,0,67,76.75,9.75,5.678908346,22.28506242,35.55168009,13.26661767,2.570119627,35.5,9.5,13.75,9.25,19.75,57
S000119,phase,full,4,0,107.75,141.75,34,7.615773106,53.35098808,80.04602497,26.69503689,5.680076264,30.5,15,25.5,56,32.75,109
S000120,phase,full,4,0,126,149.5,23.5,17.13670525,57.32406968,64.84184275,7.517773075,6.094061231,32.25,14.25,23.25,38,36,113.5
S000121,phase,full,4,0,167.25,174,6.75,13.96125591,33.74856393,39.06517053,5.316606602,3.189747585,15.5,18.5,28.25,54.5,81.25,92.75
S000122,phase,full,4,0,131,158,27,10.67707825,29.43737419,43.34699354,13.90961936,4.517556182,23.25,8.5,9.25,16.5,57.5,100.5
S000123,phase,full,4,0,76,91.75,15.75,8.655441448,31.74477412,42.361439,10.61666488,3.193076089,26,9.5,13.75,34.75,23.5,68.25
S000124,phase,full,4,0,254.75,619,364.25,57.97341345,86.76438353,185.6494293,98.88504575,11.65309425,30.5,11.25,461.5,308,405.25,213.75
S000125,phase,full,4,0,127.75,267.25,139.5,15.35143859,35.4479338,59.18155592,23.73362212,6.574153956,26.25,8.25,96.25,185.5,144.75,122.5
S000126,phase,full,4,0,119.75,172.75,53,11.74734012,28.76432727,34.64229279,5.877965517,4.647766168,26.5,19.5,24.5,24.5,107.25,65.5
S000127,phase,full,4,0,105.75,116,10.25,7.365459931,38.72630735,43.71708947,4.990782122,2.867419277,29.5,16.75,18.5,36.5,44.5,71.5
S000128,phase,full,4,0,83.75,124.75,41,11.60459679,43.85830272,60.6963341,16.83803138,7.296329294,20,22.25,28.75,32.75,60.5,64.25
S000129,phase,full,4,0,84.75,120.5,35.75,24.71672848,43.17345637,61.289676,18.11621963,13.42348694,17.5,12,24.25,42.25,60.75,59.75
S000130,phase,full,4,0,92,142,50,11.5181017,43.37354252,75.96279191,32.58924939,6.006556323,30.5,21,48.75,126.75,58.25,83.75
S000131,phase,full,4,0,77.5,92.75,15.25,4.924428901,23.00849872,23.50060093,0.4921022112,3.038970785,34,9.75,17.5,45,49.5,43.25
S000132,phase,full,4,0,47,52.75,5.75,1.892969449,18.84966656,20.22209037,1.372423816,1.624505832,33.75,11.75,8.25,17,13.75,39
S000133,phase,full,4,0,84.25,95.75,11.5,8.660254038,23.71819801,26.66190077,2.943702757,4.267145152,30.75,13,9.5,17,53.25,42.5
S000134,phase,full,4,0,35,47.25,12.25,6.34428877,15.43509471,23.06371892,7.628624211,2.933425999,44.25,5.5,3.5,6.25,11.75,35.5
S000135,phase,full,4,0,62,81.25,19.25,8.958236434,24.62927577,25.70660691,1.077331142,3.47216124,28.5,13.25,13.5,31.25,28,53.25
S000136,phase,full,4,0,131.5,222.5,91,44.94441011,30.93621642,42.58114172,11.6449253,8.534766721,36.5,11,78.25,97.5,108,114.5
S000137,phase,full,4,0,96.75,111,14.25,18.89223827,38.6557732,34.88375109,-3.772022107,5.404931254,35.75,11.5,16,15.75,61.25,49.75
S000138,phase,full,4,0,87,105.5,18.5,6.608075867,38.77633428,48.80067309,10.02433882,6.056377186,23,12,18.5,31.75,24.5,81
S000139,phase,full,4,0,60.75,82.5,21.75,2.986078811,15.10231012,20.71153712,5.609226995,2.29811408,24.25,18.75,22.25,23,34,48.5
S000140,phase,full,4,0,60.25,72.75,12.5,10.47218538,37.96328081,41.85008323,3.886802424,4.351647956,46,8.75,3.5,9.25,12,60.75
S000141,phase,full,4,0,202.75,311,108.25,23.64141846,43.68172862,92.68344634,49.00171772,14.75466921,31.75,15.5,75.25,125.75,152.5,158.5
S000142,phase,full,4,0,71.75,72,0.25,11.98262631,23.71106058,24.38833999,0.6772794088,4.525836361,33,6.25,5,17.25,27,45
S000143,phase,full,4,0,171.5,189.75,18.25,18.31893374,62.70366086,96.16134205,33.4576812,6.986735595,28.75,14.25,31.75,52.75,49.75,140
S000144,phase,full,4,0,77,88,11,12.9614814,33.02369533,46.68193438,13.65823906,4.382603025,37.25,5.75,5,13.75,17.25,70.75
S000145,phase,full,4,0,65.5,93.5,28,5.715476066,19.66201733,32.39536871,12.73335139,2.473506235,33.25,7.25,11.75,33.75,21.75,71.75
S000146,phase,full,4,0,78.5,112.5,34,5.597618541,28.65383799,36.10398747,7.45014948,1.84223949,43.75,12.25,27.75,24,60.5,52
S000147,phase,full,4,0,64,79.5,15.5,6.137317547,32.82442354,38.44198754,5.617564002,5.159112673,28.75,14.5,16.75,17.25,23.25,56.25
S000148,phase,full,4,0,53.75,65,11.25,10.30776406,36.86148415,44.59364917,7.73216502,7.001270277,22.75,12.25,21.25,22.75,12.5,52.5
S000149,phase,full,4,0,56.25,64.75,8.5,7.937253933,21.23117758,24.22530412,2.994126538,1.867076784,36.75,12.25,8.75,9.75,22.75,42
S000150,phase,full,4,0,103.75,143.75,40,16.87206765,54.37921263,75.76708715,21.38787451,9.625543003,32.5,9.75,57.75,62.75,59.25,84.5
S000151,phase,full,4,0,60,89,29,5.656854249,16.73289065,21.92455813,5.191667478,2.507029405,30.5,10,30.75,44.75,47.5,41.5
S000152,phase,full,4,0,143,145.5,2.5,11.73314394,39.25946424,42.14753538,2.888071142,4.792093101,30.75,15.25,25.75,27.25,76.75,68.75
S000153,phase,full,4,0,52.25,76,23.75,7.088723439,19.70731718,27.89796742,8.19065024,1.641823875,27.75,13.5,21.75,30.25,29.75,46.25
S000154,phase,full,4,0,45.75,46.5,0.75,5.315072906,16.74246901,17.20955371,0.4670846987,1.277699268,38.75,10.25,7.25,11.75,15.75,30.75
S000155,phase,full,4,0,62.5,74,11.5,4.795831523,20.69223222,28.25861105,7.566378828,2.353577528,37.25,13.5,22.5,16,18.25,55.75
S000156,phase,full,4,0,83.25,134.75,51.5,18.62793601,30.097953,42.13274847,12.03479547,5.240494644,46.75,5.75,15.5,29.75,62.75,72
S000157,phase,full,4,0,79.25,93.5,14.25,11.58663023,18.35821287,21.27874305,2.920530175,3.175030516,34.5,16.5,17,58.75,39.5,54
S000158,phase,full,4,0,89.5,131,41.5,15.17673658,28.61301122,45.36544914,16.75243792,11.05039597,22.75,13.5,20.5,80.5,74,57
S000159,phase,full,4,0,61,78.5,17.5,11.15048579,19.19187902,21.35559812,2.163719104,2.532967252,35.5,10,8,39.75,22.25,56.25
S000160,phase,full,4,0,47.25,85.75,38.5,7.85281266,29.86224856,44.665042,14.80279344,6.241510209,22.75,9.75,22,31,33.25,52.5
S000161,phase,full,4,0,86.5,119.25,32.75,16.37833935,37.02296206,58.13286622,21.10990416,14.60391187,34.75,10.25,27.75,32.75,64.25,55
S000162,phase,full,4,0,96.75,132.75,36,14.65150732,32.65776814,41.23671789,8.578949755,3.498836033,27.25,7.25,24,34.5,35.5,97.25
S000163,phase,full,4,0,67.75,72.75,5,12.54325848,37.45418597,46.25597766,8.801791692,7.020721256,35.5,7,24.25,30.75,19.75,53
S000164,phase,full,4,0,31,48.25,17.25,4.856267428,17.79402055,24.66079299,6.866772445,5.574217218,34.5,6.25,8,6.25,15.75,32.5
S000165,phase,full,4,0,40,48,8,3.915780041,14.62268641,16.25451519,1.631828777,1.850683207,37.5,15.5,12.25,20,11.25,36.75
S000166,phase,full,4,0,65.5,71.25,5.75,14.00892573,26.39774217,31.46111984,5.063377673,7.857385718,49,5,6.5,7.75,17.5,53.75
S000167,phase,full,4,0,59,79.75,20.75,14.88567544,23.86853343,34.06559603,10.1970626,7.211391824,27,7.25,15,19.5,30,49.75
S000168,phase,full,4,0,73,92,19,5.228129047,43.89664677,45.00067919,1.104032414,8.747934722,49.5,6.25,5,11,41.75,50.25
S000169,phase,full,4,0,50.25,53,2.75,8.655441448,34.58283659,44.68231221,10.09947562,3.881077079,43.5,4.5,12.75,20.75,8.25,44.75
S000170,phase,full,4,0,70.5,109,38.5,11.81806527,28.22815294,43.80133783,15.5731849,5.324313713,29.5,11.25,33.5,40,36,73
S000171,phase,full,4,0,52.75,67,14.25,9.287087811,14.60708243,20.30201624,5.694933813,2.379755898,42.5,11,9,24.5,19.75,47.25
S000172,phase,full,4,0,69.5,103.25,33.75,15.88238017,18.25233474,24.33888359,6.086548845,1.199726747,44.25,8.75,19.75,43.25,46.25,57
S000173,phase,full,4,0,38.25,40,1.75,2.753785274,14.02325532,14.49203453,0.4687792155,0.504921473,35.75,7.75,3.75,4.25,4,36
S000174,phase,full,4,0,67.25,75,7.75,9.42956344,41.92248019,56.10663461,14.18415442,8.258282638,42.75,5.25,10,11.25,20,55
S000175,phase,full,4,0,100.25,145.25,45,38.27096375,37.94869177,51.12348465,13.17479288,12.4909337,32,12.25,18,70,66.75,78.5
S000176,phase,full,4,0,45,75,30,13.08943594,24.42197382,35.73036984,11.30839602,5.645278115,32.25,15,18.75,21.5,33,42
S000177,phase,full,4,0,184.75,205.75,21,24.08318916,97.0947507,113.9530522,16.85830145,13.70647654,27.75,15.75,60,103.5,62,143.75
S000178,phase,full,4,0,146.75,145,-1.75,15.54295124,44.40007389,50.62759332,6.227519432,5.681560409,28.5,16.25,41.75,47.75,83.75,61.25
S000179,phase,full,4,0,153.5,215.5,62,25.52123299,56.45383303,85.9572086,29.50337557,12.10316216,25,12.25,59,43.5,126.5,89
S000180,phase,full,4,0,53,63.25,10.25,6.994045086,23.82384374,26.29688596,2.473042222,4.390744625,28.75,7.75,4,7.5,22.75,40.5
S000181,phase,full,4,0,39.75,52,12.25,13.04798835,21.01670243,30.75293556,9.736233126,3.842227007,38.25,11.75,5,14.75,14.5,37.5
S000182,phase,full,4,0,66.5,95,28.5,5.802298395,24.43669001,29.80345896,5.366768957,1.233607616,46.25,6,10.5,14.25,25.25,69.75
S000183,phase,full,4,0,189.25,271,81.75,52.11125918,39.88195196,63.07789154,23.19593958,12.1902294,19.5,8,166.5,221,117.25,153.75
S000184,phase,full,4,0,74.25,94.5,20.25,5.315072906,32.97813151,44.79367158,11.81554007,2.479468652,18.75,14.5,11.25,23.25,50.25,44.25
S000185,phase,full,4,0,92,123,31,14.28285686,26.83879302,35.38045459,8.541661573,2.948571463,21.75,8,29.5,37.5,37.5,85.5
S000186,phase,full,4,0,93.75,106.5,12.75,16.39867881,25.10925723,33.37110562,8.261848388,5.791683289,29.75,14,23,58.25,53.5,53
S000187,phase,full,4,0,106,150.25,44.25,17.68945072,41.67287399,83.79128715,42.11841316,18.68480095,20.5,7.75,34.5,47.5,34.5,115.75
S000188,phase,full,4,0,75.25,89.5,14.25,13.88944443,20.31631172,26.77403294,6.457721222,3.969966563,44,11,21.25,52.75,41.75,47.75
S000189,phase,full,4,0,62,107.25,45.25,24.43187808,37.52714941,57.74290442,20.21575501,7.815706594,41.75,5.25,22.25,38.5,42.75,64.5
S000190,phase,full,4,0,100,114.75,14.75,5.315072906,46.41439505,57.19901126,10.78461621,1.863157678,32.25,7.25,16,20.25,39.75,75
S000191,phase,full,4,0,110,145,35,6.831300511,44.66030425,69.49787899,24.83757474,2.958301695,34.5,11.5,30.5,53.75,44.25,100.75
S000192,phase,full,4,0,56.5,74.75,18.25,10.37223859,16.20694437,22.83380275,6.626858379,3.84704137,41.5,5.25,6,11.5,29,45.75
S000193,phase,full,4,0,69.25,80.75,11.5,6.350852961,19.38310634,25.5924034,6.209297052,1.001089145,29.5,12.25,12,31,15.25,65.5
S000194,phase,full,4,0,41,53.25,12.25,7.088723439,17.27539875,21.72898677,4.453588023,1.734115959,35.5,12.5,7.5,15.5,16,37.25
S000195,phase,full,4,0,83.5,93.25,9.75,8.381527307,25.42173744,31.71702706,6.295289619,2.244558772,36.25,14.75,22,18,26.75,66.5
S000196,phase,full,4,0,49,72.5,23.5,7.895146188,24.11007204,28.88212749,4.772055445,5.217784329,30.25,9,18,24.25,35.5,37
S000197,phase,full,4,0,84.25,156.5,72.25,13.79311422,46.64955564,87.48177579,40.83222016,10.36548518,42,7.5,28.5,17.75,45.5,111
S000198,phase,full,4,0,62,78.5,16.5,8.346656017,17.24212998,27.29626704,10.05413706,5.859248521,45,8.5,7.5,8,21,57.5
S000199,phase,full,4,0,42.25,55,12.75,8.341662504,17.86037226,20.52568785,2.665315597,2.38118828,41.75,13.5,9.75,15,17,38
S000200,phase,full,4,0,89.5,100,10.5,9.88264472,28.345436,40.53414355,12.18870754,2.700749457,36.75,7,8.25,16.75,26.75,73.25
S000201,phase,full,4,0,123,202.25,79.25,23.5990819,26.93538229,40.00051989,13.0651376,3.244293669,39.75,13.5,40.5,104.5,96,106.25
S000202,phase,full,4,0,110.5,162.25,51.75,20.15564437,44.86658663,67.87338281,23.00679618,4.872756604,23.5,9,75.5,138,66.25,96
S000203,phase,full,4,0,37.75,39.5,1.75,4.716990566,20.66453861,22.98995233,2.325413716,2.564223809,48,5.5,2.75,5,7.25,32.25
S000204,phase,full,4,0,87,142,55,26.16613588,56.10611805,93.7820733,37.67595525,14.53375934,29.75,9.5,39,73,48.5,93.5
S000205,phase,full,4,0,117.25,159.25,42,49.11890335,75.14531708,123.8129458,48.66762874,27.54906226,33.25,8,35.75,23.25,41.75,117.5
S000206,phase,full,4,0,96.5,184.5,88,20.92844954,52.70297819,108.490471,55.78749279,15.08625843,33,8.5,66.5,77.75,63,121.5
S000207,phase,full,4,0,62.25,71.5,9.25,6.946221995,19.4095887,22.39539194,2.98580324,1.224428019,37.25,12.5,8.75,12.75,16,55.5
S000208,phase,full,4,0,84.5,102.25,17.75,15.19594244,39.03775729,44.2707014,5.232944108,6.880137125,36.75,13.5,13.5,23.25,25.75,76.5
S000209,phase,full,4,0,55.5,65.5,10,8.831760866,20.13628997,27.64688152,7.51059155,6.471026771,32.5,17.5,18.25,21.5,34.75,30.75
S000210,phase,full,4,0,61.5,65.75,4.25,13.04798835,25.51743778,29.45496612,3.93752834,3.629486424,36,10,7,17.5,10,55.75
S000211,phase,full,4,0,71.75,92.75,21,12.40967365,29.0028373,36.33444877,7.331611469,3.849907461,36.5,7.25,12.25,34.25,28.5,64.25
S000212,phase,full,4,0,50.75,63.25,12.5,5.802298395,16.29423036,24.17274907,7.878518716,2.492530229,36.75,7.25,6.5,7.5,9,54.25
S000213,phase,full,4,0,135,131.5,-3.5,6.137317547,27.53414235,28.34194072,0.8077983681,0.816272362,37,9.25,35,58.5,55.5,76
S000214,phase,full,4,0,66.75,76.75,10,8.831760866,32.75705357,35.50113093,2.744077356,1.892151551,30.5,8.75,8,13.75,35.75,41
S000215,phase,full,4,0,121.5,145.75,24.25,10.62622542,53.13886481,72.74127778,19.60241297,1.615315571,35,15.75,35.25,32.5,58.75,87
S000216,phase,full,4,0,93.75,102.25,8.5,6.027713773,21.48238696,20.43059265,-1.051794314,0.8535487207,31,15.5,11.25,16.75,44.5,57.75
S000217,phase,full,4,0,87,121.75,34.75,15.58578412,53.84006343,75.23842577,21.39836234,13.04271559,19.75,10.75,18.75,43,37.75,84
S000218,phase,full,4,0,59.75,63.25,3.5,7.141428429,16.64779149,13.99837283,-2.649418656,1.885833328,39,6.75,10,19.75,30.25,33
S000219,phase,full,4,0,98,191,93,12.35583533,19.6507612,41.06918283,21.41842163,3.29928364,23.25,15.25,37,44.5,113,78
S000220,phase,full,4,0,79.25,83.75,4.5,7.593857167,54.90032942,60.72329764,5.822968223,6.894128778,34.75,6.25,12.25,18.5,13,70.75
S000221,phase,full,4,0,62.5,77.5,15,8.124038405,27.05533802,34.02607255,6.970734531,3.287965369,39.5,10,14.5,19.25,14.5,63
S000222,phase,full,4,0,57.5,79.25,21.75,6.551081336,24.6439204,43.62857719,18.98465678,2.479280681,29.25,10.5,10.25,23,23.75,55.5
S000223,phase,full,4,0,124,200.5,76.5,54.95149376,79.74708819,112.6358048,32.88871664,27.528363,37.5,7.75,70.75,99.5,50.5,150
S000224,phase,full,4,0,92.25,115.25,23,6.377042157,23.87767212,35.31631473,11.43864261,2.504734871,29.5,13.75,19.75,29.75,43.75,71.5
S000225,phase,full,4,0,51,55.75,4.75,7.455423082,26.09848761,28.6891052,2.590617592,5.353569692,43,8.75,12,11.25,22.5,33.25
S000226,phase,full,4,0,50.25,57,6.75,11.02648327,14.47171745,14.8227131,0.3509956498,1.96993796,44.25,7.25,6.5,16.5,11.25,45.75
S000227,phase,full,4,0,69.25,83,13.75,9.673847907,24.5452353,32.06536933,7.520134031,1.890560892,40.5,12.75,25.25,36.5,33.25,49.75
S000228,phase,full,4,0,84.25,167,82.75,31.59509456,50.0111663,81.46302758,31.45186127,12.45352559,36,8,44.75,108.75,60.25,106.75
S000229,phase,full,4,0,126.75,196.25,69.5,8.426149773,83.04050546,102.7561266,19.71562112,9.044526614,36.25,10.75,99.25,105.5,78,118.25
S000230,phase,full,4,0,121,175.25,54.25,18.40968948,34.81939063,50.92889378,16.10950315,6.977001206,20.25,9.75,18.75,51,87.25,88
S000231,phase,full,4,0,91.5,112.75,21.25,9.287087811,34.6405439,58.56383642,23.92329252,7.967868907,31.75,14.5,45.75,31.5,34.5,78.25
S000232,phase,full,4,0,64.25,77.25,13,7.118052168,16.50133073,22.77578134,6.274450617,1.84637406,39.25,9.5,14,15.75,27.25,50
S000233,phase,full,4,0,74.25,91.5,17.25,16.45954637,29.04740987,39.73212913,10.68471926,5.635909203,33.25,11.5,10.25,23.5,22.75,68.75
S000234,phase,full,4,0,81.75,122.5,40.75,20.36950335,37.0286551,52.31697847,15.28832338,3.696819798,35.25,5.75,32,46,36.25,86.25
S000235,phase,full,4,0,56.5,60,3.5,7.416198487,25.38987364,31.21351082,5.823637189,3.604302281,45.75,6.5,8.5,27,12,48
S000236,phase,full,4,0,72.5,93,20.5,2.886751346,26.123887,43.04551957,16.92163257,6.645965946,33.25,16.25,6,23.75,42.5,50.5
S000237,phase,full,4,0,43,54.5,11.5,13.52774926,16.34944301,22.43663865,6.087195644,7.388416187,48.5,7.75,5.75,15.75,18.25,36.25
S000238,phase,full,4,0,217.25,347,129.75,35.5,109.6910456,230.0561567,120.3651111,27.83887855,26,17.25,100.5,264,137.5,209.5
S000239,phase,full,4,0,80.5,118.5,38,16.02081979,35.94202163,57.42525255,21.48323092,9.551553337,28.25,10.25,24.5,50,23.25,95.25
S000240,phase,full,4,0,48.75,78.25,29.5,7.141428429,16.99132351,32.72865352,15.73733001,4.816951326,42.25,10.75,11.75,17,37.25,41
S000241,phase,full,4,0,115,123.5,8.5,12.06924466,46.93721032,47.23953073,0.3023204087,6.446471905,27,16.25,13.5,22.25,55.75,67.75
S000242,phase,full,4,0,81.5,97.25,15.75,13.47528602,34.56418161,51.59354291,17.0293613,10.40882358,46.25,8.75,19.25,32.25,47.5,49.75
S000243,phase,full,4,0,59,74.25,15.25,11.8988795,17.3572381,17.82328444,0.4660463395,1.846156697,33.5,14.5,7,11.75,34.5,39.75
S000244,phase,full,4,0,63,90.5,27.5,8.346656017,19.08112309,30.57450567,11.49338258,3.782434132,44,10,23.5,21.25,35.5,55
S000245,phase,full,4,0,66,86,20,1.632993162,23.90110635,34.84836732,10.94726097,2.513083316,32,18,20.5,47.75,17.75,68.25
S000246,phase,full,4,0,86.25,102.75,16.5,3.415650255,28.62592976,34.18528294,5.559353187,3.16169825,38.25,10,23.5,45.25,49.25,53.5
S000247,phase,full,4,0,47.5,55.5,8,7.393691004,28.71714829,34.49091778,5.773769482,4.064750294,37.5,8.75,9.25,11,12.25,43.25
S000248,phase,full,4,0,137.5,221,83.5,37.54552792,48.84082586,105.8900181,57.04919219,16.71268807,42.75,10.5,32.5,65.5,108.25,112.75
S000249,phase,full,4,0,105,147.75,42.75,26.04323329,36.83288217,45.12381702,8.290934843,5.261762943,23,8,27.5,49.25,87.25,60.5
S000250,phase,full,4,0,58.5,69,10.5,2.081665999,29.64179998,36.40169147,6.759891493,3.105465198,33.75,11.75,26.5,14,18.75,50.25
S000251,phase,full,4,0,44,50.5,6.5,11.59022577,15.94341784,21.94255318,5.999135334,3.118537048,41.5,5.25,10,16.5,13,37.5
S000252,phase,full,4,0,49,59.75,10.75,5.315072906,19.77996269,25.47050796,5.690545273,3.251461464,43,12,17,29.75,31,28.75
S000253,phase,full,4,0,70.5,76.75,6.25,7.675719293,14.39709323,15.85823043,1.461137199,1.883394173,35.75,14.5,13.5,36,36.25,40.5
S000254,phase,full,4,0,46.5,66.25,19.75,8.180260795,29.11473172,41.23080803,12.11607632,6.227716991,25.75,8.75,9,19.75,17.75,48.5
S000255,phase,full,4,0,47.25,58.5,11.25,2.217355783,16.2712764,21.63500141,5.363725012,1.503109276,44.25,8.75,12.25,26.5,17,41.5
S000256,phase,full,4,0,63.75,85.25,21.5,17.07825128,38.77859097,48.19463612,9.416045153,5.678431042,41.5,6.75,11,20,24.5,60.75
S000257,phase,full,4,0,59.5,67.5,8,12.67543556,27.86048864,36.14504905,8.284560409,8.005682657,37,7.5,7.75,23.5,8.5,59
S000258,phase,full,4,0,77.25,76.25,-1,4.242640687,32.70460815,45.25618289,12.55157475,4.023574145,34,11.25,14.75,18,32,44.25
S000259,phase,full,4,0,104.5,104.75,0.25,14.38459824,35.42229982,37.32543442,1.903134596,1.147939049,40.5,11.5,8.25,13.25,44,60.75
S000260,phase,full,4,0,40.75,68.25,27.5,9.036961141,11.39331856,18.14725381,6.753935251,3.97604158,14.25,11.75,12.5,11.75,32.25,36
S000261,phase,full,4,0,47,48.25,1.25,13.07351011,19.51446756,18.41829122,-1.096176343,4.167442403,44.25,10.75,11.75,9.75,19.25,29
S000262,phase,full,4,0,54,62.5,8.5,4.123105626,32.75436204,37.98596633,5.231604284,2.018515361,28.5,9,6,7.5,14,48.5
S000263,phase,full,4,0,94,119.5,25.5,7.141428429,36.04852475,47.37562946,11.32710471,4.581239359,21.5,13.75,15.25,15,23.75,95.75
S000264,phase,full,4,0,44,50.5,6.5,6.454972244,19.30991025,24.39993589,5.090025646,2.930327225,34.5,14.75,17.5,23,20,30.5
S000265,phase,full,4,0,55.25,57.25,2,3.16227766,22.09150043,21.91791598,-0.1735844574,1.05284612,36,12,10.75,14.75,8.75,48.5
S000266,phase,full,4,0,67.5,70,2.5,3.696845502,24.29084546,26.59015643,2.299310973,1.451176985,34.5,6,11,19.75,22,48
S000267,phase,full,4,0,36.5,54.75,18.25,7.135591543,15.6202662,24.94578093,9.325514733,2.617320443,40,9.75,12,11.75,18.5,36.25
S000268,phase,full,4,0,70.5,80.5,10,1.825741858,19.85780973,28.64298776,8.785178024,1.17019388,43,10.25,13,19.75,30.5,50
S000269,phase,full,4,0,58.25,56,-2.25,10.34005158,30.21920795,28.70334825,-1.515859697,3.15608233,40.75,8.25,7.75,10,8.5,47.5
S000270,phase,full,4,0,65.25,80.5,15.25,7.675719293,25.28566859,32.95260074,7.666932154,4.921195622,21.75,13.75,16.25,24.75,27.25,53.25
S000271,phase,full,4,0,170.75,149,-21.75,20.40220576,38.24022287,35.62434511,-2.615877764,1.85558475,19.5,9.75,68.75,92,57.25,91.75
S000272,phase,full,4,0,113,117.25,4.25,6.551081336,27.37875788,26.91964161,-0.4591162716,1.037975782,42.5,9,16.75,41.75,46.75,70.5
S000273,phase,full,4,0,100,109,9,8.124038405,28.50284646,33.07337301,4.570526546,2.000185608,26.25,8,18,28.25,49,60
S000274,phase,full,4,0,72.5,88,15.5,16.58312395,18.52208963,24.96329713,6.441207506,2.015679169,49.25,7.5,9,20.75,42.75,45.25
S000275,phase,full,4,0,73,139.75,66.75,16.93861466,27.60129336,41.83611691,14.23482355,4.001467267,36.5,14.25,34.25,50.25,68.75,71
S000276,phase,full,4,0,51.75,64.75,13,5.099019514,35.00436175,40.55146996,5.547108211,1.819190157,35.75,7.75,17.5,24.75,14,50.75
S000277,phase,full,4,0,110.25,162.25,52,30.8004329,20.64156359,26.62308289,5.981519292,3.753021154,37.25,10.5,26.75,31,92.75,69.5
S000278,phase,full,4,0,63.75,87,23.25,12.4465524,20.53470815,32.19963338,11.66492524,2.781737277,19,10.25,10.5,18.5,29.75,57.25
S000279,phase,full,4,0,28.75,31.25,2.5,3.415650255,16.9045762,20.1647961,3.260219904,1.330287351,31.75,10.25,6.75,8.25,9.75,21.5
S000280,phase,full,4,0,177.5,330.75,153.25,55.9367202,107.2809814,199.9088089,92.62782757,32.03264475,25.5,11.5,95.75,119.75,128.75,202
S000281,phase,full,4,0,29.5,26.25,-3.25,4.11298756,11.10685866,8.823367638,-2.283491025,1.367119075,31,6.25,5.5,9.5,6.25,20
S000282,phase,full,4,0,122.5,151.25,28.75,25.22399651,37.4676029,62.503015,25.0354121,8.484676089,27.75,14.25,37.75,42.25,58.5,92.75
S000283,phase,full,4,0,61.75,73.5,11.75,12.94539815,17.26177158,19.87153136,2.60975978,2.614851537,43,9,7.75,10.75,23.5,50
S000284,phase,full,4,0,175,188.5,13.5,18.15672511,57.62574035,64.12182413,6.496083785,6.591398547,42.25,10.75,63.5,86,59,129.5
S000285,phase,full,4,0,43,52.25,9.25,1.707825128,18.14746858,22.13524311,3.987774536,1.425552843,34.25,10.75,8.25,15.5,21.25,31
S000286,phase,full,4,0,99.25,107,7.75,10.53169819,51.82447732,53.88118573,2.056708405,4.818777348,32.5,13.75,30.25,49,38.5,68.5
S000287,phase,full,4,0,84.25,95,10.75,14.88567544,53.05247789,74.66702711,21.61454922,7.766748281,42.25,10.25,17.5,47,24.5,70.5
S000288,phase,full,4,0,74,113.5,39.5,48.14215062,30.52135521,45.2652026,14.74384738,12.59890511,22.5,7.5,33,28.25,53,60.5
S000289,phase,full,4,0,43.5,55.25,11.75,9.464847243,16.40979564,20.7871388,4.37734316,4.475983319,43.25,8,9,16.25,9.75,45.5
S000290,phase,full,4,0,46.75,55.25,8.5,5.446711546,22.00246404,30.22063566,8.218171615,1.376250607,36.25,11.75,11.25,16,22.5,32.75
S000291,phase,full,4,0,114,113,-1,9.899494937,36.1758884,41.35424698,5.178358576,5.726765032,26.25,14.5,30.75,56.75,33.5,79.5
S000292,phase,full,4,0,60.5,70.75,10.25,7.274384281,20.06684447,25.0649466,4.998102131,2.997871107,35.25,9.25,6.5,8.25,25.25,45.5
S000293,phase,full,4,0,102.5,98,-4.5,25.43619468,39.30614561,34.8935866,-4.412559008,6.975706022,46.75,8.75,13,18,31.75,66.25
S000294,phase,full,4,0,46.75,55.75,9,7.023769169,19.59605949,23.34638427,3.750324777,2.024066829,37.75,14,8.5,25.25,24,31.75
S000295,phase,full,4,0,48.25,58.25,10,6.055300708,17.60968898,21.44686915,3.837180168,2.560067903,32,18.25,12,27.75,25.5,32.75
S000296,phase,full,4,0,166.75,344.25,177.5,27.54995463,66.03786773,109.6269621,43.58909438,7.604930901,31.25,18,199,145.25,188.75,155.5
S000297,phase,full,4,0,130.5,180.25,49.75,25.7859781,39.04877734,76.58705644,37.5382791,8.115049661,17.5,10.5,16,63.75,73.5,106.75
S000298,phase,full,4,0,124.75,148.5,23.75,13.81725974,38.92459785,49.04420901,10.11961116,6.643120866,29,11.5,36,50.5,42.25,106.25
S000299,phase,full,4,0,118.25,141.5,23.25,14.43086969,32.40413128,33.22427582,0.8201445411,2.887380367,24.5,17.25,33.75,77,76.5,65
S000300,phase,full,4,0,200,360.75,160.75,41.89172552,40.117157,75.40984533,35.29268833,6.639296843,33.25,18.25,70.5,141.25,207.5,153.25
S000301,phase,full,4,0,55.75,70,14.25,15.5,30.93865187,43.34846302,12.40981114,5.596464256,31.5,6.5,6.75,14.75,23,47
S000302,phase,full,4,0,43.75,48.5,4.75,14.61449053,24.14275538,23.41982715,-0.7229282226,6.486497103,43.25,5,7.5,9.25,24,24.5
S000303,phase,full,4,0,74,89.25,15.25,10.04572878,31.14403848,36.38831212,5.244273636,3.071028992,23.5,16,23,37,28,61.25
S000304,phase,full,4,0,105.75,154.5,48.75,9.069178574,50.63699746,80.19129003,29.55429257,6.722993735,16.5,12.5,66.75,100.5,70.5,84
S000305,phase,full,4,0,88.5,112.25,23.75,7.588368292,34.96394611,37.90158014,2.937634032,3.537351906,42.5,10.5,27.5,45.5,51.75,60.5
S000306,phase,full,4,0,33.25,40,6.75,0.5,16.93654553,18.31816311,1.381617575,1.888053914,44.25,10.25,8.5,10.25,19,21
S000307,phase,full,4,0,53.75,91,37.25,7.804912983,37.51949676,62.13524148,24.61574472,4.842845097,42.75,11.25,25,22,19,72
S000308,phase,full,4,0,58,75.75,17.75,6.130524719,28.2501336,38.07648748,9.826353881,3.272708251,31.5,16,15.5,36,30.25,45.5
S000309,phase,full,4,0,61,86.25,25.25,14.43086969,29.66893972,52.62915903,22.96021931,5.86586915,29.5,17.25,18.5,21.25,21.75,64.5
S000310,phase,full,4,0,56.25,78.75,22.5,3,13.95069907,24.68300771,10.73230865,2.352227212,36.75,6,7.25,11.75,32.75,46
S000311,phase,full,4,0,83.75,83.25,-0.5,8.185352772,52.23218924,54.12048542,1.888296179,7.594400937,31,8.5,18.75,47,27,56.25
S000312,phase,full,4,0,61,67.25,6.25,1.5,16.05604083,20.92582144,4.869780613,1.427704387,32.75,12,10,18.25,30,37.25
S000313,phase,full,4,0,87,97,10,15.57776193,20.86046829,26.00835922,5.147890932,1.860283243,43.25,8.5,7.5,17,42.25,54.75
S000314,phase,full,4,0,75,127.5,52.5,8.266397845,43.74795236,60.93913833,17.19118598,6.122000445,32.25,7.5,24,30.25,51,76.5
S000315,phase,full,4,0,77.75,97.25,19.5,8.020806277,22.14783553,27.47244729,5.324611757,4.205431959,46.25,11.25,9.75,18.25,23.25,74
S000316,phase,full,4,0,34.75,48.75,14,5.228129047,22.66199185,39.33813922,16.67614738,5.670655843,39,7,8,14,7,41.75
S000317,phase,full,4,0,52.5,58.25,5.75,4.34932945,23.16540818,30.60663042,7.441222247,1.949902561,31,6,2.25,10.5,19,39.25
S000318,phase,full,4,0,128.5,200.5,72,33.41656276,45.53833295,62.6477004,17.10936744,15.25407423,30.5,16,44.25,55.25,105,95.5
S000319,phase,full,4,0,91,111,20,22.46478726,28.7960963,42.612524,13.81642769,8.169760844,33,15,19.25,28.25,20.5,90.5
S000320,phase,full,4,0,65.25,80,14.75,6.020797289,36.04569055,39.70269459,3.657004039,1.065183241,42.25,13.75,15.25,31.25,30,50
S000321,phase,full,4,0,51.5,64.75,13.25,2.5,19.87228945,30.17861919,10.30632974,4.220221108,45.25,8.5,12,20,26.75,38
S000322,phase,full,4,0,59.75,67,7.25,12.6062154,21.73831866,32.45058298,10.71226433,6.02741055,35,8.25,7.5,11.5,17.5,49.5
S000323,phase,full,4,0,113.75,158,44.25,18.39157416,51.75346823,74.13009466,22.37662643,8.23896186,30.25,16.25,29.75,30.25,43.75,114.25
S000324,phase,full,4,0,50.25,63,12.75,7.762087348,37.16311524,46.24496434,9.081849099,5.101763082,34.75,5.75,12.5,10,8.5,54.5
S000325,phase,full,4,0,57.25,70.75,13.5,4.725815626,36.84676542,45.88017011,9.033404694,3.34767086,29.75,9.25,19.25,18.5,22.25,48.5
S000326,phase,full,4,0,59.5,102.5,43,10.09950494,26.12053856,38.48502322,12.36448466,8.123344531,30.75,18.75,30.25,53,40.5,62
S000327,phase,full,4,0,132.5,229.5,97,10.95445115,62.53078756,112.0878635,49.55707595,6.018121125,28.25,20,35.75,63,67.25,162.25
S000328,phase,full,4,0,76,84.5,8.5,10.34408043,51.3284368,48.44985657,-2.878580227,7.911590743,19.25,17.5,25.5,41.5,21.75,62.75
S000329,phase,full,4,0,53.5,65.5,12,8.717797887,36.87173524,43.94728853,7.075553288,3.689464608,41.25,7.5,12.5,20.75,16.5,49
S000330,phase,full,4,0,93.75,105,11.25,14.56880228,27.08231726,27.24176973,0.1594524618,1.640179643,41.75,9.75,14.5,38.75,54.75,50.25
S000331,phase,full,4,0,111.5,139.75,28.25,12.36594787,65.44916006,100.3501305,34.90097043,16.22175308,33.25,13,33.5,44.5,48.75,91
S000332,phase,full,4,0,58.5,122.5,64,26.95675549,27.43835921,47.27930031,19.8409411,4.938657588,38.25,13.25,29,60,63.25,59.25
S000333,phase,full,4,0,34.75,42.25,7.5,5.322906474,11.12303119,12.55198539,1.428954204,1.895622957,35.25,10,8,22,17,25.25
S000334,phase,full,4,0,67.75,69.75,2,9.831920803,39.46998662,40.92080948,1.450822861,5.1308837,32,10,9.75,15.25,15.25,54.5
S000335,phase,full,4,0,182.5,471.5,289,83.77350416,100.527517,223.1271854,122.5996684,47.54095902,32,10.5,456.25,536.25,184.75,286.75
S000336,phase,full,4,0,118.75,177,58.25,31.2449996,63.53107656,98.5509299,35.01985334,16.9491332,19.75,16,37,59.5,57.75,119.25
S000337,phase,full,4,0,61,79.75,18.75,14.5,20.97377451,33.37655217,12.40277766,5.562529458,44.5,8.75,8.25,13.5,16,63.75
S000338,phase,full,4,0,60,57.75,-2.25,3.593976442,41.61527186,44.69806905,3.082797184,4.678827588,44,5.75,5.75,7,8.75,49
S000339,phase,full,4,0,63.5,91.5,28,16.0623784,32.50826007,56.93606156,24.42780149,7.666487397,21.75,10,33,49.25,22.75,68.75
S000340,phase,full,4,0,152,212.25,60.25,27.43932701,51.30752639,69.01693709,17.7094107,4.313385151,21,12,18.75,43.25,99.75,112.5
S000341,phase,full,4,0,118,240.75,122.75,33.69841737,46.22271333,90.59988663,44.3771733,17.22119813,27.5,10.25,49.5,51,146.5,94.25
S000342,phase,full,4,0,49.5,70.5,21,11.19523708,20.88817586,31.56182566,10.6736498,5.269800641,25.25,17,14.75,31.75,27.5,43
S000343,phase,full,4,0,111,132.25,21.25,11.17661249,62.28680572,69.1934527,6.906646978,7.397904438,33.75,15,21.75,22.5,39.75,92.5
S000344,phase,full,4,0,65.25,75.5,10.25,4.34932945,24.10488444,32.74451337,8.63962893,1.450095086,35.25,15.25,17,15.75,28.5,47
S000345,phase,full,4,0,50.75,69.5,18.75,1.707825128,28.58906389,48.83042058,20.24135669,3.29567818,37.75,12.75,9.75,23.75,17.75,51.75
S000346,phase,full,4,0,71.25,96.75,25.5,15.92691642,32.11956169,45.19703082,13.07746913,4.879399865,31.5,10.75,11.75,21.25,51.5,45.25
S000347,phase,full,4,0,98,150.75,52.75,12.84198842,56.94303578,83.65781434,26.71477857,3.943924429,36,15,44.5,59.25,55.5,95.25
S000348,phase,full,4,0,126.25,185.5,59.25,43.98768767,49.41980677,57.93003913,8.510232365,6.233703337,43.75,13,51.75,76.5,108.75,76.75
S000349,phase,full,4,0,75.75,112,36.25,22.42580359,36.57310618,47.44781398,10.8747078,5.445454677,43,4.5,8.75,21,54.75,57.25
S000350,phase,full,4,0,56.25,78.25,22,13.88044188,18.46420078,23.64138086,5.177180084,3.122333608,41.5,9.75,9.5,10.25,22,56.25
S000351,phase,full,4,0,71.5,91.25,19.75,6.396613687,18.43168544,24.37928332,5.947597881,1.742330494,32.25,6.25,13,29.25,39.25,52
S000352,phase,full,4,0,158,277.5,119.5,38.301436,96.49907641,163.9643867,67.46531024,15.48840626,28.5,13.5,41.5,51,89.75,187.75
S000353,phase,full,4,0,43.75,48,4.25,8.381527307,13.52204475,14.76171902,1.23967427,2.425529921,37.25,7.5,6.25,7.5,9.25,38.75
S000354,phase,full,4,0,57,81.5,24.5,14.6628783,32.09689933,55.78571316,23.68881383,7.812954726,41,13.25,27.25,40,24,57.5
S000355,phase,full,4,0,52.25,67.25,15,8.041558721,17.10303302,25.06141225,7.958379231,2.34762239,23.75,7.5,12.25,34,21.5,45.75
S000356,phase,full,4,0,102,110.75,8.75,12.03813385,54.6103486,54.38669139,-0.2236572104,5.658272289,45.25,10.5,24,21,31.5,79.25
S000357,phase,full,4,0,93,134,41,13.58921141,31.80957465,51.77154056,19.96196591,5.583755689,39.5,7.75,30.5,32.5,26.5,107.5
S000358,phase,full,4,0,61,88.25,27.25,8.883505314,29.77011753,37.1460524,7.375934877,6.039912839,28.75,11.5,16,38.25,25.75,62.5
S000359,phase,full,4,0,25.25,44,18.75,7.410578025,14.41504383,24.63031847,10.21527465,3.918307566,41.25,7.25,8.25,8.25,15.25,28.75
S000360,phase,full,4,0,45.25,58,12.75,7.410578025,22.70826993,33.75247536,11.04420543,5.546299504,46.5,5.25,15.25,20.5,14.25,43.75
S000361,phase,full,4,0,60.75,58.25,-2.5,24.79919354,26.68550401,25.86344504,-0.8220589767,8.565843463,41,5.75,8,25,21.75,36.5
S000362,phase,full,4,0,121.75,182.75,61,35.83294573,72.81431982,125.3102893,52.49596948,21.70019319,35.75,14.5,84,85.5,60.5,122.25
S000363,phase,full,4,0,101,107,6,12.83225104,30.17851242,29.36360697,-0.8149054502,1.801494005,37.5,12.25,16.75,26,40.5,66.5
S000364,phase,full,4,0,86,151.75,65.75,39.20352875,33.68621375,52.7171402,19.03092646,15.01142305,39.25,7.5,19,23.25,66.25,85.5
S000365,phase,full,4,0,79.25,95.5,16.25,17.87689384,46.61236932,72.89882654,26.28645722,12.95233659,30.25,7.75,11.25,27,22,73.5
S000366,phase,full,4,0,47,49.75,2.75,3.947573094,27.50654354,29.00018122,1.493637675,3.648504722,38,10,9,11.5,14,35.75
S000367,phase,full,4,0,61.25,81.75,20.5,12.89702808,11.38711037,13.07914699,1.69203663,1.280798929,35.5,14.5,15,44.5,45.75,36
S000368,phase,full,4,0,79.75,104.25,24.5,9.746794345,22.98881408,24.64246542,1.653651339,3.386554989,36.5,18.5,21,61.5,51.25,53
S000369,phase,full,4,0,37.25,49,11.75,11.26572974,18.17512017,24.71885409,6.543733924,4.581920935,35.75,6,5.5,7.5,14.25,34.75
S000370,phase,full,4,0,59.25,79.25,20,5.354126135,18.80113025,28.02033113,9.219200882,2.076457495,33.75,11.5,12,28,33.75,45.5
S000371,phase,full,4,0,42.25,47.75,5.5,7.681145748,10.96637724,14.43985162,3.473474378,1.667491195,51.25,6,4,5.75,10.25,37.5
S000372,phase,full,4,0,122,160,38,20.70426687,43.51421999,69.60009434,26.08587435,7.314132128,27.25,11.75,14.25,35,66.5,93.5
S000373,phase,full,4,0,71.25,75,3.75,1.892969449,32.31873186,30.74224249,-1.576489372,3.274049656,35.75,17.5,9,26.5,34.5,40.5
S000374,phase,full,4,0,57,65.25,8.25,18.00694311,37.00318891,39.05138658,2.048197668,6.843237844,36,13,7,19.5,15.25,50
S000375,phase,full,4,0,58,70.75,12.75,19.60229578,33.29930645,35.73045632,2.431149871,3.585775933,18,8.75,12.5,24,26.5,44.25
S000376,phase,full,4,0,62.5,75.75,13.25,7.228416147,39.23481998,45.10257957,5.867759589,3.242908381,24.25,12.75,6.75,29.25,11.5,64.25
S000377,phase,full,4,0,147,300,153,66.24701251,70.58520657,135.7877182,65.20251167,21.58300795,26.75,18.5,63.25,80,127.5,172.5
S000378,phase,full,4,0,115,194.25,79.25,19.05037182,75.3547701,134.8925126,59.5377425,13.48920182,46.25,9.5,52.5,96,49.5,144.75
S000379,phase,full,4,0,132.25,139.25,7,13.03840481,56.24764997,66.10992115,9.862271181,3.569770844,29.5,18.75,19.75,32.25,49.75,89.5
S000380,phase,full,4,0,63,74,11,6.976149845,26.55575427,35.49419764,8.93844337,4.442695531,30.25,6.5,16,15.75,27.75,46.25
S000381,phase,full,4,0,102,122.75,20.75,9.912113801,37.23651865,50.59892927,13.36241062,5.546279352,38.25,10,10.5,36,22,100.75
S000382,phase,full,4,0,105.5,104.75,-0.75,11.02648327,54.33446501,64.0641262,9.729661193,7.171683114,43.25,8.5,7.75,12.75,35.25,69.5
S000383,phase,full,4,0,49,59,10,3.366501646,18.07716497,22.95506723,4.877902259,3.034136148,42.25,6.5,3.75,10.5,14,45
S000384,phase,full,4,0,68.25,85,16.75,16.66083231,27.54831152,35.34174243,7.793430918,8.395348968,33.75,8.75,19.25,32.75,33.25,51.75
S000385,phase,full,4,0,81.25,80.25,-1,15.23154621,40.48437337,41.93164514,1.447271765,5.572201075,33.75,12.75,8.75,11.5,15.5,64.75
S000386,phase,full,4,0,95,126.25,31.25,17.21191448,27.32905079,34.24476901,6.915718219,4.870154829,41.25,13.75,16.5,49.5,71.5,54.75
S000387,phase,full,4,0,86.75,106.25,19.5,6.757711644,35.36414642,44.08646449,8.722318076,2.789627727,36.5,14,31.5,22.5,27,79.25
S000388,phase,full,4,0,50.25,67.5,17.25,8.381527307,35.41453372,40.94529342,5.530759694,1.728414039,44,8,23,39.25,19.25,48.25
S000389,phase,full,4,0,122.5,189.5,67,35.27983371,32.23687967,52.85757022,20.62069054,9.277030347,27.5,10.5,23.25,55.5,105,84.5
S000390,phase,full,4,0,71.75,70.75,-1,9.416297928,30.22674159,37.91095003,7.684208434,2.688156111,30,6.75,10.5,21.25,21,49.75
S000391,phase,full,4,0,103.75,123,19.25,24.24011826,34.5891519,41.04209384,6.452941943,6.591441453,48,8.25,24,25.5,25.75,97.25
S000392,phase,full,4,0,71.75,87.25,15.5,5.507570547,32.54742152,32.65898211,0.1115605903,3.362590236,25.5,8,11,31.75,40.5,46.75
S000393,phase,full,4,0,39.75,61.25,21.5,12.4498996,20.72849771,28.36602771,7.637529993,3.49074067,41.5,8.75,12.75,23,27.5,33.75
S000394,phase,full,4,0,127.5,156.25,28.75,17.17313794,51.97907064,53.16690934,1.1878387,5.180569443,31.25,13.25,26,22.75,66.25,90
S000395,phase,full,4,0,83.75,101,17.25,9.97914492,33.8678234,38.90963814,5.041814743,4.229060571,44.75,10.25,19.25,26,46.25,54.75
S000396,phase,full,4,0,103.75,186,82.25,31.78443015,30.03500147,68.78388773,38.74888626,10.018544,23.5,20,84.75,103.75,86.25,99.75
S000397,phase,full,4,0,63.25,70.5,7.25,5.123475383,23.73843546,23.01257348,-0.7258619745,5.292815522,40.25,5.25,9.25,15.75,37.25,33.25
S000398,phase,full,4,0,60.75,82.75,22,10.39230485,28.87352161,37.11430393,8.240782327,6.708739871,43.75,7.75,10,17,20.75,62
S000399,phase,full,4,0,89.25,94.75,5.5,19.22671752,44.29826546,48.53983996,4.241574496,9.265957359,39,6.5,11,16,22.5,72.25
S000400,phase,full,4,0,128,171.75,43.75,2.872281323,58.47270954,87.00204477,28.52933523,4.233037718,30,15.75,38.5,63.25,56,115.75
S000401,phase,full,4,0,80.75,101,20.25,8.381527307,48.24610823,56.79993449,8.553826263,1.601987122,43.5,9,21.5,18.25,40.25,60.75
S000402,phase,full,4,0,167.75,354.75,187,126.6701754,59.19452386,137.0448373,77.85031346,39.43074946,41,6.5,395.5,422.25,178,176.75
S000403,phase,full,4,0,58,73.5,15.5,8.888194417,34.78463117,46.27849528,11.49386411,2.50010762,34.25,7.75,6,11.75,14,59.5
S000404,phase,full,4,0,73.5,82,8.5,5.686240703,25.10232043,24.85724265,-0.2450777856,2.969583147,21.25,9.25,10.25,20.75,25.5,56.5
S000405,phase,full,4,0,37.25,45.25,8,5.477225575,17.86021825,22.33268573,4.472467486,2.268496355,31.25,8.5,11.5,19.5,18.25,27
S000406,phase,full,4,0,133.5,173,39.5,10.78579312,71.68013896,81.51100963,9.830870678,4.787438018,30,15.75,54.25,62,53.75,119.25
S000407,phase,full,4,0,80.75,144.25,63.5,7,21.71290555,43.8036286,22.09072304,9.266456054,24.25,7.5,67.25,82,98.75,45.5
S000408,phase,full,4,0,48,57.75,9.75,6.946221995,26.793261,39.60940943,12.81614843,9.559638606,44.25,5.25,4.5,8,11.25,46.5
S000409,phase,full,4,0,91.5,114.25,22.75,15.64981363,17.0473065,26.54077263,9.493466134,4.290953779,42.25,5.25,8.75,20.75,46.75,67.5
S000410,phase,full,4,0,46.75,62.5,15.75,6.184658438,11.68442578,14.35595678,2.671530996,0.3522003779,40.5,8.25,11,11.5,29.75,32.75
S000411,phase,full,4,0,45,53.25,8.25,6.800735254,16.66311462,21.59902517,4.93591055,1.933725564,34,12.25,6.75,8,16,37.25
S000412,phase,full,4,0,56.75,78,21.25,4.5,13.15210876,19.31647127,6.164362509,1.4442501,26.75,14.75,16,10.75,30,48
S000413,phase,full,4,0,104,111.75,7.75,17.57602534,53.79315177,66.01126778,12.21811601,7.767637865,42.5,11.25,10,9,17.5,94.25
S000414,phase,full,4,0,94.75,112.25,17.5,16.11417595,21.97787779,32.45669623,10.47881845,5.710785184,42,11.25,18,42.75,54.75,57.5
S000415,phase,full,4,0,105.25,111,5.75,7.041543391,45.85394695,66.28496837,20.43102141,1.723260147,22.25,13.25,21.25,45.75,41.25,69.75
S000416,phase,full,4,0,58.75,72,13.25,8.057087977,31.67453112,42.15875647,10.48422535,6.793057598,43,11.25,7.25,13.75,20,52
S000417,phase,full,4,0,47,62,15,4.546060566,18.42101427,29.10511737,10.6841031,1.699853937,26.25,13.75,12.5,15.75,17.25,44.75
S000418,phase,full,4,0,63.5,84.25,20.75,14.54590435,16.09038913,20.69304183,4.602652704,3.236390089,24.75,12,8,30.5,32.25,52
S000419,phase,full,4,0,126.75,178,51.25,11.58663023,30.37986675,44.86549858,14.48563183,3.1673769,40.5,10.75,17.5,24.75,89.5,88.5
S000420,phase,full,4,0,38.75,41.75,3,3.559026084,20.14716499,24.03543366,3.888268675,1.661850384,34.25,8.5,3.5,9,16.5,25.25
S000421,phase,full,4,0,78.75,104.5,25.75,13.12440475,23.04954122,29.78804383,6.738502612,1.154131776,41.75,12,14,11.75,44.25,60.25
S000422,phase,full,4,0,68.75,98,29.25,12.03813385,13.45076378,21.58452783,8.133764046,1.699597836,37,13,33.25,67.75,48.5,49.5
S000423,phase,full,4,0,84.75,146,61.25,18.2825053,24.38362246,30.07232988,5.688707416,3.38457484,25.5,12.75,57.25,47.5,90.5,55.5
S000424,phase,full,4,0,110.25,129.5,19.25,11.95477589,31.46815974,38.21192049,6.743760749,4.522260309,38.75,14.75,30.5,45,70,59.5
S000425,phase,full,4,0,66,88.25,22.25,13.17510278,21.5471245,33.57282145,12.02569695,1.837162301,24,8.5,5.25,19.75,18.5,69.75
S000426,phase,full,4,0,96.25,119.5,23.25,6.238322424,27.60425615,41.43237721,13.82812106,3.133008144,22,11.25,16.25,53.75,64.25,55.25
S000427,phase,full,4,0,126.75,211.75,85,35.65576157,41.88767528,59.77049156,17.88281629,5.409388565,35.5,11.25,49,52,135,76.75
S000428,phase,full,4,0,91.25,114.5,23.25,9.394147114,30.6907003,42.69066346,11.99996316,3.489386153,24.75,19,14,34,32.5,82
S000429,phase,full,4,0,54.75,67.75,13,10.23067284,23.7976924,27.79448002,3.996787626,3.481675733,35.5,13,11.5,14.25,11.75,56
S000430,phase,full,4,0,89.25,138.25,49,22.46478726,26.24233518,50.95562748,24.7132923,7.576816413,34.25,16.75,35.5,78.25,40.25,98
S000431,phase,full,4,0,61.75,72.75,11,5.033222957,35.58917166,43.80653856,8.217366905,4.442207006,27,10.5,6.5,14.25,7.5,65.25
S000432,phase,full,4,0,37.75,51.75,14,4.320493799,19.70864428,25.72217979,6.013535517,2.86862244,24.75,11.5,17.25,16,19.25,32.5
S000433,phase,full,4,0,138.25,194.5,56.25,20.05617112,57.26879637,107.5000597,50.23126329,8.985832965,35.5,7.75,15,30.5,82.75,111.75
S000434,phase,full,4,0,74.75,137,62.25,31.6267292,22.28590329,35.14961423,12.86371094,8.165181359,27.5,9.75,25.75,38,55,82
S000435,phase,full,4,0,52.5,62.75,10.25,6.701989754,13.86611826,20.16407384,6.297955572,0.7827240688,33.5,12,7.25,15,22,40.75
S000436,phase,full,4,0,178.5,255.25,76.75,53.67417132,74.71682396,91.61401611,16.89719216,12.30888533,29,8.5,66,49.25,137.75,117.5
S000437,phase,full,4,0,41,59,18,8.831760866,13.66873595,20.17072477,6.501988821,2.045456795,36.75,7.75,5.75,13.75,27.25,31.75
S000438,phase,full,4,0,66,75.5,9.5,5.259911279,16.1289464,19.17933121,3.050384805,1.264889566,37.5,3.75,4.25,17.75,26.25,49.25
S000439,phase,full,4,0,54.25,63.75,9.5,6.557438524,24.68671958,32.9750721,8.288352522,3.495009464,32.75,12.75,9.5,14.75,17.25,46.5
S000440,phase,full,4,0,75.25,97.25,22,10.09950494,25.79998692,39.55422323,13.75423631,4.908237759,39,10.25,26.25,48.25,25,72.25
S000441,phase,full,4,0,91.75,96,4.25,15.58578412,35.52847395,45.29481337,9.766339426,7.247043436,23,9.5,12.25,12.5,12.75,83.25
S000442,phase,full,4,0,64,93.5,29.5,5.916079783,29.8471529,39.0874919,9.240339004,3.282496953,36.75,7.25,9.75,25.25,20,73.5
S000443,phase,full,4,0,86.25,105.75,19.5,15.54563176,49.19687076,68.73411727,19.53724651,15.42775466,29.5,10.75,17.75,38.75,34.75,71
S000444,phase,full,4,0,80,106.5,26.5,7.593857167,31.55805582,47.69956981,16.141514,4.339914108,33,15,11.25,46.25,42.25,64.25
S000445,phase,full,4,0,62.75,81.75,19,6.733003292,26.28026409,32.30801733,6.027753242,2.616257949,35.75,8.25,13.75,10,33,48.75
S000446,phase,full,4,0,104.25,146.75,42.5,20.09145755,40.87582564,50.75484239,9.879016758,7.777452153,44.25,9,22.75,44.5,85,61.75
S000447,phase,full,4,0,102.5,165,62.5,29.89425809,40.35861197,62.93468628,22.57607431,7.449394236,47.5,6.25,35.25,28.25,82.25,82.75
S000448,phase,full,4,0,76,93.75,17.75,18.26426383,23.96388664,26.8434123,2.879525664,4.13352445,35.25,7.25,37,36.75,36,57.75
S000449,phase,full,4,0,75.75,91.75,16,17.66352173,17.27524328,22.21247433,4.93723105,3.880390039,44,7.25,15,37.75,42.25,49.5
S000450,phase,full,4,0,63,78.25,15.25,2.753785274,44.15202478,50.2146919,6.062667123,0.893903158,40.5,5.75,6.25,11.75,15.25,63
S000451,phase,full,4,0,77,85,8,5.416025603,21.42906316,20.35651061,-1.072552546,3.354131254,46.25,8.25,9,20,41.5,43.5
S000452,phase,full,4,0,114.25,129.5,15.25,11.32475165,38.51309253,38.65298885,0.1398963221,1.772023782,21.25,22,67,83.5,33.25,96.25
S000453,phase,full,4,0,116.25,122,5.75,17.05627939,35.12395411,39.41354159,4.289587476,5.378911075,34,10.75,32.25,24.25,25.25,96.75
S000454,phase,full,4,0,237.75,269.75,32,18.88562063,103.9753315,152.6119535,48.63662205,9.939088666,22,16.75,45,47.75,122.25,147.5
S000455,phase,full,4,0,49.5,58.75,9.25,8.539125638,25.32345079,24.47726664,-0.8461841557,3.148091631,44.75,5.75,4.25,4.75,16,42.75
S000456,phase,full,4,0,69.25,88.25,19,1.414213562,41.90270514,51.14314012,9.240434976,3.3625775,26.75,15.25,7,33,17,71.25
S000457,phase,full,4,0,45.25,49.5,4.25,11.1168041,34.71753194,40.8553915,6.13785956,7.007952958,34,11.5,7.25,12.25,5.5,44
S000458,phase,full,4,0,87.25,114,26.75,16.52018967,27.90060998,31.92194831,4.02133833,5.33939252,16.75,8.75,10.5,13.75,57.75,56.25
S000459,phase,full,4,0,83,105.75,22.75,7.135591543,52.1122055,79.68348993,27.57128443,6.329340283,28.75,11.25,14,20,27.25,78.5
S000460,phase,full,4,0,71.25,72.75,1.5,7.724420151,29.55857693,37.91325396,8.354677031,3.448588959,47.5,8,9.25,11,12.75,60
S000461,phase,full,4,0,94.25,95.25,1,24.42676128,35.39261111,38.38809754,2.995486428,8.919778789,46,9,24.5,22.5,26.75,68.5
S000462,phase,full,4,0,72.5,103.25,30.75,5.909032634,50.78157761,87.74095191,36.9593743,8.620884105,40.25,15.25,12.25,24.5,27.75,75.5
S000463,phase,full,4,0,134.75,216,81.25,51.51941382,50.25588699,96.66060885,46.40472186,23.46364091,34.75,11.25,37,79.25,59.25,156.75
S000464,phase,full,4,0,87.5,162,74.5,27.45299012,43.02349219,94.85954412,51.83605194,13.05860874,31.25,10.25,37,32,45.75,116.25
S000465,phase,full,4,0,115.25,165.25,50,31.75951301,31.4761791,60.49669226,29.02051316,12.22581104,40,10,81.75,108,49.75,115.5
S000466,phase,full,4,0,84.5,93.5,9,7.348469228,22.79250295,28.09996329,5.307460348,0.4440346735,27.75,10.25,14,17.5,20,73.5
S000467,phase,full,4,0,101.25,147.25,46,19.40790217,43.40514455,55.05551024,11.65036569,1.144444966,41.75,11,20.75,28.25,50.75,96.5
S000468,phase,full,4,0,87.5,104,16.5,8.888194417,31.74008729,44.9880747,13.24798741,3.172221528,45.25,9.5,23.25,42.5,44.5,59.5
S000469,phase,full,4,0,183.25,330.75,147.5,11.35781669,60.8841623,141.4346466,80.55048428,6.891141313,28.5,17.25,69,107.75,142.25,188.5
S000470,phase,full,4,0,102.75,105.5,2.75,16.52018967,27.84583952,27.32623632,-0.5196032019,4.230969897,27.75,9,36.75,41,57.5,48
S000471,phase,full,4,0,41.75,56.25,14.5,10.66145706,22.04636245,29.46091908,7.414556636,3.732300013,47.5,7,22.25,40,14.25,42
S000472,phase,full,4,0,222.25,553,330.75,90.98488886,87.74332539,236.7409174,148.997592,51.53890094,39,11.5,389.5,336.5,288.25,264.75
S000473,phase,full,4,0,116.75,124.5,7.75,7.365459931,50.00058004,60.06152942,10.06094938,4.635177091,40.25,6.75,18,28.75,35.75,88.75
S000474,phase,full,4,0,58.75,75.5,16.75,13.72042273,18.27858551,23.84789703,5.569311522,3.245549346,38.5,6.75,14.75,18.75,16.75,58.75
S000475,phase,full,4,0,91.5,188.5,97,33.59563464,48.05889253,110.4398443,62.38095175,14.9246912,41.25,6,62,47.25,63.5,125
S000476,phase,full,4,0,130,233.25,103.25,27.47574688,57.88601606,122.7043072,64.81829116,15.02285626,38.25,9.75,70,50.75,80.25,153
S000477,phase,full,4,0,119.25,123,3.75,7.182153809,42.88917288,51.5225183,8.633345415,2.681224606,43.75,7.25,10.5,30,45.75,77.25
S000478,phase,full,4,0,51.5,63,11.5,2.645751311,23.47853046,25.80313091,2.324600451,3.517130643,39.75,9,9.5,28.5,25.75,37.25
S000479,phase,full,4,0,46.5,65.75,19.25,5.057996968,19.60260826,24.9451915,5.342583244,2.940540631,39.75,9,14.75,19.5,16.5,49.25
S000480,phase,full,4,0,73.25,85.5,12.25,4.193248542,45.43262682,51.64717107,6.214544244,1.066483157,24.75,7.5,10.25,14,19.75,65.75
S000481,phase,full,4,0,99.75,106.5,6.75,8.098353742,37.40559168,52.40593655,15.00034487,4.022977083,29.25,5,8.5,16.25,42.25,64.25
S000482,phase,full,4,0,223,468,245,89.51349991,88.61560527,234.4688449,145.8532396,29.85921811,32.75,15,143.5,209.5,241.75,226.25
S000483,phase,full,4,0,96,151.5,55.5,29.45618215,28.57751131,39.67657644,11.09906514,5.743152198,30,9,31,47.5,63.5,88
S000484,phase,full,4,0,43.25,47,3.75,2.217355783,30.77576503,33.64979788,2.874032851,4.341921251,39.75,11.5,11.75,11,13.75,33.25
S000485,phase,full,4,0,72.25,102.5,30.25,26.04323329,18.22080031,30.75933406,12.53853374,3.898262862,32.25,12.75,22,31.25,38.75,63.75
S000486,phase,full,4,0,76,146.25,70.25,12.81600562,22.96216544,59.40073912,36.43857368,5.025018778,26.25,9,14.75,22.75,63.75,82.5
S000487,phase,full,4,0,62.75,69,6.25,2.362907813,27.15013042,32.87208069,5.721950262,1.566118706,44.25,7,15.5,16.75,14,55
S000488,phase,full,4,0,59.25,81.5,22.25,8.341662504,19.46747841,26.0430494,6.575570992,2.62525035,23.75,10.25,4.75,7.5,10.5,71
S000489,phase,full,4,0,121.25,124.25,3,10.86278049,59.91946811,65.55121557,5.631747466,9.047878895,32.5,12.25,21,42.5,46.75,77.5
S000490,phase,full,4,0,166.25,186,19.75,32.09750769,49.49612389,51.46704458,1.970920694,5.969880478,39,14.75,39.25,33.75,66.75,119.25
S000491,phase,full,4,0,140,242.5,102.5,4.932882862,46.84151969,91.14343662,44.30191693,10.33421167,33,13.25,54.25,79.75,91.75,150.75
S000492,phase,full,4,0,84,89.25,5.25,12.03813385,32.67240461,39.63357861,6.961173998,1.430861005,32.5,10.75,10.75,31.5,42.75,46.5
S000493,phase,full,4,0,69.25,93.75,24.5,15.58845727,24.68711925,32.32160079,7.634481541,3.374692073,41,5.5,14.5,14,26.5,67.25
S000494,phase,full,4,0,81.25,95.75,14.5,9.036961141,14.79042657,16.29761227,1.507185694,0.4811233151,35.75,16.5,19,23.25,52.25,43.5
S000495,phase,full,4,0,39.5,38.5,-1,5.715476066,16.53054186,17.69213894,1.161597088,3.48845236,34.25,8.25,5,8.25,12.75,25.75
S000496,phase,full,4,0,121.25,161.25,40,16.43167673,43.29056755,76.44272497,33.15215742,12.79429383,40,12.75,27.5,67,85.75,75.5
S000497,phase,full,4,0,47.25,49.25,2,6.055300708,14.59156567,18.03973755,3.448171882,3.272502411,46,6.5,17,23.25,21.75,27.5
S000498,phase,full,4,0,63.25,85.75,22.5,7.937253933,23.22123488,24.62475295,1.403518066,3.346014038,35.25,12,22.5,64.75,36.25,49.5
S000499,phase,full,4,0,37.25,51.5,14.25,9.878427675,12.12665991,13.54589816,1.419238249,2.478131857,41.5,7.25,7.25,10.25,11.75,39.75
S000500,phase,full,4,0,106,132.25,26.25,22.47035084,49.41372098,61.04660322,11.63288225,6.41778295,36.5,9.5,20.25,20,26,106.25
S000501,phase,full,4,0,130,280.25,150.25,40.54935265,69.6991804,165.4989464,95.799766,26.22357457,33,11.75,215,203.25,114.5,165.75
S000502,phase,full,4,0,183.5,218.5,35,24.85960579,54.14782654,89.57394902,35.42612248,6.938898474,24.25,15,39.75,53.5,85,133.5
S000503,phase,full,4,0,71.75,83.75,12,6.976149845,19.18198185,22.08709127,2.905109411,3.214349284,25.75,11.5,17.5,48.75,34.25,49.5
S000504,phase,full,4,0,68.75,92.5,23.75,12.12091856,24.03979564,36.87592625,12.83613061,2.142972562,41,7,10.25,26.5,23.25,69.25
S000505,phase,full,4,0,53,67,14,0.8164965809,19.54026284,32.48525689,12.94499405,1.630076431,35,7.25,8.75,12.25,14.5,52.5
S000506,phase,full,4,0,57,80.25,23.25,12.03813385,18.97000582,27.54046759,8.570461769,4.305623632,36.75,10,12.5,15.25,22.5,57.75
S000507,phase,full,4,0,68,69,1,4.69041576,35.73691207,36.81564042,1.078728343,2.870805892,36.75,7.5,11.5,12.5,16.5,52.5
S000508,phase,full,4,0,44.5,57.25,12.75,6.849574196,15.87862683,19.69329414,3.814667309,1.753179521,47.5,8,9,15.25,26.75,30.5
S000509,phase,full,4,0,89.75,108.5,18.75,4.787135539,22.66422339,37.67040695,15.00618355,1.793903774,38.25,9.25,27.75,38.75,43,65.5
S000510,phase,full,4,0,47.75,60.25,12.5,7.85281266,11.15829532,13.72139834,2.563103016,2.524126214,32.25,7.75,21.75,31.25,29,31.25
S000511,phase,full,4,0,81,83,2,12.24744871,46.46686361,50.77420002,4.307336409,6.632414429,40,9,10.75,22,16.5,66.5
S000512,phase,full,4,0,54.75,60.5,5.75,8.057087977,18.48683365,21.58682043,3.099986774,2.08125377,34.25,7.5,9.5,16.25,26.75,33.75
S000513,phase,full,4,0,59,70,11,6.055300708,37.08462359,38.09773638,1.013112785,3.52711009,45.75,5.5,12.5,14.5,25.25,44.75
S000514,phase,full,4,0,51.25,63.75,12.5,8.103497187,19.8709075,29.51978199,9.64887449,1.446834089,32.5,7.5,7.5,18.25,11.25,52.5
S000515,phase,full,4,0,90,106,16,7.831560083,30.45816632,47.07441411,16.61624779,4.995810647,27.5,17.75,12.5,25.5,50.75,55.25
S000516,phase,full,4,0,109,109.5,0.5,1.732050808,18.54813314,21.93392723,3.385794086,1.969670183,40.75,14,32.5,31.75,51,58.5
S000517,phase,full,4,0,98.75,102.25,3.5,20.88859338,22.0021988,20.26165216,-1.740546637,5.006425582,38.5,6,19,21.75,42.25,60
S000518,phase,full,4,0,70.75,111.5,40.75,6.020797289,37.06405106,71.40161566,34.3375646,10.88360042,33.5,14.25,23.25,37,42.75,68.75
S000519,phase,full,4,0,103,118.5,15.5,7.047458171,23.77371419,36.16244068,12.38872649,4.038401363,30.25,6,15.75,19.75,35,83.5
S000520,phase,full,4,0,75.75,89,13.25,9.604686356,17.70333997,17.127702,-0.5756379669,1.147633562,39.5,10.5,18.5,31.5,47,42
S000521,phase,full,4,0,33.5,44.5,11,7.615773106,16.46721047,26.88227538,10.41506491,4.908188158,25.5,9.75,7.75,18.5,10.5,34
S000522,phase,full,4,0,200.25,210.25,10,35.08085898,74.36095602,93.73528662,19.3743306,8.248672125,24.5,12.5,39.5,80.75,108.25,102
S000523,phase,full,4,0,58.5,68.25,9.75,3.862210075,31.63548032,46.27782444,14.64234412,4.659608827,18.5,13.75,6.75,14.25,22,46.25
S000524,phase,full,4,0,50.5,57,6.5,2.886751346,13.20064044,14.93639953,1.735759082,1.220789969,27.5,14.5,8.75,11,20,37
S000525,phase,full,4,0,108,153.75,45.75,35.82713125,31.95991112,45.15588815,13.19597703,5.491121865,32,19.25,51,60.5,67.75,86
S000526,phase,full,4,0,106.75,125.25,18.5,25.52776266,31.17680764,34.4082896,3.231481969,5.808597547,37.5,9.5,38,43.25,70.75,54.5
S000527,phase,full,4,0,91.5,128,36.5,17.71063711,42.79637033,58.88752491,16.09115458,6.490114416,22,6.5,22,41.75,41,87
S000528,phase,full,4,0,100.75,116.75,16,12.19289411,33.65629214,45.41445226,11.75816012,4.79284897,29,13.5,22,51.25,29.75,87
S000529,phase,full,4,0,55,78,23,8.164965809,18.11426318,26.05484561,7.940582429,0.7982297712,29.5,6.75,8.5,15.5,31.5,46.5
S000530,phase,full,4,0,62.5,71,8.5,8.736894948,21.40920835,24.95378977,3.544581425,2.143442016,32.5,11.25,12.75,16.75,13.5,57.5
S000531,phase,full,4,0,65.25,91,25.75,24.43187808,17.19277128,23.76660705,6.573835767,3.025198259,35.75,9.75,20.5,19.75,40.5,50.5
S000532,phase,full,4,0,88.75,116.25,27.5,8.346656017,30.15269689,42.53943507,12.38673818,3.000722183,45.25,10,15,28.25,52,64.25
S000533,phase,full,4,0,75.25,93.5,18.25,3.304037934,34.84412616,54.50594355,19.6618174,4.60774347,29.75,7.75,16.75,27.75,31.25,62.25
S000534,phase,full,4,0,193.5,211.25,17.75,21.92981228,55.35770177,54.25364047,-1.104061298,3.850085066,26.5,14.5,31.75,80,132.25,79
S000535,phase,full,4,0,37.25,35,-2.25,4.272001873,13.95283899,15.06081518,1.107976195,1.965031655,42.75,6.25,4,8.75,5.75,29.25
S000536,phase,full,4,0,85.5,105,19.5,11.73314394,38.16897421,47.02731309,8.858338884,8.669461707,44.25,6.25,23.25,39,35.5,69.5
S000537,phase,full,4,0,98.25,186.5,88.25,37.48221801,23.77732351,60.7607932,36.98346968,10.4303869,28.5,21,52.75,35.75,57.5,129
S000538,phase,full,4,0,71.25,80.25,9,14.30617582,37.79618598,42.17455067,4.378364688,8.81388075,41.5,10.75,10.75,9.25,15.25,65
S000539,phase,full,4,0,60.25,80.25,20,13.92838828,21.46377374,34.84832197,13.38454823,6.769264329,43.25,13.25,11,16.25,32.75,47.5
S000540,phase,full,4,0,53.75,68,14.25,7.5,17.94690668,24.19162554,6.244718862,0.7627910386,33.25,12.75,12.75,19.75,16.5,51.5
S000541,phase,full,4,0,69,83.25,14.25,10.04572878,44.25824931,54.25512338,9.996874068,6.607697534,37.5,7.5,13.75,35.25,11.25,72
S000542,phase,full,4,0,114.25,119.5,5.25,9.322910847,56.54214481,67.26733425,10.72518944,6.902501491,36,8.25,11.25,30.75,23.25,96.25
S000543,phase,full,4,0,44,48.5,4.5,10.72380529,18.78693061,23.48316667,4.696236065,4.204973094,36,5.5,7.25,15.75,6.5,42
S000544,phase,full,4,0,102,157.5,55.5,25.83924664,48.72780642,74.37381608,25.64600967,10.34309302,27.75,17.75,54.25,114.75,51.25,106.25
S000545,phase,full,4,0,73.75,128.5,54.75,25.88918693,36.44876071,61.64602633,25.19726562,9.842908069,31.75,15.25,32.75,61,36.25,92.25
S000546,phase,full,4,0,31.25,39.75,8.5,8.582928793,15.63384031,18.54316848,2.909328174,3.13837301,23,10.25,8.5,10.5,17.5,22.25
S000547,phase,full,4,0,93,114.5,21.5,6.608075867,59.09727518,78.67138628,19.5741111,8.30196105,36.5,14.25,9.25,29.75,21.25,93.25
S000548,phase,full,4,0,69.25,100.5,31.25,13.20037878,33.19303226,53.72843815,20.53540588,5.185425484,32,8,10.5,19.5,25.5,75
S000549,phase,full,4,0,79,112.25,33.25,18.55397532,46.7845804,63.87740207,17.09282166,10.46587233,32.25,11.75,21.75,20.5,30.75,81.5
S000550,phase,full,4,0,210.5,350,139.5,53.9660387,68.37531187,123.1210584,54.74574649,9.873176699,28.75,18.5,121,144,173.75,176.25
S000551,phase,full,4,0,50.75,58,7.25,12.84198842,17.55971091,19.51793917,1.958228267,3.339786545,34.75,14.25,8.75,8,10.25,47.75
S000552,phase,full,4,0,34,38,4,5.354126135,18.11510046,23.93525115,5.820150682,3.040720907,43.25,5,9.5,12.5,13,25
S000553,phase,full,4,0,147,310.25,163.25,43.98010914,87.37580611,177.2042932,89.82848705,18.37864273,31.25,12.5,108.75,119,147.5,162.75
S000554,phase,full,4,0,73,80.75,7.75,5.909032634,20.22601092,22.49679182,2.270780895,1.574898414,32.75,6,7.75,20.5,29,51.75
S000555,phase,full,4,0,106.75,118,11.25,17.74589154,29.65953695,42.63205266,12.97251572,7.94783136,39.5,5.5,19.25,20.75,53.5,64.5
S000556,phase,full,4,0,109.5,131.75,22.25,4.11298756,47.71338714,59.35787147,11.64448433,2.774471708,35.5,5.5,29.75,46.25,30.75,101
S000557,phase,full,4,0,109.25,131.75,22.5,21.31509637,55.12882522,84.23755081,29.10872559,11.95412342,39.5,11.25,20.75,30,49.25,82.5
S000558,phase,full,4,0,90.25,109.75,19.5,12.87115638,27.6146312,30.94023763,3.325606431,2.365715778,23.75,7.25,11.5,14.75,40.5,69.25
S000559,phase,full,4,0,111.25,134,22.75,8.057087977,55.69006058,71.96196798,16.27190739,5.086199663,20.25,12.5,32,46.25,39.5,94.5
S000560,phase,full,4,0,89.75,122.75,33,13.58921141,46.25398498,65.85243544,19.59845046,5.912609868,50.5,7.75,16.5,18.75,36.25,86.5
S000561,phase,full,4,0,119,166.75,47.75,23.79600807,44.10275752,65.89712275,21.79436523,8.969491077,24.25,17.5,37.75,57.5,65,101.75
S000562,phase,full,4,0,116,120.25,4.25,14.99722196,50.00334379,68.44188578,18.43854199,12.21839127,31.25,18,36.25,37,54.5,65.75
S000563,phase,full,4,0,62.75,58.25,-4.5,8.020806277,22.88874105,24.67689854,1.788157484,2.037627839,20.25,5.5,9,7.75,25.25,33
S000564,phase,full,4,0,70.5,113.25,42.75,5.909032634,29.62597905,48.58004089,18.95406183,2.914965777,47,8.75,19.25,24.5,44.75,68.5
S000565,phase,full,4,0,70.5,103.75,33.25,14.40775254,20.4146722,33.90291575,13.48824355,4.230595311,33,12,9.25,14.5,42.5,61.25
S000566,phase,full,4,0,178.25,275,96.75,36.28015987,91.06907875,172.1538483,81.08476959,31.1002867,25.5,11.5,33,74.5,118.5,156.5
S000567,phase,full,4,0,55.75,84.25,28.5,15.96871942,17.64365165,22.82031637,5.17666472,3.59685239,41.5,12,17,31.5,21.25,63
S000568,phase,full,4,0,99,121.25,22.25,4.34932945,19.5530077,27.471222,7.918214298,1.40095916,32,8.75,17.25,28.75,48.75,72.5
S000569,phase,full,4,0,79,114.5,35.5,16.8424068,15.11171761,27.10496021,11.99324261,6.032909706,28.25,10.5,12,18.5,49.5,65
S000570,phase,full,4,0,74.25,82,7.75,6.184658438,28.29731196,29.93039185,1.633079886,2.681918052,41,11,26.25,18.5,24.5,57.5
S000571,phase,full,4,0,45.25,50.5,5.25,0.5,24.906384,32.48590423,7.579520229,3.598319695,26.5,7,6,10.75,20.25,30.25
S000572,phase,full,4,0,146.5,159.25,12.75,8.732124598,30.6527318,28.28027802,-2.372453777,2.558602359,29.25,13.75,12,30,78,81.25
S000573,phase,full,4,0,147,336.5,189.5,98.0697031,27.40587515,50.40067761,22.99480245,14.15800164,33.25,8.25,169.25,133.75,216.25,120.25
S000574,phase,full,4,0,89.25,112.75,23.5,19,37.3129728,46.2946522,8.981679396,5.010685592,39,6.5,27.75,33.75,49.5,63.25
S000575,phase,full,4,0,66,91.25,25.25,19.03286631,19.55447389,31.13866947,11.58419558,6.005113466,43.5,11.75,18.25,23.5,32.75,58.5
S000576,phase,full,4,0,146.75,200,53.25,19.2418814,47.91952227,63.44234818,15.52282591,2.361768514,35.25,11,38.75,79.5,82,118
S000577,phase,full,4,0,103,124.5,21.5,7.593857167,38.1955448,50.81081167,12.61526687,2.304687036,29.25,10,44.5,89.5,31,93.5
S000578,phase,full,4,0,83.5,90.25,6.75,14.08012784,53.37302532,58.26967804,4.896652722,7.208764244,35,9.5,7.5,25.5,16.5,73.75
S000579,phase,full,4,0,119,166.75,47.75,17.55704987,64.4152959,88.23480243,23.81950653,13.32229019,26.5,17.25,20,42.5,44,122.75
S000580,phase,full,4,0,60.5,99.75,39.25,6.238322424,32.23272934,43.69697198,11.46424264,5.175386132,27.25,9.25,19.75,34.5,45.5,54.25
S000581,phase,full,4,0,64.5,76.5,12,24.24871131,35.68835947,42.43454105,6.746181587,8.218118271,40.75,5.5,6.75,12.75,24,52.5
S000582,phase,full,4,0,81,104.75,23.75,7.274384281,35.93261321,60.95478727,25.02217406,3.429690312,34.5,8.75,7,27.25,50,54.75
S000583,phase,full,4,0,62,102,40,10.23067284,39.41895177,55.82010536,16.40115359,5.937951944,31.75,12.75,15,23.5,25.25,76.75
S000584,phase,full,4,0,71.75,97.5,25.75,7.041543391,36.80746763,50.27295119,13.46548356,4.674530927,34,11.25,9.25,22.25,26,71.5
S000585,phase,full,4,0,117.25,198,80.75,25.1180546,26.80827823,34.95995535,8.151677126,2.991179671,19,15.25,35.5,42.5,118.75,79.25
S000586,phase,full,4,0,101.25,128.5,27.25,2.872281323,61.99419672,96.63187497,34.63767825,3.183056918,28.75,9,15.5,17.25,31,97.5
S000587,phase,full,4,0,81.5,102.25,20.75,5.188127472,30.63507187,43.99788945,13.36281759,3.040608634,34,8.25,10.75,24,23,79.25
S000588,phase,full,4,0,95.25,101.25,6,13.49073756,48.22564894,51.12236147,2.896712525,5.347086198,34.5,10.25,11.5,24.5,19.5,81.75
S000589,phase,full,4,0,155.25,224.75,69.5,28.9194283,22.64394137,36.74758956,14.10364819,4.858308582,24.25,18.25,48.25,73.5,128.25,96.5
S000590,phase,full,4,0,54.75,76,21.25,13.40087062,31.94979657,44.56260787,12.6128113,7.261937965,36,12.75,14.25,13.25,23.25,52.75
S000591,phase,full,4,0,48.25,80.5,32.25,7.544313532,22.66896055,30.74902365,8.0800631,2.493631953,45.5,7.25,11.5,22.25,29.75,50.75
S000592,phase,full,4,0,113.5,154.25,40.75,6.994045086,59.01387553,94.40721123,35.39333571,9.698302153,30.5,13.75,28.75,41.5,41.5,112.75
S000593,phase,full,4,0,56,57.5,1.5,8.346656017,30.61131963,32.70737433,2.096054703,4.401949925,35.25,13.25,14.5,38,26.25,31.25
S000594,phase,full,4,0,63.25,94.75,31.5,7.85281266,30.4816795,40.30472393,9.823044434,4.232877525,45,7.25,14.25,53,36.75,58
S000595,phase,full,4,0,51.75,58.25,6.5,7.724420151,19.33541483,26.12657643,6.791161599,1.85081223,44,10,11,10,15,43.25
S000596,phase,full,4,0,85.5,102,16.5,17.93506807,26.48204681,30.51514375,4.033096937,4.059104782,37.75,9.5,8.75,20.5,28.5,73.5
S000597,phase,full,4,0,67.25,87,19.75,3.774917218,22.57030539,25.0409003,2.470594907,2.584605992,36.5,6.25,30.75,65.5,41.5,45.5
S000598,phase,full,4,0,162.75,232,69.25,17.21191448,23.11957097,34.13147324,11.01190227,1.714299195,24.25,20.25,56.25,111,153.75,78.25
S000599,phase,full,4,0,58.25,80.5,22.25,15.73478101,15.58480089,20.69261953,5.107818646,4.759459535,37.5,12.25,8.5,19.25,34,46.5
S000600,phase,full,4,0,68.25,91,22.75,14.33817748,36.11302838,56.435794,20.32276562,7.441224717,33.25,9.75,17.75,36.5,23,68
S000601,phase,full,4,0,71,96.75,25.75,21.45343795,20.61527529,28.715021,8.099745704,5.218072473,34.5,14,20.75,24.75,50,46.75
S000602,phase,full,4,0,87,118.25,31.25,11.8988795,13.9757254,19.78874424,5.813018838,1.96214404,40.25,6.5,14.5,23.5,67.75,50.5
S000603,phase,full,4,0,200.5,292.5,92,49.55804677,86.20651003,125.6035802,39.39707013,17.62158076,32.25,8.75,188,169.5,131.25,161.25
S000604,phase,full,4,0,46.25,58.25,12,4.242640687,35.56118515,43.80005938,8.23887423,2.519744047,20.75,11,10.75,31,9.5,48.75
S000605,phase,full,4,0,57.25,69.5,12.25,16.58061117,15.33391738,16.83191092,1.497993533,4.18519339,44.25,7.5,13.5,26.5,18.75,50.75
S000606,phase,full,4,0,88.25,113.25,25,12.24744871,24.46253478,40.65805558,16.19552081,5.417951703,42.25,9.25,18.75,35.5,41.5,71.75
S000607,phase,full,4,0,49.5,82.25,32.75,7.675719293,20.41206454,32.13899161,11.72692707,4.743091854,48.75,6.25,11.5,23,31.75,50.5
S000608,phase,full,4,0,77.5,102,24.5,19.08751774,26.74544807,36.613292,9.867843926,4.653984641,36.25,10.5,12.25,47.25,34.5,67.5
S000609,phase,full,4,0,171.75,185.75,14,7.571877794,71.07805309,89.20995982,18.13190674,2.156184724,23.75,12,24,60.5,45.25,140.5
S000610,phase,full,4,0,89,152.25,63.25,17.65172324,22.44596527,31.00711497,8.561149694,5.265969473,25,12.25,24.25,18.25,67.25,85
S000611,phase,full,4,0,89,114,25,14.30617582,49.44504241,55.84614077,6.401098364,5.614959147,24.25,8.5,14.75,14,33.25,80.75
S000612,phase,full,4,0,95.75,171.5,75.75,26.84989137,21.74876386,48.72360143,26.97483757,11.93337763,35,12.25,39.75,51,85,86.5
S000613,phase,full,4,0,73.25,84.5,11.25,10.56330125,30.72070789,40.38747675,9.666768861,3.753787991,34,16.75,10.25,14.5,35.25,49.25
S000614,phase,full,4,0,51.75,61.5,9.75,8.341662504,30.41245746,35.62731216,5.214854696,4.345662979,31.25,11.25,16.75,23,17.25,44.25
S000615,phase,full,4,0,53,77.75,24.75,6.448514041,32.93802901,41.000235,8.062205991,2.594525006,41.5,5.75,17,29.25,20,57.75
S000616,phase,full,4,0,95.5,153,57.5,11.81806527,47.28102848,62.1212857,14.84025722,3.299861767,34.25,10.75,54.75,97,59.75,93.25
S000617,phase,full,4,0,52.25,69.75,17.5,12.71482075,18.11097506,23.28337203,5.172396964,4.166960299,46,9.5,12.5,24.5,14.25,55.5
S000618,phase,full,4,0,47.5,53.25,5.75,6.652067348,19.22488274,23.98762447,4.76274173,2.901529502,48,5.75,10.5,6.75,12.25,41
S000619,phase,full,4,0,82,96.5,14.5,2.081665999,30.95751157,37.92725037,6.969738802,1.376421455,27.75,9.25,6.25,24.25,32,64.5
S000620,phase,full,4,0,43.5,44.75,1.25,4.573474245,11.58075462,13.25238136,1.671626743,0.8025864305,22,15,9.5,7.25,14.25,30.5
S000621,phase,full,4,0,79,123.75,44.75,10.21028893,41.29816427,70.37889544,29.08073117,9.077377212,28,16.75,51,58.75,45,78.75
S000622,phase,full,4,0,103.5,103,-0.5,17.54042949,51.35475605,66.08596108,14.73120503,10.18999038,41.25,11.75,27.5,24.75,22.5,80.5
S000623,phase,full,4,0,154.75,216.5,61.75,11.58663023,86.36764556,109.6854948,23.31784929,5.88742283,44,11.25,23,41.75,69.25,147.25
S000624,phase,full,4,0,73.25,82.5,9.25,6.34428877,18.65671011,24.96516409,6.308453972,1.422467067,25,6.75,5.25,20.75,30.75,51.75
S000625,phase,full,4,0,66.5,79.5,13,6.976149845,40.05222244,57.13510363,17.08288119,6.4791551,38.75,7.75,16.25,20.75,21.75,57.75
S000626,phase,full,4,0,52.75,64,11.25,4.787135539,33.56895002,45.08633537,11.51738535,0.6944648694,32.75,9.75,8.5,7,12.25,51.75
S000627,phase,full,4,0,51.75,72.75,21,10.67707825,14.50870016,19.7304338,5.221733645,0.778181588,21.25,9,9.25,17.25,20,52.75
S000628,phase,full,4,0,56.5,65.5,9,9.486832981,28.27781871,35.63891757,7.361098862,5.508427845,17.5,8.75,8.75,14.5,14,51.5
S000629,phase,full,4,0,107.5,125.5,18,8.906926144,46.66535293,68.93169856,22.26634563,5.841006825,22,15,28.5,27.5,45.5,80
S000630,phase,full,4,0,175.25,168.25,-7,14.23610434,79.5662387,88.01282038,8.44658168,5.16203389,50.25,6.25,40.5,44.5,54,114.25
S000631,phase,full,4,0,72.75,90.75,18,11.13552873,27.27418728,41.97329606,14.69910878,5.944720246,21.25,21.25,13,17.5,16,74.75
S000632,phase,full,4,0,57.75,77.75,20,9.899494937,33.6062544,48.79185708,15.18560267,6.611787523,42.25,8.5,29,22,17.75,60
S000633,phase,full,4,0,59,69.75,10.75,10.30776406,30.96998772,37.94325139,6.973263662,1.680297341,35.25,15,7.75,26.5,19.25,50.5
S000634,phase,full,4,0,70.5,119.25,48.75,22.94013949,32.11667697,48.75425626,16.63757929,6.641572947,27.5,7,36.75,43.5,60.25,59
S000635,phase,full,4,0,117.75,173.5,55.75,17.23127002,38.64715726,56.57477941,17.92762214,3.114362122,35,17.75,39.5,89.5,84.75,88.75
S000636,phase,full,4,0,93.25,113,19.75,7.93200269,45.55703238,49.78809288,4.231060499,3.548924658,43.25,10.5,24,30.5,40.5,72.5
S000637,phase,full,4,0,111.75,163,51.25,20.15564437,24.67437194,42.69617747,18.02180553,7.732575789,31.75,15.5,41.5,49,87.5,75.5
S000638,phase,full,4,0,50.25,61.5,11.25,6.751543034,14.54963135,20.44884246,5.899211106,1.541768251,43.75,12,10.5,22.5,23.75,37.75
S000639,phase,full,4,0,69,88.25,19.25,8.261355821,43.20624973,55.51246918,12.30621945,7.1700013,41,9,7.5,11.5,14.5,73.75
S000640,phase,full,4,0,163,186,23,31.37939876,69.00586262,82.45348905,13.44762643,13.24438557,19.75,14.25,24.5,98.75,56.75,129.25
S000641,phase,full,4,0,71.75,82.75,11,7.527726527,35.63774937,37.9998555,2.362106131,2.635341895,26,17.5,14.25,30,22.5,60.25
S000642,phase,full,4,0,117.5,151.25,33.75,27.30537188,48.58848678,71.72683241,23.13834563,11.55293469,38.5,4.5,19.25,33.5,28.25,123
S000643,phase,full,4,0,119,173.25,54.25,31.47882886,51.9992542,65.12912216,13.12986796,7.928554877,32.25,15.5,52,36.5,60.75,112.5
S000644,phase,full,4,0,87,115.75,28.75,8.460693431,23.3416851,33.80353819,10.46185308,3.704022135,39,12,14.25,29.25,50.5,65.25
S000645,phase,full,4,0,75.5,90.75,15.25,9.215023965,35.08866979,46.95509148,11.86642169,3.425507837,25.5,14,16.75,31.25,34,56.75
S000646,phase,full,4,0,71.25,101.5,30.25,10.1447852,26.55646122,33.31215197,6.755690756,2.02662231,45.5,9.25,16.5,44.5,41.5,60
S000647,phase,full,4,0,65,86,21,2.449489743,27.96512664,34.18567875,6.220552111,1.626494048,22.5,13.75,15,8.5,43.5,42.5
S000648,phase,full,4,0,55.75,65.75,10,9.831920803,24.35662754,27.09935544,2.742727902,4.646886314,48.25,6.5,17.5,36.75,13.25,52.5
S000649,phase,full,4,0,63.75,75.75,12,4.898979486,16.41877332,22.06979675,5.651023427,0.5701982897,41.75,3,8.75,12,19.25,56.5
S000650,phase,full,4,0,58,69.75,11.75,8.180260795,26.95180319,42.49174786,15.53994468,2.180165707,41.5,12.25,6,5.75,14.5,55.25
S000651,phase,full,4,0,55.75,64,8.25,10.4363148,19.72754081,27.52734226,7.799801459,2.488042392,45.25,10,9.25,15.25,21,43
S000652,phase,full,4,0,78.5,105.75,27.25,13.20037878,24.24524335,28.52051978,4.275276431,2.81393611,33.25,5.75,11.75,23.5,48,57.75
S000653,phase,full,4,0,54.5,65.75,11.25,5.560275773,15.11857503,16.57882954,1.460254515,0.6768497003,29.5,16.25,12.25,23.25,28,37.75
S000654,phase,full,4,0,71.5,71.5,0,15.85349593,25.91271079,34.74292516,8.830214371,7.351046687,34.5,14.5,11.5,15.75,33.25,38.25
S000655,phase,full,4,0,49.25,54.5,5.25,5.909032634,23.14935078,27.76501537,4.61566459,2.55424537,30.75,10.25,6.75,11.75,14.5,40
S000656,phase,full,4,0,66.75,136.25,69.5,15.80084386,22.33738465,41.5865843,19.24919966,3.250797466,35.75,10.75,49,61.25,48,88.25
S000657,phase,full,4,0,89,85,-4,5.715476066,32.49812843,30.12674885,-2.371379588,2.246910085,39.75,13.75,15.5,49,19.5,65.5
S000658,phase,full,4,0,49,65.25,16.25,8.61684397,22.84249872,29.4607954,6.618296678,4.21085277,36.5,7.25,4.25,8.25,7.25,58
S000659,phase,full,4,0,93.5,105.5,12,8.831760866,26.32504804,36.54690836,10.22186032,2.239722587,37.5,11.25,11.25,17,35.5,70
S000660,phase,full,4,0,74.25,89.25,15,15.68438714,34.05992832,45.23016468,11.17023637,6.763716719,19.5,8,21,25.25,28.75,60.5
S000661,phase,full,4,0,81.75,137,55.25,16.87947472,30.21133774,55.40469781,25.19336006,8.209386341,40.25,12.5,36.5,38,60.75,76.25
S000662,phase,full,4,0,89.75,145.25,55.5,26.18523757,14.52616793,25.59674261,11.07057468,5.320633924,30.75,15.5,52.5,52.25,88,57.25
S000663,phase,full,4,0,59,68.25,9.25,11.17661249,22.92002541,29.89253843,6.972513014,3.105007173,40.5,7.25,9.5,11.75,25.5,42.75
S000664,phase,full,4,0,73.75,102.25,28.5,14.75353065,25.46627643,36.13421039,10.66793397,4.344772865,39,8.25,11,27.5,43.5,58.75
S000665,phase,full,4,0,46.75,56.25,9.5,8.020806277,14.81486011,18.99671574,4.181855629,2.505444576,46.5,4,4.75,11.25,20.25,36
S000666,phase,full,4,0,183.75,295.75,112,47.68647607,52.99617961,84.38500674,31.38882713,9.682595232,25.75,13,65.25,78,90.25,205.5
S000667,phase,full,4,0,54,77,23,7.615773106,20.0389819,32.28800185,12.24901995,4.300822077,33,10.25,15.75,27.25,40,37
S000668,phase,full,4,0,40.5,51.5,11,5.715476066,17.00976733,24.29744063,7.287673308,1.57661126,50.25,6.25,7.25,10.5,11.25,40.25
S000669,phase,full,4,0,106.25,164.25,58,12.30176139,73.58758717,121.8559647,48.26837758,11.55030135,22,19.25,30.75,35,41,123.25
S000670,phase,full,4,0,81.75,97.75,16,8.906926144,19.57811754,24.894328,5.316210467,1.917204606,27.25,17,32,30,46.5,51.25
S000671,phase,full,4,0,48.5,65.25,16.75,13.72042273,28.36380373,37.97822732,9.614423587,6.120239724,37.75,14.25,7.75,13.5,14.25,51
S000672,phase,full,4,0,99,105.5,6.5,11.8462371,31.23960628,31.13787329,-0.1017329893,2.224573616,41,13.5,9.75,17.75,45.75,59.75
S000673,phase,full,4,0,97.25,115,17.75,8.539125638,35.49698822,43.43471553,7.937727313,7.067087719,18.5,10.5,12.25,45.25,51.75,63.25
S000674,phase,full,4,0,120.25,129,8.75,5.315072906,34.2893513,37.19204148,2.902690186,3.310042594,19.5,12,11.25,24.75,63.5,65.5
S000675,phase,full,4,0,85.5,137.5,52,10.16530045,49.85403457,102.7062034,52.85216885,3.900379753,40.75,13.25,39.75,48.25,39.75,97.75
S000676,phase,full,4,0,93.25,104.25,11,14.11854572,63.73958915,86.75677675,23.0171876,9.00212211,22.25,15.5,8.5,12.25,20.5,83.75
S000677,phase,full,4,0,54.5,65.75,11.25,9.178779875,37.17029234,48.36330328,11.19301093,7.252805502,38,8,5.75,17.75,17.75,48
S000678,phase,full,4,0,50.25,58.5,8.25,5.439056291,21.93582472,22.45263686,0.5168121446,1.38162991,41.5,8.75,11,22.25,14.25,44.25
S000679,phase,full,4,0,157.75,199.75,42,8.485281374,55.46419724,73.32954454,17.8653473,8.335428571,29,19.5,28,58.5,74.25,125.5
S000680,phase,full,4,0,50.25,65.25,15,4.966554809,21.13526951,25.91281389,4.777544385,2.679083914,23,9,7.75,9.5,12.5,52.75
S000681,phase,full,4,0,95,108,13,5.944184833,35.58052217,45.47491149,9.894389321,5.95264459,38,14.25,14.25,20.5,58,50
S000682,phase,full,4,0,195.75,250,54.25,9.287087811,120.9265903,145.159175,24.23258468,4.470589446,25.75,17.75,29.5,50.5,66.25,183.75
S000683,phase,full,4,0,36,40,4,8.86942313,11.78321895,13.74794572,1.964726769,2.337831618,42.25,5.75,3,10,15.25,24.75
S000684,phase,full,4,0,118.75,147.25,28.5,25.48855953,21.37963008,23.75595731,2.376327231,2.015829695,27,16,41.5,105.75,96.5,50.75
S000685,phase,full,4,0,44.25,58.75,14.5,1.732050808,12.34064877,16.23313652,3.892487747,1.445220265,34,11,9,12.75,13.75,45
S000686,phase,full,4,0,121.75,140,18.25,9.673847907,46.05172211,67.92683562,21.87511351,6.874583428,34.5,11.25,11.75,25.5,26,114
S000687,phase,full,4,0,80.25,139.75,59.5,12.79322737,33.63236629,50.95015846,17.31779217,9.246750919,36,11.75,26,31.5,48.75,91
S000688,phase,full,4,0,96,112.5,16.5,6.454972244,42.04270631,60.97042352,18.9277172,3.567531826,43,7,27.25,48.75,27.75,84.75
S000689,phase,full,4,0,51.25,60.5,9.25,6.551081336,20.48093204,25.08025266,4.599320621,0.9562115988,43.25,7.75,9.5,10.25,11,49.5
S000690,phase,full,4,0,60.75,70.25,9.5,6.8556546,35.91096793,50.24258454,14.3316166,4.028531,40,5.25,11,17,11.75,58.5
S000691,phase,full,4,0,55,63.5,8.5,5.066228051,37.14212227,41.7239739,4.581851624,3.976970149,35.75,7,18.25,29.5,13.75,49.75
S000692,phase,full,4,0,43,54.5,11.5,8.426149773,15.4952335,21.63181187,6.13657837,6.110828668,33,7.5,9.25,31.75,25.25,29.25
S000693,phase,full,4,0,94.25,120.25,26,11.16542282,22.47809056,30.05580247,7.577711917,4.099912525,16,12,30.25,40,63.5,56.75
S000694,phase,full,4,0,63.75,102.75,39,18.6726181,31.44106489,45.2776092,13.83654431,10.83859384,47.25,8,44.5,58,35.25,67.5
S000695,phase,full,4,0,142.25,175.25,33,24.80591327,25.72912197,26.93028422,1.201162251,6.113642833,39.75,14.75,25.75,57.75,115.25,60
S000696,phase,full,4,0,53.25,84.5,31.25,13.20037878,20.77898017,34.66690587,13.8879257,5.838539532,40.25,5.25,18.75,25.75,34.5,50
S000697,phase,full,4,0,61.75,86.25,24.5,3.415650255,23.6299586,35.99583472,12.36587612,3.159762818,41,11.5,20.75,40.25,22.5,63.75
S000698,phase,full,4,0,68.75,81.25,12.5,6.137317547,29.01951983,35.7406382,6.72111837,4.890715075,43,5,10.75,18.75,29.75,51.5
S000699,phase,full,4,0,61.75,86,24.25,10.81280106,22.42925948,32.73944135,10.31018186,4.579604945,34.5,11.5,11.75,16.5,36.5,49.5
S000700,phase,full,4,0,90.75,125,34.25,9.10585892,42.61915099,47.35437552,4.735224533,2.275980349,44.25,10,12.75,39.25,68.25,56.75
S000701,phase,full,4,0,33.75,45.75,12,14.44529912,14.48561437,23.82733279,9.341718417,7.842595566,42.5,12.25,6.25,14.25,13.5,32.25
S000702,phase,full,4,0,43.5,46,2.5,5.567764363,20.81279445,23.23778476,2.424990308,2.495880375,40,9.75,6,7.5,13.25,32.75
S000703,phase,full,4,0,96,122.75,26.75,23.57081529,50.39574603,79.74475285,29.34900683,9.545260774,32.75,7.25,16.25,53.5,35.5,87.25
S000704,phase,full,4,0,83,87.5,4.5,3.872983346,37.97367211,42.29332619,4.319654086,2.910716263,30.5,10.5,26.5,32,27.25,60.25
S000705,phase,full,4,0,81,110.5,29.5,29.82728058,49.09452508,60.92374225,11.82921717,8.25863714,16,8.75,16.25,32,40.5,70
S000706,phase,full,4,0,101.25,128,26.75,19.53415812,55.16028144,75.56423211,20.40395067,21.5697713,36.25,10.5,30.25,30.75,46.75,81.25
S000707,phase,full,4,0,58.75,63,4.25,7.365459931,16.25914976,17.79073388,1.531584126,1.472290627,47,6,1.75,4.75,16.25,46.75
S000708,phase,full,4,0,84.75,119,34.25,6.898067362,31.41976504,37.04993272,5.630167675,4.260454366,17.5,12,16.5,28,51.5,67.5
S000709,phase,full,4,0,127.5,269.25,141.75,40.92574577,69.41995034,135.3161067,65.89615633,20.21149407,24.25,11,131.25,114,101.75,167.5
S000710,phase,full,4,0,119.25,161,41.75,16.87947472,31.55094528,42.07528244,10.52433715,4.273317641,40.75,9.75,70,67.5,86.75,74.25
S000711,phase,full,4,0,128.25,164.5,36.25,13.42572158,50.18607691,75.62858378,25.44250687,5.202067213,36.5,15.75,41.75,48.75,40.75,123.75
S000712,phase,full,4,0,123.25,202.75,79.5,35.55746523,70.41883075,116.9784072,46.55957642,13.59593693,27.25,13,46,48.5,61,141.75
S000713,phase,full,4,0,113,136.25,23.25,13.02241657,27.51423934,37.03632842,9.522089076,5.591067713,42,12.75,32.75,33.5,50.5,85.75
S000714,phase,full,4,0,51.25,56.5,5.25,12.01041215,17.90715694,18.59408514,0.6869281978,4.019582838,27.25,6.25,7.25,8.5,24,32.5
S000715,phase,full,4,0,45,61,16,10.55146119,14.93386223,21.30904283,6.375180605,1.510500384,36.5,6.25,8,13,19.25,41.75
S000716,phase,full,4,0,86,104,18,15.03329638,24.2137761,33.56020627,9.34643017,3.151789944,41.25,8.25,6.25,14.5,37,67
S000717,phase,full,4,0,61.75,68.75,7,5.354126135,28.89006773,35.0655267,6.175458966,2.226635396,30.5,17.25,18,21.75,27.75,41
S000718,phase,full,4,0,91.75,145.5,53.75,13.20037878,44.62413088,65.23747889,20.61334801,7.161555742,40,9,33.5,24.5,76.5,69
S000719,phase,full,4,0,66.5,76.75,10.25,14.05643388,12.10628175,14.08194886,1.975667106,1.430340426,29.75,17,21.75,41.75,41.25,35.5
S000720,phase,full,4,0,97,130,33,18.79716291,37.7979504,64.39172486,26.59377446,7.979401645,34.25,12.5,17.75,18,43.5,86.5
S000721,phase,full,4,0,86.5,114.5,28,16.0623784,32.47720287,49.49320166,17.01599879,8.749369295,41.75,8,12.75,17,36.75,77.75
S000722,phase,full,4,0,80.75,127.25,46.5,26.45121295,35.02042805,47.75387264,12.7334446,13.38158382,40.75,7.75,25.5,53,50,77.25
S000723,phase,full,4,0,77.5,97.5,20,16.39105447,41.72952065,55.83540104,14.10588039,8.56468312,39.25,11.75,14.25,44.75,42,55.5
S000724,phase,full,4,0,52,73.5,21.5,4.932882862,12.29131909,16.523247,4.231927916,3.075408342,42.75,7.75,17.5,18.5,31.5,42
S000725,phase,full,4,0,43,56.5,13.5,2.081665999,18.10223928,24.74494776,6.642708483,3.329597842,38.5,7,6,18,23,33.5
S000726,phase,full,4,0,139,170.25,31.25,16.29672769,50.89652614,71.17373146,20.27720532,4.6375267,43.75,8,20,28.25,78.25,92
S000727,phase,full,4,0,50,88.25,38.25,18.13605984,15.91928111,25.24539826,9.326117148,3.81648303,37,9,7.5,13,22.5,65.75
S000728,phase,full,4,0,64.5,78,13.5,8.22597512,18.79894975,25.94105742,7.142107664,4.255708952,32.75,6.25,5.25,12,41.75,36.25
S000729,phase,full,4,0,122.75,152,29.25,7.889866919,79.86227757,102.7641114,22.90183385,13.22544398,29.75,10.5,15.25,23.75,31.5,120.5
S000730,phase,full,4,0,68.75,89.75,21,13.4412301,16.48854926,17.83667986,1.348130595,3.247176001,33.25,8.25,13,28.5,52.75,37
S000731,phase,full,4,0,55.25,69.75,14.5,4.509249753,22.95059995,27.77571046,4.825110515,1.799706567,40,12.5,13.25,17.5,14,55.75
S000732,phase,full,4,0,87.25,102.5,15.25,5.909032634,33.67762435,46.53928402,12.86165967,0.9196439618,29.25,17.25,24,25.75,26.75,75.75
S000733,phase,full,4,0,54.75,83.75,29,8.831760866,17.06599928,26.54456266,9.478563375,2.204469863,37.5,8.5,11.5,12.5,26,57.75
S000734,phase,full,4,0,70.75,82.5,11.75,10.1447852,34.14865826,35.50605226,1.357393999,7.245785462,39,6.25,11.25,21,20.5,62
S000735,phase,full,4,0,97.5,122,24.5,5.802298395,32.3193104,43.59727175,11.27796135,4.490708499,28,7.25,9,33.5,26,96
S000736,phase,full,4,0,72,78,6,15.51343504,26.05362693,33.54471334,7.491086409,6.214492442,41.75,8.75,31.25,33.75,29,49
S000737,phase,full,4,0,66.25,82.75,16.5,4.358898944,25.50241552,30.03123678,4.528821269,1.394850326,37.5,15.5,20.75,24,25.5,57.25
S000738,phase,full,4,0,107.25,139.25,32,13.88044188,56.81841118,71.81535258,14.99694141,11.28255918,37.25,8.25,50.75,34.25,61,78.25
S000739,phase,full,4,0,94.25,197,102.75,48.47937706,33.30028158,64.04858851,30.74830693,13.72259339,45.25,6.75,92.5,101,106.25,90.75
S000740,phase,full,4,0,58.5,85,26.5,15.15475723,33.36040801,50.80148489,17.44107688,7.516775162,45,8.5,11.25,23.5,26.75,58.25
S000741,phase,full,4,0,61,92.25,31.25,8.808140174,27.30949556,39.20649491,11.89699935,6.01513528,41.75,8.25,14.75,20.25,33.75,58.5
S000742,phase,full,4,0,107.25,121.25,14,6.92820323,63.91577525,65.73245109,1.816675842,3.22477431,33.75,11.25,20.5,30.25,37.25,84
S000743,phase,full,4,0,82.5,122,39.5,24.41993721,42.16766377,48.54862952,6.380965748,7.540161876,32.75,9.25,11.5,26,63,59
S000744,phase,full,4,0,60.75,88.75,28,17.02938637,16.94799786,21.7480644,4.800066546,2.490079965,36.75,11.75,14.75,12.5,32.75,56
S000745,phase,full,4,0,62,85,23,6.377042157,18.77095063,27.71011163,8.939160998,1.236217647,40.25,12,25.5,29,32.5,52.5
S000746,phase,full,4,0,107.5,123.75,16.25,7.762087348,41.81503934,49.62046381,7.805424476,4.149781002,30.75,16.5,16.5,21.5,26.75,97
S000747,phase,full,4,0,71.5,85,13.5,9.255628918,51.57415974,64.80854027,13.23438054,6.707109145,43.75,5.5,12.5,26.75,20,65
S000748,phase,full,4,0,67.75,76,8.25,4.573474245,21.69075296,26.86070754,5.169954578,2.748599656,34.75,15,7.5,18.25,32,44
S000749,phase,full,4,0,106.5,191.5,85,23.50886358,55.4990257,94.51807334,39.01904764,9.64835765,38.5,7,60,38,84.5,107
S000750,phase,full,4,0,61.5,73.25,11.75,1.5,18.68326685,18.55931618,-0.1239506711,1.905935901,27.5,9.5,7.25,14.5,28.5,44.75
S000751,phase,full,4,0,75,88,13,7.118052168,38.49409549,45.80564943,7.311553935,3.085639222,34.75,5.5,7.25,12.5,16.25,71.75
S000752,phase,full,4,0,69.75,87.75,18,9.38083152,39.80208744,62.63854792,22.83646047,3.113563203,34.5,11.75,13,14,22.75,65
S000753,phase,full,4,0,93,114.25,21.25,12.28481447,23.79142794,22.62588156,-1.165546378,2.518709745,42.5,7.75,8.75,35,54,60.25
S000754,phase,full,4,0,115.25,123.5,8.25,15.86137867,42.73042393,55.38610516,12.65568123,8.201060233,23.5,11.5,14.25,27.25,47,76.5
S000755,phase,full,4,0,88,85,-3,10.45625809,27.63441902,28.53288154,0.8984625145,3.452575695,31.5,8.25,14,15.75,24.25,60.75
S000756,phase,full,4,0,109.75,122.5,12.75,6.701989754,45.7209293,60.71232555,14.99139625,5.46594018,38.75,6,18.25,29.25,27.25,95.25
S000757,phase,full,4,0,40.5,63,22.5,12.12435565,19.33539373,31.48998416,12.15459043,4.600525609,41.75,11.25,10,19.75,18,45
S000758,phase,full,4,0,124.25,205.5,81.25,19.98958062,38.31775562,51.61479596,13.29704034,5.462389523,38,15.75,23.5,36.5,119.25,86.25
S000759,phase,full,4,0,54.5,53.5,-1,3.366501646,14.69711428,14.7067287,0.00961441169,1.1440702,37.25,13.75,18,26.5,24,29.5
S000760,phase,full,4,0,66.75,80.25,13.5,13.77195217,34.8580659,37.74294872,2.884882826,3.368185169,43.5,10.5,10.25,14.5,21.5,58.75
S000761,phase,full,4,0,81.5,87,5.5,7.549834435,28.41260027,28.3242375,-0.0883627671,1.746933057,44,9,11,23,24,63
S000762,phase,full,4,0,72.5,118,45.5,20.174241,19.69226715,27.12845717,7.436190016,4.540642362,27.5,17.25,20.75,27.75,59.5,58.5
S000763,phase,full,4,0,63.75,68.25,4.5,11.32843031,30.35569805,34.45995843,4.104260372,5.875848232,38,13,22.75,32.25,23.75,44.5
S000764,phase,full,4,0,48,63,15,4.760952286,10.42651124,15.32984979,4.90333855,2.470101247,34.25,8.5,11.75,24.75,25.25,37.75
S000765,phase,full,4,0,48,51,3,6.831300511,11.62091838,16.93683405,5.31591567,1.974622145,34,4.25,3.75,10.5,10.75,40.25
S000766,phase,full,4,0,81.5,110,28.5,19.62141687,24.8397384,36.12122796,11.28148956,4.406732291,39.5,12.5,22.5,55.75,55.25,54.75
S000767,phase,full,4,0,48.25,56.5,8.25,5.737304826,18.91513851,21.54968978,2.634551272,1.50667594,36.75,9.75,6.25,14,8.5,48
S000768,phase,full,4,0,64,60.75,-3.25,8.539125638,26.66536708,31.76038311,5.095016035,4.577410752,43,10.5,6.25,18.5,14,46.75
S000769,phase,full,4,0,93.5,148.75,55.25,24.30877756,34.55793404,52.8283266,18.27039255,9.719031952,21.25,11.75,24.25,26,90,58.75
S000770,phase,full,4,0,164.5,258.5,94,26.31856126,56.70967308,106.9504039,50.24073078,12.26207748,32,8.5,68.75,58.5,110,148.5
S000771,phase,full,4,0,55.75,72.5,16.75,1.5,26.56834459,40.00379125,13.43544666,6.804790534,36.25,16,16.25,30.5,32.75,39.75
S000772,phase,full,4,0,78.25,108,29.75,12.28481447,38.58337114,57.25137913,18.668008,8.966830606,18.75,13.25,16.25,37.25,38.25,69.75
S000773,phase,full,4,0,157,254.5,97.5,36.57412564,80.73243403,161.0337558,80.30132176,29.14441779,34,13.75,61.25,108.75,96.5,158
S000774,phase,full,4,0,161.5,182.75,21.25,27.52423175,40.03741916,48.64170901,8.604289847,6.08667641,26.5,12.5,24.5,17.25,72.5,110.25
S000775,phase,full,4,0,60,77,17,13.90443574,19.17697301,27.86822334,8.691250337,6.859490461,35.5,13.25,19.75,24.5,28,49
S000776,phase,full,4,0,95,92.25,-2.75,8.421203398,23.5920294,29.74144883,6.149419425,2.147573964,24,11.75,21.5,32,20.25,72
S000777,phase,full,4,0,63.25,85.5,22.25,12.06579187,18.91876386,30.62529581,11.70653196,4.453503513,45,10.5,12.75,20.5,23.5,62
S000778,phase,full,4,0,58,64.75,6.75,13.42572158,28.67834072,34.03810679,5.359766072,3.414259507,31.5,7.75,13,25.75,19.5,45.25
S000779,phase,full,4,0,92.25,122.75,30.5,15.50268794,27.4702589,37.78175365,10.31149475,4.433221819,42.75,9.5,16.75,80.5,26.25,96.5
S000780,phase,full,4,0,131.75,192,60.25,61.8405207,50.86334529,74.79686967,23.93352439,22.78483539,32.25,13.75,41,79.25,116,76
S000781,phase,full,4,0,79.75,113,33.25,26.17091261,28.15019149,38.27577919,10.1255877,8.977583121,42,7,17.75,37,52.5,60.5
S000782,phase,full,4,0,72,79.5,7.5,14.6628783,21.06945054,29.98157045,8.912119909,3.708851202,40.5,9.25,23.5,46.75,26,53.5
S000783,phase,full,4,0,144,329.5,185.5,67.13915897,33.74457709,66.79214467,33.04756758,10.08421517,21.75,11.5,52.25,78.25,181,148.5
S000784,phase,full,4,0,114.25,147.5,33.25,24.67623688,79.26338163,91.30017127,12.03678964,14.5251709,37.25,11,20.25,36,33,114.5
S000785,phase,full,4,0,125.75,171.5,45.75,22.24672261,43.51078388,53.65046807,10.1396842,1.951451513,39.75,6,28,28.5,56.25,115.25
S000786,phase,full,4,0,119.5,182.5,63,27.14160398,65.23017988,120.3355837,55.1054038,21.19186944,41.75,13,31,67,50.75,131.75
S000787,phase,full,4,0,128.5,213.25,84.75,8.180260795,56.2928561,99.85863244,43.56577634,4.603883147,24.25,16,56.25,86.25,88.25,125
S000788,phase,full,4,0,91.5,122.25,30.75,5.737304826,21.32836462,41.13760775,19.80924313,2.249824849,39,7.5,14.5,23,38.25,84
S000789,phase,full,4,0,71.25,65.25,-6,6.164414003,35.57891791,31.85087958,-3.728038334,1.902055251,31.75,9.75,3,17.25,18.75,46.5
S000790,phase,full,4,0,74,104.5,30.5,12.39623599,35.47907841,58.74647553,23.26739712,4.477477776,31,13.25,13.75,28,33.25,71.25
S000791,phase,full,4,0,76.5,105.25,28.75,8.30160627,23.22792773,27.87364741,4.645719678,2.550492149,40.5,11.25,10.5,13.75,28.75,76.5
S000792,phase,full,4,0,54.25,70.75,16.5,5.916079783,24.32096422,33.67453213,9.353567911,7.338091877,22.25,16,9.5,16.25,32,38.75
S000793,phase,full,4,0,63.25,66.25,3,10,24.32906748,28.45738693,4.128319449,4.730096199,26,18.25,14.25,33.25,26,40.25
S000794,phase,full,4,0,58.5,90.5,32,8.831760866,17.6064352,25.1671961,7.560760899,2.725345508,34.5,9.25,17.25,16.75,22,68.5
S000795,phase,full,4,0,105,139.75,34.75,19.20720351,62.77547673,97.58353651,34.80805978,10.53995248,26.25,13,18.25,14.75,47.25,92.5
S000796,phase,full,4,0,85.5,127.25,41.75,11.17661249,39.88250955,63.22651161,23.34400207,5.234518084,38.5,7.25,14.75,33.75,33.5,93.75
S000797,phase,full,4,0,85,98.5,13.5,6.350852961,51.1583346,61.8191175,10.6607829,5.868676411,38.75,7.25,14.5,46.5,31,67.5
S000798,phase,full,4,0,75,90.5,15.5,9.327379053,48.1586606,72.04378243,23.88512183,5.496570896,29.25,12.25,14,39,18.5,72
S000799,phase,full,4,0,97.25,156.25,59,12.72792206,50.04246331,84.93925151,34.89678819,10.27746633,31.75,16.25,62.75,72.5,65.25,91
S000800,phase,full,4,0,85,106.75,21.75,24.95829855,37.88022524,49.8640712,11.98384596,12.07798926,38.5,15,19.5,42.25,39.75,67
S000801,phase,full,4,0,47.75,69.75,22,6.831300511,25.26359948,31.09733755,5.833738069,2.762016286,26.5,11.25,9.5,15,36.25,33.5
S000802,phase,full,4,0,105.75,146.5,40.75,39.05871648,27.15345604,35.75169604,8.598240004,7.626057695,29.5,13.25,43.25,49.75,48.5,98
S000803,phase,full,4,0,62.5,69,6.5,8.736894948,17.26222143,18.4349072,1.172685772,1.364154112,38.25,12.25,8.5,9,29,40
S000804,phase,full,4,0,117.25,229.75,112.5,85.2545209,62.53884043,102.7490041,40.21016365,37.64400274,29.25,13,46.5,69.75,68.5,161.25
S000805,phase,full,4,0,74.5,96,21.5,3.511884584,37.41813738,62.89304285,25.47490548,6.877249622,34.5,16,17,15,38,58
S000806,phase,full,4,0,145,227,82,18.12916619,29.13501044,40.26098338,11.12597294,6.345185888,22.75,12,25.75,64.5,106,121
S000807,phase,full,4,0,53.25,88.75,35.5,9.949874371,28.28830486,56.55621786,28.267913,8.688354129,47.75,7.5,15.75,23.5,29,59.75
S000808,phase,full,4,0,75.5,99.75,24.25,11.70113955,36.64886237,60.10730439,23.45844201,3.214836144,42,6.5,17,22.25,32.5,67.25
S000809,phase,full,4,0,90,151.5,61.5,25.37058664,18.75158189,21.23004098,2.478459085,3.25269654,37.75,10.25,71.5,97.75,91.5,60
S000810,phase,full,4,0,82.5,89.5,7,2.708012802,36.40601723,39.57261836,3.166601126,2.202128833,38,13,9.25,12.5,25,64.5
S000811,phase,full,4,0,76.5,116.5,40,12.1380943,21.73859638,34.0438407,12.30524432,5.234551932,32.25,16.25,19.75,20.75,56.5,60
S000812,phase,full,4,0,215.5,473,257.5,120.9779594,71.51704533,128.1357592,56.61871389,16.614286,27.75,9,272.25,250,330.5,142.5
S000813,phase,full,4,0,46,77.75,31.75,2.5,23.6117255,40.35317899,16.74145349,1.933579123,40,9.5,10,16.25,14,63.75
S000814,phase,full,4,0,229.75,446.5,216.75,54.97499432,97.78497996,162.5100609,64.72508089,19.94822733,30.5,16.75,122,191,209.5,237
S000815,phase,full,4,0,105.25,120.75,15.5,16.76305461,35.69995088,44.98115997,9.281209091,3.538825804,26.75,11.75,18.25,21.75,34.75,86
S000816,phase,full,4,0,73,81.5,8.5,12.76714533,27.53286538,34.17586409,6.642998715,3.131622272,19,11.75,8.5,17,27.25,54.25
S000817,phase,full,4,0,119,130.75,11.75,10.21028893,49.81771465,63.27881764,13.46110299,5.612446014,35.75,13.5,20.25,31,67.25,63.5
S000818,phase,full,4,0,92.25,105,12.75,6.291528696,27.62274968,28.90749648,1.284746801,1.82363777,43.5,8,8,15,21,84
S000819,phase,full,4,0,63.25,101,37.75,19.63627595,18.65554424,26.47855122,7.823006981,5.573009937,31,10.75,21,19.75,55.5,45.5
S000820,phase,full,4,0,53.75,65.75,12,3.651483717,24.81230261,30.92327725,6.110974638,2.404178273,35.5,7.25,6.75,8.25,30.25,35.5
S000821,phase,full,4,0,84.5,93.25,8.75,9.569918147,37.53701983,39.90452489,2.367505056,2.848816355,31,6,13.25,40,29.75,63.5
S000822,phase,full,4,0,70.75,79,8.25,6.238322424,17.98113628,20.74692143,2.765785148,0.6533798352,20.25,11.75,34.75,62.5,33.75,45.25
S000823,phase,full,4,0,54,64.25,10.25,4.573474245,15.27942918,19.7107102,4.431281026,2.192261364,28.5,13.25,15.25,18.75,27.5,36.75
S000824,phase,full,4,0,57,71,14,7.745966692,14.83091507,22.06367431,7.23275924,2.345895362,36,15,14.5,25.75,35.25,35.75
S000825,phase,full,4,0,73.75,102.5,28.75,17.96988221,46.99221829,54.85307352,7.860855238,10.07303842,26.25,7.75,20.75,13.75,30.25,72.25
S000826,phase,full,4,0,74.5,103.5,29,16.02081979,29.16124441,34.85631396,5.695069553,4.262693898,33,12.75,24.25,26,34.25,69.25
S000827,phase,full,4,0,135,143,8,18.95608961,63.19204909,81.04265439,17.8506053,8.144755864,30,17.25,20.5,40.75,50.25,92.75
S000828,phase,full,4,0,78,93.75,15.75,10.87428159,44.12659466,46.35617633,2.229581669,5.848475628,42,14.25,13,13.5,16,77.75
S000829,phase,full,4,0,135.5,153,17.5,6.8556546,74.1306656,85.18980557,11.05913998,1.865047111,30.25,11.5,19.25,44.5,35.25,117.75
S000830,phase,full,4,0,104.25,189.5,85.25,16.93861466,31.43819118,68.38108913,36.94289795,8.084322525,35,10,21.75,56.5,50.25,139.25
S000831,phase,full,4,0,67.5,122.25,54.75,33.85631403,35.80843568,69.23006603,33.42163035,19.81940807,33.25,10.75,45.25,88.5,52.5,69.75
S000832,phase,full,4,0,68.25,79,10.75,6.652067348,29.81764778,31.25390034,1.436252564,3.83333486,34.75,12.25,6.25,19.25,22.75,56.25
S000833,phase,full,4,0,68,84.25,16.25,8.015609771,27.66865699,32.74841867,5.079761683,5.410647402,32.75,10,17.5,16.25,23.5,60.75
S000834,phase,full,4,0,104,146,42,19.79898987,28.29957142,49.81060172,21.51103029,7.248887638,24.5,18.75,31.5,53.25,66,80
S000835,phase,full,4,0,70.25,76.25,6,8.524474568,18.68477493,19.84709794,1.162323012,1.263753592,37,7.25,16.75,11.25,29,47.25
S000836,phase,full,4,0,77.75,88.75,11,4.546060566,27.721621,28.95583156,1.234210555,4.22045304,41.75,14.5,17.5,30.25,47,41.75
S000837,phase,full,4,0,60,91.5,31.5,18.3757086,17.37569349,27.85064237,10.47494889,6.700156101,43,10,16.75,68.5,40.5,51
S000838,phase,full,4,0,176,195.25,19.25,22.51480994,70.23788615,90.9569923,20.71910614,9.920623453,22,14.25,66.25,103,94.75,100.5
S000839,phase,full,4,0,124.5,181.25,56.75,16.5,50.08692523,84.54775379,34.46082856,9.434335643,27.25,20.25,26.25,44,48.25,133
S000840,phase,full,4,0,91,98.25,7.25,21.31314149,38.42905119,44.78286338,6.353812189,7.731156309,39,9,10.5,31.25,25,73.25
S000841,phase,full,4,0,75.75,125.25,49.5,10.40833,19.81725263,25.81081094,5.99355831,2.2863839,28.5,19.5,39.5,57,52.75,72.5
S000842,phase,full,4,0,57,78.75,21.75,7.410578025,37.8755598,45.63371226,7.758152455,2.875155056,37,14.75,7.25,15.25,20,58.75
S000843,phase,full,4,0,53.5,68,14.5,5.802298395,14.0076496,22.16934811,8.161698515,1.042639453,26.25,19.75,10,13.75,17.25,50.75
S000844,phase,full,4,0,90.75,114.5,23.75,14.43086969,37.94584218,47.12115255,9.175310375,6.21631108,46.25,5.75,29.25,37.75,64.5,50
S000845,phase,full,4,0,74.5,82.75,8.25,9.03234927,54.42889304,66.59559484,12.1667018,7.659337391,37.75,13.5,13.5,29,16.25,66.5
S000846,phase,full,4,0,96.25,133.5,37.25,32.58194797,42.37358656,76.70751623,34.33392966,23.41844774,27.75,9.25,9,17.5,48.75,84.75
S000847,phase,full,4,0,67.75,73.5,5.75,9.358596761,13.50229981,17.64591128,4.143611478,2.027667855,40,7,22.75,22.25,33.75,39.75
S000848,phase,full,4,0,86.25,168,81.75,36.36275567,32.16022748,64.5579809,32.39775342,16.54431117,33.5,9,19,35.5,57.5,110.5
S000849,phase,full,4,0,132.5,167.25,34.75,18.64358692,59.57964566,66.01403635,6.43439069,8.62551679,35.25,13.75,35.5,45.5,61,106.25
S000850,phase,full,4,0,72.25,107.75,35.5,9.146948489,20.83359113,31.05042737,10.21683624,6.029154637,38,11,19.5,52.75,57.75,50
S000851,phase,full,4,0,86.75,113,26.25,23.12826554,30.85114257,36.40402796,5.552885397,11.60560211,38.75,11.25,24.75,35.75,68.25,44.75
S000852,phase,full,4,0,165.25,268.25,103,12.0277457,67.42093904,135.1793547,67.75841567,7.818373006,37.5,12.25,54,87.25,97.5,170.75
S000853,phase,full,4,0,168.75,216.5,47.75,17.17313794,43.47473691,58.46861837,14.99388146,6.42210616,21.75,20.75,62.25,106.75,89,127.5
S000854,phase,full,4,0,150.75,180.75,30,6.831300511,35.55248373,46.02558218,10.47309846,6.390981617,26.75,18.75,21,78.5,80.75,100
S000855,phase,full,4,0,74.75,70,-4.75,17.34694978,19.29512012,19.35920746,0.06408733926,4.997168934,47,9,11.75,13.5,35.75,34.25
S000856,phase,full,4,0,119.25,173.75,54.5,14.27118309,41.20862356,64.77008074,23.56145718,6.826018017,32.75,15.75,68.25,81.25,78,95.75
S000857,phase,full,4,0,95.75,98.75,3,5.416025603,24.23970041,23.28892286,-0.950777546,1.540059118,15,7.5,12.5,20.75,30,68.75
S000858,phase,full,4,0,145.75,179.5,33.75,12.6589889,75.5317663,109.1487556,33.61698926,3.338169827,35.5,14,50.5,52,55,124.5
S000859,phase,full,4,0,114,121.5,7.5,10.72380529,52.12919502,68.63350778,16.50431276,3.960450829,30.25,14.75,26.75,38.75,41.75,79.75
S000860,phase,full,4,0,79.75,112,32.25,24.1022129,21.80679584,28.53868751,6.731891668,8.243915896,35.25,13.5,18,53.25,42,70
S000861,phase,full,4,0,136.5,182.25,45.75,26.25991876,32.47847734,47.96173509,15.48325775,5.082746383,26.75,18,80.75,179,103.75,78.5
S000862,phase,full,4,0,68.5,88.5,20,21.9089023,28.3712001,45.192223,16.8210229,4.544185174,40.5,11.25,11.5,38.5,30.75,57.75
S000863,phase,full,4,0,61.5,88.75,27.25,6.448514041,35.98499135,48.82962151,12.84463016,3.830018496,46.25,8,15.25,18.25,15.5,73.25
S000864,phase,full,4,0,63.5,70.5,7,2.943920289,35.7430609,42.05494303,6.311882134,2.801901284,42.75,5.25,11.5,21,12,58.5
S000865,phase,full,4,0,95.25,143,47.75,19.01534468,45.71446327,67.52081137,21.8063481,10.21311793,43.75,11.75,21.5,41.75,55,88
S000866,phase,full,4,0,43.75,63.5,19.75,9.742518497,10.47658752,18.61814728,8.141559767,4.160829423,27,15.75,10.5,23,24.25,39.25
S000867,phase,full,4,0,137.25,172.75,35.5,10.08298897,23.57059653,32.4727677,8.902171171,1.555110002,35.75,7.5,63.25,61.75,101,71.75
S000868,phase,full,4,0,148,172,24,22.61268081,78.09886834,119.2630894,41.1642211,14.92989673,27,12,35,34,42.5,129.5
S000869,phase,full,4,0,63.25,100.5,37.25,13.22560648,31.77658816,46.09523438,14.31864622,8.87438656,37.25,5,16.5,38.5,31.25,69.25
S000870,phase,full,4,0,92.75,110,17.25,10.65754819,60.88164613,67.69278124,6.811135111,8.340866638,45.5,8.25,30.75,33.75,25.5,84.5
S000871,phase,full,4,0,61.25,75,13.75,9.03234927,36.77818826,54.56269135,17.78450309,5.145426756,31.75,7.75,9.75,11.75,12.75,62.25
S000872,phase,full,4,0,46,53.5,7.5,8.22597512,20.87921353,28.43577899,7.556565464,3.950147369,39.75,9.25,2.25,9.5,6.75,46.75
S000873,phase,full,4,0,61,59.5,-1.5,13.82027496,22.21640095,26.94093862,4.724537679,5.934608496,43,6.75,10.75,13.5,19.5,40
S000874,phase,full,4,0,100.5,182,81.5,36.0970913,17.64642313,31.76574445,14.11932132,6.747700709,29.25,17.5,32,36.75,100.25,81.75
S000875,phase,full,4,0,28,46,18,3.16227766,8.898470713,12.56815526,3.669684546,2.300851678,30.25,9,9.25,16,13,33
S000876,phase,full,4,0,41.25,59.75,18.5,10.37625494,16.14448224,29.59127958,13.44679734,3.979634988,18,7.5,10,11,17.75,42
S000877,phase,full,4,0,177.5,235,57.5,25.72288216,30.92086698,38.12273344,7.20186646,4.079212444,37,14,38.5,90.25,139.75,95.25
S000878,phase,full,4,0,127,212,85,26.99382645,38.05206676,72.01493133,33.96286457,7.832684166,32.25,8.25,35.25,49.25,52,160
S000879,phase,full,4,0,78,104.25,26.25,12.03813385,35.22367113,40.68816988,5.464498755,2.051015077,37.25,13,15,56.5,55.5,48.75
S000880,phase,full,4,0,53,67,14,15.53490693,35.94972293,47.86097657,11.91125365,8.657185108,26.75,8.5,6.5,16.5,15.5,51.5
S000881,phase,full,4,0,49.25,60.75,11.5,7.325753659,31.42418799,41.7623165,10.3381285,4.981321635,34.5,7.25,11.75,15,16.5,44.25
S000882,phase,full,4,0,119.5,155.75,36.25,7.365459931,36.00907777,50.28337054,14.27429277,3.915564392,31.5,13.25,20.25,43.75,58,97.75
S000883,phase,full,4,0,97.75,94,-3.75,17.1537168,19.47347431,20.02124446,0.5477701525,3.313637604,27,13.25,16.75,20.75,45.75,48.25
S000884,phase,full,4,0,101.5,165.75,64.25,9.215023965,27.78662746,41.71554021,13.92891275,1.698827389,34.25,11.75,40.25,38,87.5,78.25
S000885,phase,full,4,0,110,280.25,170.25,61.19572425,34.04813381,69.37381682,35.32568301,12.8473846,31.75,7.75,141.25,187.25,122.25,158
S000886,phase,full,4,0,93.5,107,13.5,11.26942767,42.32336176,45.2339131,2.910551346,3.652160116,25.5,8.25,13,24.25,44,63
S000887,phase,full,4,0,69.25,102.75,33.5,14.05939781,17.66629704,23.93215095,6.265853913,1.796210201,21,13.25,20,31.5,46,56.75
S000888,phase,full,4,0,40.75,69.5,28.75,10.24288371,12.43528438,21.63801639,9.202732005,1.300330125,40.75,10.75,9.5,17,29.75,39.75
S000889,phase,full,4,0,89.75,94,4.25,5.560275773,30.39817699,31.12498917,0.7268121747,1.108297243,29.75,10.75,16.75,18,25.5,68.5
S000890,phase,full,4,0,137,284.75,147.75,10.34005158,28.5758327,40.34777664,11.77194394,4.157143747,32.25,7,129,75.75,159.75,125
S000891,phase,full,4,0,45.5,62.25,16.75,7.041543391,17.7854001,25.51642041,7.73102031,5.752714437,45,8,21.5,34.5,23.25,39
S000892,phase,full,4,0,82,118.25,36.25,3.774917218,19.04034657,26.10025439,7.059907812,1.803056776,44,10.5,12.25,32.5,62,56.25
S000893,phase,full,4,0,104.25,114.75,10.5,12.06924466,33.19021696,41.46973075,8.279513793,4.590484689,41.5,8.75,18.25,22.5,41.25,73.5
S000894,phase,full,4,0,155.5,150,-5.5,12.36931688,37.92589434,42.52373036,4.59783602,2.527143733,27.25,19.5,27.75,106,81.75,68.25
S000895,phase,full,4,0,176.5,261.25,84.75,13.79311422,40.44240642,68.64415183,28.20174541,5.786035118,40.25,10.75,120.5,106,117,144.25
S000896,phase,full,4,0,99.25,136.75,37.5,17.59734829,19.91017699,22.00518968,2.095012685,1.60607772,22.5,22.75,36,74.5,80.75,56
S000897,phase,full,4,0,63.5,73,9.5,8.346656017,33.96252991,42.90015814,8.937628226,3.584664918,41,11.25,13.5,28.75,22.25,50.75
S000898,phase,full,4,0,55.25,59.25,4,8.485281374,16.06787521,19.89462416,3.826748944,1.499168515,27.25,9.75,6.75,17,18.5,40.75
S000899,phase,full,4,0,84.5,146.25,61.75,16.6007028,45.69780519,100.2905948,54.5927896,14.83950067,39.5,11.25,26.5,49.75,29.75,116.5
S000900,phase,full,4,0,36.25,44.25,8,3.16227766,24.85415635,28.06560824,3.211451893,3.18919228,29,6,5.5,11,8.5,35.75
S000901,phase,full,4,0,109.25,164.25,55,16.02081979,43.44493134,62.12281279,18.67788145,5.605170317,22.75,18.5,50,60.5,45.5,118.75
S000902,phase,full,4,0,53.25,83.75,30.5,13.10216267,27.55013962,38.71752286,11.16738324,4.266734297,40,11.25,22.5,37.25,36,47.75
S000903,phase,full,4,0,62.75,78.25,15.5,8.544003745,26.52697201,33.12465801,6.597686,2.562711378,34.5,8,2.75,12,10.75,67.5
S000904,phase,full,4,0,84,107.5,23.5,5.802298395,60.62593936,76.44655635,15.82061699,7.773660208,36.75,13.5,27,31.5,23,84.5
S000905,phase,full,4,0,38.5,42,3.5,4.358898944,29.58830572,36.81484702,7.226541308,3.558507076,41.75,8,3.5,6.75,3.5,38.5
S000906,phase,full,4,0,60.25,68.5,8.25,9.604686356,25.48390227,29.92978496,4.4458827,2.988824942,42.5,5,3,10.25,17.5,51
S000907,phase,full,4,0,55.5,59.5,4,5.099019514,26.12671028,25.33438057,-0.7923297046,1.865399875,25.25,11.5,8.75,13.75,27,32.5
S000908,phase,full,4,0,61.25,67.75,6.5,3.872983346,21.34128722,24.65044897,3.309161751,0.6475269666,39.75,12.75,11.25,10.5,30.5,37.25
S000909,phase,full,4,0,71.25,111,39.75,20.0893836,27.3560424,40.17462962,12.81858722,5.027502928,24,11,20.25,25.25,33.25,77.75
S000910,phase,full,4,0,74.25,101.25,27,8.286535263,14.33867418,25.16827588,10.8296017,2.825740476,29.75,12.5,21,60.5,43.25,58
S000911,phase,full,4,0,52.5,71,18.5,9.678154094,27.93223482,38.86132407,10.92908925,5.196856202,35.75,14.75,15,16,20.5,50.5
S000912,phase,full,4,0,66.5,86.5,20,11.5758369,20.63456998,28.90057827,8.266008287,4.113148491,29,9,13.5,18.25,17.5,69
S000913,phase,full,4,0,66.75,96.5,29.75,8.220908303,43.86988801,69.13118135,25.26129334,4.321298207,42.75,7.75,27.75,34.75,25,71.5
S000914,phase,full,4,0,72.5,113.75,41.25,24.06068716,34.96347903,54.99730016,20.03382113,16.78163022,33.25,7.5,37.75,41.5,44,69.75
S000915,phase,full,4,0,26,31.75,5.75,2.061552813,9.691699334,14.26533743,4.573638098,0.8168330863,33.5,13.25,5.5,13.5,10.5,21.25
S000916,phase,full,4,0,54.5,63.5,9,7.527726527,15.03993601,20.00773421,4.967798197,3.249869228,44.75,8.25,6,6.25,10.25,53.25
S000917,phase,full,4,0,66,83.75,17.75,18.39157416,39.22487151,43.81732441,4.592452898,8.855217887,37.75,7.75,5.25,9,11.75,72
S000918,phase,full,4,0,53.75,81,27.25,3.403429643,15.32245335,19.2110121,3.888558753,2.425599142,46.25,8.75,26.75,24,26.75,54.25
S000919,phase,full,4,0,88.25,127.5,39.25,7.5,48.94093541,72.10697503,23.16603962,4.510056408,39.5,13.5,18.25,18.75,36.25,91.25
S000920,phase,full,4,0,55.25,68.5,13.25,10.62622542,15.14467566,18.65961604,3.514940383,2.453734213,34.5,7.75,11.25,13,27.75,40.75
S000921,phase,full,4,0,59,87,28,10.98483804,24.93829028,30.77877795,5.840487669,6.005790879,30,9,24.75,41,46.75,40.25
S000922,phase,full,4,0,63.75,68.5,4.75,3.774917218,20.04264445,24.86361148,4.820967036,3.353055268,39.25,9.25,9.5,25.75,22.25,46.25
S000923,phase,full,4,0,158,313.25,155.25,64.91212008,53.40487761,121.1438454,67.73896782,25.45854059,32.75,15,112.5,105.75,99.75,213.5
S000924,phase,full,4,0,94,134.75,40.75,19.61929323,41.11978134,62.21342116,21.09363982,10.30450995,33.25,11,16.75,31,52.5,82.25
S000925,phase,full,4,0,42.75,51.75,9,10.23067284,12.326456,14.21111215,1.88465615,2.867579513,18.75,9.25,7.5,14,21,30.75
S000926,phase,full,4,0,74.25,95.75,21.5,6.027713773,21.57613532,29.00526066,7.42912534,2.789190888,30.75,18,20,23.75,30.25,65.5
S000927,phase,full,4,0,78.25,67.5,-10.75,13.93735986,21.21336808,25.01077284,3.797404753,5.204851229,49,4,5.25,11.5,15.75,51.75
S000928,phase,full,4,0,85.5,97,11.5,25.06657801,20.84921823,29.00399069,8.154772452,4.773540388,37.75,12.75,23.5,23.75,29.25,67.75
S000929,phase,full,4,0,80.25,107.75,27.5,15.28615932,34.78991631,49.28496401,14.49504771,1.43137333,24.5,9.75,19.75,33.25,30.75,77
S000930,phase,full,4,0,109,136,27,11.46007563,56.53779133,100.8926291,44.35483773,14.06820743,21,11.25,26,37.75,32.5,103.5
S000931,phase,full,4,0,68.75,84,15.25,7.135591543,33.42880789,40.7741857,7.345377801,2.509314963,40.75,10.25,6.5,8,32.25,51.75
S000932,phase,full,4,0,72.25,93.75,21.5,18.21171784,15.52556425,21.4785185,5.952954253,2.631947226,33.75,14.25,30.75,40,53.25,40.5
S000933,phase,full,4,0,104.5,144.5,40,19.14854216,35.02699068,52.44472513,17.41773445,6.371956673,34,14.75,21.5,37.25,41.75,102.75
S000934,phase,full,4,0,85.5,116.25,30.75,8.261355821,51.64043451,58.52611432,6.885679816,4.722688172,29.25,8.5,22.5,20.5,35.75,80.5
S000935,phase,full,4,0,41.75,53.75,12,6.055300708,25.04664983,29.50091975,4.454269919,2.440101436,27.75,18.25,12.25,21,21.25,32.5
S000936,phase,full,4,0,123.25,163.75,40.5,21.54839515,57.87487806,93.97742199,36.10254393,13.35008965,38.75,7.5,26,24.75,52,111.75
S000937,phase,full,4,0,152.5,244,91.5,25.3048085,47.55882226,88.78709617,41.22827391,12.50098884,31.25,15.25,90.75,104,153.75,90.25
S000938,phase,full,4,0,61,75.25,14.25,9.10585892,28.2636075,36.82043572,8.55682822,4.574437221,28,17.25,16.25,37.5,25.5,49.75
S000939,phase,full,4,0,66.25,79.25,13,2.708012802,38.29907884,44.88136185,6.582283012,5.82372709,49.25,6.25,5.75,26.5,26,53.25
S000940,phase,full,4,0,77.75,92,14.25,14.68275633,38.90191293,57.02111139,18.11919846,7.290031071,28.75,8,7.75,9,26.75,65.25
S000941,phase,full,4,0,63,80.25,17.25,11.35414755,25.37991403,27.86906282,2.489148792,3.944902102,34,6.75,7.5,16,37.75,42.5
S000942,phase,full,4,0,67.25,119.75,52.5,15.17673658,34.70071721,63.3545325,28.65381529,9.430284995,29.75,6.5,39,28,47.25,72.5
S000943,phase,full,4,0,49.75,60,10.25,6.5,14.26430114,22.4595364,8.195235258,2.716533646,49,6.75,7.75,12.75,18.75,41.25
S000944,phase,full,4,0,57.75,89.5,31.75,13.20037878,31.39373366,45.64812817,14.25439451,4.954555722,37.75,14.75,21.25,23.75,27.75,61.75
S000945,phase,full,4,0,66,79.75,13.75,6.34428877,33.40715401,36.94716465,3.54001064,2.025617623,42,9.75,10.75,25,26.25,53.5
S000946,phase,full,4,0,127,162.5,35.5,23.10122652,68.52639466,115.5802059,47.05381122,11.34399629,30.75,7.75,45,73.25,43.75,118.75
S000947,phase,full,4,0,42.25,48,5.75,5.560275773,13.79549823,17.44566287,3.650164637,2.272718969,34.5,13,11.5,19.5,16,32
S000948,phase,full,4,0,97.25,161.25,64,14.78738201,30.09059612,45.95738154,15.86678542,3.674374676,27.25,11.75,25.25,67,100.75,60.5
S000949,phase,full,4,0,60.75,69.75,9,11.69045194,26.73962513,34.92748754,8.18786241,7.49176017,21.5,9.75,8.25,11.25,13.25,56.5
S000950,phase,full,4,0,76.75,100.75,24,13.4412301,16.73598007,21.93706137,5.201081301,3.445258503,31.75,16,19.25,28.25,47,53.75
S000951,phase,full,4,0,67.5,73.25,5.75,3.201562119,25.3472368,24.34634814,-1.000888669,0.9067606347,21.75,10.75,9,24.75,15.75,57.5
S000952,phase,full,4,0,80,161,81,19.96663884,23.34273635,56.04729387,32.70455752,11.51502849,33.25,8.75,52.5,79,81,80
S000953,phase,full,4,0,60.75,74.25,13.5,5.802298395,29.49939783,40.43782868,10.93843086,2.767843388,44.5,8,18.5,26.75,21.75,52.5
S000954,phase,full,4,0,70.5,78.5,8,13.34166406,34.28737218,41.85642895,7.569056775,7.101017347,32.5,17.5,13.25,31.75,25,53.5
S000955,phase,full,4,0,80.25,139.5,59.25,18.53600101,54.9621224,99.79995659,44.83783419,10.97949058,34.25,9.25,56,27.5,40.5,99
S000956,phase,full,4,0,113.5,141.75,28.25,12.41974235,42.13290662,53.3011588,11.16825219,8.476553046,23.25,18.75,40.25,36.75,75.5,66.25
S000957,phase,full,4,0,47.25,49,1.75,3.201562119,23.95286192,28.22162412,4.268762192,1.631375636,42.5,5,3,13,21,28
S000958,phase,full,4,0,99,124.25,25.25,12.09338662,39.58442189,56.42612756,16.84170567,3.940772321,23.75,12,14,39.75,36.75,87.5
S000959,phase,full,4,0,65,95.75,30.75,14.97497913,12.72390545,20.1541497,7.43024425,2.501288288,35.5,12.5,46,77.5,49.25,46.5
S000960,phase,full,4,0,55.75,56.5,0.75,2.061552813,17.62604577,16.72423943,-0.9018063348,1.295593592,38.25,5,14.75,27,16.5,40
S000961,phase,full,4,0,90,146.25,56.25,26.22181026,42.17734917,64.64759565,22.47024648,13.66510018,30.25,8,22.75,24.25,55.25,91
S000962,phase,full,4,0,76,78.75,2.75,8.421203398,25.41958531,28.35901271,2.939427402,1.795349339,38.5,6.25,11.5,24,21.25,57.5
S000963,phase,full,4,0,82.5,87.25,4.75,10.56330125,15.75105868,19.99198586,4.240927179,1.292365239,25.25,7.25,6.5,41.5,33.75,53.5
S000964,phase,full,4,0,36.25,44.75,8.5,5.507570547,14.21772514,16.43834196,2.220616812,4.300101627,32.5,11.25,9.5,23.25,20.75,24
S000965,phase,full,4,0,48.5,61.5,13,5.944184833,17.45023127,21.32240295,3.872171681,1.414424983,38,11,7.5,16.5,17.75,43.75
S000966,phase,full,4,0,57,62.25,5.25,4.924428901,15.76822471,17.9564737,2.188248993,1.778799113,32,11.75,10.5,11,30,32.25
S000967,phase,full,4,0,82,98,16,9.933109617,28.92392344,39.17086786,10.24694442,7.172891395,27.5,10.5,12.25,33.25,44.5,53.5
S000968,phase,full,4,0,61.75,72.5,10.75,6.652067348,32.56066372,39.96439783,7.403734115,3.004329074,32,8.75,6,20,16,56.5
S000969,phase,full,4,0,74,95.25,21.25,19.20720351,31.81453277,44.16168739,12.34715462,8.562291633,30.5,16.75,10,43,35.25,60
S000970,phase,full,4,0,36.75,37.75,1,5.944184833,18.87000834,19.9805228,1.11051446,1.88377835,32.25,8.75,7,14.5,10.25,27.5
S000971,phase,full,4,0,77,85.75,8.75,14.36140662,34.49289192,45.612905,11.12001307,4.378507318,38.5,10.25,12.25,9.5,28.75,57
S000972,phase,full,4,0,101.75,134.5,32.75,9.53502316,50.44384234,81.39963771,30.95579538,3.459025033,39.75,14.5,30.5,32,22.5,112
S000973,phase,full,4,0,59.75,68,8.25,6.291528696,33.06532928,36.35336163,3.288032353,4.554613098,35.5,15.75,13,12.75,10.5,57.5
S000974,phase,full,4,0,158,255.75,97.75,56.58253559,53.83296135,94.56936931,40.73640796,24.58125472,31.5,7,58,70.75,164.25,91.5
S000975,phase,full,4,0,77.25,73.5,-3.75,17.85823806,25.39884669,28.66572536,3.266878663,7.621781302,38.25,9.5,14,15.25,19,54.5
S000976,phase,full,4,0,74.5,69.5,-5,12.19289411,31.17652829,36.68476079,5.508232505,6.215810797,37,9.5,8,14,9.75,59.75
S000977,phase,full,4,0,79.5,98.25,18.75,11.8708326,26.85674515,31.63005037,4.77330522,2.822212849,28.75,9.25,16.5,24.5,23.25,75
S000978,phase,full,4,0,45.75,57.75,12,9.128709292,10.72575342,15.50750242,4.781749007,3.155782108,43,4.25,18.25,23,20.25,37.5
S000979,phase,full,4,0,84.75,121.25,36.5,19.55334583,33.4025361,55.62263735,22.22010126,10.80985988,42.25,12,13,22.5,27.25,94
S000980,phase,full,4,0,85.75,100,14.25,7.5,27.21792121,35.45235198,8.234430769,2.744388669,40.5,15.75,11,11.25,22.75,77.25
S000981,phase,full,4,0,248.5,275.25,26.75,19.51708653,137.9682666,163.6039646,25.635698,10.399651,34.75,11.75,84.75,146.5,94.5,180.75
S000982,phase,full,4,0,139.25,165.25,26,8.831760866,64.88750119,76.72737399,11.83987281,7.156813909,36.75,14.75,40,78.25,65.5,99.75
S000983,phase,full,4,0,124.25,167.75,43.5,27.16001964,68.88996297,84.71005613,15.82009316,9.838583217,27.25,8,20.75,42.25,46.25,121.5
S000984,phase,full,4,0,104,139,35,19.61292091,56.95319861,71.77077181,14.8175732,9.991889914,30.75,18.25,36,59.25,45.5,93.5
S000985,phase,full,4,0,93.25,123.25,30,14.49137675,26.79743822,31.15492416,4.35748594,2.058383099,36.75,10,19,26,36.25,87
S000986,phase,full,4,0,81,94.25,13.25,16.80029762,29.26246537,35.73255285,6.470087475,5.623392528,45.75,8.5,8,18.5,24.5,69.75
S000987,phase,full,4,0,132.75,182,49.25,39.75235842,52.0873592,78.18116489,26.09380569,19.04799204,39.75,7,45,46.25,74.5,107.5
S000988,phase,full,4,0,103.75,166.25,62.5,18.48422751,36.32046013,60.73508277,24.41462263,9.976246362,27.5,7,29.5,37.75,86,80.25
S000989,phase,full,4,0,57.25,51.5,-5.75,7.889866919,25.54277548,23.39748247,-2.145293015,4.438885268,34.75,7,7.75,5.75,23.75,27.75
S000990,phase,full,4,0,87.25,163.5,76.25,43.17696145,32.95903798,61.17305077,28.21401279,11.8534348,34,11.25,51.25,39.25,105.5,58
S000991,phase,full,4,0,46.5,52.5,6,3.559026084,19.00064621,26.88784438,7.887198171,0.9943282458,45.5,11,5.5,18,16,36.5
S000992,phase,full,4,0,79,108.5,29.5,18.6993761,30.79201733,38.89170667,8.099689331,6.516360512,22,13,19,51.5,39.5,69
S000993,phase,full,4,0,61.75,79.75,18,9.831920803,19.04161014,23.80153365,4.759923511,1.583844198,20.75,12,14.75,39.75,42,37.75
S000994,phase,full,4,0,48.75,49.25,0.5,8.736894948,25.17529826,32.16659624,6.991297979,1.787764518,32,7.25,13,21.5,17,32.25
S000995,phase,full,4,0,75.5,106.5,31,10.09950494,38.73401391,60.91161056,22.17759665,8.014700804,41,15.5,30.5,34.25,50,56.5
S000996,phase,full,4,0,36,44.75,8.75,9.53502316,11.46752248,16.17193343,4.704410948,2.165362106,37.75,8.5,12.75,22.5,14.75,30
S000997,phase,full,4,0,74.5,95.5,21,12.51665557,28.5270395,35.90942785,7.38238835,5.515312668,47.75,8.25,30.25,24,48,47.5
S000998,phase,full,4,0,78.5,108,29.5,7.724420151,22.16449907,38.45678143,16.29228236,3.695858407,25.75,10,15.75,23.75,34.25,73.75
S000999,phase,full,4,0,93.5,104.25,10.75,13.5,36.51763329,52.04757792,15.52994463,5.661458783,32.75,12.5,19.25,32,30.25,74
S001000,phase,full,4,0,49.75,63.25,13.5,16.13484841,20.25271095,23.25155866,2.998847714,4.485187168,41.25,7.25,17.5,18.5,31,32.25
S001001,phase,full,4,0,104.5,156,51.5,25.48855953,32.17414139,49.90675123,17.73260984,7.509113903,47.5,9,43.25,50.75,60,96
S001002,phase,full,4,0,126.5,192.5,66,14.98888477,68.50012044,93.48740628,24.98728583,7.369305879,35.25,7.25,20.25,27.5,61,131.5
S001003,phase,full,4,0,137.5,224.25,86.75,18.55397532,52.48331551,99.50714718,47.02383167,7.482373671,19.75,11.25,38,66.5,89.75,134.5
S001004,phase,full,4,0,76.5,100.75,24.25,12.68529332,52.03086424,72.65053557,20.61967133,7.264424236,45.75,6,27.25,44.5,26,74.75
S001005,phase,full,4,0,59.25,87.25,28,10.7393358,23.14331323,30.56663623,7.423323003,4.057350443,41.5,11,11.5,25.25,39.5,47.75
S001006,phase,full,4,0,139.75,226.25,86.5,22.92742172,48.86940385,72.91625816,24.04685431,7.692801879,23.5,11.25,43.5,67,106.5,119.75
S001007,phase,full,4,0,78,82,4,14.30617582,46.61387442,45.86657559,-0.7472988289,9.501750645,36.5,10.75,12.75,26.25,18.75,63.25
S001008,phase,full,4,0,60.75,99.5,38.75,8.770214745,15.27069846,22.37751459,7.106816127,2.481430999,36,13.5,23,34.5,34,65.5
S001009,phase,full,4,0,90.5,96.25,5.75,4.924428901,50.01456502,64.98876217,14.97419714,3.349410631,26.5,16.75,23.25,51.75,26.75,69.5
S001010,phase,full,4,0,292.5,410,117.5,32.98989744,84.76051869,137.321784,52.56126529,8.8594319,37.25,7,219.25,231.25,221.5,188.5
S001011,phase,full,4,0,65.75,76.75,11,4.242640687,13.04267662,13.94343447,0.9007578498,0.9461666273,49,5,5.75,16.5,39.5,37.25
S001012,phase,full,4,0,80,73.75,-6.25,23.72586493,37.58699033,33.63012674,-3.956863589,5.493135748,39.5,8.75,10,16.5,27,46.75
S001013,phase,full,4,0,62.5,66.25,3.75,9.708243919,29.9071838,32.6639393,2.7567555,7.924126902,24.25,9.5,4.75,7.75,21,45.25
S001014,phase,full,4,0,75.75,102.5,26.75,14.03269991,43.02259547,58.85660447,15.834009,7.092536359,33.75,9,25.25,25.75,39.25,63.25
S001015,phase,full,4,0,110.75,138.5,27.75,10.71991915,42.53005492,54.90786764,12.37781272,5.057389399,42.5,10.5,48,43,51.5,87
S001016,phase,full,4,0,67,100.25,33.25,23.02715788,28.40461222,41.4014386,12.99682638,3.405157672,38.25,8.5,11.5,39.75,51.5,48.75
S001017,phase,full,4,0,77.5,97,19.5,15.92691642,34.35533821,41.96104702,7.605708804,8.090609049,31.75,9,8.25,15.5,31.25,65.75
S001018,phase,full,4,0,106.75,133.25,26.5,10.63014581,36.25765844,51.66981099,15.41215255,1.122450853,27.25,7.5,23.75,32.25,70,63.25
S001019,phase,full,4,0,103,139,36,10.89342309,50.430148,76.97735407,26.54720608,8.117501371,26.25,10.5,12.75,22.25,41.25,97.75
S001020,phase,full,4,0,150.5,225,74.5,34.80900267,51.50593108,80.87488718,29.3689561,5.605885183,29.5,15,63.75,92,71.75,153.25
S001021,phase,full,4,0,190.5,203,12.5,6.608075867,76.74101986,72.06516257,-4.67585729,6.929518793,29.75,18.25,18,23.5,53.25,149.75
S001022,phase,full,4,0,199,227,28,30.03331484,56.95251829,89.99902541,33.04650712,11.82167367,26.25,14.75,25,43.5,60.5,166.5
S001023,phase,full,4,0,63.75,98.75,35,16.63329993,25.49924379,34.10194392,8.602700135,5.430448775,37.75,9.5,12.25,25,57.5,41.25
S001024,phase,full,4,0,70.5,67.75,-2.75,5.251983752,26.62880028,23.64005017,-2.98875011,1.968767291,29.75,8.75,8.5,9.75,16.25,51.5
S001025,phase,full,4,0,57.25,98.25,41,13.03840481,24.86428641,38.65775122,13.79346481,2.790273245,35.5,11.5,19,65,48.25,50
S001026,phase,full,4,0,72.5,155.5,83,24.75210429,17.38099057,30.98592544,13.60493487,4.355982576,41.75,10.25,61.5,104,66.25,89.25
S001027,phase,full,4,0,75,146.25,71.25,23.42897067,29.79397971,42.07074108,12.27676136,3.971417986,30.75,9.75,40.5,35.25,89.5,56.75
S001028,phase,full,4,0,63.25,78.25,15,4.546060566,23.88013524,35.12487511,11.24473986,1.587592511,46.5,9.25,17.25,18.25,40.75,37.5
S001029,phase,full,4,0,55.75,84.75,29,12.78019301,24.4262133,42.9381317,18.5119184,5.318756801,38.5,14,17.75,26,32.25,52.5
S001030,phase,full,4,0,112,177.75,65.75,25.69533032,39.6102673,74.34843374,34.73816644,10.43902094,24,11.5,24.75,45.25,75.5,102.25
S001031,phase,full,4,0,47.5,52.75,5.25,12.47330483,17.81452502,20.1761111,2.361586085,4.513071131,44.25,9,5.5,17.75,17.75,35
S001032,phase,full,4,0,186.25,238,51.75,42.16930163,90.91642967,105.4554744,14.53904472,14.8049185,25.25,14.25,100.25,104,84.5,153.5
S001033,phase,full,4,0,90,126.5,36.5,13.52774926,53.26581016,72.84325245,19.57744229,6.345955543,33.25,7.25,11.5,26.75,41,85.5
S001034,phase,full,4,0,93.5,105.75,12.25,6.291528696,51.27577122,56.61699964,5.341228417,4.315314945,31.25,16.5,17.75,67.5,26.5,79.25
S001035,phase,full,4,0,64.75,122.75,58,12.72792206,30.03041252,50.52367486,20.49326234,4.101867037,32,16.75,32,59.75,65.5,57.25
S001036,phase,full,4,0,90.75,109,18.25,6.238322424,45.54741558,56.348483,10.80106742,1.899371345,14.25,10,13.75,12.75,22.75,86.25
S001037,phase,full,4,0,121,175.25,54.25,13.37597348,63.35333378,81.24488799,17.89155422,11.14258484,24.5,15.25,36,48.25,55.25,120
S001038,phase,full,4,0,62,88.5,26.5,2.645751311,27.76191686,35.92891769,8.167000832,1.172643396,38.25,8,16.25,39,25.25,63.25
S001039,phase,full,4,0,82.25,103.25,21,6.733003292,57.5097653,83.19621623,25.68645094,3.175721734,35.75,5.75,13.75,26,19.75,83.5
S001040,phase,full,4,0,106.25,155,48.75,27.4271763,65.99298813,92.53762501,26.54463688,14.23945364,31,12,17,44,47,108
S001041,phase,full,4,0,34.5,42.75,8.25,4.5,13.85738783,19.19529618,5.337908349,3.542573115,37,7.25,6.25,11.25,8.5,34.25
S001042,phase,full,4,0,95,132.75,37.75,20.53249457,46.45282304,71.79052701,25.33770396,8.01159558,27.75,12,44.25,40.5,48.25,84.5
S001043,phase,full,4,0,128.75,172.25,43.5,21.29945226,48.69559263,62.41301743,13.7174248,4.249909015,36.25,9.25,31.5,102,63.75,108.5
S001044,phase,full,4,0,37.25,50.25,13,4.082482905,21.9581558,27.04607074,5.087914941,3.296780419,50.25,6.5,6.5,11.25,12.25,38
S001045,phase,full,4,0,59.5,71.5,12,4.163331999,27.49346827,30.57589096,3.082422686,1.317233613,40,10.75,20,30.25,32,39.5
S001046,phase,full,4,0,84,89.75,5.75,9.673847907,42.05780587,45.06282241,3.005016534,5.788355052,32.5,7.75,14.75,14.25,27.25,62.5
S001047,phase,full,4,0,82.5,105.25,22.75,11.02648327,33.07110686,44.4764853,11.40537844,4.463001322,35.5,8.25,7,20.5,24.25,81
S001048,phase,full,4,0,57.75,58,0.25,5.5,10.71325449,13.40154471,2.688290213,2.028345436,40.5,6,5.5,12.5,28.25,29.75
S001049,phase,full,4,0,180.25,267.5,87.25,25.43455655,82.55349592,116.5770043,34.02350843,8.507443042,31.75,21.25,118.25,142.75,91,176.5
S001050,phase,full,4,0,136,167,31,25.00666578,44.95511327,65.70074051,20.74562724,6.132233272,33.5,6.5,95.5,91.75,65.25,101.75
S001051,phase,full,4,0,79,85.5,6.5,6.454972244,37.40685402,46.3750008,8.968146785,3.063855639,26.5,9.75,13.25,16,21.5,64
S001052,phase,full,4,0,129.75,171,41.25,10.68877916,32.06637031,41.5085236,9.442153288,4.880411012,33,13.25,43.5,67,84.25,86.75
S001053,phase,full,4,0,57.25,97,39.75,12.68529332,18.52639307,27.03785726,8.511464191,5.271887478,42.5,11.5,15.25,29.75,50.25,46.75
S001054,phase,full,4,0,48.75,69.5,20.75,6.020797289,12.41759427,15.01799045,2.600396182,1.843635373,28.25,8.75,14.25,16.75,30.75,38.75
S001055,phase,full,4,0,91.25,110.25,19,9.626352719,62.79467357,80.71579677,17.9211232,6.942265709,31,8,3.75,16,22.25,88
S001056,phase,full,4,0,44.25,49.5,5.25,2.62995564,19.72017771,26.37614164,6.655963936,3.567981703,45,5.25,6.75,14.75,13.75,35.75
S001057,phase,full,4,0,75,99.25,24.25,13.57387196,33.0436986,42.6154477,9.571749103,5.646062215,40.75,7.25,19,18.75,53,46.25
S001058,phase,full,4,0,50.25,62.75,12.5,12.71482075,21.88626145,27.62142513,5.735163683,5.815659751,45.25,6.5,19,29,18.25,44.5
S001059,phase,full,4,0,61.5,84,22.5,9.327379053,32.56675564,50.35754116,17.79078552,6.232791385,30,9.25,6.25,17.75,15.25,68.75
S001060,phase,full,4,0,42.25,45.75,3.5,3.109126351,29.99114537,38.89511539,8.903970028,2.203304943,45.75,7,5,11.25,4,41.75
S001061,phase,full,4,0,133.25,185.25,52,16.22754859,71.82098095,120.1265675,48.30558658,8.680090963,38.25,8.75,46.25,79.5,67.75,117.5
S001062,phase,full,4,0,44,46.5,2.5,9.036961141,11.14841596,14.37076526,3.222349297,2.293089916,45.5,5.5,8.25,18.75,18.5,28
S001063,phase,full,4,0,69,93,24,13.73559852,19.44909182,28.37832724,8.929235426,4.54480909,43.25,10.25,12,43.75,36,57
S001064,phase,full,4,0,64.5,88.75,24.25,20.20519735,17.20787002,21.32753628,4.119666256,3.925653677,32.5,11.5,23.5,33.25,32,56.75
S001065,phase,full,4,0,60.25,61.75,1.5,3.872983346,17.27857489,16.52827849,-0.7502963968,2.639983406,24,14.5,16.75,23.75,20.25,41.5
S001066,phase,full,4,0,85.5,138,52.5,30.27099822,38.08327831,49.55747345,11.47419514,10.54557966,38,9.25,20.75,81,72,66
S001067,phase,full,4,0,55.75,87.5,31.75,11.1467484,17.01435658,22.73129341,5.716936832,3.584146001,33.25,9.75,20.5,16.75,42.75,44.75
S001068,phase,full,4,0,63.25,84.75,21.5,15.19868415,20.16906298,26.68915905,6.520096074,5.17452083,27.25,9,23,54.75,35.75,49
S001069,phase,full,4,0,82.25,97,14.75,8.180260795,28.45173879,40.12678186,11.67504306,2.290998439,23.75,7.75,12,35.25,25.5,71.5
S001070,phase,full,4,0,71.5,118.75,47.25,20.46745384,32.90071582,43.57949449,10.67877867,6.629160463,34,11,38.25,64.25,62.5,56.25
S001071,phase,full,4,0,42.75,65,22.25,13.47528602,16.99956177,18.9105558,1.910994026,3.948561411,28.75,12.25,16.75,32.5,38.5,26.5
S001072,phase,full,4,0,40,57,17,13.73559852,13.62107863,18.65786339,5.036784756,4.892266936,43,7.75,20.75,18.25,25.75,31.25
S001073,phase,full,4,0,125.75,132.5,6.75,5.057996968,48.50511963,43.050374,-5.454745627,3.362004415,35,12,52.25,47.25,79,53.5
S001074,phase,full,4,0,121.75,174.25,52.5,28.05352028,38.70187926,57.27092455,18.56904529,7.306230681,23.5,20.25,45,102.25,93.75,80.5
S001075,phase,full,4,0,55.25,71,15.75,9.742518497,33.02500417,48.61196496,15.58696079,5.855700885,43,5.25,7.25,13.25,10,61
S001076,phase,full,4,0,126.75,169.25,42.5,16.21727474,61.61625547,72.92921555,11.31296008,5.727121208,37,12.5,50.25,116.75,47.75,121.5
S001077,phase,full,4,0,86.75,134.75,48,11.97219,36.63492465,71.57364768,34.93872303,6.739792326,30.75,10.25,32,32,36.5,98.25
S001078,phase,full,4,0,84.75,123,38.25,17.82086792,38.16534818,60.18875337,22.02340519,5.097525011,25,6,19,27.5,57.75,65.25
S001079,phase,full,4,0,47,70,23,13.4412301,18.77156716,30.43094508,11.65937793,1.968722168,40.75,13.25,12.25,31.25,34.5,35.5
S001080,phase,full,4,0,71,86,15,3.16227766,26.21824839,31.19102017,4.972771776,1.471735865,39.5,14,11.75,21.25,23.25,62.75
S001081,phase,full,4,0,63.75,80.5,16.75,11.78629147,39.27886233,43.41540466,4.136542331,6.599988876,21.75,10.75,30.75,26,28.75,51.75
S001082,phase,full,4,0,44,43,-1,3.366501646,24.993256,30.64984542,5.656589421,2.716277682,37.5,6.25,5.5,16.25,7,36
S001083,phase,full,4,0,98.25,130.25,32,11.40175425,35.11079963,38.73044929,3.619649657,2.391140992,45,9.5,19.25,59.25,78,52.25
S001084,phase,full,4,0,87.5,105.75,18.25,6.551081336,33.48766234,38.91161619,5.423953852,2.672223997,32.25,10.5,17,24,19.75,86
S001085,phase,full,4,0,90,106.25,16.25,4.573474245,25.18515786,34.70215368,9.516995826,3.677233282,16,12.75,29.75,25.5,55.5,50.75
S001086,phase,full,4,0,71,99.25,28.25,15.19594244,27.32603244,38.30680756,10.98077512,4.737054848,32.5,12,16.75,22.5,27.5,71.75
S001087,phase,full,4,0,46.75,53.25,6.5,11.61895004,14.83320917,17.59169628,2.758487109,2.754064768,30,7.5,8.5,8.5,8.25,45
S001088,phase,full,4,0,109.25,164.25,55,25.8585898,40.41397714,60.5613974,20.14742026,6.814798889,42,8.5,21.5,14.25,50.5,113.75
S001089,phase,full,4,0,54.25,53.75,-0.5,6.244997998,27.04605109,25.6911265,-1.354924591,3.041680602,50.75,4.75,10.75,22,18,35.75
S001090,phase,full,4,0,94.25,114.75,20.5,15.19868415,41.46589979,52.9190631,11.4531633,7.259999697,29.5,13.25,17,46.25,53.25,61.5
S001091,phase,full,4,0,95.25,181.5,86.25,26.20909511,40.96028201,98.7735065,57.81322449,15.05657674,39.25,14.5,70.5,72.25,54.5,127
S001092,phase,full,4,0,125.25,143.25,18,7.118052168,33.95879959,46.61007382,12.65127423,4.875302485,35.5,10.25,17.75,27.75,52.25,91
S001093,phase,full,4,0,87.75,131.5,43.75,15.69235483,32.34883508,47.27298971,14.92415463,4.666535257,34.5,18,23.75,48.75,52.5,79
S001094,phase,full,4,0,119,196,77,11.22497216,27.30446777,43.86759862,16.56313085,5.061669825,47.5,8.75,36.75,47.25,101.5,94.5
S001095,phase,full,4,0,72.25,119.5,47.25,8.61684397,23.84507925,33.13225306,9.287173815,4.057074294,41.25,13,17.5,40.5,65.75,53.75
S001096,phase,full,4,0,87.75,117.75,30,25.07322609,53.28461201,74.8546386,21.57002659,14.47236444,22.5,9.25,9.5,25.25,22.25,95.5
S001097,phase,full,4,0,60.5,79.25,18.75,10.56330125,18.28474389,21.76353932,3.478795437,2.763242542,29.75,11.75,11.25,16.75,20.5,58.75
S001098,phase,full,4,0,45.5,53,7.5,5.259911279,23.74785091,32.91610937,9.168258461,4.755111178,31.75,6.5,7.5,18.5,13.25,39.75
S001099,phase,full,4,0,47.75,65,17.25,16.58061117,22.42019069,33.12967847,10.70948778,7.885806514,38.25,5.25,17,17,17.5,47.5
S001100,phase,full,4,0,71,78.25,7.25,6.701989754,18.68713755,21.58146032,2.894322773,1.097833343,47,9.5,3,10.5,34.75,43.5
S001101,phase,full,4,0,52.75,60.25,7.5,9.609023537,24.24980661,26.97999774,2.73019113,5.432377719,40,11.25,5.5,14.5,28.25,32
S001102,phase,full,4,0,70,98,28,10.1324561,22.64381816,26.3569914,3.713173236,3.037491711,31,7.75,7.25,27.25,28,70
S001103,phase,full,4,0,61,72,11,6.164414003,22.31477948,27.3821861,5.067406614,3.446904102,47.25,6.5,9.5,18.5,21.25,50.75
S001104,phase,full,4,0,68.25,80,11.75,14.54590435,33.89560369,46.39103784,12.49543416,11.76843202,26.75,9.25,11.5,16.25,36.5,43.5
S001105,phase,full,4,0,93.75,138.25,44.5,20.10804151,48.95622373,57.69472383,8.738500102,13.09303656,29.5,16.75,20.75,84.25,52,86.25
S001106,phase,full,4,0,79.5,76.25,-3.25,19.60229578,50.7085893,50.42211646,-0.2864728421,7.012935693,37.5,9.75,13.75,17.5,21.25,55
S001107,phase,full,4,0,110.75,217,106.25,10.30776406,41.8987297,79.91257291,38.01384321,5.605999609,30.75,16.75,41.25,116.75,70.25,146.75
S001108,phase,full,4,0,121.75,137.25,15.5,13.52774926,47.47936727,64.70078724,17.22141997,8.42587416,40.75,10.5,15.5,31,31,106.25
S001109,phase,full,4,0,74.5,71.75,-2.75,6.701989754,19.2616353,19.98379917,0.722163875,1.274374158,28.25,12.75,17.25,41.75,28.5,43.25
S001110,phase,full,4,0,71.25,109,37.75,16.27626083,43.29293811,70.99931375,27.70637564,13.46403233,23.25,12.5,14.25,23.25,34.75,74.25
S001111,phase,full,4,0,94.25,110.5,16.25,9.844626284,30.62753514,48.4948215,17.86728637,3.516207331,42.75,12.75,20.25,29.5,48.25,62.25
S001112,phase,full,4,0,183,231,48,43.24349662,47.78369497,47.31376593,-0.4699290448,9.329891152,44.25,9,79,94.25,105.5,125.5
S001113,phase,full,4,0,79.25,117,37.75,6.184658438,47.08495252,74.32284154,27.23788901,5.444829544,47,6.75,16,30.5,27.25,89.75
S001114,phase,full,4,0,60.5,76.75,16.25,4.991659711,30.77994697,35.75058565,4.970638677,2.633133092,38.75,11.5,17.25,36.5,26.25,50.5
S001115,phase,full,4,0,39,44.5,5.5,5,16.88719007,20.57326985,3.686079779,1.276675274,38.25,6.5,7.75,13,12.25,32.25
S001116,phase,full,4,0,70,83.25,13.25,6.5,27.29404681,39.60915031,12.3151035,3.147920346,31.25,10.25,26.5,39.75,32.5,50.75
S001117,phase,full,4,0,70.75,79,8.25,15.7770931,24.57880414,28.19609638,3.617292234,3.64148101,39,10.25,17,27.75,33,46
S001118,phase,full,4,0,63.75,71.75,8,6.164414003,18.46032287,21.67705482,3.21673195,1.859118489,44.25,11.25,17,16,33.5,38.25
S001119,phase,full,4,0,86.75,110.75,24,13.21615173,28.48188742,28.53781996,0.05593254161,1.468143115,29.25,15.5,39.25,57.75,56.75,54
S001120,phase,full,4,0,57.75,73.25,15.5,8.812869378,32.87721295,50.57413933,17.69692638,2.317148001,45,5.75,12.75,28.25,21.25,52
S001121,phase,full,4,0,57.75,80,22.25,8.61684397,31.71693261,53.22059984,21.50366723,4.962282757,24.5,12.5,18.25,29.25,19.25,60.75
S001122,phase,full,4,0,67.25,87.5,20.25,5.560275773,34.8681593,51.17387291,16.30571362,3.030176957,47.75,4.75,6.5,27.75,17.75,69.75
S001123,phase,full,4,0,104,123.5,19.5,16.50252506,28.65722203,46.77708614,18.1198641,6.066671134,41.25,10.75,15,29.75,33.25,90.25
S001124,phase,full,4,0,67.25,108.5,41.25,8.421203398,32.75831039,61.01134866,28.25303827,7.92375411,40.75,14,21.25,18.5,28.75,79.75
S001125,phase,full,4,0,71.75,102,30.25,28.39454173,21.44643932,31.50243404,10.05599472,5.611183194,40.25,11.5,13.5,17.5,20.25,81.75
S001126,phase,full,4,0,74,98.75,24.75,7.804912983,34.05237266,39.94455523,5.892182571,3.974081114,39,13,24,33.75,24.5,74.25
S001127,phase,full,4,0,47,64,17,9.309493363,20.94719306,29.20347867,8.256285606,1.634175935,41.5,6.75,9.5,23.5,24.25,39.75
S001128,phase,full,4,0,98,147.5,49.5,22.92742172,52.1415694,86.0692027,33.92763329,9.205091841,32.5,16.25,37,103.75,59.75,87.75
S001129,phase,full,4,0,65,104.25,39.25,16.15291511,27.40814976,52.49205644,25.08390667,3.2000273,44.75,7.75,13.25,34.5,19.5,84.75
S001130,phase,full,4,0,73.5,93.5,20,18.4571576,14.60665391,18.52703636,3.920382451,3.71562017,34.75,12.75,26.25,28,47.5,46
S001131,phase,full,4,0,108.25,137,28.75,9.251126058,29.50579658,39.7524171,10.24662051,1.287382131,22,13.25,31,45.25,41.25,95.75
S001132,phase,full,4,0,179.75,432.5,252.75,75.17257922,44.95902701,101.2235223,56.26449526,21.88776835,32,18.75,192.25,229.5,228.25,204.25
S001133,phase,full,4,0,165.25,184.75,19.5,10.84742673,67.9523508,88.94491463,20.99256383,2.389412038,24.5,16.75,65.75,69.5,55,129.75
S001134,phase,full,4,0,50.5,58.5,8,8.246211251,30.48682327,39.30565229,8.818829021,4.249096976,35,12.5,7.25,11.5,10.75,47.75
S001135,phase,full,4,0,52.5,55.75,3.25,6.946221995,17.42624874,26.53863924,9.112390505,4.472446624,19,7.25,8.75,16,25,30.75
S001136,phase,full,4,0,170.75,215,44.25,33.05929017,37.14383227,45.16298395,8.019151682,6.700467022,39.5,9.25,85.5,74,109,106
S001137,phase,full,4,0,114.75,177.5,62.75,29.39812919,56.34052582,96.60257391,40.2620481,26.37710142,29,10.5,44.25,90.5,84.5,93
S001138,phase,full,4,0,85.25,150.5,65.25,38.26551973,41.55888742,75.32494532,33.76605791,12.01838381,40.25,9.25,23.5,26,72,78.5
S001139,phase,full,4,0,64.25,63.75,-0.5,6.350852961,22.15876486,20.64067603,-1.518088829,2.857696263,30,11.25,13,19.25,24.25,39.5
S001140,phase,full,4,0,54.5,75.75,21.25,6.130524719,16.13705327,25.3222709,9.185217631,1.762419487,31.5,11.5,15.5,30.5,36,39.75
S001141,phase,full,4,0,60.25,75.75,15.5,1.732050808,32.87629677,36.48906123,3.61276446,1.798519003,46.25,7.75,17.5,19.25,21.75,54
S001142,phase,full,4,0,57.5,68,10.5,12.5565388,38.30389221,43.62319586,5.319303651,6.210117267,44.5,6,12.25,13.5,18.25,49.75
S001143,phase,full,4,0,149,169.5,20.5,27.19681354,64.57315095,76.35952586,11.78637491,13.16759182,35.5,11,38.25,34.25,65,104.5
S001144,phase,full,4,0,69.5,112.25,42.75,6.34428877,33.98072528,43.54905067,9.568325385,2.166940595,26.25,10.5,38.75,26.25,52.25,60
S001145,phase,full,4,0,111.25,165.5,54.25,25.46075411,50.97293791,72.67322311,21.7002852,9.512025809,38,12.75,27.25,59.75,77.75,87.75
S001146,phase,full,4,0,51.5,72.75,21.25,6.946221995,34.08434673,53.24158134,19.15723461,4.231596572,39,12.5,25.75,16.75,21.5,51.25
S001147,phase,full,4,0,85.75,96.25,10.5,8.544003745,43.12440299,46.89374134,3.769338347,4.357546466,38.75,10.5,6.5,9,27,69.25
S001148,phase,full,4,0,125,187.25,62.25,30.75033875,42.18109892,59.12285232,16.9417534,9.874284749,26.75,12.25,21.75,32.25,44.75,142.5
S001149,phase,full,4,0,80.25,98.5,18.25,4.193248542,54.44257147,79.18503498,24.74246351,3.524914058,48,7.75,14,18.25,21.5,77
S001150,phase,full,4,0,79.25,89.25,10,5.887840578,43.91284639,67.47971708,23.56687068,8.449083795,20,10,7.5,13.25,26.75,62.5
S001151,phase,full,4,0,100.25,100.75,0.5,10.66145706,47.43945828,48.41893686,0.979478582,5.515171755,41.5,11.25,23.25,39.5,25.75,75
S001152,phase,full,4,0,85,102.25,17.25,17.7270979,33.78889038,38.951493,5.162602618,3.080118689,38,10.5,31.75,27.75,23,79.25
S001153,phase,full,4,0,65.75,110.5,44.75,23.41473895,18.06464714,25.64263068,7.577983542,4.523638348,46,6.5,22,36,42.5,68
S001154,phase,full,4,0,61.25,93,31.75,9.639329161,25.53251807,46.57754364,21.04502557,3.77918146,44.25,9.5,15.5,16,24.5,68.5
S001155,phase,full,4,0,66,90.75,24.75,21.31314149,46.72999367,73.6107256,26.88073192,14.71508266,32,7,33.25,26.25,20,70.75
S001156,phase,full,4,0,66,109.75,43.75,8.539125638,29.67527635,48.47640052,18.80112418,6.908803723,27,11.75,44.75,68.5,52,57.75
S001157,phase,full,4,0,134,224.5,90.5,33.04037934,46.40657175,90.08622989,43.67965814,17.30435808,34.5,13.5,48.75,55,101.25,123.25
S001158,phase,full,4,0,53,72.25,19.25,10.59481005,14.54142145,19.24629825,4.704876798,2.630528024,45.5,12.75,25,26.5,26.5,45.75
S001159,phase,full,4,0,93.75,111.75,18,10.36018018,38.2223061,50.73436722,12.51206112,7.494979899,33.75,18.75,15.75,32.25,35.5,76.25
S001160,phase,full,4,0,76.5,101,24.5,14.20093894,25.48450436,33.56526188,8.080757514,3.984332709,38.5,12.5,23,40.5,38,63
S001161,phase,full,4,0,89,103.75,14.75,13.22560648,29.79647058,36.26576976,6.469299177,3.613977494,27,15,13.75,33,21.5,82.25
S001162,phase,full,4,0,91.75,132,40.25,21.88416475,43.70037982,65.41854121,21.71816139,10.56891929,44,12,25.25,69.75,45,87
S001163,phase,full,4,0,80,86,6,8.485281374,30.67287206,30.91692011,0.2440480478,4.340028416,39.5,12.5,31.75,43.25,31.75,54.25
S001164,phase,full,4,0,73,93.75,20.75,11.5,30.16352394,36.90125323,6.737729291,3.198164266,40.5,12,10.5,10.75,40.75,53
S001165,phase,full,4,0,57.5,67,9.5,5.686240703,31.22151201,40.40490894,9.183396928,2.679979705,41.5,7,10.75,23.5,21.25,45.75
S001166,phase,full,4,0,56.5,68.5,12,5.477225575,23.71090361,30.19272082,6.481817207,2.551833692,37.5,5.5,5.25,10.5,20,48.5
S001167,phase,full,4,0,38.25,46.25,8,8.831760866,14.28787116,15.86137639,1.573505228,3.40152232,33.25,10.5,12.5,18.5,9.75,36.5
S001168,phase,full,4,0,75.75,86.25,10.5,18.43004793,30.16458605,35.3420005,5.177414453,9.60912555,36.25,14,14,26.25,24.25,62
S001169,phase,full,4,0,66.25,91.5,25.25,16.54035469,22.41539736,34.26643532,11.85103796,7.963567807,27.5,7.75,20.75,41.25,42.5,49
S001170,phase,full,4,0,95.75,109.75,14,11.60459679,32.74134667,36.1432486,3.40190193,0.9708209912,21.25,10.25,16.75,16.75,28,81.75
S001171,phase,full,4,0,85.25,134.5,49.25,10.17758976,35.63892886,65.33823151,29.69930265,2.315334917,40.5,15.25,26.75,53.75,34.25,100.25
S001172,phase,full,4,0,58.5,66.75,8.25,9.287087811,17.98973439,23.6887714,5.699037012,4.340251778,38.25,11.25,12.25,23,9.5,57.25
S001173,phase,full,4,0,70.5,82.25,11.75,4.924428901,27.10870239,32.71435794,5.605655546,1.277648892,42.75,7.75,10.25,20,24.5,57.75
S001174,phase,full,4,0,87.5,101.75,14.25,5.315072906,40.54582308,43.56145909,3.015636017,3.598550981,29.75,14,15.75,25.5,40.75,61
S001175,phase,full,4,0,88.25,148,59.75,2.872281323,40.12652648,74.78700649,34.66048001,5.073949781,37.75,10.25,20.5,89.75,60.5,87.5
S001176,phase,full,4,0,81.5,139.25,57.75,33.65882747,29.58594627,45.09142374,15.50547747,11.66622174,26.25,19,45.75,68,59.5,79.75
S001177,phase,full,4,0,164.5,167.5,3,12.11060142,64.61390458,70.19513551,5.581230931,7.437291434,29.25,13,28,61.25,71.25,96.25
S001178,phase,full,4,0,166.5,202.25,35.75,19.80530232,58.4153997,82.15359565,23.73819594,7.336284464,34.5,15.75,35.75,58,71.5,130.75
S001179,phase,full,4,0,117.75,142.5,24.75,15.69235483,57.94853305,71.72766649,13.77913343,4.481873349,21.75,8.5,12.25,45.25,58.75,83.75
S001180,phase,full,4,0,57.5,66,8.5,7.549834435,20.8974333,23.58880314,2.691369843,4.307727328,43.5,7,4,10.25,29,37
S001181,phase,full,4,0,187.5,244.5,57,15.57776193,55.47625139,84.27573972,28.79948834,9.876928243,31.5,12,74.25,59,101.25,143.25
S001182,phase,full,4,0,79.75,80.5,0.75,16.74066904,30.07179456,34.44235624,4.370561682,5.098476883,29.5,14.5,18.25,33,29,51.5
S001183,phase,full,4,0,151.5,228.25,76.75,17.36615482,67.71540499,112.1559023,44.4404973,5.22244317,31,18.5,57,66,119.25,109
S001184,phase,full,4,0,52,69.75,17.75,19.9394918,22.87092692,33.81642381,10.94549689,8.324052496,28,6.5,5.25,7.5,25.5,44.25
S001185,phase,full,4,0,71.75,77.5,5.75,4.193248542,20.39579635,20.26560663,-0.1301897212,0.7053021495,37,11.25,15.25,17.5,26.75,50.75
S001186,phase,full,4,0,114.75,147,32.25,10.90489187,48.75827433,80.79437506,32.03610073,12.20019336,31.25,14,40.5,57.25,54,93
S001187,phase,full,4,0,62.75,95.25,32.5,12.4498996,28.97492017,41.68008737,12.70516719,1.259844957,36.5,14.25,20.75,19.5,33.75,61.5
S001188,phase,full,4,0,60.5,81,20.5,13.96424004,31.2707762,54.56667508,23.29589887,10.70449992,31.75,6.75,10.5,25.5,23.5,57.5
S001189,phase,full,4,0,80.25,144.75,64.5,33.66996683,30.5554865,62.11733638,31.56184988,13.39296054,28.25,9.25,37.5,75.75,46.5,98.25
S001190,phase,full,4,0,128.25,171,42.75,21.54646143,60.42388199,59.10232156,-1.32156043,5.120282462,36.75,13.5,47.75,61.25,71,100
S001191,phase,full,4,0,96,141.5,45.5,21.9317122,29.08239569,43.95083109,14.8684354,7.415455542,47.5,9,50,69.25,48.5,93
S001192,phase,full,4,0,49.5,83.25,33.75,10.9658561,29.00159726,48.14166784,19.14007059,6.873444109,42.5,6.25,16,16.25,17.25,66
S001193,phase,full,4,0,83.25,106.75,23.5,11.38712724,25.51385022,31.39611055,5.882260329,3.084239942,28,14,18,22,42.5,64.25
S001194,phase,full,4,0,56,87,31,6.055300708,14.3414992,18.66791283,4.326413628,2.060308605,28.75,10.75,13.25,14.5,44.5,42.5
S001195,phase,full,4,0,180.25,211.5,31.25,12.09338662,42.36010274,55.12898016,12.76887741,4.237386765,35,15.5,108.5,112.5,107,104.5
S001196,phase,full,4,0,47.5,62.25,14.75,8.180260795,16.69357633,23.03987368,6.346297346,1.863368096,30.5,5.75,16,27.25,23.25,39
S001197,phase,full,4,0,103.5,156,52.5,31.26766168,42.32886802,63.07569068,20.74682266,9.191774375,36,12,30,71.75,75.75,80.25
S001198,phase,full,4,0,46,54,8,9.865765725,24.45564218,29.66431179,5.208669608,3.937072365,43.25,6.75,7.5,10.5,17.25,36.75
S001199,phase,full,4,0,85.75,106,20.25,10.78192933,34.67650206,42.86314846,8.186646397,7.240436337,38.75,13.25,23.5,19.5,46.5,59.5
S001200,phase,full,4,0,68.25,84.75,16.5,4.795831523,41.9417041,51.81494447,9.873240368,5.850896427,41,14.25,16.75,11.25,22.25,62.5
S001201,phase,full,4,0,175.25,189.5,14.25,16.37833935,61.52693225,79.47210111,17.94516887,1.02931359,24,12.5,18.25,32.5,99.5,90
S001202,phase,full,4,0,57.75,91,33.25,14.12739655,14.71184213,21.28121544,6.569373311,4.358508453,31.75,7,20.5,15.75,34.25,56.75
S001203,phase,full,4,0,84,103.75,19.75,4.573474245,38.82281649,62.45859242,23.63577593,6.071240376,39,9.75,29.5,35.5,35.75,68
S001204,phase,full,4,0,125.75,138,12.25,13.45052663,70.18440348,82.89812173,12.71371825,8.541881487,36.75,7.75,27.75,43,40.75,97.25
S001205,phase,full,4,0,56,75.5,19.5,9.574271078,20.76401188,26.00291993,5.238908052,3.541313611,47.75,7.25,11,14,31,44.5
S001206,phase,full,4,0,53.75,71.5,17.75,14.26826315,25.99376545,34.59466488,8.600899437,6.046122979,41.75,9.5,6,14.25,12.5,59
S001207,phase,full,4,0,94,96.75,2.75,8.180260795,14.77856224,15.40043198,0.6218697445,1.490046876,30.5,10.75,25.5,37.5,57.5,39.25
S001208,phase,full,4,0,73.5,81.5,8,2.449489743,20.23231907,20.42900259,0.1966835177,1.277975393,37.75,4.75,3.75,10.75,33.75,47.75
S001209,phase,full,4,0,122.5,204.25,81.75,28.941032,30.59574546,43.62519047,13.02944501,5.721320039,25.75,8.75,129,143,120,84.25
S001210,phase,full,4,0,109.25,168.25,59,23.16606714,35.47086937,44.14250125,8.671631881,6.575305693,44.25,12.75,32.25,34,88.75,79.5
S001211,phase,full,4,0,81.75,110,28.25,8.139410298,15.05880911,17.46886758,2.410058467,1.973337639,24.5,16.25,24.75,49.75,59.5,50.5
S001212,phase,full,4,0,60,69.75,9.75,8.261355821,32.56043269,35.84114985,3.28071716,4.381846497,33.25,11.25,5.75,12.25,16,53.75
S001213,phase,full,4,0,133.25,199.25,66,28.33137248,29.45047375,38.26735576,8.816882011,4.767717431,36.75,11,38,80.75,123.75,75.5
S001214,phase,full,4,0,67.5,116.25,48.75,20.38586111,30.9223862,46.35143187,15.42904567,5.369200942,26.75,9,18.75,55,38,78.25
S001215,phase,full,4,0,95.75,138.25,42.5,18.6993761,41.71871972,65.18103131,23.46231159,6.350913312,40.25,9.5,85,101.75,57.25,81
S001216,phase,full,4,0,67,105,38,3.366501646,22.07066456,37.23508281,15.16441825,3.653228782,40.25,5.75,31.75,35.25,30.25,74.75
S001217,phase,full,4,0,75,109.5,34.5,13.72345923,44.33718968,74.50117917,30.16398949,12.10451095,26,11.25,20.5,60.25,36.75,72.75
S001218,phase,full,4,0,63.75,81.75,18,13.56465997,33.18389233,46.54238324,13.35849091,6.191243967,38.75,3.5,7.75,19.75,28.75,53
S001219,phase,full,4,0,74,87,13,13.73559852,38.60001596,46.32565853,7.725642576,3.046663859,34,8,18.25,20.25,34,53
S001220,phase,full,4,0,248.75,454.5,205.75,61.1630335,56.39007454,104.1354589,47.74538439,10.9343221,26.5,12,131.75,136.25,207,247.5
S001221,phase,full,4,0,96.75,122.75,26,18.12916619,34.3586932,50.02072336,15.66203017,6.909082837,28.75,16.5,28.25,20.75,46,76.75
S001222,phase,full,4,0,56.5,84.5,28,14.76482306,12.42364961,20.23846824,7.814818631,2.666804707,41,11.75,18.25,24.25,34.5,50
S001223,phase,full,4,0,175.75,210.75,35,20.28135433,64.95913855,93.63379346,28.67465491,5.632987634,25,10.5,19.5,32.25,58,152.75
S001224,phase,full,4,0,111.5,163.75,52.25,2.872281323,42.28749536,57.88009675,15.59260138,4.310842556,23,19,21.75,55,75.5,88.25
S001225,phase,full,4,0,63.5,101.25,37.75,22.09637979,31.21112253,50.61259287,19.40147034,7.999424409,42.5,6.75,32.5,44.25,47.25,54
S001226,phase,full,4,0,110,126.5,16.5,12.60952021,77.86848632,102.1670745,24.29858815,13.35203106,31,9.75,16.5,23,27.25,99.25
S001227,phase,full,4,0,109,191,82,3.559026084,30.03898296,50.32933248,20.29034952,8.224103887,32.25,18.5,68,148,117,74
S001228,phase,full,4,0,39.75,51.75,12,6.976149845,11.36421453,17.79487871,6.430664172,1.630430596,42.25,5.75,6,12.5,10.5,41.25
S001229,phase,full,4,0,88.5,108,19.5,19.01753577,39.03494581,50.65657588,11.62163006,6.919653419,35,7.75,12,36.75,21.5,86.5
S001230,phase,full,4,0,46.25,60.75,14.5,2.645751311,14.51449442,20.77126205,6.256767627,1.559718879,26.5,6.75,13,21.75,18,42.75
S001231,phase,full,4,0,135.25,181,45.75,32.01431971,68.93038092,114.6720633,45.74168238,14.83018333,27.5,15,56.5,46.5,48.75,132.25
S001232,phase,full,4,0,117.25,137.75,20.5,5,38.01053124,47.78637628,9.775845041,2.5238747,38.5,12,17.25,30.5,63.75,74
S001233,phase,full,4,0,65.5,89.5,24,8.164965809,36.7029379,46.42440221,9.721464311,5.332324176,34.75,15.5,21.75,45.25,30.5,59
S001234,phase,full,4,0,91,118.5,27.5,16.68332501,23.27282109,32.98929936,9.716478268,1.050542733,28,14.5,31.75,42.25,52.5,66
S001235,phase,full,4,0,80.5,82.75,2.25,15.73478101,24.51729906,31.48492496,6.967625904,5.199879649,35.75,12.25,13.75,19.25,28.75,54
S001236,phase,full,4,0,91.5,114.5,23,9.309493363,44.70704283,57.49470085,12.78765802,2.339940811,33,10,15,35.25,26,88.5
S001237,phase,full,4,0,107.75,120.75,13,8.205689083,51.06402978,77.83948981,26.77546002,6.504302611,27,11.5,9.75,31.25,21,99.75
S001238,phase,full,4,0,87.75,75,-12.75,9.178779875,54.90584762,41.53526374,-13.37058388,7.719236282,39.5,7,4,16.75,17.75,57.25
S001239,phase,full,4,0,73.5,106.5,33,8.755950358,44.34555088,55.58937233,11.24382146,4.417684269,42.25,12,28.5,37.5,43.25,63.25
S001240,phase,full,4,0,41,56,15,9.899494937,29.81507894,40.09191097,10.27683204,5.452813654,35.25,10.25,8.25,12.75,12,44
S001241,phase,full,4,0,102.5,121.5,19,21.92411154,46.48992632,45.54131555,-0.9486107613,7.079079001,44.25,8.25,52.75,52.5,64.25,57.25
S001242,phase,full,4,0,46,79.75,33.75,24.87803583,25.32035783,39.70026249,14.37990467,8.98835018,25.5,6.25,16.75,28.5,23,56.75
S001243,phase,full,4,0,80.75,94.5,13.75,11.32475165,17.13656653,23.18558746,6.049020937,2.054054585,24.5,10,15.25,36.5,43,51.5
S001244,phase,full,4,0,53.5,74.75,21.25,14.47699324,12.93257429,16.8490756,3.916501306,2.288460783,26,8.25,10,17.5,28,46.75
S001245,phase,full,4,0,63.75,95,31.25,15.21786231,21.24554581,33.30662029,12.06107449,5.639425402,31.25,11.5,19,35.25,38.25,56.75
S001246,phase,full,4,0,32.75,38.75,6,4.163331999,17.70468814,23.78195371,6.07726557,1.099945205,32.25,6.25,16,15.5,16,22.75
S001247,phase,full,4,0,167,476.5,309.5,94.66607981,40.76980223,118.1403424,77.37054018,19.47474181,43.5,11.5,318.75,142,325.5,151
S001248,phase,full,4,0,44.75,54.75,10,6.480740698,8.6454494,10.88109779,2.235648393,1.227931664,29.5,15.5,7.75,29.5,28.5,26.25
S001249,phase,full,4,0,71.5,89.5,18,9.966610925,19.38869492,28.90032877,9.511633849,2.097938303,28.5,9.25,30.25,29.25,35.75,53.75
S001250,phase,full,4,0,129.5,221.5,92,40.07492982,37.11577282,80.04559118,42.92981836,14.84827634,35.25,11.25,81,166.25,56.25,165.25
S001251,phase,full,4,0,75.25,126.5,51.25,16.95828215,46.8634083,73.88862893,27.02522063,9.822979298,36.25,16.75,16.5,37.5,49.5,77
S001252,phase,full,4,0,84.75,99,14.25,3.403429643,53.5575596,59.66320355,6.105643956,2.293698825,32.75,13.25,12.5,14,20.25,78.75
S001253,phase,full,4,0,59,78,19,11.63328558,44.91018426,63.1585714,18.24838714,7.500307436,38.25,15.75,6.75,12,13,65
S001254,phase,full,4,0,63,94,31,16.1245155,25.75080739,32.39149004,6.64068265,8.403656336,25.25,8.75,10.75,13.25,51.25,42.75
S001255,phase,full,4,0,161.75,191.75,30,12.32882801,101.3950275,119.8946732,18.49964572,6.081613631,23.25,11.5,31,66,41.5,150.25
S001256,phase,full,4,0,121,163.25,42.25,11.78629147,26.84508646,45.71953351,18.87444705,3.906755281,33.75,9.25,38,72.5,65.75,97.5
S001257,phase,full,4,0,44,50.5,6.5,3.415650255,20.22816409,27.31692292,7.088758829,3.029137101,35.25,13.25,6.5,18.5,17.75,32.75
S001258,phase,full,4,0,141.5,218,76.5,9.678154094,32.87407495,49.59291034,16.71883539,2.595248678,41.25,13.5,28.25,39.25,98.25,119.75
S001259,phase,full,4,0,51.75,68.25,16.5,4.654746681,16.21916611,22.70933843,6.490172312,1.985486321,42.5,12,17.25,18,10.5,57.75
S001260,phase,full,4,0,88,113.25,25.25,21.34439817,27.83174523,30.9459666,3.114221373,4.177246374,35.75,10,14.25,23.25,64.5,48.75
S001261,phase,full,4,0,95.75,124.75,29,18.11077028,27.5527402,46.43170092,18.87896073,8.701452077,37.5,7,18,57.75,49.25,75.5
S001262,phase,full,4,0,55.75,65.75,10,5.887840578,23.90275694,33.86986217,9.967105236,5.581361992,31.5,10.75,8.75,13.75,32.75,33
S001263,phase,full,4,0,77,104.75,27.75,21.17191536,21.1000982,31.04582768,9.945729479,5.964374457,34.5,15,52,57.75,37.75,67
S001264,phase,full,4,0,54,74.25,20.25,4.5,30.3804058,36.83297222,6.452566422,5.329181292,28.5,7,9.75,16.25,25.75,48.5
S001265,phase,full,4,0,49,58.75,9.75,9.322910847,15.14400095,20.43846029,5.294459345,1.513173098,50,6.25,7,18.75,21,37.75
S001266,phase,full,4,0,62,74.5,12.5,8.062257748,26.49839989,28.8627015,2.36430161,3.735257831,45,5.75,9.25,14,20.25,54.25
S001267,phase,full,4,0,131,163,32,23.65022903,23.92029867,22.75853749,-1.161761171,1.340618064,29,15.25,33.5,34.5,102.5,60.5
S001268,phase,full,4,0,72.25,112.75,40.5,15.17673658,35.30132632,56.45302891,21.15170259,6.780104309,37.5,13.5,46.75,36.5,33,79.75
S001269,phase,full,4,0,124,162.5,38.5,15.43804824,68.20032513,107.330962,39.13063689,10.1196533,25.5,18,26,37.5,33,129.5
S001270,phase,full,4,0,179.25,307.5,128.25,42.43720852,118.3538073,230.576722,112.2229148,32.97680579,26.5,17.5,111.25,129.5,100.75,206.75
S001271,phase,full,4,0,68,80.25,12.25,12.20314167,41.59374269,51.12942234,9.535679655,10.07462927,35,13.5,22,35,25.25,55
S001272,phase,full,4,0,73,81.5,8.5,4.509249753,45.5913676,47.39405711,1.802689505,3.894841301,21.75,13,13,18.5,18.25,63.25
S001273,phase,full,4,0,83.75,153.25,69.5,15.43804824,35.34109844,62.85505579,27.51395735,9.698069843,26.25,14,28.75,30.25,64.75,88.5
S001274,phase,full,4,0,46.75,55.25,8.5,7.937253933,19.01535442,20.80249047,1.787136045,5.241464668,31.5,9.5,12.75,33.25,15.5,39.75
S001275,phase,full,4,0,69.75,83.25,13.5,14.45683229,22.4713632,24.57120732,2.099844127,3.165107632,40,12.75,19,52.5,40.75,42.5
S001276,phase,full,4,0,96.75,136,39.25,12.12091856,32.76190519,49.61828248,16.85637728,3.042660248,46.75,9.75,43.5,53,78.75,57.25
S001277,phase,full,4,0,63.25,69,5.75,9.708243919,27.78808105,29.06399523,1.275914184,3.214552467,45.75,7.25,7.5,15,19.75,49.25
S001278,phase,full,4,0,90.75,108.75,18,7.348469228,53.41629849,65.3075514,11.8912529,5.846313521,34.5,15.75,12,22.5,41.75,67
S001279,phase,full,4,0,54.75,78.75,24,14.07124728,19.36527711,23.47098314,4.10570603,3.621721013,40.25,13.5,19.25,17.75,22.25,56.5
S001280,phase,full,4,0,56.5,63,6.5,5.972157622,15.46138427,21.44613359,5.984749318,1.794157243,34.75,5.25,6.75,10,17.5,45.5
S001281,phase,full,4,0,47.5,65.5,18,1.414213562,14.26621917,22.48923161,8.223012441,2.1278599,34.5,18,9.75,16.75,25.25,40.25
S001282,phase,full,4,0,75.5,66.75,-8.75,14.7507062,19.30002031,16.37111309,-2.928907229,2.974047084,47.5,5.75,8,10.5,22.25,44.5
S001283,phase,full,4,0,105.5,112.75,7.25,10.34005158,69.35483624,87.05567184,17.70083559,10.0518076,37.75,13.5,21.5,36,24.75,88
S001284,phase,full,4,0,33.25,49,15.75,6.849574196,21.53877293,33.42454292,11.88576999,2.844920801,39,5,6.75,9,11.25,37.75
S001285,phase,full,4,0,87.75,101.75,14,8.286535263,40.68223866,55.83773191,15.15549325,3.78116807,37,11.5,19.75,34.5,36,65.75
S001286,phase,full,4,0,111.5,146.5,35,20.94437076,61.06188478,72.33381944,11.27193466,10.42036413,40.25,14,17.25,35.5,46.5,100
S001287,phase,full,4,0,62,89.75,27.75,17.1537168,28.87939396,39.1120441,10.23265014,5.025729947,23,17.75,22.25,26,19.5,70.25
S001288,phase,full,4,0,101.5,109.25,7.75,2.62995564,45.7813341,58.65034927,12.86901517,1.442755174,33.25,10.5,10.25,31,38,71.25
S001289,phase,full,4,0,83,119.25,36.25,13.45052663,33.81331221,60.22794864,26.41463643,6.894223289,41.5,8.25,21.5,28.5,45,74.25
S001290,phase,full,4,0,133.5,253.25,119.75,28.90645833,28.77134099,46.72123248,17.94989149,5.548168759,25.5,17.5,93.5,101.5,120,133.25
S001291,phase,full,4,0,55.25,51,-4.25,2.061552813,24.61048057,27.52827455,2.917793984,2.127294397,45.25,8,5.75,7,14.75,36.25
S001292,phase,full,4,0,79.25,138.5,59.25,19.61929323,21.58801978,41.87269173,20.28467195,3.013859626,38.5,11.75,44,55.75,65.25,73.25
S001293,phase,full,4,0,49.25,52.25,3,2.943920289,17.36616357,20.84489691,3.478733334,0.8064863932,37.25,6.5,3.25,12.25,9.5,42.75
S001294,phase,full,4,0,45,62.75,17.75,5.852349955,14.42968419,18.37648585,3.946801657,0.6957779982,28,14.25,5.25,15.25,28.25,34.5
S001295,phase,full,4,0,56.25,58,1.75,1.707825128,17.5219529,18.42419996,0.9022470597,0.4669328036,34.75,9,9.75,20.25,16.5,41.5
S001296,phase,full,4,0,52.25,49.5,-2.75,7.410578025,12.04473349,14.8998883,2.855154804,2.787770092,43,6.5,8.5,15.75,19.75,29.75
S001297,phase,full,4,0,49.25,67.25,18,7.571877794,22.41261649,32.06892496,9.656308469,4.429052078,38.5,5.75,8.25,16,22.25,45
S001298,phase,full,4,0,41.5,64.25,22.75,9.03234927,11.64907361,21.60504738,9.95597377,4.872826777,43.75,14,17.25,28.5,30.5,33.75
S001299,phase,full,4,0,123.25,189.5,66.25,24.55436146,39.81989078,64.42739321,24.60750243,7.20267032,22.5,9,26,44.75,90.5,99
S001300,phase,full,4,0,59,79,20,13.3666251,31.72979706,50.27742355,18.54762649,5.187356256,44.75,7,21.75,19,20.75,58.25
S001301,phase,full,4,0,79,118,39,22.09072203,49.97567378,83.49441084,33.51873706,10.7554037,45.25,8.25,34.5,64.75,29,89
S001302,phase,full,4,0,99.75,135.75,36,21.33854103,36.38879129,43.35750874,6.968717452,3.515048906,28,18.5,41.25,45.75,75,60.75
S001303,phase,full,4,0,139.25,167.75,28.5,15.54563176,63.16384213,94.8430429,31.67920076,6.919850319,31.25,8.75,10.75,19.5,63.5,104.25
S001304,phase,full,4,0,54.75,69.25,14.5,6.952217872,17.37384921,28.45527516,11.08142595,7.00711972,37.75,11.5,18.5,37,26.5,42.75
S001305,phase,full,4,0,70.5,82,11.5,7.187952884,34.06044148,45.22558599,11.16514451,2.149196024,31.25,13.5,14.5,15.75,16,66
S001306,phase,full,4,0,114.25,192.75,78.5,43.9886349,61.04535341,90.8209846,29.77563119,13.11793186,38.25,12.75,59.75,73.25,78.25,114.5
S001307,phase,full,4,0,62.25,68.5,6.25,7.5,24.15909175,26.2820027,2.122910942,3.845447259,30.25,8.5,5.5,12.5,25,43.5
S001308,phase,full,4,0,158,231.25,73.25,15.71358224,56.73977436,83.45820182,26.71842745,8.322906068,32.5,11.5,68,72,120.5,110.75
S001309,phase,full,4,0,83,107.25,24.25,12.03813385,28.65220317,39.07658872,10.42438554,3.371605737,26.25,10,10.5,56.25,46.25,61
S001310,phase,full,4,0,60.25,84.75,24.5,12.34233905,35.28442178,55.80368511,20.51926332,8.307943415,23,8.25,16.25,41.25,26.25,58.5
S001311,phase,full,4,0,83.25,105.5,22.25,12.6062154,41.56613702,57.70019944,16.13406241,6.981780273,32.25,9.75,24.75,63.75,46,59.5
S001312,phase,full,4,0,51.25,70.25,19,7.257180352,21.35488302,26.30173129,4.946848273,3.510689003,31,18.75,16.25,17,15,55.25
S001313,phase,full,4,0,116.75,165.25,48.5,11.70469991,48.6541231,79.20210318,30.54798008,2.777334781,29,9.5,26.75,29.25,47.5,117.75
S001314,phase,full,4,0,116.25,123.5,7.25,12.91962332,77.92143298,104.7984927,26.87705969,13.04617813,26.75,7.5,13.5,18.25,19.75,103.75
S001315,phase,full,4,0,104.25,117.5,13.25,24.32248617,34.31402082,43.08359552,8.769574704,5.274835366,43.5,7.75,29.75,28.75,43.75,73.75
S001316,phase,full,4,0,82.75,95,12.25,9.178779875,41.63238334,40.20853365,-1.423849687,4.643944981,36,17.75,10.5,34,34,61
S001317,phase,full,4,0,45.75,61.5,15.75,11.81453907,28.67821126,44.84196976,16.16375849,7.807923684,36.25,9.5,7.25,16,12,49.5
S001318,phase,full,4,0,131.25,183,51.75,19.82212568,48.17686794,82.0071163,33.83024836,6.541660534,18.5,17,18.75,26.5,44.75,138.25
S001319,phase,full,4,0,48.75,62.25,13.5,8.346656017,28.95798698,32.40682661,3.448839628,3.759703426,38.5,6.25,15.25,16.25,21.5,40.75
S001320,phase,full,4,0,63.75,85.75,22,8.831760866,19.5846535,31.15986701,11.57521351,4.66674347,28.25,16.5,20,25.75,32.75,53
S001321,phase,full,4,0,85.75,83.5,-2.25,5.251983752,54.65726105,65.36318805,10.70592701,3.900957805,41.5,10.25,18.5,22.5,15,68.5
S001322,phase,full,4,0,84.5,128.75,44.25,10.34005158,32.28680375,54.61041607,22.32361232,4.699168617,26.5,12.5,38.75,62.25,57.25,71.5
S001323,phase,full,4,0,94.25,104.5,10.25,12.33896268,36.08147221,46.28712714,10.20565493,3.570308281,38.75,15.5,20.5,13.5,50.5,54
S001324,phase,full,4,0,80,100.5,20.5,6.608075867,23.83135763,28.41897118,4.587613547,1.639245523,36.5,16,27.25,46,43,57.5
S001325,phase,full,4,0,56,102.75,46.75,17.61391495,20.45347531,25.80485768,5.35138237,2.299120451,35.25,13.75,23.75,33.5,59.75,43
S001326,phase,full,4,0,78,127.25,49.25,24.32248617,42.5646895,76.7577772,34.1930877,17.13532332,37.5,14.5,27,32.75,35.5,91.75
S001327,phase,full,4,0,63.25,67.25,4,4.966554809,20.37431015,20.88762888,0.51331873,1.333821615,30.25,10.5,4,5.5,24.5,42.75
S001328,phase,full,4,0,142.5,250.5,108,61.4817046,46.20407606,59.20684419,13.00276813,12.81333069,42.75,9.75,105.5,120,125.5,125
S001329,phase,full,4,0,87,94.25,7.25,5.439056291,40.86871723,45.09245909,4.22374186,2.476607464,35.75,13.25,36,29.75,23.25,71
S001330,phase,full,4,0,92,119.75,27.75,6.898067362,28.20306765,33.90555871,5.702491058,0.7551156004,34,15.25,17.25,22.75,37.25,82.5
S001331,phase,full,4,0,54.5,67.25,12.75,4.924428901,15.88171001,17.32351906,1.441809057,2.35903111,21,8.5,7.5,22.5,22.25,45
S001332,phase,full,4,0,68,77.25,9.25,10.11187421,31.75395018,29.98047595,-1.773474231,3.675998922,23.25,9.75,17.5,19.25,30.75,46.5
S001333,phase,full,4,0,87.5,111,23.5,11.12055155,27.47363283,34.72680007,7.253167245,4.605430474,41.5,11,27.25,45.25,26.5,84.5
S001334,phase,full,4,0,105.75,128.75,23,18.27566688,72.25037557,113.6159805,41.36560489,9.006873295,28.25,16.75,13.5,34,24.25,104.5
S001335,phase,full,4,0,89.75,144.25,54.5,21.94690563,33.41645931,50.24196333,16.82550402,5.912061025,41.25,8.5,18.25,32.5,48,96.25
S001336,phase,full,4,0,60,77.25,17.25,6.551081336,18.05089498,24.58906902,6.538174039,2.080602086,27.75,10.75,11.75,18,37.5,39.75
S001337,phase,full,4,0,74.25,120.5,46.25,30.96637962,28.64385705,53.90702192,25.26316486,8.193935149,26.75,12.75,11.5,16.75,51.25,69.25
S001338,phase,full,4,0,89.25,143.75,54.5,52.88036813,32.8117295,63.8749992,31.06326969,24.20909561,47.25,4.75,23.25,19.75,82.75,61
S001339,phase,full,4,0,88.75,122.5,33.75,13.54929272,31.17782088,48.73943251,17.56161164,4.810625837,25,19.25,53.5,80,43.5,79
S001340,phase,full,4,0,72,94,22,10.86278049,30.16762291,44.1456267,13.97800379,3.581584483,36.75,8.25,16.5,38.25,49.75,44.25
S001341,phase,full,4,0,49.25,53.5,4.25,4.716990566,24.56577926,22.98701985,-1.578759414,1.587303097,24.25,12.25,10.5,9.75,20.5,33
S001342,phase,full,4,0,106.75,134,27.25,12.47330483,42.79999342,57.04374991,14.24375648,3.292329455,35.75,15.5,14,19.5,68.5,65.5
S001343,phase,full,4,0,117.5,146.25,28.75,18.15443013,61.01696232,81.30192894,20.28496663,7.792877882,34.25,10.5,24,26.25,47,99.25
S001344,phase,full,4,0,60,101.5,41.5,9.036961141,17.7121411,28.12531735,10.41317625,2.412360983,35.75,9.75,12.5,39.25,37.5,64
S001345,phase,full,4,0,141.5,221.75,80.25,11.78629147,28.83245629,44.95651257,16.12405627,3.11945834,32.75,14.25,24,66.5,101.5,120.25
S001346,phase,full,4,0,105,136.25,31.25,17.93274472,38.62684617,45.91549664,7.288650475,5.941424436,38,13.75,28.5,84.5,32.75,103.5
S001347,phase,full,4,0,66.5,97,30.5,13.89244399,12.77996421,20.30241274,7.522448536,3.644328735,24.5,13.25,25.75,52,48.75,48.25
S001348,phase,full,4,0,48.75,82.5,33.75,14.43086969,23.90856051,31.13708274,7.22852223,4.361168155,32.5,8,7.75,26.5,34.5,48
S001349,phase,full,4,0,56.75,83.5,26.75,16.93861466,17.71899428,24.62033413,6.901339849,6.432038433,25.75,10.75,8.5,19.25,47.75,35.75
S001350,phase,full,4,0,68.5,94.75,26.25,12.01041215,36.94951182,54.07163251,17.12212069,9.161229549,43.25,11.5,9.25,12.75,25,69.75
S001351,phase,full,4,0,118.25,151.25,33,19.40790217,57.14331781,90.76173979,33.61842198,10.10069356,46.25,11.5,36.25,27.5,46,105.25
S001352,phase,full,4,0,85.25,144.25,59,24.67117076,32.52872621,71.12429714,38.59557093,9.087635667,43,10.75,20.5,55,44,100.25
S001353,phase,full,4,0,117.25,163.75,46.5,8.062257748,54.2792176,68.75328677,14.47406916,2.98265887,29.5,12.75,33,29.75,42.75,121
S001354,phase,full,4,0,106.25,187.5,81.25,31.67938341,48.2476839,71.50616106,23.25847716,1.805540711,31,5.75,44,48.75,98.25,89.25
S001355,phase,full,4,0,113,134.5,21.5,9.398581453,47.90194956,72.1689979,24.26704834,4.468277942,35.5,8.25,12.75,12.5,42,92.5
S001356,phase,full,4,0,54,75.75,21.75,11.29527925,16.38478677,20.21406273,3.829275958,3.43839389,41,7,12.75,13.5,17.5,58.25
S001357,phase,full,4,0,65.75,76,10.25,3.947573094,18.75650677,23.57620011,4.819693339,0.7634474277,41.75,9.75,14,10.75,17.75,58.25
S001358,phase,full,4,0,107,120.75,13.75,12.97112177,43.6410742,48.22294592,4.58187172,4.602148116,28.5,14.5,37.75,35.5,40.5,80.25
S001359,phase,full,4,0,126,181.5,55.5,34.42382896,81.0714293,103.5656522,22.49422285,15.65925256,23.25,11,46.75,67.75,57.5,124
S001360,phase,full,4,0,140.5,256.25,115.75,54.86574523,33.2105552,48.03736061,14.82680541,10.02239562,35,6,96.25,101.25,162.25,94
S001361,phase,full,4,0,55.75,69.75,14,6.976149845,39.40707741,44.87345439,5.46637698,4.345449728,36.25,9,9,13,18.75,51
S001362,phase,full,4,0,264,509.75,245.75,88.71442949,39.96715567,72.15500854,32.18785288,9.645656938,23.5,12.25,98.75,120,289.5,220.25
S001363,phase,full,4,0,42.25,64.25,22,8.906926144,20.62640358,23.84236385,3.215960276,0.7236862351,50.75,5.5,6.5,11.75,28.25,36
S001364,phase,full,4,0,61.75,85,23.25,5.852349955,40.25609384,55.42076234,15.1646685,5.409778472,22.75,10.5,19.75,35,21.25,63.75
S001365,phase,full,4,0,158.75,211.5,52.75,21.42234036,61.9075961,71.36199695,9.454400856,4.368158865,39,11.5,31.25,52.5,81.25,130.25
S001366,phase,full,4,0,85.25,197.5,112.25,19.9394918,26.15991801,48.92971116,22.76979315,4.637259976,42.75,8.25,56.25,70.25,82.5,115
S001367,phase,full,4,0,182.5,311.25,128.75,40.62326919,55.50063165,106.1810752,50.68044354,14.79553453,37.25,12.5,37.5,53.5,103,208.25
S001368,phase,full,4,0,100.75,128.75,28,15.70562532,20.52791484,28.63931846,8.111403617,2.867765961,22.75,8.5,35.5,53.75,46.75,82
S001369,phase,full,4,0,50.5,81,30.5,6.244997998,15.25479115,22.17778944,6.922998292,1.294997931,35.25,12.25,11.5,26.75,37.5,43.5
S001370,phase,full,4,0,66.25,94.25,28,7.16472842,21.87383426,30.21214086,8.338306606,3.260571318,37.5,12.75,8,14,32,62.25
S001371,phase,full,4,0,46.75,48.25,1.5,4.795831523,12.91643925,12.77701245,-0.139426799,1.390074211,43.25,9,8.75,18.5,14.75,33.5
S001372,phase,full,4,0,67.25,75.25,8,3.464101615,36.57554799,42.37507878,5.799530789,1.277963672,40.25,13.5,10.5,13.25,13.25,62
S001373,phase,full,4,0,153,258,105,49.27473998,64.10541556,84.04216735,19.93675179,8.486963752,13.5,10,88,95.5,143.75,114.25
S001374,phase,full,4,0,145,231,86,22.10580618,41.4810054,50.55804572,9.077040312,4.505018435,20.25,6.25,16,39.5,135.25,95.75
S001375,phase,full,4,0,83.25,112.25,29,1.154700538,16.2302187,30.12989662,13.89967792,1.182793052,31.5,7.75,20.75,57.5,51.25,61
S001376,phase,full,4,0,43.5,46.25,2.75,4.11298756,16.65466072,18.05909924,1.404438524,2.527785023,32,9,21.25,28.25,20.5,25.75
S001377,phase,full,4,0,74.25,84.75,10.5,6.658328118,42.88891403,45.88840292,2.999488886,3.631785479,28.5,16.25,10.5,13,19,65.75
S001378,phase,full,4,0,87.5,124.75,37.25,14.86326568,37.07095239,54.86235494,17.79140255,3.678272903,32.75,7.25,26.25,46.5,53.5,71.25
S001379,phase,full,4,0,33.5,36.75,3.25,7.847504911,11.98082811,16.59476584,4.613937727,2.983293929,39.5,4,5.75,8,11,25.75
S001380,phase,full,4,0,80,89.5,9.5,9.814954576,46.31118447,57.6934605,11.38227603,3.162733596,38.75,5,17.25,17.25,33.5,56
S001381,phase,full,4,0,64.25,87.75,23.5,25.03996805,14.31483252,21.22496417,6.910131649,4.250101046,36,5.75,6,25.5,40,47.75
S001382,phase,full,4,0,109.25,148,38.75,6.291528696,42.22841168,64.16974948,21.94133781,1.211459563,21.25,10.25,42.75,83.75,61.75,86.25
S001383,phase,full,4,0,82.75,102.5,19.75,3.774917218,37.98483226,52.98886,15.00402773,5.157888567,21.5,10.5,12,19.25,29.75,72.75
S001384,phase,full,4,0,106.25,135.75,29.5,9.469248474,28.2868582,41.85176354,13.56490534,1.756648746,38.5,14.25,41.25,34,38.5,97.25
S001385,phase,full,4,0,93.25,103.75,10.5,10.14889157,55.2011821,61.55097593,6.349793823,1.506004009,37.75,9.5,15.25,19,34.25,69.5
S001386,phase,full,4,0,65.25,75.5,10.25,5.560275773,27.25249735,31.14398529,3.891487937,4.268564334,33.5,14.25,8.75,12,25,50.5
S001387,phase,full,4,0,43.5,56.75,13.25,7.455423082,27.96115743,43.21686516,15.25570773,10.67845761,40,9.5,9,15.75,16.25,40.5
S001388,phase,full,4,0,75.75,107.5,31.75,11.35414755,39.00360939,46.0154939,7.011884507,7.142870818,31.5,4.25,12.25,28.5,43,64.5
S001389,phase,full,4,0,70.75,94.75,24,8.602325267,26.73283282,32.33114369,5.598310862,2.103216037,27.5,7.75,7.25,15.5,25.75,69
S001390,phase,full,4,0,65.25,76.75,11.5,5.446711546,21.01999183,24.66033532,3.640343488,3.056977406,28.25,12.5,14.5,23.75,27.5,49.25
S001391,phase,full,4,0,51,55,4,5.477225575,36.41830502,36.16720705,-0.25109797,4.641094677,50,7.25,10,16,11,44
S001392,phase,full,4,0,107.75,129,21.25,22.20172666,43.52590955,51.85753982,8.331630266,6.165659838,25.75,13.25,18.25,52,54.75,74.25
S001393,phase,full,4,0,160.5,196.25,35.75,21.40677463,47.55008626,60.6398073,13.08972105,7.018433236,31.5,14.25,58,122.5,113.75,82.5
S001394,phase,full,4,0,79.25,80,0.75,10.90489187,20.02588138,26.20645899,6.180577606,1.945779581,29.75,7,4,14.75,25.25,54.75
S001395,phase,full,4,0,55,81,26,6.87992248,20.41811799,25.04949064,4.631372656,3.700117781,32.25,7.25,7,22,45.75,35.25
S001396,phase,full,4,0,62.75,95.25,32.5,6.137317547,35.89568854,67.88957933,31.99389079,1.293614479,36,8.75,13.5,26.25,23,72.25
S001397,phase,full,4,0,85.5,102.25,16.75,6.184658438,21.47875549,28.9393864,7.460630915,2.072396948,43,11.25,13.75,31.75,55.5,46.75
S001398,phase,full,4,0,77.75,116.25,38.5,5.802298395,39.3443142,65.64749571,26.30318151,7.902721756,45.25,10.75,13.75,48.5,57,59.25
S001399,phase,full,4,0,109.5,132.5,23,7.745966692,30.88263577,30.75514577,-0.1274900039,0.6544591762,38.25,11.5,18.75,55.75,57.75,74.75
S001400,phase,full,4,0,186.75,288.25,101.5,33.27160952,50.14400086,89.74877599,39.60477513,9.82975753,17.5,8.75,164.5,167.75,110.25,178
S001401,phase,full,4,0,46.75,61.5,14.75,6.751543034,20.49768283,27.57880823,7.081125396,2.516163423,17.25,9,17,24.75,21.75,39.75
S001402,phase,full,4,0,56.5,82.75,26.25,9.322910847,17.39672686,23.27956396,5.882837106,3.731383956,35.75,11.75,14.75,16.75,26,56.75
S001403,phase,full,4,0,60,74.5,14.5,10.40833,22.31095754,30.90261929,8.591661747,7.245380054,38.5,7.5,13.75,18.5,24.25,50.25
S001404,phase,full,4,0,95,104.5,9.5,9.746794345,35.11293153,38.7277926,3.614861071,3.066847365,22.5,15,24.5,36,59.5,45
S001405,phase,full,4,0,107.25,126.75,19.5,12.28820573,55.27558016,64.56868844,9.293108285,7.703602755,35.25,12,17,18.25,55.25,71.5
S001406,phase,full,4,0,54,56.5,2.5,9.036961141,28.59280874,31.73354822,3.140739475,3.173022222,47.25,8.25,7.25,21,11.5,45
S001407,phase,full,4,0,48.5,67.25,18.75,11.23610253,17.09027221,25.92745703,8.837184825,4.443318438,29.25,5,5.25,12,23,44.25
S001408,phase,full,4,0,46.25,51.25,5,2.943920289,35.89277208,44.07276086,8.179988783,4.222419477,38.5,12,11.75,13.5,7.25,44
S001409,phase,full,4,0,48.25,66.5,18.25,11.44188213,31.74799476,38.91738489,7.169390133,4.824969867,40.75,5.5,13,11.75,15.25,51.25
S001410,phase,full,4,0,55.75,60.75,5,5.163977795,17.28626428,19.40644203,2.120177756,1.978926548,33,7.75,3.25,11.25,13,47.75
S001411,phase,full,4,0,63,76.75,13.75,11.44188213,31.42542828,52.01153818,20.5861099,12.22621964,29.25,16,13.75,8.75,18.5,58.25
S001412,phase,full,4,0,88,128,40,10.23067284,40.76225086,60.64666219,19.88441133,4.903851635,25.5,8.5,10,19,17.5,110.5
S001413,phase,full,4,0,65,83,18,12.56980509,33.26377551,50.48300552,17.21923001,8.919828965,29,12.25,17,16.5,24,59
S001414,phase,full,4,0,39.5,54,14.5,2.886751346,14.21152655,19.77145921,5.55993266,0.9063986653,35.75,6,4.25,8.25,10,44
S001415,phase,full,4,0,88,118,30,2.708012802,32.93622779,43.80456968,10.86834189,3.615395087,37.25,12,12.5,35.75,32,86
S001416,phase,full,4,0,63.25,65.5,2.25,6.898067362,34.27142723,38.9448322,4.673404968,2.561473137,42.75,7.25,6.75,13,18.5,47
S001417,phase,full,4,0,125,139.25,14.25,7.804912983,42.56862215,51.49143943,8.922817274,2.358262747,28.5,8.75,28,36.75,35.75,103.5
S001418,phase,full,4,0,131,139.5,8.5,6.806859286,60.33675999,72.60146882,12.26470883,1.978313671,28.5,13,15.25,27.5,55.25,84.25
S001419,phase,full,4,0,77,85.5,8.5,10.84742673,44.26987587,49.82185282,5.551976955,7.351344447,39,12.75,11.5,22.25,24,61.5
S001420,phase,full,4,0,86.25,110,23.75,8.421203398,53.76037776,79.04318642,25.28280866,5.6964049,44,5,16.75,17.25,36,74
S001421,phase,full,4,0,114.25,163.75,49.5,45.93110783,40.0159828,57.61702736,17.60104456,16.04051184,31.25,8.25,26.25,36.25,82,81.75
S001422,phase,full,4,0,46,66.25,20.25,11.32475165,16.66266106,23.01942331,6.356762251,4.25026036,40.25,5.75,8,8,11,55.25
S001423,phase,full,4,0,93.75,126.75,33,6.782329983,28.72693511,42.18811391,13.4611788,1.83906338,35.25,12.25,25.25,62,53,73.75
S001424,phase,full,4,0,190.5,240.75,50.25,11.44188213,46.62627016,59.41415845,12.78788829,1.560517146,48.5,5.25,99.25,63.75,90.75,150
S001425,phase,full,4,0,47,77,30,9.416297928,25.0108956,40.53879614,15.52790054,5.129917023,46,9.5,3.5,11.75,34.5,42.5
S001426,phase,full,4,0,100,193.5,93.5,17.33012791,17.20698207,22.60836654,5.401384463,1.396436809,27,19.5,90.5,88,123,70.5
S001427,phase,full,4,0,74.5,80,5.5,8.6986589,21.97385384,26.45615883,4.48230499,2.668351617,41.25,8.25,14.75,24.75,30,50
S001428,phase,full,4,0,55.25,73.75,18.5,16.74315781,18.08615164,23.53527521,5.449123574,3.164601761,41,11.25,18,19.25,19.5,54.25
S001429,phase,full,4,0,64,80.75,16.75,3.403429643,43.5939786,49.80520315,6.211224556,1.056853553,28.25,15.5,10,21.25,24.25,56.5
S001430,phase,full,4,0,93.5,132.25,38.75,9.912113801,57.93487641,85.45184838,27.51697198,7.858408375,33.75,6.25,14.5,31.75,31.5,100.75
S001431,phase,full,4,0,87.75,100.75,13,14.44529912,51.84022674,73.84200986,22.00178312,8.772223822,20.25,9.5,18,29.25,19.5,81.25
S001432,phase,full,4,0,78.5,107.75,29.25,18.92749323,27.76148714,40.01788843,12.25640129,2.595521891,33,11.5,35.5,45,54.5,53.25
S001433,phase,full,4,0,66.75,102.75,36,8.205689083,31.41534784,42.83930065,11.42395281,5.917809397,35,20,33,31.25,50.25,52.5
S001434,phase,full,4,0,65.75,92.25,26.5,9.255628918,36.54957046,56.02736057,19.47779011,9.386802253,43.5,11,12.75,11.25,27.25,65
S001435,phase,full,4,0,47.25,56,8.75,2.5,22.75250665,27.95784606,5.205339406,1.38997645,31.25,10,8,18.5,17.5,38.5
S001436,phase,full,4,0,36.75,43.75,7,7.438637868,15.49443308,18.21188321,2.717450128,1.564961779,27.75,6.25,6.5,14.75,7.5,36.25
S001437,phase,full,4,0,263,563.75,300.75,47.64714052,68.80197708,170.8289532,102.0269761,26.79723483,26.5,11.75,175.5,220.75,289.75,274
S001438,phase,full,4,0,67.5,85,17.5,2.380476143,27.3552677,42.8997502,15.5444825,3.038141732,34.5,14.5,16.5,26.25,34.75,50.25
S001439,phase,full,4,0,68,73.75,5.75,5.737304826,38.18913404,45.2206545,7.03152046,3.116051539,26.5,12.25,14.75,26.5,17.25,56.5
S001440,phase,full,4,0,101.25,106.5,5.25,8.995369179,30.98598868,32.89352006,1.90753138,0.3078819898,33,15,28,67.75,41.75,64.75
S001441,phase,full,4,0,136,174.5,38.5,20.40424792,40.54943716,59.25807644,18.70863928,4.663727365,39.25,11.5,49.25,34.75,105.5,69
S001442,phase,full,4,0,42.75,52.75,10,5.099019514,13.05027182,14.62057855,1.570306733,1.393044457,42.25,10.75,10.5,40.25,19.25,33.5
S001443,phase,full,4,0,39,52.25,13.25,4.645786622,11.81006219,17.53381588,5.723753694,2.881721336,44.25,8.25,10.5,11.5,17.25,35
S001444,phase,full,4,0,49,53,4,5.715476066,27.84490763,26.61156841,-1.233339218,2.128865946,45.5,9.75,13,14.5,14.25,38.75
S001445,phase,full,4,0,133.75,167,33.25,23.85197406,36.8344154,47.11819339,10.28377799,6.054991386,19.75,6.5,30.5,51.25,83.75,83.25
S001446,phase,full,4,0,121.75,152,30.25,22.24672261,57.68392085,83.7603517,26.07643085,10.51967413,32.75,14.5,21.75,27,59.25,92.75
S001447,phase,full,4,0,81,129.5,48.5,39.88734135,19.23526763,28.06589084,8.830623205,4.510397484,50.75,4.25,24.5,35.5,73.25,56.25
S001448,phase,full,4,0,54.5,56,1.5,1.732050808,32.853487,40.56270357,7.709216569,2.233088724,38.75,10.25,8.5,12.5,8.75,47.25
S001449,phase,full,4,0,61.25,65.75,4.5,8.426149773,16.41009228,16.37101749,-0.03907478837,1.629822924,37.5,12.5,13.25,24.75,18,47.75
S001450,phase,full,4,0,65.25,83.75,18.5,7.187952884,30.61645586,53.17856197,22.56210611,4.652992929,37.5,13.25,16,17.75,16.75,67
S001451,phase,full,4,0,55.5,82.5,27,14.14213562,16.37598212,27.73526033,11.35927821,0.7440220061,33,6.25,9,29.75,31.5,51
S001452,phase,full,4,0,50.5,72.75,22.25,14.26826315,23.06210382,32.37780801,9.315704192,6.199569568,39.75,7.5,21.5,17.75,26,46.75
S001453,phase,full,4,0,137.5,198.75,61.25,23.61320252,37.35022783,47.68479257,10.33456475,6.451597119,40,14,58.75,65.25,67,131.75
S001454,phase,full,4,0,93.5,114.25,20.75,11.02648327,47.98554727,66.59142566,18.60587838,4.397096697,34,11.25,12.5,23.25,43.25,71
S001455,phase,full,4,0,60.75,95.25,34.5,24.61029595,29.20380574,46.22685026,17.02304452,6.698008455,35.5,9.5,12.25,29.75,35.75,59.5
S001456,phase,full,4,0,89.5,98.5,9,5.830951895,48.98953687,54.17367022,5.184133353,3.088825375,39.5,12.5,13,16.75,17.5,81
S001457,phase,full,4,0,107,145.5,38.5,36.28130832,18.93235793,18.44517341,-0.4871845229,3.180174797,23.25,11.25,49.5,60.75,93.25,52.25
S001458,phase,full,4,0,55.25,63.25,8,14.2126704,32.37518002,44.58630261,12.21112259,5.277517457,45.75,4,6.25,7.5,12.75,50.5
S001459,phase,full,4,0,70.5,98.25,27.75,11.58663023,31.94483515,46.73589222,14.79105707,7.158926859,43.5,9.75,26.75,46,30.75,67.5
S001460,phase,full,4,0,88.75,122.25,33.5,41.71730257,43.1164101,73.58349255,30.46708245,23.13266165,37.5,7.5,29,69.25,38.5,83.75
S001461,phase,full,4,0,71.25,74.75,3.5,15.60982597,17.25810185,22.87721358,5.619111722,4.804311533,47.75,8.75,10.5,29.75,29.75,45
S001462,phase,full,4,0,71.75,71.25,-0.5,8.6986589,52.16215104,56.42270735,4.260556313,6.936550583,30,7.75,7,6.75,12.5,58.75
S001463,phase,full,4,0,47,53.25,6.25,10.30776406,35.50647151,39.08295221,3.5764807,5.639971035,27,11.5,5.25,17.25,11,42.25
S001464,phase,full,4,0,58.5,69.5,11,3.366501646,15.87572568,18.72234857,2.846622893,0.9186249997,52,5.25,2.25,12.25,21.25,48.25
S001465,phase,full,4,0,74.5,93,18.5,6.658328118,39.80917548,61.40119635,21.59202087,8.727242462,42.5,12,25.5,28.5,33.25,59.75
S001466,phase,full,4,0,40.75,48.75,8,5.228129047,17.72154245,19.94126353,2.219721075,0.9101097789,44.5,10.25,6,9.5,14.5,34.25
S001467,phase,full,4,0,51.25,65.5,14.25,8.539125638,20.71210801,28.28917057,7.577062558,5.293556065,29.25,8.75,2.5,27.25,17,48.5
S001468,phase,full,4,0,61.5,77.25,15.75,8.421203398,26.19532512,46.13935709,19.94403197,4.239352415,40.25,8.25,16.75,30.5,31.75,45.5
S001469,phase,full,4,0,176.25,212.5,36.25,19.72097023,90.3343234,131.4058637,41.07154033,9.469189291,33,10.25,58.5,89,72.25,140.25
S001470,phase,full,4,0,115,208.75,93.75,50.14229751,56.36293652,86.86472687,30.50179035,15.55593123,45.25,10.5,130,187,79.75,129
S001471,phase,full,4,0,89.25,139.75,50.5,18.92969449,35.80948602,44.28854235,8.479056328,4.408479218,31,8,13.75,18,74.25,65.5
S001472,phase,full,4,0,55.5,92.25,36.75,6.184658438,38.17249491,63.88755279,25.71505789,9.057786399,28.5,20.25,23.5,45.75,32,60.25
S001473,phase,full,4,0,100.25,129.75,29.5,6.952217872,38.59978503,44.43704746,5.837262429,2.042093159,25.25,12,27.75,45.25,50.5,79.25
S001474,phase,full,4,0,98,102,4,20.83266666,34.29638552,43.39465763,9.098272116,6.967898082,40.25,14.5,13.75,22.25,39.5,62.5
S001475,phase,full,4,0,51.5,54.75,3.25,8.139410298,21.46976987,21.60100583,0.1312359572,2.712753928,33.25,13.25,10.75,21,24.5,30.25
S001476,phase,full,4,0,100.75,114.5,13.75,3.862210075,36.83243329,39.636785,2.804351706,1.491374648,44,10,33.25,38.25,51,63.5
S001477,phase,full,4,0,76.75,99.25,22.5,4.654746681,40.96367748,45.54518124,4.581503763,2.230368846,27.5,10,14.25,22.5,31.75,67.5
S001478,phase,full,4,0,69.5,81,11.5,5.802298395,28.40309,31.49648598,3.093395983,2.382499721,43.5,8.75,9.5,13.25,33,48
S001479,phase,full,4,0,113.25,198,84.75,33.34041591,35.02471234,70.68131033,35.65659799,8.215617208,37.25,11.75,71.25,47,114.75,83.25
S001480,phase,full,4,0,71.5,91.75,20.25,3.862210075,38.62854403,49.70132734,11.07278331,5.081931769,44.5,9.5,11.5,19.5,19.75,72
S001481,phase,full,4,0,116.25,136.5,20.25,12.5,45.38695821,57.35722694,11.97026873,6.013164415,40.25,10.25,25,26,67.75,68.75
S001482,phase,full,4,0,259,314,55,14,64.46264687,82.69329815,18.23065128,2.647513019,24.75,8.25,103,74.25,214.25,99.75
S001483,phase,full,4,0,96.5,109,12.5,7.937253933,55.01675229,72.5911462,17.5743939,3.628288778,36,10.75,15.5,31.5,29,80
S001484,phase,full,4,0,81,98.5,17.5,23.01448819,26.54359045,39.14683557,12.60324512,6.792864948,27.25,13.75,15,14.25,21.75,76.75
S001485,phase,full,4,0,78.25,142.25,64,37.63863264,24.04710339,37.7588418,13.7117384,7.997091892,33.5,10.25,43.5,57,84.75,57.5
S001486,phase,full,4,0,74.25,120.5,46.25,17.44276354,17.99675052,24.83001406,6.833263533,2.970174505,37.5,13,23.5,33,54,66.5
S001487,phase,full,4,0,67,82.5,15.5,8.426149773,41.4426956,59.00137178,17.55867619,7.33056929,42.25,14.75,11.25,14,18.25,64.25
S001488,phase,full,4,0,58,75.5,17.5,14.43375673,38.80711465,65.65003933,26.84292469,6.864809304,35.75,9.75,9,23.75,16.5,59
S001489,phase,full,4,0,41.5,49.25,7.75,5.737304826,15.10821445,16.09937361,0.9911591625,1.708636255,34.75,14,12.5,21,22.25,27
S001490,phase,full,4,0,62,66.75,4.75,3.593976442,26.9265807,30.91171859,3.98513789,2.504781296,43.5,11.5,13.25,20,33,33.75
S001491,phase,full,4,0,91,99.5,8.5,7.047458171,45.67693493,46.23262276,0.5556878309,2.666259363,33.5,10,11.25,21.75,27.5,72
S001492,phase,full,4,0,80.25,165,84.75,23.41473895,19.54064756,39.53205511,19.99140754,3.193413229,38.75,12.75,74.25,81.75,103,62
S001493,phase,full,4,0,55.25,56.25,1,6.055300708,12.99011699,15.75716663,2.767049647,1.286271025,42.5,2.75,4.75,12,15.75,40.5
S001494,phase,full,4,0,59,88.75,29.75,12.01041215,37.17354028,52.405966,15.23242572,4.872410686,30.25,9,20.75,22.75,27.5,61.25
S001495,phase,full,4,0,91,117.75,26.75,10.93541647,37.60306401,44.79068107,7.187617062,5.130747626,26,6.75,20,20.25,38.25,79.5
S001496,phase,full,4,0,97.75,133.5,35.75,23.85197406,38.49754429,53.99342329,15.495879,5.550356905,31.75,10,17.25,18.75,53.5,80
S001497,phase,full,4,0,91.5,136,44.5,16.663333,38.22231559,47.73110579,9.508790203,7.588885142,27.25,15.5,27.5,43.75,69.25,66.75
S001498,phase,full,4,0,51.25,61.5,10.25,4.193248542,28.54457673,36.05854887,7.513972144,1.834570929,28.25,12.5,14.75,17,19.25,42.25
S001499,phase,full,4,0,96.75,107.5,10.75,5.377421935,32.89529191,35.46484093,2.569549022,2.414177167,37,10.5,12.75,32.5,30.75,76.75
S001500,structural_baseline,baseline,3,0,58.66666667,58.66666667,0,0,17.38044082,17.38044082,0,0,34,7,17.66666667,22.66666667,16,42.66666667
S001501,structural_baseline,baseline,3,0,116.6666667,116.6666667,0,0,30.63463724,30.63463724,0,0,38,12,32.33333333,77,60.66666667,56
S001502,structural_baseline,baseline,3,0,84,84,0,0,61.0914803,61.0914803,0,0,25.66666667,18,13,11.66666667,13,71
S001503,structural_baseline,baseline,3,0,66,66,0,0,25.95986799,25.95986799,0,0,36.33333333,14,16.66666667,30.33333333,34,32
S001504,structural_baseline,baseline,3,0,75.66666667,75.66666667,0,0,27.5435581,27.5435581,0,0,37.66666667,10,7.666666667,32,24,51.66666667
S001505,structural_baseline,baseline,3,0,75.33333333,75.33333333,0,0,36.39619946,36.39619946,0,0,46,9.666666667,15.66666667,35.33333333,31.66666667,43.66666667
S001506,structural_baseline,baseline,3,0,128,128,0,0,58.02935825,58.02935825,0,0,30,13.33333333,35.66666667,34.66666667,56.33333333,71.66666667
S001507,structural_baseline,baseline,3,0,70.33333333,70.33333333,0,0,48.88073648,48.88073648,0,0,34.33333333,8.333333333,10.66666667,24,15,55.33333333
S001508,structural_baseline,baseline,3,0,73,73,0,0,24.3528971,24.3528971,0,0,45.66666667,7.666666667,16.66666667,15.33333333,36,37
S001509,structural_baseline,baseline,3,0,41.66666667,41.66666667,0,0,15.96799623,15.96799623,0,0,46.66666667,6.666666667,8.666666667,13.66666667,12.66666667,29
S001510,structural_baseline,baseline,3,0,48.33333333,48.33333333,0,0,13.36851783,13.36851783,0,0,30.66666667,7.333333333,8.666666667,14.33333333,11.33333333,37
S001511,structural_baseline,baseline,3,0,147.6666667,147.6666667,0,0,57.89421067,57.89421067,0,0,28,12.33333333,26.33333333,38,70,77.66666667
S001512,structural_baseline,baseline,3,0,54.66666667,54.66666667,0,0,20.01581073,20.01581073,0,0,45,7.666666667,10.33333333,19.33333333,14.33333333,40.33333333
S001513,structural_baseline,baseline,3,0,84,84,0,0,20.98750187,20.98750187,0,0,32,15,26.33333333,31.33333333,33.33333333,50.66666667
S001514,structural_baseline,baseline,3,0,72,72,0,0,18.81673618,18.81673618,0,0,43.33333333,12.66666667,6.666666667,17.33333333,38,34
S001515,structural_baseline,baseline,3,0,108.6666667,108.6666667,0,0,55.86571522,55.86571522,0,0,36.33333333,11,26.66666667,61.33333333,45,63.66666667
S001516,structural_baseline,baseline,3,0,87.66666667,87.66666667,0,0,46.07918929,46.07918929,0,0,28.33333333,11,11.33333333,28,37.66666667,50
S001517,structural_baseline,baseline,3,0,55.66666667,55.66666667,0,0,26.91461593,26.91461593,0,0,31.33333333,19.66666667,11.33333333,12,18,37.66666667
S001518,structural_baseline,baseline,3,0,79.33333333,79.33333333,0,0,46.99092357,46.99092357,0,0,46.66666667,6.666666667,24,17.66666667,23.33333333,56
S001519,structural_baseline,baseline,3,0,75.66666667,75.66666667,0,0,30.08051073,30.08051073,0,0,53,6.666666667,9.666666667,12.33333333,25.66666667,50
S001520,structural_baseline,baseline,3,0,67,67,0,0,38.9670307,38.9670307,0,0,36.66666667,11,5,22,15.66666667,51.33333333
S001521,structural_baseline,baseline,3,0,76.33333333,76.33333333,0,0,42.21957843,42.21957843,0,0,41.33333333,13,13.33333333,30.66666667,19,57.33333333
S001522,structural_baseline,baseline,3,0,98,98,0,0,43.24193793,43.24193793,0,0,32,13.66666667,13.66666667,29,25,73
S001523,structural_baseline,baseline,3,0,93.33333333,93.33333333,0,0,40.78332986,40.78332986,0,0,28,19,21.66666667,50.66666667,44.66666667,48.66666667
S001524,structural_baseline,baseline,3,0,103.6666667,103.6666667,0,0,30.64212548,30.64212548,0,0,29.33333333,8.666666667,13.33333333,40.66666667,51,52.66666667
S001525,structural_baseline,baseline,3,0,58,58,0,0,20.93557378,20.93557378,0,0,45.33333333,5.666666667,5.666666667,13.66666667,18,40
S001526,structural_baseline,baseline,3,0,105.3333333,105.3333333,0,0,27.6459797,27.6459797,0,0,38.66666667,10.33333333,51.66666667,55,57,48.33333333
S001527,structural_baseline,baseline,3,0,57.33333333,57.33333333,0,0,19.23265854,19.23265854,0,0,32,8.333333333,5.333333333,12.33333333,17.66666667,39.66666667
S001528,structural_baseline,baseline,3,0,60.66666667,60.66666667,0,0,23.34889379,23.34889379,0,0,31,15,13.33333333,20.33333333,12.66666667,48
S001529,structural_baseline,baseline,3,0,81.33333333,81.33333333,0,0,49.64030116,49.64030116,0,0,42.66666667,10.66666667,6.666666667,20,23.66666667,57.66666667
S001530,structural_baseline,baseline,3,0,61,61,0,0,32.39286303,32.39286303,0,0,44.66666667,5.666666667,11,13,8.333333333,52.66666667
S001531,structural_baseline,baseline,3,0,82,82,0,0,32.19214993,32.19214993,0,0,27.66666667,15.33333333,16,42,30.33333333,51.66666667
S001532,structural_baseline,baseline,3,0,55.66666667,55.66666667,0,0,25.94425076,25.94425076,0,0,40.66666667,13.33333333,6.666666667,9,18.66666667,37
S001533,structural_baseline,baseline,3,0,153,153,0,0,51.49982687,51.49982687,0,0,23,18.33333333,26,42,86.33333333,66.66666667
S001534,structural_baseline,baseline,3,0,56,56,0,0,35.61509222,35.61509222,0,0,38.66666667,8.666666667,6.333333333,10,12.33333333,43.66666667
S001535,structural_baseline,baseline,3,0,27.33333333,27.33333333,0,0,10.33832574,10.33832574,0,0,47,4.333333333,2,12,6.666666667,20.66666667
S001536,structural_baseline,baseline,3,0,104.3333333,104.3333333,0,0,23.87463602,23.87463602,0,0,35.66666667,14,28,36.33333333,56,48.33333333
S001537,structural_baseline,baseline,3,0,80.66666667,80.66666667,0,0,45.54545465,45.54545465,0,0,17,14.66666667,13.33333333,10.66666667,28.66666667,52
S001538,structural_baseline,baseline,3,0,113.3333333,113.3333333,0,0,53.94231224,53.94231224,0,0,41,6.666666667,11.33333333,20,25.66666667,87.66666667
S001539,structural_baseline,baseline,3,0,73.33333333,73.33333333,0,0,36.00439863,36.00439863,0,0,46,10,5.333333333,8,24.33333333,49
S001540,structural_baseline,baseline,3,0,52,52,0,0,15.1539786,15.1539786,0,0,40.66666667,8.666666667,12,8.666666667,10,42
S001541,structural_baseline,baseline,3,0,113.6666667,113.6666667,0,0,53.0993643,53.0993643,0,0,30,12.33333333,27.33333333,21.66666667,25.33333333,88.33333333
S001542,structural_baseline,baseline,3,0,79.66666667,79.66666667,0,0,16.10452812,16.10452812,0,0,33.33333333,8,27.33333333,37.66666667,37,42.66666667
S001543,structural_baseline,baseline,3,0,64.66666667,64.66666667,0,0,22.05779378,22.05779378,0,0,30.66666667,11.33333333,13.33333333,25.33333333,28.66666667,36
S001544,structural_baseline,baseline,3,0,217.3333333,217.3333333,0,0,62.03723251,62.03723251,0,0,29.66666667,11.33333333,39.33333333,104,74,143.3333333
S001545,structural_baseline,baseline,3,0,59.33333333,59.33333333,0,0,21.47538952,21.47538952,0,0,40.33333333,5.333333333,8.333333333,26.66666667,23.33333333,36
S001546,structural_baseline,baseline,3,0,87.66666667,87.66666667,0,0,44.2112551,44.2112551,0,0,30.33333333,15.66666667,23.66666667,46.66666667,22,65.66666667
S001547,structural_baseline,baseline,3,0,51.33333333,51.33333333,0,0,24.92431185,24.92431185,0,0,48.66666667,5.333333333,4.333333333,11.66666667,20,31.33333333
S001548,structural_baseline,baseline,3,0,70.66666667,70.66666667,0,0,31.33609491,31.33609491,0,0,39,6,6,17.33333333,18,52.66666667
S001549,structural_baseline,baseline,3,0,156,156,0,0,30.39479998,30.39479998,0,0,25.66666667,15.33333333,27.66666667,34.66666667,77.66666667,78.33333333
S001550,structural_baseline,baseline,3,0,89.66666667,89.66666667,0,0,15.6764374,15.6764374,0,0,42,10.33333333,26,50.33333333,53.33333333,36.33333333
S001551,structural_baseline,baseline,3,0,78,78,0,0,38.1778161,38.1778161,0,0,46,9.666666667,29,45,21.33333333,56.66666667
S001552,structural_baseline,baseline,3,0,150,150,0,0,35.46495013,35.46495013,0,0,24.33333333,6.333333333,14,77,64,86
S001553,structural_baseline,baseline,3,0,89,89,0,0,25.69409483,25.69409483,0,0,39.66666667,7,11,28.66666667,22.66666667,66.33333333
S001554,structural_baseline,baseline,3,0,50.33333333,50.33333333,0,0,26.42562602,26.42562602,0,0,26.66666667,7,6.333333333,16,13.33333333,37
S001555,structural_baseline,baseline,3,0,72.66666667,72.66666667,0,0,38.55641969,38.55641969,0,0,24.66666667,17,13,29.66666667,15.33333333,57.33333333
S001556,structural_baseline,baseline,3,0,54.66666667,54.66666667,0,0,26.99866687,26.99866687,0,0,36.33333333,8.666666667,9,18.66666667,14.66666667,40
S001557,structural_baseline,baseline,3,0,43,43,0,0,17.28340026,17.28340026,0,0,36.33333333,5.666666667,7.333333333,14.33333333,15.66666667,27.33333333
S001558,structural_baseline,baseline,3,0,92,92,0,0,40.75799138,40.75799138,0,0,33,9,11,18.66666667,45,47
S001559,structural_baseline,baseline,3,0,48,48,0,0,18.95161669,18.95161669,0,0,48,5,3.333333333,13.33333333,17.33333333,30.66666667
S001560,structural_baseline,baseline,3,0,60,60,0,0,29.01584602,29.01584602,0,0,31,9,9.333333333,15.33333333,20.33333333,39.66666667
S001561,structural_baseline,baseline,3,0,107.6666667,107.6666667,0,0,34.42815234,34.42815234,0,0,36.66666667,8,21.66666667,28.66666667,33.66666667,74
S001562,structural_baseline,baseline,3,0,149,149,0,0,87.21386371,87.21386371,0,0,42,12,40.33333333,39.66666667,37,112
S001563,structural_baseline,baseline,3,0,83.66666667,83.66666667,0,0,21.05291399,21.05291399,0,0,27.66666667,16,30,21.66666667,37,46.66666667
S001564,structural_baseline,baseline,3,0,79.66666667,79.66666667,0,0,23.78732862,23.78732862,0,0,43,7.666666667,26,40.33333333,37.66666667,42
S001565,structural_baseline,baseline,3,0,115.6666667,115.6666667,0,0,46.67638459,46.67638459,0,0,33.66666667,12.33333333,13,16.66666667,29.33333333,86.33333333
S001566,structural_baseline,baseline,3,0,66.66666667,66.66666667,0,0,34.89337591,34.89337591,0,0,30.66666667,6.333333333,6.333333333,13,27.33333333,39.33333333
S001567,structural_baseline,baseline,3,0,61.33333333,61.33333333,0,0,14.72813418,14.72813418,0,0,46.33333333,9.333333333,9.333333333,16.66666667,26.33333333,35
S001568,structural_baseline,baseline,3,0,49.33333333,49.33333333,0,0,21.82921185,21.82921185,0,0,45.33333333,5.666666667,3.333333333,6.666666667,6.333333333,43
S001569,structural_baseline,baseline,3,0,114,114,0,0,32.37760041,32.37760041,0,0,40.33333333,11,22.33333333,59,29.33333333,84.66666667
S001570,structural_baseline,baseline,3,0,54,54,0,0,21.19213359,21.19213359,0,0,41,7,9.666666667,19,11.33333333,42.66666667
S001571,structural_baseline,baseline,3,0,112.6666667,112.6666667,0,0,37.35287805,37.35287805,0,0,40.33333333,10.66666667,14.66666667,14.33333333,45.66666667,67
S001572,structural_baseline,baseline,3,0,31,31,0,0,15.92205301,15.92205301,0,0,42.33333333,5.333333333,3.666666667,10,10,21
S001573,structural_baseline,baseline,3,0,41,41,0,0,29.19322684,29.19322684,0,0,37.33333333,14.33333333,11,7.333333333,7,34
S001574,structural_baseline,baseline,3,0,61,61,0,0,25.04051412,25.04051412,0,0,44,8,9.333333333,12.66666667,28,33
S001575,structural_baseline,baseline,3,0,80.66666667,80.66666667,0,0,31.10673383,31.10673383,0,0,37.33333333,12.66666667,17,20.33333333,24.66666667,56
S001576,structural_baseline,baseline,3,0,57,57,0,0,21.08116846,21.08116846,0,0,36,5.666666667,3.333333333,6.666666667,8,49
S001577,structural_baseline,baseline,3,0,81.66666667,81.66666667,0,0,53.98980744,53.98980744,0,0,40.33333333,12.33333333,16.33333333,22,14.66666667,67
S001578,structural_baseline,baseline,3,0,76,76,0,0,32.55159631,32.55159631,0,0,34,10.33333333,31,24,30.33333333,45.66666667
S001579,structural_baseline,baseline,3,0,56.66666667,56.66666667,0,0,17.76055334,17.76055334,0,0,41,5.333333333,4,4.666666667,14.33333333,42.33333333
S001580,structural_baseline,baseline,3,0,136.6666667,136.6666667,0,0,80.33355436,80.33355436,0,0,28.33333333,11.66666667,24.33333333,26.33333333,43.33333333,93.33333333
S001581,structural_baseline,baseline,3,0,63.66666667,63.66666667,0,0,23.9655498,23.9655498,0,0,30,8,13,21.66666667,10.66666667,53
S001582,structural_baseline,baseline,3,0,57.33333333,57.33333333,0,0,24.56191827,24.56191827,0,0,45.33333333,8,4.333333333,13.66666667,11.33333333,46
S001583,structural_baseline,baseline,3,0,86.33333333,86.33333333,0,0,36.92096454,36.92096454,0,0,42.33333333,12.33333333,31.33333333,61.66666667,34,52.33333333
S001584,structural_baseline,baseline,3,0,59.33333333,59.33333333,0,0,18.82478241,18.82478241,0,0,37,8.333333333,8,18.33333333,9,50.33333333
S001585,structural_baseline,baseline,3,0,48.66666667,48.66666667,0,0,13.99233655,13.99233655,0,0,37.33333333,4.666666667,2,8.333333333,17.33333333,31.33333333
S001586,structural_baseline,baseline,3,0,163.3333333,163.3333333,0,0,60.82679078,60.82679078,0,0,35.66666667,15.66666667,30.66666667,54.66666667,80.33333333,83
S001587,structural_baseline,baseline,3,0,55.66666667,55.66666667,0,0,18.64640984,18.64640984,0,0,32,17.33333333,12.66666667,26,30.33333333,25.33333333
S001588,structural_baseline,baseline,3,0,63.33333333,63.33333333,0,0,16.50616966,16.50616966,0,0,32.66666667,7.666666667,11,24.66666667,20.66666667,42.66666667
S001589,structural_baseline,baseline,3,0,164,164,0,0,65.64666877,65.64666877,0,0,26.33333333,8.333333333,51.66666667,37.66666667,89,75
S001590,structural_baseline,baseline,3,0,76.66666667,76.66666667,0,0,34.80828312,34.80828312,0,0,35.33333333,8.333333333,11.33333333,10.66666667,29.66666667,47
S001591,structural_baseline,baseline,3,0,53.33333333,53.33333333,0,0,21.26529431,21.26529431,0,0,33.33333333,15.66666667,20.66666667,21,23.66666667,29.66666667
S001592,structural_baseline,baseline,3,0,69.66666667,69.66666667,0,0,28.61798619,28.61798619,0,0,28.66666667,10.66666667,22.66666667,31,32,37.66666667
S001593,structural_baseline,baseline,3,0,80,80,0,0,23.51242744,23.51242744,0,0,36,16,16.66666667,29.33333333,31.66666667,48.33333333
S001594,structural_baseline,baseline,3,0,59.66666667,59.66666667,0,0,23.48848471,23.48848471,0,0,35.33333333,8.333333333,7,13,19.33333333,40.33333333
S001595,structural_baseline,baseline,3,0,95.66666667,95.66666667,0,0,47.92495816,47.92495816,0,0,33.66666667,10,13,20.66666667,24,71.66666667
S001596,structural_baseline,baseline,3,0,67,67,0,0,29.13597096,29.13597096,0,0,44.66666667,9,11,21.66666667,28.66666667,38.33333333
S001597,structural_baseline,baseline,3,0,93.66666667,93.66666667,0,0,20.58277938,20.58277938,0,0,20.33333333,8,10.66666667,23.66666667,45.66666667,48
S001598,structural_baseline,baseline,3,0,47,47,0,0,17.10726713,17.10726713,0,0,47,5.333333333,4,11.33333333,20.66666667,26.33333333
S001599,structural_baseline,baseline,3,0,39.33333333,39.33333333,0,0,19.38159579,19.38159579,0,0,37,6.333333333,5.333333333,8,8.666666667,30.66666667
S001600,structural_baseline,baseline,3,0,97.33333333,97.33333333,0,0,43.98969646,43.98969646,0,0,39.33333333,13.33333333,20.33333333,18.66666667,23.33333333,74
S001601,structural_baseline,baseline,3,0,123,123,0,0,59.55072147,59.55072147,0,0,45,10,16.66666667,29.33333333,38,85
S001602,structural_baseline,baseline,3,0,85.66666667,85.66666667,0,0,36.28941653,36.28941653,0,0,44.33333333,9,12,19,17.66666667,68
S001603,structural_baseline,baseline,3,0,62.66666667,62.66666667,0,0,25.78018274,25.78018274,0,0,36,8,10.33333333,8.333333333,19.33333333,43.33333333
S001604,structural_baseline,baseline,3,0,57.66666667,57.66666667,0,0,35.2947899,35.2947899,0,0,32.33333333,10.66666667,9.666666667,13,17.66666667,40
S001605,structural_baseline,baseline,3,0,113.3333333,113.3333333,0,0,30.42433103,30.42433103,0,0,35.66666667,14,17,24,48.33333333,65
S001606,structural_baseline,baseline,3,0,139,139,0,0,39.76748645,39.76748645,0,0,39.33333333,10.33333333,10.66666667,30.66666667,42,97
S001607,structural_baseline,baseline,3,0,103,103,0,0,41.50102594,41.50102594,0,0,29.33333333,9.666666667,7.333333333,29,55,48
S001608,structural_baseline,baseline,3,0,76.66666667,76.66666667,0,0,28.29732334,28.29732334,0,0,36,11.33333333,12.66666667,19.33333333,39.66666667,37
S001609,structural_baseline,baseline,3,0,44.66666667,44.66666667,0,0,17.0229337,17.0229337,0,0,44,7.666666667,5.333333333,22.66666667,10.33333333,34.33333333
S001610,structural_baseline,baseline,3,0,77.66666667,77.66666667,0,0,38.05095799,38.05095799,0,0,29.66666667,10,19.33333333,13.33333333,18,59.66666667
S001611,structural_baseline,baseline,3,0,88.33333333,88.33333333,0,0,31.20722186,31.20722186,0,0,45.66666667,8.666666667,23.66666667,40,23.66666667,64.66666667
S001612,structural_baseline,baseline,3,0,118,118,0,0,32.52830415,32.52830415,0,0,40,14,23,49.66666667,52.66666667,65.33333333
S001613,structural_baseline,baseline,3,0,62,62,0,0,24.59181456,24.59181456,0,0,35.33333333,9.666666667,8,45.66666667,24.33333333,37.66666667
S001614,structural_baseline,baseline,3,0,35,35,0,0,16.90051057,16.90051057,0,0,34,7,8,11,11,24
S001615,structural_baseline,baseline,3,0,94,94,0,0,35.74583885,35.74583885,0,0,34.33333333,12.33333333,18.33333333,33.33333333,17.66666667,76.33333333
S001616,structural_baseline,baseline,3,0,68.66666667,68.66666667,0,0,15.47595919,15.47595919,0,0,36,12.66666667,33.66666667,42.66666667,33.66666667,35
S001617,structural_baseline,baseline,3,0,78,78,0,0,18.82069887,18.82069887,0,0,32,8.333333333,4.333333333,23.33333333,32.66666667,45.33333333
S001618,structural_baseline,baseline,3,0,64,64,0,0,31.59226833,31.59226833,0,0,32.33333333,8.333333333,8.333333333,14.33333333,22.33333333,41.66666667
S001619,structural_baseline,baseline,3,0,99.66666667,99.66666667,0,0,26.30685658,26.30685658,0,0,23.33333333,13,52.66666667,58.33333333,32,67.66666667
S001620,structural_baseline,baseline,3,0,86.66666667,86.66666667,0,0,30.73986563,30.73986563,0,0,35.33333333,10.66666667,18.33333333,23.66666667,28.66666667,58
S001621,structural_baseline,baseline,3,0,77,77,0,0,17.94814467,17.94814467,0,0,26.33333333,10,25.66666667,54.66666667,39,38
S001622,structural_baseline,baseline,3,0,100.6666667,100.6666667,0,0,71.06484662,71.06484662,0,0,26.33333333,9.333333333,15.66666667,57,20.66666667,80
S001623,structural_baseline,baseline,3,0,63.66666667,63.66666667,0,0,33.625546,33.625546,0,0,43.66666667,7.333333333,8,22.66666667,16.66666667,47
S001624,structural_baseline,baseline,3,0,78.66666667,78.66666667,0,0,28.12202453,28.12202453,0,0,38,11.33333333,4.333333333,28.66666667,36.66666667,42
S001625,structural_baseline,baseline,3,0,85.66666667,85.66666667,0,0,29.30670026,29.30670026,0,0,28,7,14.33333333,43,34.33333333,51.33333333
S001626,structural_baseline,baseline,3,0,89,89,0,0,25.56142469,25.56142469,0,0,42,10.33333333,14.33333333,25.33333333,44.33333333,44.66666667
S001627,structural_baseline,baseline,3,0,28,28,0,0,9.170944153,9.170944153,0,0,28.66666667,9.333333333,4.333333333,8.333333333,6.333333333,21.66666667
S001628,structural_baseline,baseline,3,0,86.33333333,86.33333333,0,0,35.79204123,35.79204123,0,0,37.66666667,6.333333333,6.666666667,16.66666667,20.33333333,66
S001629,structural_baseline,baseline,3,0,98.33333333,98.33333333,0,0,45.46663891,45.46663891,0,0,22,6,7.333333333,19.66666667,41,57.33333333
S001630,structural_baseline,baseline,3,0,93.66666667,93.66666667,0,0,43.65671403,43.65671403,0,0,46,9.333333333,14,26.33333333,22.33333333,71.33333333
S001631,structural_baseline,baseline,3,0,50.66666667,50.66666667,0,0,27.19739962,27.19739962,0,0,37.33333333,10.66666667,26.66666667,36.66666667,16,34.66666667
S001632,structural_baseline,baseline,3,0,51.33333333,51.33333333,0,0,19.8738686,19.8738686,0,0,33,7.666666667,7.666666667,5.333333333,14.66666667,36.66666667
S001633,structural_baseline,baseline,3,0,72,72,0,0,35.49913067,35.49913067,0,0,36.66666667,16.33333333,16.33333333,26.66666667,11.66666667,60.33333333
S001634,structural_baseline,baseline,3,0,83,83,0,0,26.51464744,26.51464744,0,0,27.33333333,11,5.333333333,10.33333333,21,62
S001635,structural_baseline,baseline,3,0,63.33333333,63.33333333,0,0,40.67075186,40.67075186,0,0,40,3.666666667,12.66666667,19.33333333,16,47.33333333
S001636,structural_baseline,baseline,3,0,78.66666667,78.66666667,0,0,34.95554621,34.95554621,0,0,34,6.333333333,10,31.33333333,38.66666667,40
S001637,structural_baseline,baseline,3,0,94,94,0,0,24.14039842,24.14039842,0,0,23.66666667,11.66666667,26.33333333,30,26,68
S001638,structural_baseline,baseline,3,0,52,52,0,0,14.94826938,14.94826938,0,0,40.66666667,11.66666667,13.33333333,16,14.33333333,37.66666667
S001639,structural_baseline,baseline,3,0,53,53,0,0,27.71597302,27.71597302,0,0,41.33333333,11,5,16,16.66666667,36.33333333
S001640,structural_baseline,baseline,3,0,77.66666667,77.66666667,0,0,42.72862299,42.72862299,0,0,42.66666667,3.666666667,2.666666667,8.666666667,29.33333333,48.33333333
S001641,structural_baseline,baseline,3,0,53,53,0,0,32.17676834,32.17676834,0,0,29.33333333,7.666666667,15,16.66666667,7,46
S001642,structural_baseline,baseline,3,0,56.66666667,56.66666667,0,0,18.01785078,18.01785078,0,0,34.33333333,10.33333333,4,8.333333333,23.66666667,33
S001643,structural_baseline,baseline,3,0,50,50,0,0,28.90953732,28.90953732,0,0,35.33333333,9,4.666666667,7.666666667,13.66666667,36.33333333
S001644,structural_baseline,baseline,3,0,94,94,0,0,21.64619668,21.64619668,0,0,37.33333333,8,17.66666667,37.33333333,38.66666667,55.33333333
S001645,structural_baseline,baseline,3,0,107.6666667,107.6666667,0,0,25.99219015,25.99219015,0,0,45,6.666666667,18.66666667,25.33333333,39,68.66666667
S001646,structural_baseline,baseline,3,0,95.33333333,95.33333333,0,0,32.50966509,32.50966509,0,0,25.33333333,11,21,39,29.66666667,65.66666667
S001647,structural_baseline,baseline,3,0,79.66666667,79.66666667,0,0,33.63446901,33.63446901,0,0,39.66666667,10,14,13.66666667,14.66666667,65
S001648,structural_baseline,baseline,3,0,93,93,0,0,43.33868721,43.33868721,0,0,35.66666667,14.33333333,21.66666667,51.66666667,25.33333333,67.66666667
S001649,structural_baseline,baseline,3,0,104,104,0,0,58.04679122,58.04679122,0,0,36,11.33333333,36.33333333,24,33.66666667,70.33333333
S001650,structural_baseline,baseline,3,0,94,94,0,0,21.11377162,21.11377162,0,0,24,11,19.33333333,40.66666667,45,49
S001651,structural_baseline,baseline,3,0,77.33333333,77.33333333,0,0,23.8083596,23.8083596,0,0,47.66666667,8.333333333,11.66666667,13,33,44.33333333
S001652,structural_baseline,baseline,3,0,42,42,0,0,27.81851747,27.81851747,0,0,37.33333333,7.666666667,5.666666667,11,3.666666667,38.33333333
S001653,structural_baseline,baseline,3,0,66.33333333,66.33333333,0,0,17.62298838,17.62298838,0,0,43.66666667,5.666666667,3.666666667,17.66666667,16.66666667,49.66666667
S001654,structural_baseline,baseline,3,0,61.66666667,61.66666667,0,0,21.77410966,21.77410966,0,0,38.33333333,4.666666667,7.333333333,21.66666667,25,36.66666667
S001655,structural_baseline,baseline,3,0,86,86,0,0,18.62939532,18.62939532,0,0,40.66666667,11.33333333,41.33333333,75,36,50
S001656,structural_baseline,baseline,3,0,152.6666667,152.6666667,0,0,55.87906822,55.87906822,0,0,45,5.333333333,45.33333333,59,72.66666667,80
S001657,structural_baseline,baseline,3,0,96,96,0,0,42.92049979,42.92049979,0,0,41,12.66666667,23.66666667,28,40,56
S001658,structural_baseline,baseline,3,0,90.66666667,90.66666667,0,0,36.07125804,36.07125804,0,0,38,8,16.66666667,21.66666667,35.33333333,55.33333333
S001659,structural_baseline,baseline,3,0,101.6666667,101.6666667,0,0,25.30593339,25.30593339,0,0,32.33333333,14.66666667,51,74.33333333,58.66666667,43
S001660,structural_baseline,baseline,3,0,81,81,0,0,48.39614797,48.39614797,0,0,47,8,11.33333333,24,24,57
S001661,structural_baseline,baseline,3,0,108,108,0,0,24.53361287,24.53361287,0,0,23,10,17.33333333,25.66666667,47,61
S001662,structural_baseline,baseline,3,0,86.33333333,86.33333333,0,0,15.35853799,15.35853799,0,0,38,13.33333333,17.33333333,20.66666667,43.33333333,43
S001663,structural_baseline,baseline,3,0,49.33333333,49.33333333,0,0,25.95452816,25.95452816,0,0,36,8,6.333333333,12.33333333,19.66666667,29.66666667
S001664,structural_baseline,baseline,3,0,38.66666667,38.66666667,0,0,13.8763362,13.8763362,0,0,34.33333333,6,5.666666667,14.33333333,16,22.66666667
S001665,structural_baseline,baseline,3,0,60,60,0,0,16.55790738,16.55790738,0,0,45.33333333,8.666666667,9,11.33333333,21.66666667,38.33333333
S001666,structural_baseline,baseline,3,0,59.66666667,59.66666667,0,0,24.08066824,24.08066824,0,0,29.66666667,8,9.666666667,29.66666667,26.66666667,33
S001667,structural_baseline,baseline,3,0,93.66666667,93.66666667,0,0,31.46106835,31.46106835,0,0,34.33333333,13.66666667,10.33333333,23,38.33333333,55.33333333
S001668,structural_baseline,baseline,3,0,67,67,0,0,23.82007238,23.82007238,0,0,30,12.33333333,8.666666667,10,13,54
S001669,structural_baseline,baseline,3,0,60,60,0,0,23.25259285,23.25259285,0,0,35,4.666666667,2,6.666666667,23,37
S001670,structural_baseline,baseline,3,0,110.3333333,110.3333333,0,0,44.74993454,44.74993454,0,0,27,10.33333333,14.33333333,48.33333333,59.66666667,50.66666667
S001671,structural_baseline,baseline,3,0,103,103,0,0,21.97264422,21.97264422,0,0,28.33333333,12.33333333,17,14.33333333,48,55
S001672,structural_baseline,baseline,3,0,109,109,0,0,45.59211784,45.59211784,0,0,40,8.666666667,16.33333333,20.66666667,55.66666667,53.33333333
S001673,structural_baseline,baseline,3,0,75,75,0,0,23.33057889,23.33057889,0,0,38,6.333333333,14.33333333,14.66666667,22,53
S001674,structural_baseline,baseline,3,0,78,78,0,0,27.87937484,27.87937484,0,0,39.66666667,10,21.33333333,20,14.66666667,63.33333333
S001675,structural_baseline,baseline,3,0,71.66666667,71.66666667,0,0,38.03154178,38.03154178,0,0,48.33333333,6.333333333,14.33333333,12.66666667,17.33333333,54.33333333
S001676,structural_baseline,baseline,3,0,56.33333333,56.33333333,0,0,17.09256223,17.09256223,0,0,39.66666667,10.66666667,14.66666667,8.666666667,16.66666667,39.66666667
S001677,structural_baseline,baseline,3,0,85.33333333,85.33333333,0,0,47.99481934,47.99481934,0,0,32.66666667,15.33333333,14.66666667,38.33333333,17.33333333,68
S001678,structural_baseline,baseline,3,0,87,87,0,0,43.91518571,43.91518571,0,0,34,13.33333333,14.66666667,21,22.66666667,64.33333333
S001679,structural_baseline,baseline,3,0,67,67,0,0,38.67151621,38.67151621,0,0,41.66666667,11.33333333,10,27,12,55
S001680,structural_baseline,baseline,3,0,122,122,0,0,60.38159877,60.38159877,0,0,37.33333333,10,24.66666667,33.33333333,54,68
S001681,structural_baseline,baseline,3,0,86,86,0,0,18.15961917,18.15961917,0,0,43,6.666666667,10,12.33333333,46.33333333,39.66666667
S001682,structural_baseline,baseline,3,0,83,83,0,0,28.77765947,28.77765947,0,0,35.66666667,11,15,35,40.66666667,42.33333333
S001683,structural_baseline,baseline,3,0,90.66666667,90.66666667,0,0,25.74596395,25.74596395,0,0,43.33333333,4.666666667,6.666666667,18,18.33333333,72.33333333
S001684,structural_baseline,baseline,3,0,134.6666667,134.6666667,0,0,43.87410923,43.87410923,0,0,42.33333333,8,11,31.66666667,47,87.66666667
S001685,structural_baseline,baseline,3,0,179.6666667,179.6666667,0,0,57.89578795,57.89578795,0,0,33.66666667,15.33333333,35,57.66666667,53,126.6666667
S001686,structural_baseline,baseline,3,0,58.33333333,58.33333333,0,0,25.25714884,25.25714884,0,0,28.33333333,17.66666667,21.66666667,17.33333333,27.33333333,31
S001687,structural_baseline,baseline,3,0,109,109,0,0,31.31899487,31.31899487,0,0,37.66666667,9.666666667,17.66666667,20,49,60
S001688,structural_baseline,baseline,3,0,126,126,0,0,30.89441728,30.89441728,0,0,41,10.66666667,34,52.33333333,44.66666667,81.33333333
S001689,structural_baseline,baseline,3,0,106.6666667,106.6666667,0,0,26.62993578,26.62993578,0,0,42.33333333,13.33333333,29.33333333,34.66666667,47,59.66666667
S001690,structural_baseline,baseline,3,0,73.33333333,73.33333333,0,0,23.90572633,23.90572633,0,0,38,7.666666667,9.666666667,21.33333333,30,43.33333333
S001691,structural_baseline,baseline,3,0,65.33333333,65.33333333,0,0,26.80688286,26.80688286,0,0,40.66666667,12.33333333,20,25,19,46.33333333
S001692,structural_baseline,baseline,3,0,85.66666667,85.66666667,0,0,41.80481777,41.80481777,0,0,30.66666667,7,12.33333333,27.66666667,37.33333333,48.33333333
S001693,structural_baseline,baseline,3,0,113,113,0,0,40.16076808,40.16076808,0,0,36,10.33333333,22.66666667,26.33333333,62.66666667,50.33333333
S001694,structural_baseline,baseline,3,0,47.33333333,47.33333333,0,0,24.86023439,24.86023439,0,0,34.33333333,8.333333333,2.333333333,6.333333333,8.333333333,39
S001695,structural_baseline,baseline,3,0,66,66,0,0,17.24185704,17.24185704,0,0,45,9.666666667,7,15.33333333,25.33333333,40.66666667
S001696,structural_baseline,baseline,3,0,63.66666667,63.66666667,0,0,13.92612413,13.92612413,0,0,41,9.666666667,6.333333333,26,33.66666667,30
S001697,structural_baseline,baseline,3,0,95.66666667,95.66666667,0,0,21.50956272,21.50956272,0,0,36.66666667,16.33333333,20,61.66666667,36.33333333,59.33333333
S001698,structural_baseline,baseline,3,0,37,37,0,0,12.68852108,12.68852108,0,0,35.66666667,10,7.333333333,11,13.33333333,23.66666667
S001699,structural_baseline,baseline,3,0,83.66666667,83.66666667,0,0,42.28013546,42.28013546,0,0,35.33333333,12,9.333333333,17.66666667,19,64.66666667
S001700,structural_baseline,baseline,3,0,59,59,0,0,19.63918596,19.63918596,0,0,42.33333333,5.333333333,7,20.66666667,23.33333333,35.66666667
S001701,structural_baseline,baseline,3,0,96.33333333,96.33333333,0,0,39.46688899,39.46688899,0,0,25,12.66666667,18.33333333,29,32.66666667,63.66666667
S001702,structural_baseline,baseline,3,0,46.33333333,46.33333333,0,0,32.73395984,32.73395984,0,0,41.33333333,4.333333333,3.666666667,6.333333333,8,38.33333333
S001703,structural_baseline,baseline,3,0,76,76,0,0,27.66942676,27.66942676,0,0,36.66666667,6.333333333,5.333333333,11.66666667,30.66666667,45.33333333
S001704,structural_baseline,baseline,3,0,59,59,0,0,20.80856997,20.80856997,0,0,44.66666667,10.33333333,21.33333333,25.66666667,18,41
S001705,structural_baseline,baseline,3,0,107.6666667,107.6666667,0,0,29.39503389,29.39503389,0,0,50.33333333,8,12,23.66666667,27.33333333,80.33333333
S001706,structural_baseline,baseline,3,0,110.6666667,110.6666667,0,0,58.3921626,58.3921626,0,0,39.33333333,6,11.33333333,16.33333333,32.33333333,78.33333333
S001707,structural_baseline,baseline,3,0,41,41,0,0,17.59046202,17.59046202,0,0,36.33333333,8,8.333333333,10,10.33333333,30.66666667
S001708,structural_baseline,baseline,3,0,126.6666667,126.6666667,0,0,24.44837197,24.44837197,0,0,28,11.33333333,33,47.66666667,66.66666667,60
S001709,structural_baseline,baseline,3,0,71.66666667,71.66666667,0,0,39.18756256,39.18756256,0,0,31,8.333333333,8,13.66666667,19.33333333,52.33333333
S001710,structural_baseline,baseline,3,0,189.6666667,189.6666667,0,0,95.24515911,95.24515911,0,0,33,16,37.33333333,54,80,109.6666667
S001711,structural_baseline,baseline,3,0,58.33333333,58.33333333,0,0,13.91312912,13.91312912,0,0,26.66666667,7.333333333,5,9.333333333,24,34.33333333
S001712,structural_baseline,baseline,3,0,93.33333333,93.33333333,0,0,49.40075768,49.40075768,0,0,41.33333333,6.333333333,10,19,24.66666667,68.66666667
S001713,structural_baseline,baseline,3,0,49.33333333,49.33333333,0,0,34.36560838,34.36560838,0,0,39.66666667,7,5.333333333,5,11.66666667,37.66666667
S001714,structural_baseline,baseline,3,0,81,81,0,0,49.06302372,49.06302372,0,0,36,10.33333333,6,16,21.66666667,59.33333333
S001715,structural_baseline,baseline,3,0,37,37,0,0,16.70915212,16.70915212,0,0,38,5.333333333,3.333333333,5.666666667,11,26
S001716,structural_baseline,baseline,3,0,66.66666667,66.66666667,0,0,23.49367329,23.49367329,0,0,31.33333333,6.333333333,3,11.33333333,28.33333333,38.33333333
S001717,structural_baseline,baseline,3,0,79,79,0,0,44.12417875,44.12417875,0,0,45.33333333,5.666666667,17.66666667,23.66666667,22,57
S001718,structural_baseline,baseline,3,0,61.33333333,61.33333333,0,0,22.75022539,22.75022539,0,0,21.33333333,23,15,38.66666667,25,36.33333333
S001719,structural_baseline,baseline,3,0,81.66666667,81.66666667,0,0,45.19182815,45.19182815,0,0,29.33333333,16.33333333,21.33333333,29.66666667,25,56.66666667
S001720,structural_baseline,baseline,3,0,77.66666667,77.66666667,0,0,49.24594401,49.24594401,0,0,40.33333333,12,15.66666667,30,20,57.66666667
S001721,structural_baseline,baseline,3,0,76.33333333,76.33333333,0,0,22.67159971,22.67159971,0,0,38.66666667,8.666666667,9,23,25,51.33333333
S001722,structural_baseline,baseline,3,0,60.33333333,60.33333333,0,0,26.72781388,26.72781388,0,0,36.66666667,9,7,7.333333333,16,44.33333333
S001723,structural_baseline,baseline,3,0,174.6666667,174.6666667,0,0,67.41253409,67.41253409,0,0,33,6.666666667,48.66666667,45,50,124.6666667
S001724,structural_baseline,baseline,3,0,44.66666667,44.66666667,0,0,23.17285237,23.17285237,0,0,39,11.66666667,7.666666667,15.33333333,15.33333333,29.33333333
S001725,structural_baseline,baseline,3,0,102.3333333,102.3333333,0,0,51.14079619,51.14079619,0,0,20.66666667,8.333333333,23.33333333,30.66666667,32.33333333,70
S001726,structural_baseline,baseline,3,0,116.6666667,116.6666667,0,0,57.19866765,57.19866765,0,0,41.66666667,13.33333333,25.66666667,57.66666667,44.66666667,72
S001727,structural_baseline,baseline,3,0,55.33333333,55.33333333,0,0,33.74415114,33.74415114,0,0,38.33333333,8,4.333333333,23.66666667,9.333333333,46
S001728,structural_baseline,baseline,3,0,32.66666667,32.66666667,0,0,18.32504053,18.32504053,0,0,46.33333333,9.333333333,6,9,12.33333333,20.33333333
S001729,structural_baseline,baseline,3,0,89,89,0,0,50.1804416,50.1804416,0,0,47.66666667,8.666666667,8,18,29.66666667,59.33333333
S001730,structural_baseline,baseline,3,0,48,48,0,0,30.7419394,30.7419394,0,0,49.66666667,4.333333333,11.33333333,15,8,40
S001731,structural_baseline,baseline,3,0,62,62,0,0,11.44383561,11.44383561,0,0,31.66666667,11.66666667,13.33333333,24.66666667,29.66666667,32.33333333
S001732,structural_baseline,baseline,3,0,62.33333333,62.33333333,0,0,22.24372736,22.24372736,0,0,41,6.666666667,8,12.66666667,28.33333333,34
S001733,structural_baseline,baseline,3,0,64.66666667,64.66666667,0,0,34.68855035,34.68855035,0,0,43.33333333,5,2.666666667,12,18.66666667,46
S001734,structural_baseline,baseline,3,0,62,62,0,0,24.82639193,24.82639193,0,0,47.66666667,8.333333333,7.666666667,8,17,45
S001735,structural_baseline,baseline,3,0,103.3333333,103.3333333,0,0,59.80828059,59.80828059,0,0,29.33333333,6.666666667,18,29.66666667,31.66666667,71.66666667
S001736,structural_baseline,baseline,3,0,67.33333333,67.33333333,0,0,46.97438444,46.97438444,0,0,27,8,8.333333333,11.33333333,13,54.33333333
S001737,structural_baseline,baseline,3,0,72.33333333,72.33333333,0,0,16.07232909,16.07232909,0,0,44.66666667,8.666666667,11,14.33333333,29.66666667,42.66666667
S001738,structural_baseline,baseline,3,0,72,72,0,0,19.46040103,19.46040103,0,0,40,6,9.333333333,27,35.33333333,36.66666667
S001739,structural_baseline,baseline,3,0,71,71,0,0,30.36241455,30.36241455,0,0,30.66666667,13,14,14.66666667,28.66666667,42.33333333
S001740,structural_baseline,baseline,3,0,70,70,0,0,26.61376363,26.61376363,0,0,25.66666667,15,7,28,19.33333333,50.66666667
S001741,structural_baseline,baseline,3,0,39,39,0,0,14.8244427,14.8244427,0,0,39.66666667,5,4.333333333,10.66666667,11.66666667,27.33333333
S001742,structural_baseline,baseline,3,0,31,31,0,0,20.85404492,20.85404492,0,0,43,11.66666667,4.666666667,7.333333333,5,26
S001743,structural_baseline,baseline,3,0,76.66666667,76.66666667,0,0,34.07708745,34.07708745,0,0,43.33333333,8.333333333,14.33333333,17.33333333,20.33333333,56.33333333
S001744,structural_baseline,baseline,3,0,96,96,0,0,38.935076,38.935076,0,0,37.33333333,11.33333333,11.33333333,22.66666667,40,56
S001745,structural_baseline,baseline,3,0,65,65,0,0,15.92363172,15.92363172,0,0,42.66666667,10.33333333,9.333333333,19,23.33333333,41.66666667
S001746,structural_baseline,baseline,3,0,131,131,0,0,84.5294815,84.5294815,0,0,26.66666667,8.666666667,8.666666667,29.33333333,36.66666667,94.33333333
S001747,structural_baseline,baseline,3,0,53,53,0,0,15.57619013,15.57619013,0,0,44.66666667,7.333333333,7,28.66666667,17.33333333,35.66666667
S001748,structural_baseline,baseline,3,0,102.6666667,102.6666667,0,0,47.51671597,47.51671597,0,0,50.33333333,6.666666667,45.66666667,43.33333333,38.66666667,64
S001749,structural_baseline,baseline,3,0,84,84,0,0,29.9422214,29.9422214,0,0,35.66666667,7.333333333,8.333333333,18.66666667,21,63
S001750,structural_baseline,baseline,3,0,123.3333333,123.3333333,0,0,29.42720168,29.42720168,0,0,26,12.66666667,10.33333333,25.33333333,65,58.33333333
S001751,structural_baseline,baseline,3,0,116,116,0,0,45.84770797,45.84770797,0,0,30.33333333,17.66666667,36.33333333,54,61,55
S001752,structural_baseline,baseline,3,0,79.33333333,79.33333333,0,0,49.83719407,49.83719407,0,0,37,6.333333333,7,11,15.33333333,64
S001753,structural_baseline,baseline,3,0,60.66666667,60.66666667,0,0,31.61247306,31.61247306,0,0,40,11.33333333,6.666666667,24.33333333,20.66666667,40
S001754,structural_baseline,baseline,3,0,63.33333333,63.33333333,0,0,32.79901141,32.79901141,0,0,35.66666667,9.333333333,4.333333333,17,16.33333333,47
S001755,structural_baseline,baseline,3,0,44,44,0,0,12.55866127,12.55866127,0,0,42,8,5,10.33333333,14.33333333,29.66666667
S001756,structural_baseline,baseline,3,0,51.66666667,51.66666667,0,0,28.78880526,28.78880526,0,0,41.66666667,8.333333333,6,11.33333333,9.333333333,42.33333333
S001757,structural_baseline,baseline,3,0,56.33333333,56.33333333,0,0,23.34227711,23.34227711,0,0,26.66666667,10.33333333,7,10.33333333,26,30.33333333
S001758,structural_baseline,baseline,3,0,75.33333333,75.33333333,0,0,21.87320809,21.87320809,0,0,32,13.33333333,13,15.33333333,18.66666667,56.66666667
S001759,structural_baseline,baseline,3,0,135.3333333,135.3333333,0,0,67.87757882,67.87757882,0,0,28,17.66666667,20.66666667,64.33333333,53,82.33333333
S001760,structural_baseline,baseline,3,0,78.33333333,78.33333333,0,0,29.73856253,29.73856253,0,0,41,7.666666667,7,32.33333333,14,64.33333333
S001761,structural_baseline,baseline,3,0,62.66666667,62.66666667,0,0,16.9180637,16.9180637,0,0,40.33333333,12.66666667,21.66666667,23,33,29.66666667
S001762,structural_baseline,baseline,3,0,68,68,0,0,29.7271142,29.7271142,0,0,26,12.33333333,15.33333333,27.66666667,19.66666667,48.33333333
S001763,structural_baseline,baseline,3,0,86.66666667,86.66666667,0,0,33.08112575,33.08112575,0,0,28.33333333,10,11.33333333,30.33333333,44.66666667,42
S001764,structural_baseline,baseline,3,0,112.3333333,112.3333333,0,0,46.97526044,46.97526044,0,0,23.66666667,12,23.33333333,29,30.66666667,81.66666667
S001765,structural_baseline,baseline,3,0,130.3333333,130.3333333,0,0,23.54336377,23.54336377,0,0,30,6.333333333,7.333333333,18.33333333,69.33333333,61
S001766,structural_baseline,baseline,3,0,68.66666667,68.66666667,0,0,35.69732673,35.69732673,0,0,36.66666667,13.66666667,6.333333333,19,27.66666667,41
S001767,structural_baseline,baseline,3,0,64.33333333,64.33333333,0,0,23.00791205,23.00791205,0,0,42,13.66666667,21.66666667,35.33333333,34.33333333,30
S001768,structural_baseline,baseline,3,0,57,57,0,0,30.70269044,30.70269044,0,0,28.33333333,6.666666667,7,6.333333333,15.66666667,41.33333333
S001769,structural_baseline,baseline,3,0,127.6666667,127.6666667,0,0,77.18109075,77.18109075,0,0,29,9.333333333,27,55.66666667,33,94.66666667
S001770,structural_baseline,baseline,3,0,120.6666667,120.6666667,0,0,29.63604347,29.63604347,0,0,29,9.666666667,24,51.33333333,41,79.66666667
S001771,structural_baseline,baseline,3,0,55.33333333,55.33333333,0,0,20.10112539,20.10112539,0,0,38,8.333333333,22,31,29.33333333,26
S001772,structural_baseline,baseline,3,0,137,137,0,0,59.98954662,59.98954662,0,0,30,12,28.33333333,76.66666667,45.33333333,91.66666667
S001773,structural_baseline,baseline,3,0,192,192,0,0,80.95798476,80.95798476,0,0,29.66666667,19.33333333,43.33333333,50.66666667,99,93
S001774,structural_baseline,baseline,3,0,60.66666667,60.66666667,0,0,32.83758376,32.83758376,0,0,32,16,7.666666667,22,19,41.66666667
S001775,structural_baseline,baseline,3,0,45.33333333,45.33333333,0,0,22.28203952,22.28203952,0,0,47,7.333333333,3.333333333,9.666666667,13,32.33333333
S001776,structural_baseline,baseline,3,0,93.33333333,93.33333333,0,0,55.4781722,55.4781722,0,0,31.66666667,12.33333333,16.66666667,24.33333333,26,67.33333333
S001777,structural_baseline,baseline,3,0,49,49,0,0,21.68206578,21.68206578,0,0,47.33333333,9.333333333,10,11.33333333,9,40
S001778,structural_baseline,baseline,3,0,77.33333333,77.33333333,0,0,32.92488894,32.92488894,0,0,43.33333333,3,7.333333333,14,16.33333333,61
S001779,structural_baseline,baseline,3,0,78,78,0,0,20.87174239,20.87174239,0,0,43,8,10,34.33333333,26.33333333,51.66666667
S001780,structural_baseline,baseline,3,0,63.33333333,63.33333333,0,0,23.77973047,23.77973047,0,0,30,10.66666667,14,16.66666667,27.66666667,35.66666667
S001781,structural_baseline,baseline,3,0,59.66666667,59.66666667,0,0,19.62344001,19.62344001,0,0,29.33333333,8,21.33333333,30,18.33333333,41.33333333
S001782,structural_baseline,baseline,3,0,108,108,0,0,46.89202126,46.89202126,0,0,41.33333333,12,19.33333333,63.66666667,38.66666667,69.33333333
S001783,structural_baseline,baseline,3,0,104,104,0,0,36.63366373,36.63366373,0,0,32.33333333,9.333333333,28.33333333,51,27.66666667,76.33333333
S001784,structural_baseline,baseline,3,0,65.33333333,65.33333333,0,0,28.97369809,28.97369809,0,0,37,12.33333333,8,9.666666667,19.66666667,45.66666667
S001785,structural_baseline,baseline,3,0,55.33333333,55.33333333,0,0,17.41395691,17.41395691,0,0,38.66666667,9,13.66666667,32.33333333,19,36.33333333
S001786,structural_baseline,baseline,3,0,157,157,0,0,31.26644698,31.26644698,0,0,38.66666667,14.33333333,29.33333333,36.33333333,90,67
S001787,structural_baseline,baseline,3,0,97.33333333,97.33333333,0,0,52.03652407,52.03652407,0,0,29.66666667,12,9,18.66666667,35,62.33333333
S001788,structural_baseline,baseline,3,0,68.33333333,68.33333333,0,0,28.61255178,28.61255178,0,0,40.33333333,3,10.66666667,18.33333333,11,57.33333333
S001789,structural_baseline,baseline,3,0,162.6666667,162.6666667,0,0,65.79170189,65.79170189,0,0,32.66666667,15,90,99.66666667,66.33333333,96.33333333
S001790,structural_baseline,baseline,3,0,79.66666667,79.66666667,0,0,36.14932485,36.14932485,0,0,27,11,13,24,35.66666667,44
S001791,structural_baseline,baseline,3,0,47,47,0,0,22.9075079,22.9075079,0,0,46,9,6.333333333,5.666666667,5,42
S001792,structural_baseline,baseline,3,0,52.66666667,52.66666667,0,0,33.14146389,33.14146389,0,0,46.33333333,6.333333333,10.33333333,9,13.33333333,39.33333333
S001793,structural_baseline,baseline,3,0,108.6666667,108.6666667,0,0,63.22668446,63.22668446,0,0,39.33333333,8.333333333,13.33333333,17.66666667,19.33333333,89.33333333
S001794,structural_baseline,baseline,3,0,66.66666667,66.66666667,0,0,28.21490287,28.21490287,0,0,46,10,18.33333333,27.66666667,30,36.66666667
S001795,structural_baseline,baseline,3,0,218,218,0,0,85.5154988,85.5154988,0,0,29.66666667,13.66666667,42,54,83.66666667,134.3333333
S001796,structural_baseline,baseline,3,0,102,102,0,0,22.71103185,22.71103185,0,0,36.66666667,15.33333333,24,39,58.33333333,43.66666667
S001797,structural_baseline,baseline,3,0,90.33333333,90.33333333,0,0,36.95829671,36.95829671,0,0,26.33333333,21,12,47.33333333,38.66666667,51.66666667
S001798,structural_baseline,baseline,3,0,55.33333333,55.33333333,0,0,27.85545308,27.85545308,0,0,32.33333333,13,5.333333333,18,14.33333333,41
S001799,structural_baseline,baseline,3,0,143.3333333,143.3333333,0,0,64.61122762,64.61122762,0,0,40.33333333,10.33333333,32.33333333,40,45.33333333,98
S001800,structural_proliferation,proliferation,3,0,75.66666667,77.33333333,1.666666667,4.041451884,22.8175342,23.89924525,1.081711045,1.745019708,37.33333333,5,15,25.33333333,19.33333333,58
S001801,structural_proliferation,proliferation,3,0,90.33333333,131.6666667,41.33333333,19.50213664,26.36267816,33.24153676,6.878858604,3.678098259,33.66666667,14.66666667,65.33333333,105.6666667,69,62.66666667
S001802,structural_proliferation,proliferation,3,0,75.66666667,74.66666667,-1,7,55.49715286,53.83895838,-1.658194477,5.44865189,33.66666667,13,18.33333333,9,12.33333333,62.33333333
S001803,structural_proliferation,proliferation,3,0,56,58,2,0,27.07968865,27.33401844,0.2543297894,3.007957684,32.66666667,17,17,28.66666667,24.66666667,33.33333333
S001804,structural_proliferation,proliferation,3,0,93,97.33333333,4.333333333,2.516611478,33.73698618,36.14091376,2.403927583,1.014580403,35,13,7,32.66666667,29,68.33333333
S001805,structural_proliferation,proliferation,3,0,71,77,6,13.74772708,30.7211173,33.2008672,2.479749902,3.062236844,41.33333333,11.33333333,19,30.33333333,37,40
S001806,structural_proliferation,proliferation,3,0,137,206.6666667,69.66666667,42.15843134,64.86840187,82.46263974,17.59423788,9.339415372,24.66666667,15,89,69.33333333,104.6666667,102
S001807,structural_proliferation,proliferation,3,0,74.66666667,91.33333333,16.66666667,10.0166528,45.16479972,53.92182851,8.757028781,9.12962779,22,9,12.66666667,22.33333333,30.66666667,60.66666667
S001808,structural_proliferation,proliferation,3,0,65.66666667,73.33333333,7.666666667,13.31665624,24.71872167,26.15465021,1.435928541,2.601820837,44.33333333,8.666666667,20.66666667,21.33333333,32.66666667,40.66666667
S001809,structural_proliferation,proliferation,3,0,41.33333333,46.33333333,5,14.17744688,17.06703765,19.75897198,2.691934326,5.919967486,48.33333333,6.333333333,11.66666667,9.333333333,11.33333333,35
S001810,structural_proliferation,proliferation,3,0,45.33333333,49,3.666666667,3.055050463,13.81314984,14.9452135,1.132063663,0.6357178992,27.66666667,9,14,11.66666667,8.333333333,40.66666667
S001811,structural_proliferation,proliferation,3,0,159.6666667,158.3333333,-1.333333333,15.69500982,59.12099406,59.31694077,0.1959467075,2.582640664,25.66666667,13.66666667,28.33333333,46,78.66666667,79.66666667
S001812,structural_proliferation,proliferation,3,0,57.33333333,56,-1.333333333,9.018499506,16.8797489,17.25858353,0.3788346315,2.478203301,46.66666667,10.33333333,14,12,21.66666667,34.33333333
S001813,structural_proliferation,proliferation,3,0,88.33333333,120.3333333,32,15.5241747,20.9036869,26.16909431,5.265407404,2.819622797,31.66666667,15.33333333,59.66666667,61.66666667,58,62.33333333
S001814,structural_proliferation,proliferation,3,0,67.66666667,74.33333333,6.666666667,9.451631253,17.7126817,20.25857985,2.545898152,2.286495894,40.66666667,12,8,17.66666667,39.66666667,34.66666667
S001815,structural_proliferation,proliferation,3,0,94.66666667,99.33333333,4.666666667,8.326663998,49.5575457,51.43606331,1.878517618,1.13295667,29.66666667,13,39.66666667,51.66666667,40.33333333,59
S001816,structural_proliferation,proliferation,3,0,101,88.33333333,-12.66666667,17.61628035,43.66538055,42.82102619,-0.8443543559,1.915419894,24.66666667,9.333333333,7.666666667,30.33333333,41.66666667,46.66666667
S001817,structural_proliferation,proliferation,3,0,66.33333333,72,5.666666667,5.033222957,29.60283832,31.13144294,1.528604622,3.360667823,24.33333333,19.66666667,16.66666667,18.33333333,26.66666667,45.33333333
S001818,structural_proliferation,proliferation,3,0,74,71,-3,12.28820573,48.19386897,44.31570316,-3.878165815,7.569220838,47.33333333,6.333333333,9.333333333,17,18.33333333,52.66666667
S001819,structural_proliferation,proliferation,3,0,75.66666667,125.3333333,49.66666667,11.67618659,28.15394325,41.54330407,13.38936082,4.768449073,47,9.333333333,21.33333333,31,57,68.33333333
S001820,structural_proliferation,proliferation,3,0,52.33333333,55.66666667,3.333333333,1.527525232,33.14194706,34.13438691,0.9924398497,3.96312253,34.33333333,14.33333333,14.33333333,23,12.66666667,43
S001821,structural_proliferation,proliferation,3,0,85.66666667,78.66666667,-7,7.810249676,43.95221734,42.52999419,-1.42222315,2.44084035,37.33333333,13.33333333,20.66666667,38,17.66666667,61
S001822,structural_proliferation,proliferation,3,0,96,111.6666667,15.66666667,10.06644591,40.2068005,43.91222926,3.705428752,0.5541568145,30.66666667,16.33333333,24,47,36,75.66666667
S001823,structural_proliferation,proliferation,3,0,78,112.6666667,34.66666667,15.50268794,36.74866867,53.78718805,17.03851938,7.50187511,29.66666667,19.66666667,35.33333333,74,50,62.66666667
S001824,structural_proliferation,proliferation,3,0,91.66666667,113.6666667,22,14,28.3879343,29.2410757,0.8531414008,0.939180422,27.66666667,8,17,49.66666667,63,50.66666667
S001825,structural_proliferation,proliferation,3,0,56,70.66666667,14.66666667,9.073771726,20.89690186,25.07551373,4.178611865,6.440120617,46.66666667,7.666666667,11,16.66666667,22.66666667,48
S001826,structural_proliferation,proliferation,3,0,93.33333333,127,33.66666667,13.31665624,25.1490234,30.81352011,5.664496704,3.169137585,37.33333333,14.66666667,53,68,69.33333333,57.66666667
S001827,structural_proliferation,proliferation,3,0,71.33333333,74,2.666666667,5.131601439,22.62712604,23.40225177,0.7751257249,1.672698791,30.66666667,11.66666667,7.333333333,14.33333333,24,50
S001828,structural_proliferation,proliferation,3,0,60,66,6,8,24.27833191,25.34312255,1.064790644,3.110022925,31,14.33333333,20.33333333,24,14.66666667,51.33333333
S001829,structural_proliferation,proliferation,3,0,77,91.33333333,14.33333333,21.73323108,46.06676697,52.11087814,6.044111175,13.47786155,41,10.33333333,10.66666667,19,30.33333333,61
S001830,structural_proliferation,proliferation,3,0,55,62,7,13,29.57720551,32.10871428,2.531508777,6.609724261,43,6.333333333,15.66666667,19.33333333,12,50
S001831,structural_proliferation,proliferation,3,0,68.33333333,75,6.666666667,8.96288644,28.17940631,30.46052701,2.281120706,2.72914957,26.66666667,15.33333333,24.33333333,42,25.66666667,49.33333333
S001832,structural_proliferation,proliferation,3,0,55,56,1,1.732050808,26.86758457,25.84671346,-1.020871116,1.593217156,41,12,15.33333333,14.33333333,19,37
S001833,structural_proliferation,proliferation,3,0,143,149.3333333,6.333333333,1.154700538,47.71539187,48.83792371,1.122531839,3.626907109,21.66666667,18,25.66666667,53,85.66666667,63.66666667
S001834,structural_proliferation,proliferation,3,0,63.66666667,66.33333333,2.666666667,10.26320288,41.99288222,42.08483536,0.09195313791,5.81582255,39.66666667,10.33333333,6.666666667,9.333333333,14.33333333,52
S001835,structural_proliferation,proliferation,3,0,32.33333333,42.33333333,10,9,11.24749217,12.39518486,1.147692683,0.9888225927,39.66666667,6,5.666666667,22,17,25.33333333
S001836,structural_proliferation,proliferation,3,0,125.6666667,149.3333333,23.66666667,28.29016319,30.53462318,33.82627908,3.291655903,4.441973242,35.66666667,12.66666667,44.66666667,60.33333333,81.66666667,67.66666667
S001837,structural_proliferation,proliferation,3,0,67,63.33333333,-3.666666667,5.033222957,33.60835054,31.14187451,-2.466476032,3.831437851,22,11,12.33333333,11.66666667,27.66666667,35.66666667
S001838,structural_proliferation,proliferation,3,0,93,103,10,14,45.17377224,48.10208441,2.928312171,4.828619424,39.66666667,8.333333333,15.66666667,20.66666667,26.66666667,76.33333333
S001839,structural_proliferation,proliferation,3,0,64,62.33333333,-1.666666667,6.658328118,34.55775746,33.27246064,-1.285296813,2.741388623,43,14,9.666666667,15,17.33333333,45
S001840,structural_proliferation,proliferation,3,0,50.66666667,49.33333333,-1.333333333,3.214550254,14.84594008,14.52429594,-0.3216441385,0.7893913132,40.66666667,8.666666667,7.333333333,12.66666667,9.333333333,40
S001841,structural_proliferation,proliferation,3,0,133.6666667,175.6666667,42,35.93048845,58.27923873,72.42593088,14.14669215,11.60284278,33,8,66.66666667,57,55,120.6666667
S001842,structural_proliferation,proliferation,3,0,82.66666667,71,-11.66666667,14.571662,15.41612235,13.94196112,-1.474161236,1.24674376,34,8.333333333,31,36,33.33333333,37.66666667
S001843,structural_proliferation,proliferation,3,0,66.66666667,73.66666667,7,6.244997998,21.51258643,21.61682981,0.1042433761,1.952181225,30.66666667,12.66666667,21.33333333,37.66666667,38.33333333,35.33333333
S001844,structural_proliferation,proliferation,3,0,168,195,27,51.21523211,53.10107046,60.33970328,7.238632824,17.12613467,25,7.666666667,49,105.3333333,61,134
S001845,structural_proliferation,proliferation,3,0,65.66666667,81,15.33333333,8.96288644,27.39827658,32.47138532,5.073108733,7.19265703,39,6.333333333,17.33333333,29,26.33333333,54.66666667
S001846,structural_proliferation,proliferation,3,0,85,84.33333333,-0.6666666667,22.50185178,44.21441112,44.03340474,-0.1810063791,7.80921091,30,20,33.33333333,50.66666667,18.66666667,65.66666667
S001847,structural_proliferation,proliferation,3,0,43.66666667,43,-0.6666666667,5.507570547,27.02471422,25.90621468,-1.118499544,1.2814758,49,8,2.333333333,6.666666667,10.33333333,32.66666667
S001848,structural_proliferation,proliferation,3,0,54.33333333,60,5.666666667,5.859465277,23.44907019,25.21750269,1.768432503,2.381952293,40.66666667,5.666666667,3.666666667,12,17.33333333,42.66666667
S001849,structural_proliferation,proliferation,3,0,142,216.6666667,74.66666667,30.23794526,29.05584399,40.20297485,11.14713086,1.969128632,26.66666667,15,63,56.66666667,111,105.6666667
S001850,structural_proliferation,proliferation,3,0,65,87,22,18.08314132,13.68638992,15.32366137,1.637271454,2.771305542,40.66666667,4.333333333,18,31.33333333,51.33333333,35.66666667
S001851,structural_proliferation,proliferation,3,0,87.66666667,90.33333333,2.666666667,10.59874206,42.5456887,42.7457239,0.2000352008,6.141546057,42.33333333,13.33333333,32.66666667,46,24.33333333,66
S001852,structural_proliferation,proliferation,3,0,149,149,0,0,37.91387029,37.91387029,0,0,23.33333333,8.666666667,15.33333333,75.33333333,56,93
S001853,structural_proliferation,proliferation,3,0,82.33333333,122,39.66666667,25.69695183,24.57887391,31.33239858,6.753524669,6.994829594,38,12.33333333,30.33333333,50.66666667,37.33333333,84.66666667
S001854,structural_proliferation,proliferation,3,0,51.66666667,52,0.3333333333,2.081665999,25.11868021,24.7313339,-0.3873463055,1.381580893,29,8.666666667,8.333333333,18.33333333,19,33
S001855,structural_proliferation,proliferation,3,0,74.66666667,91.33333333,16.66666667,6.429100507,39.48114393,47.36030481,7.87916088,7.093491624,23.66666667,11,18.33333333,34,19.66666667,71.66666667
S001856,structural_proliferation,proliferation,3,0,50,50,0,3,25.69603604,25.58699594,-0.1090401065,2.905145137,40,6,4.333333333,13,13,37
S001857,structural_proliferation,proliferation,3,0,47.66666667,51.66666667,4,10.81665383,20.05828021,20.64113083,0.5828506272,3.363881491,31.66666667,8.333333333,4,25.66666667,20.33333333,31.33333333
S001858,structural_proliferation,proliferation,3,0,70.33333333,86.66666667,16.33333333,5.131601439,34.28135822,40.95134542,6.669987198,8.239662045,35,8.666666667,12.66666667,27,42,44.66666667
S001859,structural_proliferation,proliferation,3,0,57,74.33333333,17.33333333,9.451631253,23.22378425,25.18130968,1.957525426,5.414926714,37.66666667,9,22.33333333,39.66666667,33,41.33333333
S001860,structural_proliferation,proliferation,3,0,56.66666667,86.33333333,29.66666667,5.033222957,27.54440018,35.57380858,8.029408405,1.771044828,28.33333333,13.66666667,39,49,38.33333333,48
S001861,structural_proliferation,proliferation,3,0,102.6666667,117.3333333,14.66666667,13.0511813,37.44291513,39.74124054,2.298325408,4.50328415,32.33333333,7,18.33333333,26,33.66666667,83.66666667
S001862,structural_proliferation,proliferation,3,0,150.3333333,201.3333333,51,51.44900388,90.68514328,108.4938435,17.80870018,22.23149894,37,16,64.33333333,52.66666667,61.66666667,139.6666667
S001863,structural_proliferation,proliferation,3,0,113.6666667,115.3333333,1.666666667,1.154700538,23.8960428,24.97418767,1.078144865,0.8694049112,25.66666667,16.66666667,25,23.66666667,59.33333333,56
S001864,structural_proliferation,proliferation,3,0,71.33333333,71.66666667,0.3333333333,11.37248141,24.61380564,24.33470127,-0.2791043749,0.9821460066,41,8,25.33333333,33.33333333,27.66666667,44
S001865,structural_proliferation,proliferation,3,0,119,137.3333333,18.33333333,8.326663998,45.99286076,49.37011538,3.377254617,0.739557668,26,11.33333333,20.33333333,35.33333333,42.66666667,94.66666667
S001866,structural_proliferation,proliferation,3,0,75.66666667,82.33333333,6.666666667,13.31665624,37.40376053,37.97692262,0.5731620873,3.499024122,29.33333333,9,15.33333333,17,38,44.33333333
S001867,structural_proliferation,proliferation,3,0,62.33333333,71.33333333,9,2,15.54296849,17.19025967,1.647291185,1.211266264,49,7.666666667,8.333333333,15.66666667,30,41.33333333
S001868,structural_proliferation,proliferation,3,0,45.66666667,49.33333333,3.666666667,7.371114796,21.26550822,22.35116312,1.085654905,2.773679596,46.66666667,5.666666667,3,10.33333333,6.333333333,43
S001869,structural_proliferation,proliferation,3,0,120.3333333,155.6666667,35.33333333,36.25373544,31.7758356,39.5773775,7.801541892,7.424198066,44,8.333333333,48.33333333,117.6666667,51.66666667,104
S001870,structural_proliferation,proliferation,3,0,46.66666667,64.33333333,17.66666667,15.56705924,17.43042764,20.75404965,3.323622003,5.427955726,40.66666667,6.666666667,10.66666667,40,23,41.33333333
S001871,structural_proliferation,proliferation,3,0,146,146.3333333,0.3333333333,11.71893055,44.63948388,44.75029297,0.1108090853,1.927057764,32.33333333,15,23,21,70,76.33333333
S001872,structural_proliferation,proliferation,3,0,31.33333333,34,2.666666667,11.06044002,12.26088541,15.49215352,3.231268107,0.7541436457,38,7.333333333,7.333333333,16,13.33333333,20.66666667
S001873,structural_proliferation,proliferation,3,0,50.66666667,52.66666667,2,3.605551275,32.58552887,32.90042687,0.3148980044,1.863662397,31.33333333,17.66666667,13.66666667,8.333333333,14.33333333,38.33333333
S001874,structural_proliferation,proliferation,3,0,47,51,4,6.557438524,23.1531698,23.5572062,0.4040363933,1.34812163,47.66666667,6.666666667,4,9,20.66666667,30.33333333
S001875,structural_proliferation,proliferation,3,0,83.66666667,77.33333333,-6.333333333,5.033222957,32.64464004,29.92968227,-2.714957762,2.597817633,36,15,14.33333333,15.66666667,23.33333333,54
S001876,structural_proliferation,proliferation,3,0,46.33333333,50.33333333,4,3,18.10270536,18.90594695,0.8032415898,1.251656554,34,6,3.333333333,11.66666667,7.333333333,43
S001877,structural_proliferation,proliferation,3,0,88.66666667,94,5.333333333,10.11599394,59.30907272,62.59609313,3.287020417,9.490635617,39.66666667,12.66666667,13.33333333,24.33333333,16.66666667,77.33333333
S001878,structural_proliferation,proliferation,3,0,68.66666667,80,11.33333333,7.767453465,34.71573589,38.49879254,3.783056653,1.878734161,31.33333333,12.66666667,39,26.33333333,27.33333333,52.66666667
S001879,structural_proliferation,proliferation,3,0,65.33333333,65,-0.3333333333,9.073771726,19.19268395,19.346965,0.1542810592,1.239114173,32.66666667,6,3.333333333,3.666666667,16,49
S001880,structural_proliferation,proliferation,3,0,133,149.3333333,16.33333333,15.27525232,78.91408764,93.4657884,14.55170077,9.10635536,33.33333333,7,21,24.66666667,42,107.3333333
S001881,structural_proliferation,proliferation,3,0,67,76.33333333,9.333333333,6.658328118,24.87833124,27.98375236,3.105421116,2.52717109,28.33333333,7.333333333,9,30,15,61.33333333
S001882,structural_proliferation,proliferation,3,0,53.66666667,57.66666667,4,8.185352772,23.48153906,24.64313617,1.161597107,2.18750428,42,10.66666667,13,23.33333333,11.33333333,46.33333333
S001883,structural_proliferation,proliferation,3,0,109.3333333,115,5.666666667,4.041451884,42.55459746,43.71283687,1.158239409,3.639147561,35.33333333,14,36,61,50.33333333,64.66666667
S001884,structural_proliferation,proliferation,3,0,60,61,1,2.645751311,20.22824462,20.22180583,-0.006438790988,1.368575485,32.66666667,9,13,15.33333333,7.333333333,53.66666667
S001885,structural_proliferation,proliferation,3,0,52.66666667,56.33333333,3.666666667,9.073771726,15.53274232,14.90121756,-0.6315247676,1.487251973,37.33333333,6.666666667,7,12,22.66666667,33.66666667
S001886,structural_proliferation,proliferation,3,0,188.6666667,298.3333333,109.6666667,51.05226081,67.33082465,101.1524365,33.82161186,14.07094284,33.66666667,16,37.66666667,81.66666667,160.3333333,138
S001887,structural_proliferation,proliferation,3,0,54.66666667,54,-0.6666666667,2.516611478,19.26100502,17.79225059,-1.468754431,2.871711835,38.33333333,10,9,27.66666667,30,24
S001888,structural_proliferation,proliferation,3,0,64.33333333,66.66666667,2.333333333,1.527525232,18.1837778,18.43887444,0.2550966437,0.3418628872,31.66666667,6.333333333,12.33333333,25.33333333,18.66666667,48
S001889,structural_proliferation,proliferation,3,0,144.6666667,169.6666667,25,19.5192213,66.00013075,66.90790504,0.9077742905,7.854675268,25,10,52,48.33333333,94.66666667,75
S001890,structural_proliferation,proliferation,3,0,62,79.66666667,17.66666667,12.09683154,29.67684242,36.31316482,6.636322398,1.824196754,37,5.333333333,23,22.33333333,29.33333333,50.33333333
S001891,structural_proliferation,proliferation,3,0,55.66666667,53,-2.666666667,4.041451884,21.2422959,18.34349156,-2.898804336,1.690504417,27,22,20,23.66666667,27.33333333,25.66666667
S001892,structural_proliferation,proliferation,3,0,83.66666667,77,-6.666666667,9.504384953,30.75534652,28.83596049,-1.91938603,1.361697728,23,11.66666667,20.33333333,31,40.33333333,36.66666667
S001893,structural_proliferation,proliferation,3,0,80.33333333,101.3333333,21,13.74772708,23.33927409,26.13558787,2.796313782,2.070816354,38.33333333,15.66666667,20.33333333,35,48,53.33333333
S001894,structural_proliferation,proliferation,3,0,62.66666667,84,21.33333333,13.61371857,26.3827168,29.76168033,3.37896353,6.266111367,26.33333333,12.66666667,18,28.66666667,32.66666667,51.33333333
S001895,structural_proliferation,proliferation,3,0,119.3333333,143.3333333,24,13,60.94277965,73.39406457,12.45128492,4.855627727,32.66666667,11,16,30,34.33333333,109
S001896,structural_proliferation,proliferation,3,0,76.33333333,99,22.66666667,14.29452109,30.60112079,38.32332699,7.722206202,7.016763995,38.33333333,9.333333333,27,33,48.66666667,50.33333333
S001897,structural_proliferation,proliferation,3,0,82.66666667,88,5.333333333,8.621678104,16.7734281,17.99027263,1.21684453,0.4716755972,18.33333333,7.333333333,8,26.33333333,49.66666667,38.33333333
S001898,structural_proliferation,proliferation,3,0,48.33333333,57.33333333,9,8.185352772,18.9116688,22.19420791,3.282539108,5.834676248,45,6,4.666666667,28.33333333,23.33333333,34
S001899,structural_proliferation,proliferation,3,0,40.33333333,42.33333333,2,7.549834435,20.861253,21.63341687,0.7721638668,1.869819521,36.66666667,8.333333333,5.333333333,10,7.666666667,34.66666667
S001900,structural_proliferation,proliferation,3,0,99,119,20,5,45.95154978,52.51664184,6.565092062,2.082282029,37.66666667,13.33333333,31.66666667,27,30.33333333,88.66666667
S001901,structural_proliferation,proliferation,3,0,132,134.6666667,2.666666667,19.00876991,66.670916,64.64802624,-2.022889761,10.13018984,40.66666667,13.33333333,39.33333333,51,46,88.66666667
S001902,structural_proliferation,proliferation,3,0,79,85.33333333,6.333333333,0.5773502692,31.72772109,34.32136238,2.593641286,1.093382285,45.66666667,8.666666667,9,22.66666667,19.33333333,66
S001903,structural_proliferation,proliferation,3,0,69.66666667,82,12.33333333,2.081665999,31.56211577,36.23984684,4.677731066,3.201576578,38,5.666666667,10,8.666666667,22.66666667,59.33333333
S001904,structural_proliferation,proliferation,3,0,72.66666667,92.66666667,20,8.717797887,45.12840168,48.62848962,3.500087938,6.317444936,28.33333333,17.66666667,15.66666667,28,38,54.66666667
S001905,structural_proliferation,proliferation,3,0,113.3333333,144,30.66666667,18.7705443,31.91111162,36.4304842,4.519372587,5.862208148,30.66666667,16.33333333,27.66666667,51,67.33333333,76.66666667
S001906,structural_proliferation,proliferation,3,0,155,213.6666667,58.66666667,21.54839515,45.10771693,60.24671245,15.13899552,7.193606809,35.66666667,14.66666667,27,70.66666667,69.33333333,144.3333333
S001907,structural_proliferation,proliferation,3,0,100.3333333,101.6666667,1.333333333,8.504900548,35.63969886,36.37019181,0.7304929454,1.528783082,28,9.666666667,9.333333333,15.66666667,55.66666667,46
S001908,structural_proliferation,proliferation,3,0,90.66666667,96,5.333333333,8.020806277,34.08467589,33.47366793,-0.6110079541,4.391033494,30.33333333,16.33333333,20,37.33333333,53.66666667,42.33333333
S001909,structural_proliferation,proliferation,3,0,51,75.66666667,24.66666667,3.511884584,16.91788022,25.61998854,8.702108315,3.284223659,37.66666667,11.33333333,23.66666667,59.33333333,25.66666667,50
S001910,structural_proliferation,proliferation,3,0,98.66666667,101.3333333,2.666666667,3.511884584,47.54216119,50.08059444,2.53843325,4.280542085,32,7.333333333,18.33333333,18.33333333,25.33333333,76
S001911,structural_proliferation,proliferation,3,0,81.33333333,136,54.66666667,16.04161255,28.33191371,39.78162741,11.4497137,8.256550297,45.33333333,9,93.33333333,108.3333333,54,82
S001912,structural_proliferation,proliferation,3,0,101.3333333,131,29.66666667,26.83902631,27.5975502,34.88979545,7.292245252,5.141140755,32.33333333,15.33333333,26.66666667,43,60,71
S001913,structural_proliferation,proliferation,3,0,92,107.6666667,15.66666667,18.92969449,34.53198074,39.7228914,5.190910658,6.353852852,32,12,22.33333333,66.66666667,45.66666667,62
S001914,structural_proliferation,proliferation,3,0,37,39.33333333,2.333333333,2.886751346,19.26565846,21.71154443,2.445885969,1.530764069,35,4.666666667,5.666666667,16.33333333,9.666666667,29.66666667
S001915,structural_proliferation,proliferation,3,0,116,120.3333333,4.333333333,4.041451884,40.8841226,43.11058415,2.226461549,1.472004402,30.33333333,16,16.66666667,42.33333333,29.33333333,91
S001916,structural_proliferation,proliferation,3,0,87.33333333,80.66666667,-6.666666667,15.56705924,20.81030681,20.08620645,-0.7241003621,1.16550712,39.33333333,13,27.66666667,42.66666667,37,43.66666667
S001917,structural_proliferation,proliferation,3,0,73,88,15,7.937253933,17.23778254,18.67703394,1.439251399,0.8833061687,30.66666667,10,19.33333333,40.66666667,41.33333333,46.66666667
S001918,structural_proliferation,proliferation,3,0,71.66666667,77,5.333333333,10.11599394,35.13430701,36.49203404,1.357727024,3.825554279,26.66666667,11.33333333,13.66666667,15.33333333,26.33333333,50.66666667
S001919,structural_proliferation,proliferation,3,0,110.6666667,186.6666667,76,31.2409987,31.59041805,47.5980802,16.00766215,8.528436153,17.33333333,18.33333333,101.3333333,101,63.33333333,123.3333333
S001920,structural_proliferation,proliferation,3,0,99.33333333,100.3333333,1,14,34.40648763,35.12912363,0.7226360021,4.514767725,36,8.333333333,11.33333333,24,35.33333333,65
S001921,structural_proliferation,proliferation,3,0,78.33333333,90.33333333,12,8.888194417,18.005459,18.66072834,0.6552693473,1.78441251,32,10,43.33333333,69.33333333,50.66666667,39.66666667
S001922,structural_proliferation,proliferation,3,0,101.3333333,103.6666667,2.333333333,14.0118997,65.40992879,68.27458582,2.864657029,8.884261055,23.33333333,12.66666667,19,70,28,75.66666667
S001923,structural_proliferation,proliferation,3,0,63.33333333,99.66666667,36.33333333,18.87679351,31.28076495,41.479876,10.19911104,7.014013175,37.66666667,11.33333333,20,57.33333333,37.66666667,62
S001924,structural_proliferation,proliferation,3,0,71.66666667,79,7.333333333,7.505553499,28.89312432,29.22558785,0.3324635313,1.688062184,33.66666667,16.33333333,9,25,34.66666667,44.33333333
S001925,structural_proliferation,proliferation,3,0,82,91.66666667,9.666666667,3.214550254,27.39342191,27.55897564,0.1655537284,2.919829156,31.33333333,7,19.33333333,37.66666667,44,47.66666667
S001926,structural_proliferation,proliferation,3,0,108,136,28,5.291502622,29.08803718,36.88675185,7.798714673,1.672783607,36,14.33333333,42.66666667,50.66666667,72.33333333,63.66666667
S001927,structural_proliferation,proliferation,3,0,34.66666667,31.66666667,-3,1,8.82074632,8.438878688,-0.3818676326,1.331024643,27.33333333,9.333333333,6.666666667,11,11.66666667,20
S001928,structural_proliferation,proliferation,3,0,83.66666667,81.33333333,-2.333333333,20.7926269,30.0795932,28.76862272,-1.310970479,2.779065815,34.66666667,7.666666667,12,27.33333333,28.33333333,53
S001929,structural_proliferation,proliferation,3,0,82.33333333,87.66666667,5.333333333,13.57694124,38.21768006,41.77905977,3.56137971,2.80533108,18.66666667,7,8.333333333,19.66666667,34.66666667,53
S001930,structural_proliferation,proliferation,3,0,91.66666667,89.33333333,-2.333333333,8.020806277,44.51447757,40.86328985,-3.651187715,3.932394097,45.66666667,6.666666667,19,22.66666667,21.66666667,67.66666667
S001931,structural_proliferation,proliferation,3,0,53,58,5,8.185352772,27.60692506,27.1062873,-0.5006377548,2.031876201,38.33333333,9.666666667,20.33333333,46,23.66666667,34.33333333
S001932,structural_proliferation,proliferation,3,0,70,74.66666667,4.666666667,5.859465277,27.89221295,27.88518539,-0.007027564303,1.593831871,27.66666667,10.33333333,11,17.66666667,22.66666667,52
S001933,structural_proliferation,proliferation,3,0,72,95,23,6.244997998,34.03924909,41.65834728,7.619098189,2.541004176,38,12.33333333,14,26.66666667,23.66666667,71.33333333
S001934,structural_proliferation,proliferation,3,0,96.66666667,123.3333333,26.66666667,7.637626158,32.60646439,39.30692677,6.70046238,1.411784561,23.33333333,14.66666667,16.66666667,19,32.33333333,91
S001935,structural_proliferation,proliferation,3,0,67.66666667,92,24.33333333,31.81718613,44.07850001,51.96552396,7.887023949,15.05824929,37.66666667,8,24.66666667,19.66666667,30.33333333,61.66666667
S001936,structural_proliferation,proliferation,3,0,70.33333333,68.33333333,-2,6.244997998,35.69581893,35.37355801,-0.3222609224,3.359808011,36.66666667,6.333333333,12.33333333,29,28,40.33333333
S001937,structural_proliferation,proliferation,3,0,79.33333333,78.66666667,-0.6666666667,3.785938897,19.36411797,19.03107924,-0.3330387279,1.067412964,21.66666667,10,17.66666667,24,24.33333333,54.33333333
S001938,structural_proliferation,proliferation,3,0,66.33333333,72.33333333,6,2.645751311,17.5224237,16.7287139,-0.7937098063,0.5500236187,40,13.33333333,12.33333333,26.33333333,28.33333333,44
S001939,structural_proliferation,proliferation,3,0,45.66666667,54,8.333333333,6.658328118,23.2953078,28.48130815,5.186000348,3.068509642,35.66666667,11.66666667,9.333333333,16.33333333,14.66666667,39.33333333
S001940,structural_proliferation,proliferation,3,0,78.66666667,103.3333333,24.66666667,12.34233905,44.57881278,51.57466879,6.995856008,6.186332569,38.66666667,6,4.333333333,20.33333333,47,56.33333333
S001941,structural_proliferation,proliferation,3,0,46.33333333,75,28.66666667,16.77299417,23.60710094,36.65298949,13.04588856,9.943738545,26.33333333,7.333333333,28.33333333,36.66666667,21,54
S001942,structural_proliferation,proliferation,3,0,50,57.33333333,7.333333333,4.509249753,20.11655387,22.34243064,2.225876773,3.275618337,37,9,8.666666667,8.666666667,18.33333333,39
S001943,structural_proliferation,proliferation,3,0,69.33333333,79,9.666666667,19.65536398,39.20894596,43.59941888,4.390472923,14.65497887,34,8,4.333333333,14,26,53
S001944,structural_proliferation,proliferation,3,0,107.6666667,147.3333333,39.66666667,16.92138686,25.41284828,30.86162708,5.448778795,3.255329047,29.33333333,10,72.66666667,111,68.66666667,78.66666667
S001945,structural_proliferation,proliferation,3,0,117.3333333,128.3333333,11,19.92485885,26.13668881,28.10586942,1.969180608,2.885910886,43,5,15.33333333,27.33333333,49.33333333,79
S001946,structural_proliferation,proliferation,3,0,92,103,11,4,30.43251399,33.92292556,3.490411567,1.066467737,16.33333333,15,31.33333333,43.66666667,35.66666667,67.33333333
S001947,structural_proliferation,proliferation,3,0,99.33333333,128.3333333,29,17.52141547,39.95381838,49.13685827,9.183039884,6.366619257,33.33333333,16.66666667,34.33333333,27,30.33333333,98
S001948,structural_proliferation,proliferation,3,0,108.6666667,120,11.33333333,3.055050463,51.06341212,54.62398963,3.560577509,2.385104264,35,15.33333333,15,53,33.33333333,86.66666667
S001949,structural_proliferation,proliferation,3,0,106.6666667,118.3333333,11.66666667,7.767453465,53.65421882,62.30093782,8.646719004,7.623376092,31.33333333,14,24,28.66666667,43.33333333,75
S001950,structural_proliferation,proliferation,3,0,92,91,-1,5.196152423,22.38298948,21.32949498,-1.053494502,1.464192292,25,11.66666667,13.66666667,33,42.33333333,48.66666667
S001951,structural_proliferation,proliferation,3,0,89,128,39,9.848857802,29.55444989,37.09276398,7.538314084,2.114296722,47.66666667,8,48,27,55.33333333,72.66666667
S001952,structural_proliferation,proliferation,3,0,45,57.33333333,12.33333333,8.082903769,30.16074481,35.79576466,5.635019852,6.12618411,37,5.666666667,4.666666667,13.33333333,9.666666667,47.66666667
S001953,structural_proliferation,proliferation,3,0,87,97,10,11.53256259,21.59653081,23.03794327,1.441412454,2.480024674,36,11.66666667,7.666666667,31.66666667,34.33333333,62.66666667
S001954,structural_proliferation,proliferation,3,0,73.66666667,72,-1.666666667,3.785938897,22.61870423,22.93583826,0.3171340342,1.036078257,36.33333333,6.333333333,8.333333333,31.66666667,32.33333333,39.66666667
S001955,structural_proliferation,proliferation,3,0,85.66666667,85.33333333,-0.3333333333,9.712534856,16.71053971,16.69121724,-0.01932246641,2.849061617,38,14,30.66666667,64.66666667,40.66666667,44.66666667
S001956,structural_proliferation,proliferation,3,0,180,349,169,53.8423625,55.75749702,87.734725,31.97722799,21.78834862,43.66666667,5,222.3333333,240,224.3333333,124.6666667
S001957,structural_proliferation,proliferation,3,0,122.3333333,135,12.66666667,9.609023537,46.42057595,52.70832128,6.287745332,3.860578894,32.66666667,17,26.33333333,39.33333333,68.66666667,66.33333333
S001958,structural_proliferation,proliferation,3,0,95,85.66666667,-9.333333333,13.79613472,37.65219797,36.64675236,-1.005445606,4.209956739,36,10.66666667,22,20,30.33333333,55.33333333
S001959,structural_proliferation,proliferation,3,0,87,109.3333333,22.33333333,6.506407099,25.56590699,27.54211603,1.976209037,4.069522645,29,9.333333333,34.66666667,68.66666667,61.66666667,47.66666667
S001960,structural_proliferation,proliferation,3,0,63,72.33333333,9.333333333,18.82374387,36.17903758,39.56407595,3.385038371,9.763481936,43,11,18.33333333,27,24,48.33333333
S001961,structural_proliferation,proliferation,3,0,85.33333333,92.66666667,7.333333333,14.2243922,20.89199754,23.03954311,2.147545565,1.936854338,24,9.333333333,19.33333333,32.33333333,35.33333333,57.33333333
S001962,structural_proliferation,proliferation,3,0,96,105.6666667,9.666666667,13.57694124,17.12026596,18.12785999,1.007594026,1.728396742,38,13.33333333,20.33333333,27,54.33333333,51.33333333
S001963,structural_proliferation,proliferation,3,0,49.33333333,60.33333333,11,4.582575695,22.99748332,29.17533599,6.177852671,4.857117453,30.33333333,5.666666667,4.666666667,14.33333333,26,34.33333333
S001964,structural_proliferation,proliferation,3,0,41,47,6,4.358898944,17.08998122,16.82304842,-0.2669327972,3.70229458,29.66666667,9.333333333,5.333333333,10,19.66666667,27.33333333
S001965,structural_proliferation,proliferation,3,0,60.66666667,70.66666667,10,8.717797887,18.92225449,20.82028769,1.898033202,2.33679615,40,11.33333333,10,10.33333333,21,49.66666667
S001966,structural_proliferation,proliferation,3,0,68.33333333,70.66666667,2.333333333,7.094598885,26.56456505,25.98056118,-0.5840038741,2.661159089,24.66666667,12.33333333,16.33333333,41.33333333,35.66666667,35
S001967,structural_proliferation,proliferation,3,0,89.66666667,89.33333333,-0.3333333333,8.082903769,28.69118211,28.97169906,0.2805169469,4.0005813,29.33333333,19.33333333,13.33333333,25.33333333,37.66666667,51.66666667
S001968,structural_proliferation,proliferation,3,0,65.33333333,85.66666667,20.33333333,10.0166528,23.10755003,27.04504718,3.937497151,4.188716491,29.66666667,12,10.33333333,22.33333333,26,59.66666667
S001969,structural_proliferation,proliferation,3,0,58.33333333,60.33333333,2,3.464101615,23.62853983,21.89356894,-1.734970887,1.890654426,32.33333333,6,4.333333333,10,25,35.33333333
S001970,structural_proliferation,proliferation,3,0,110.6666667,142.3333333,31.66666667,8.736894948,44.5750486,52.43922718,7.864178588,6.689042861,20.33333333,16,28.66666667,79,82.33333333,60
S001971,structural_proliferation,proliferation,3,0,120.3333333,139.6666667,19.33333333,15.011107,21.54672277,22.92132969,1.374606919,5.598518191,25,16.66666667,17,16,83.33333333,56.33333333
S001972,structural_proliferation,proliferation,3,0,155.6666667,188,32.33333333,27.59226945,56.17580419,65.90034045,9.724536257,9.40103089,35.66666667,9.666666667,32.66666667,43,109,79
S001973,structural_proliferation,proliferation,3,0,53.33333333,102.6666667,49.33333333,30.08875759,15.99233046,25.22148123,9.229150776,4.588025433,35.66666667,9,35.33333333,43.33333333,42,60.66666667
S001974,structural_proliferation,proliferation,3,0,83,101,18,7.937253933,29.7697207,33.08427118,3.314550481,2.57832649,32.66666667,15.66666667,56.66666667,52.33333333,27,74
S001975,structural_proliferation,proliferation,3,0,83.33333333,115,31.66666667,22.14347157,44.29872274,57.10211037,12.80338763,5.029231593,45,8.333333333,28.66666667,32.33333333,33.66666667,81.33333333
S001976,structural_proliferation,proliferation,3,0,62.66666667,55,-7.666666667,10.5039675,20.1216675,19.40185524,-0.719812261,4.633485653,37.33333333,13.33333333,8.333333333,14,12,43
S001977,structural_proliferation,proliferation,3,0,87.33333333,119,31.66666667,34.53018004,51.57534558,65.83215948,14.25681389,19.28195473,32.33333333,15.66666667,39.33333333,73.66666667,24.33333333,94.66666667
S001978,structural_proliferation,proliferation,3,0,95,101.3333333,6.333333333,8.96288644,46.97354458,46.59402849,-0.3795160888,5.641470977,33,15.66666667,33.66666667,33,30.33333333,71
S001979,structural_proliferation,proliferation,3,0,73.33333333,85,11.66666667,9.451631253,34.60577898,40.16052729,5.554748316,6.060095235,39,10.66666667,8,33.66666667,26.66666667,58.33333333
S001980,structural_proliferation,proliferation,3,0,140.3333333,152.3333333,12,10.44030651,61.04166015,64.97978665,3.938126504,3.787745283,29.66666667,12.33333333,35.33333333,50,76.66666667,75.66666667
S001981,structural_proliferation,proliferation,3,0,100.6666667,123,22.33333333,10.21436896,23.54203728,26.70665302,3.164615741,0.8846582457,39,10,25,34,64,59
S001982,structural_proliferation,proliferation,3,0,76,91,15,4,27.79268293,30.94818169,3.155498766,3.337367358,27.33333333,21,25.33333333,44.33333333,47.33333333,43.66666667
S001983,structural_proliferation,proliferation,3,0,94.33333333,158.3333333,64,21.70253441,25.72093388,38.90249588,13.181562,3.754641381,36,9,15.66666667,28.33333333,49.66666667,108.6666667
S001984,structural_proliferation,proliferation,3,0,114,121.3333333,7.333333333,11.8462371,37.69074894,36.85434309,-0.8364058589,4.186166947,36,13.66666667,17.33333333,47,47.66666667,73.66666667
S001985,structural_proliferation,proliferation,3,0,125.6666667,149.6666667,24,17.08800749,40.44917353,45.66551726,5.21634373,3.211724459,34.33333333,16,38.33333333,46.33333333,50.33333333,99.33333333
S001986,structural_proliferation,proliferation,3,0,72.66666667,84,11.33333333,6.658328118,31.11612802,32.50528824,1.389160225,5.223118595,24.66666667,17,33,21,43.66666667,40.33333333
S001987,structural_proliferation,proliferation,3,0,115.3333333,154,38.66666667,39.27255191,27.99346033,36.32430749,8.330847151,7.826459111,36,11,30.33333333,49,85.33333333,68.66666667
S001988,structural_proliferation,proliferation,3,0,136,277.6666667,141.6666667,7.234178138,33.47385662,56.94053532,23.4666787,3.264043971,41.33333333,9.333333333,105.3333333,131.6666667,131.6666667,146
S001989,structural_proliferation,proliferation,3,0,120.6666667,128.6666667,8,21.07130751,32.41293454,33.12636909,0.7134345492,5.039722516,39.66666667,11.33333333,30,36.33333333,51.66666667,77
S001990,structural_proliferation,proliferation,3,0,63.33333333,69.33333333,6,5,22.90623522,25.48921005,2.582974826,1.705419371,37,8,12.33333333,19.66666667,23,46.33333333
S001991,structural_proliferation,proliferation,3,0,54.66666667,70,15.33333333,8.96288644,22.30095489,25.18728505,2.886330154,2.913511884,40.66666667,10.66666667,22.66666667,38,26.33333333,43.66666667
S001992,structural_proliferation,proliferation,3,0,95.33333333,129.6666667,34.33333333,20.25668614,46.90105158,61.51629255,14.61524096,8.870905078,26.33333333,9.666666667,30.33333333,50.33333333,59.33333333,70.33333333
S001993,structural_proliferation,proliferation,3,0,124.3333333,154.3333333,30,21.70253441,38.06765257,44.83116954,6.763516968,13.11268727,35.33333333,11.66666667,48.66666667,53,97,57.33333333
S001994,structural_proliferation,proliferation,3,0,54,62.66666667,8.666666667,5.033222957,24.42507462,28.07944468,3.654370064,2.727100212,33,9,5.666666667,8.666666667,18,44.66666667
S001995,structural_proliferation,proliferation,3,0,68.66666667,78.66666667,10,3.464101615,17.31658874,19.00775918,1.691170439,0.895044207,45.66666667,8.666666667,10.66666667,21,34.33333333,44.33333333
S001996,structural_proliferation,proliferation,3,0,70.66666667,87.33333333,16.66666667,3.785938897,19.1043162,20.85086127,1.746545066,1.250372913,45.66666667,8.333333333,15,36.33333333,44.33333333,43
S001997,structural_proliferation,proliferation,3,0,88.66666667,106,17.33333333,14.0118997,18.89656722,24.1482559,5.251688674,4.146158923,37.33333333,10.33333333,20.66666667,73.33333333,40.33333333,65.66666667
S001998,structural_proliferation,proliferation,3,0,40,47.33333333,7.333333333,6.806859286,15.96356272,14.29082783,-1.672734895,1.348134884,34,8.333333333,5.333333333,15.33333333,20.66666667,26.66666667
S001999,structural_proliferation,proliferation,3,0,64,73.33333333,9.333333333,5.507570547,34.58735809,37.78895385,3.20159576,1.389319207,31,7.666666667,7.333333333,16,13.66666667,59.66666667
S002000,structural_proliferation,proliferation,3,0,58.66666667,59,0.3333333333,21.45538006,22.17328977,22.11435297,-0.05893679835,9.270305838,38.33333333,6.333333333,6,22,19.66666667,39.33333333
S002001,structural_proliferation,proliferation,3,0,104,119.3333333,15.33333333,23.43786111,41.43986487,47.70554165,6.265676775,6.799564422,21.66666667,16,20.33333333,36.33333333,41,78.33333333
S002002,structural_proliferation,proliferation,3,0,48,59.66666667,11.66666667,5.507570547,33.76958511,36.9597813,3.190196185,4.154662437,37.33333333,6.333333333,6.333333333,14,16.33333333,43.33333333
S002003,structural_proliferation,proliferation,3,0,65,80.66666667,15.66666667,6.506407099,23.51193013,27.78375885,4.271828721,6.050685725,39,5.333333333,8.666666667,15.66666667,35.33333333,45.33333333
S002004,structural_proliferation,proliferation,3,0,70.33333333,87,16.66666667,1.527525232,27.00804131,31.60403514,4.595993835,2.372055466,44.33333333,8.333333333,54.33333333,62.66666667,27.66666667,59.33333333
S002005,structural_proliferation,proliferation,3,0,92.66666667,98.66666667,6,8.888194417,26.71116856,27.86249865,1.151330089,2.260002712,45.33333333,8.666666667,9,19.66666667,22.33333333,76.33333333
S002006,structural_proliferation,proliferation,3,0,129,128,-1,9.539392014,56.63553816,54.0992426,-2.536295562,3.438649479,34.66666667,6.333333333,22,35.66666667,55.66666667,72.33333333
S002007,structural_proliferation,proliferation,3,0,50.66666667,53.33333333,2.666666667,1.527525232,20.73375734,22.96541796,2.231660617,1.237584806,36,6.666666667,6,9,14.66666667,38.66666667
S002008,structural_proliferation,proliferation,3,0,145.3333333,236.6666667,91.33333333,23.45918441,24.7166069,36.07561634,11.35900944,0.8755012319,30,11.33333333,72.33333333,83.33333333,148,88.66666667
S002009,structural_proliferation,proliferation,3,0,83.66666667,115,31.33333333,34.53018004,44.10022322,57.34198539,13.24176217,17.34082049,29,9.666666667,7.666666667,15.33333333,39.33333333,75.66666667
S002010,structural_proliferation,proliferation,3,0,143.6666667,195.3333333,51.66666667,19.08751774,76.79750239,92.65103426,15.85353188,6.573813227,30.66666667,17.66666667,62.33333333,73.66666667,84.33333333,111
S002011,structural_proliferation,proliferation,3,0,43.66666667,53.66666667,10,11.13552873,10.96719893,13.12000495,2.152806017,1.758484044,28,7.333333333,3.666666667,8.666666667,21,32.66666667
S002012,structural_proliferation,proliferation,3,0,95,126.6666667,31.66666667,5.033222957,52.62822967,65.02194413,12.39371445,5.542314346,34.33333333,8,17,39.33333333,36,90.66666667
S002013,structural_proliferation,proliferation,3,0,44.66666667,51.66666667,7,11.53256259,29.35560262,32.3673995,3.011796873,5.435687343,33.33333333,7.333333333,6.333333333,6.666666667,11.66666667,40
S002014,structural_proliferation,proliferation,3,0,89.66666667,86,-3.666666667,8.082903769,58.43504497,54.62033202,-3.814712948,5.167541699,34.66666667,8.333333333,10.33333333,17.66666667,20.66666667,65.33333333
S002015,structural_proliferation,proliferation,3,0,35.66666667,39,3.333333333,1.527525232,17.96836844,20.53201915,2.563650712,0.4842022743,37,8,7.333333333,8.333333333,7,32
S002016,structural_proliferation,proliferation,3,0,67.66666667,86.33333333,18.66666667,11.06044002,20.00994163,24.04938042,4.0394388,1.376640197,30.33333333,8.333333333,15.33333333,30.33333333,45.66666667,40.66666667
S002017,structural_proliferation,proliferation,3,0,91.33333333,92.33333333,1,5.291502622,47.52951501,49.29516078,1.765645771,4.439465091,37.66666667,5.333333333,22,20.33333333,28.33333333,64
S002018,structural_proliferation,proliferation,3,0,60.33333333,59.33333333,-1,5.567764363,23.88957085,23.25520901,-0.6343618451,2.946325135,25.66666667,15.66666667,12.33333333,36.66666667,23,36.33333333
S002019,structural_proliferation,proliferation,3,0,82.33333333,87,4.666666667,5.859465277,46.91846976,49.95192169,3.033451927,2.851364621,30,19.33333333,19.33333333,30.66666667,23.33333333,63.66666667
S002020,structural_proliferation,proliferation,3,0,81.33333333,102,20.66666667,11.67618659,54.01305329,65.90962984,11.89657655,10.75529299,40.33333333,12,25.33333333,37.33333333,27.66666667,74.33333333
S002021,structural_proliferation,proliferation,3,0,73.66666667,88,14.33333333,8.504900548,24.61479352,27.29927299,2.68447947,1.069205042,42,6.666666667,10.33333333,24.33333333,28.66666667,59.33333333
S002022,structural_proliferation,proliferation,3,0,66.66666667,80.33333333,13.66666667,4.041451884,27.78560121,32.60271768,4.817116468,4.383101707,31.33333333,10,17.33333333,16,26.33333333,54
S002023,structural_proliferation,proliferation,3,0,149.6666667,146.3333333,-3.333333333,10.40833,57.81728091,56.2109119,-1.606369002,5.185324069,31.33333333,4.666666667,31.33333333,28,40.33333333,106
S002024,structural_proliferation,proliferation,3,0,33.33333333,50.66666667,17.33333333,10.69267662,17.33196357,21.51974385,4.187780277,4.747437941,37.66666667,10.33333333,16,35,22.66666667,28
S002025,structural_proliferation,proliferation,3,0,112.3333333,128,15.66666667,14.29452109,56.7390937,63.33041228,6.591318578,3.542939956,21.33333333,11.66666667,27.66666667,28.33333333,44.66666667,83.33333333
S002026,structural_proliferation,proliferation,3,0,134.6666667,200.6666667,66,29.71531592,59.30666985,85.76910668,26.46243683,9.011808824,42.33333333,13,64.33333333,150,93,107.6666667
S002027,structural_proliferation,proliferation,3,0,53,53,0,6.08276253,31.26656964,32.44216146,1.17559182,4.741706178,36.33333333,7.333333333,2.333333333,18,8.333333333,44.66666667
S002028,structural_proliferation,proliferation,3,0,42.33333333,51.66666667,9.333333333,4.163331999,21.09255485,21.10767849,0.01512364021,2.398192992,41.33333333,11.66666667,10.33333333,15.66666667,27.66666667,24
S002029,structural_proliferation,proliferation,3,0,84,99.66666667,15.66666667,0.5773502692,50.41610302,54.04768904,3.631586025,2.513473672,45,11.33333333,17,19.66666667,36.66666667,63
S002030,structural_proliferation,proliferation,3,0,58,57.66666667,-0.3333333333,2.516611478,37.76392379,36.49769067,-1.266233116,2.372542449,47,8.333333333,14.66666667,19.66666667,10,47.66666667
S002031,structural_proliferation,proliferation,3,0,60,65.66666667,5.666666667,7.505553499,10.94254429,11.37276854,0.4302242547,0.993003047,29.66666667,11.66666667,15,27,34,31.66666667
S002032,structural_proliferation,proliferation,3,0,59,76.33333333,17.33333333,22.23360819,18.01814252,27.32859394,9.31045142,13.49261818,37,6,9,16.33333333,35.66666667,40.66666667
S002033,structural_proliferation,proliferation,3,0,82,84.66666667,2.666666667,7.571877794,44.34072953,44.07775601,-0.2629735122,3.867855591,43.66666667,8,7,18.66666667,27,57.66666667
S002034,structural_proliferation,proliferation,3,0,78.33333333,83.66666667,5.333333333,12.22020185,31.67648689,32.42528725,0.7488003626,3.72289906,49.33333333,5.333333333,15.33333333,12.66666667,26,57.66666667
S002035,structural_proliferation,proliferation,3,0,95,114,19,10.53565375,58.19752497,67.47004,9.272515031,8.743262313,24.66666667,5.666666667,14.66666667,44,37.33333333,76.66666667
S002036,structural_proliferation,proliferation,3,0,64.33333333,76.33333333,12,19.28730152,50.09390989,54.04198142,3.948071532,10.30035036,24.66666667,8,12,15,14.66666667,61.66666667
S002037,structural_proliferation,proliferation,3,0,48,81.66666667,33.66666667,19.34769581,10.38029307,14.9025558,4.522262736,3.117688331,40.33333333,11.33333333,21.33333333,36,42.66666667,39
S002038,structural_proliferation,proliferation,3,0,74.66666667,79.66666667,5,19.46792233,19.50400361,19.71017771,0.2061740998,2.117729939,35.33333333,5,12.33333333,32,44.33333333,35.33333333
S002039,structural_proliferation,proliferation,3,0,68.33333333,95.33333333,27,19.07878403,32.86835961,39.54387938,6.675519773,7.632527895,26,11.66666667,12.33333333,20,39.33333333,56
S002040,structural_proliferation,proliferation,3,0,87,97.33333333,10.33333333,9.291573243,31.33612383,34.8535105,3.517386672,3.076125914,28,13.33333333,16.66666667,40,33.33333333,64
S002041,structural_proliferation,proliferation,3,0,44.33333333,55,10.66666667,14.36430762,14.01706628,17.18966238,3.172596098,1.000685865,33.33333333,7.666666667,18,41,21.66666667,33.33333333
S002042,structural_proliferation,proliferation,3,0,33,49.33333333,16.33333333,6.110100927,21.46489158,29.85356539,8.38867381,2.292730561,42.66666667,12.66666667,12.33333333,16.33333333,12.66666667,36.66666667
S002043,structural_proliferation,proliferation,3,0,66.33333333,62.66666667,-3.666666667,5.773502692,30.79664397,28.60681355,-2.189830415,2.524290246,46,8.333333333,9,14,14.33333333,48.33333333
S002044,structural_proliferation,proliferation,3,0,90.33333333,111.6666667,21.33333333,24.78574859,34.04481949,34.83084443,0.786024946,5.39954856,31.33333333,15.33333333,21,43,55.66666667,56
S002045,structural_proliferation,proliferation,3,0,68,86.33333333,18.33333333,27.00617213,19.54148114,23.68728082,4.14579968,8.12817585,36.33333333,14.66666667,12.66666667,25.66666667,26.33333333,60
S002046,structural_proliferation,proliferation,3,0,142.6666667,169.6666667,27,6.244997998,93.97828476,102.0583564,8.080071606,9.118818233,25.66666667,10.66666667,14.66666667,39,56.66666667,113
S002047,structural_proliferation,proliferation,3,0,56.33333333,60.66666667,4.333333333,4.163331999,16.25414249,16.96116462,0.707022134,0.3593604466,38.66666667,10.66666667,11,35.66666667,24,36.66666667
S002048,structural_proliferation,proliferation,3,0,88.33333333,139,50.66666667,2.516611478,40.15067455,53.28783055,13.137156,5.997395072,50.66666667,4.666666667,65.33333333,75.33333333,65,74
S002049,structural_proliferation,proliferation,3,0,75.66666667,92.33333333,16.66666667,1.527525232,27.83461677,33.16958052,5.334963747,3.034586902,30.66666667,10.33333333,20.33333333,33.33333333,23.33333333,69
S002050,structural_proliferation,proliferation,3,0,123.3333333,141,17.66666667,4.932882862,29.48708081,32.16200245,2.674921635,3.351918756,30.66666667,13,17,32.33333333,77.33333333,63.66666667
S002051,structural_proliferation,proliferation,3,0,107.3333333,195.3333333,88,41.58124577,43.04550713,62.24853198,19.20302485,11.34812372,29.33333333,18.33333333,89,105.3333333,119.6666667,75.66666667
S002052,structural_proliferation,proliferation,3,0,90,92.33333333,2.333333333,3.785938897,54.39545173,56.28553191,1.890080181,1.649954535,33.33333333,8.666666667,6.333333333,10.33333333,17,75.33333333
S002053,structural_proliferation,proliferation,3,0,64,61.66666667,-2.333333333,9.073771726,32.51078299,31.6494039,-0.8613790883,6.279581331,37.33333333,13,10,25,22,39.66666667
S002054,structural_proliferation,proliferation,3,0,70,79,9,5.196152423,34.34296613,38.1448479,3.801881774,2.169117893,35.33333333,10,6,24,21.33333333,57.66666667
S002055,structural_proliferation,proliferation,3,0,44.66666667,64.66666667,20,24.06241883,12.58829053,13.95733111,1.369040583,2.38464932,39,8.666666667,13.33333333,15.33333333,31.33333333,33.33333333
S002056,structural_proliferation,proliferation,3,0,47,46,-1,4.582575695,25.92179512,25.03357784,-0.88821728,1.69295036,47,5.333333333,4.333333333,8,8.666666667,37.33333333
S002057,structural_proliferation,proliferation,3,0,56.33333333,59.33333333,3,7,20.68585385,20.84587981,0.1600259643,2.152170856,26.66666667,8.666666667,3,10.33333333,32,27.33333333
S002058,structural_proliferation,proliferation,3,0,74.66666667,73,-1.666666667,7.637626158,22.6371359,21.4206029,-1.216532996,2.059447981,28.66666667,14,8.666666667,16.33333333,18.33333333,54.66666667
S002059,structural_proliferation,proliferation,3,0,140.3333333,140,-0.3333333333,5.773502692,75.85205422,77.26754189,1.415487669,1.962359987,29,16.33333333,23.66666667,75,44.66666667,95.33333333
S002060,structural_proliferation,proliferation,3,0,58.33333333,62.33333333,4,3.605551275,21.43396402,24.21327066,2.779306638,3.033765791,37,9.666666667,6,26,11.33333333,51
S002061,structural_proliferation,proliferation,3,0,68.66666667,75.66666667,7,15.09966887,20.10949565,21.36843924,1.258943599,3.27112527,42,12.33333333,22,24.66666667,39.33333333,36.33333333
S002062,structural_proliferation,proliferation,3,0,60.66666667,75.66666667,15,11.53256259,23.83310354,28.30756761,4.474464071,2.845140747,29.33333333,11.66666667,11.66666667,43,29.33333333,46.33333333
S002063,structural_proliferation,proliferation,3,0,91.66666667,109,17.33333333,16.07275127,32.91601553,39.85873907,6.942723548,6.281936231,24.33333333,8.333333333,11.33333333,31.66666667,59,50
S002064,structural_proliferation,proliferation,3,0,122.3333333,154.3333333,32,12.28820573,51.30932976,62.31087694,11.00154718,3.413393464,22,11,31.66666667,48,46.66666667,107.6666667
S002065,structural_proliferation,proliferation,3,0,150.3333333,155,4.666666667,15.69500982,27.24811825,27.7782217,0.5301034474,3.236585482,27.66666667,8.333333333,12.66666667,28.33333333,83,72
S002066,structural_proliferation,proliferation,3,0,65.33333333,62,-3.333333333,16.28905563,31.49008031,28.86798884,-2.62209147,0.3919803257,32.33333333,20.66666667,7.666666667,13,28.33333333,33.66666667
S002067,structural_proliferation,proliferation,3,0,77.33333333,100,22.66666667,13.57694124,26.43474642,36.02176428,9.587017854,4.879978633,34.33333333,15,41.66666667,57.66666667,53.66666667,46.33333333
S002068,structural_proliferation,proliferation,3,0,57.66666667,63,5.333333333,5.507570547,33.19708653,32.66511538,-0.5319711548,4.812892516,25.66666667,3.666666667,3.666666667,11,19.66666667,43.33333333
S002069,structural_proliferation,proliferation,3,0,95.66666667,103,7.333333333,39.17056718,63.21853298,64.50532226,1.286789277,18.76092769,27.33333333,11,23,38.66666667,26.33333333,76.66666667
S002070,structural_proliferation,proliferation,3,0,148,144.6666667,-3.333333333,7.637626158,38.38375239,37.48548845,-0.8982639425,3.002943578,25.66666667,11,38,53.66666667,46.33333333,98.33333333
S002071,structural_proliferation,proliferation,3,0,59.66666667,78,18.33333333,11.15048579,21.29588282,25.3739246,4.078041778,6.51795095,39.66666667,10,27.66666667,58,45.66666667,32.33333333
S002072,structural_proliferation,proliferation,3,0,122.6666667,155,32.33333333,28.74601422,53.39363293,64.45612476,11.06249184,9.192881323,32.66666667,12.33333333,35.33333333,108.3333333,54.66666667,100.3333333
S002073,structural_proliferation,proliferation,3,0,165.3333333,223.6666667,58.33333333,7.371114796,74.53833193,90.62444791,16.08611598,4.361385874,34,15,61.33333333,69.66666667,118.3333333,105.3333333
S002074,structural_proliferation,proliferation,3,0,52.33333333,68.66666667,16.33333333,13.86842938,27.59721117,34.00798562,6.410774454,2.839335188,30.33333333,18.66666667,15.33333333,31.33333333,22.66666667,46
S002075,structural_proliferation,proliferation,3,0,49.33333333,62.66666667,13.33333333,5.686240703,22.15500242,26.9396784,4.784675986,2.427984026,48,8.333333333,11.66666667,28.33333333,24,38.66666667
S002076,structural_proliferation,proliferation,3,0,94,125,31,6.08276253,53.12231755,65.12130811,11.99899057,3.30396204,30.33333333,15.33333333,38,54,44,81
S002077,structural_proliferation,proliferation,3,0,44.33333333,45.33333333,1,3.605551275,20.61089973,20.62401022,0.01311049327,1.158796437,48.33333333,7.666666667,9,9,8.666666667,36.66666667
S002078,structural_proliferation,proliferation,3,0,75.66666667,78.33333333,2.666666667,5.507570547,34.25309433,35.44075772,1.187663398,5.141346281,37,7.666666667,14.33333333,21,12.66666667,65.66666667
S002079,structural_proliferation,proliferation,3,0,78,96.33333333,18.33333333,8.504900548,22.39986851,23.43230009,1.032431582,3.938555374,37.66666667,11,33,63,37.66666667,58.66666667
S002080,structural_proliferation,proliferation,3,0,62,88.33333333,26.33333333,14.46835628,20.70406569,29.95839965,9.254333962,4.078161613,33.66666667,10.66666667,49.66666667,43,42.33333333,46
S002081,structural_proliferation,proliferation,3,0,55.66666667,77.33333333,21.66666667,3.785938897,17.71451502,22.78545545,5.070940436,2.296769652,26.66666667,6.666666667,33.66666667,52.66666667,28.33333333,49
S002082,structural_proliferation,proliferation,3,0,120,131,11,11.26942767,54.1185906,60.26490023,6.146309622,3.385996606,40,14,26.33333333,86,43.66666667,87.33333333
S002083,structural_proliferation,proliferation,3,0,81.66666667,109,27.33333333,8.144527815,31.3494566,39.06708198,7.717625388,4.19469464,34.66666667,8,27,47.33333333,25.66666667,83.33333333
S002084,structural_proliferation,proliferation,3,0,65.66666667,70,4.333333333,10.40833,33.71740318,33.3609264,-0.356476784,2.046426414,37,10,7.666666667,12.66666667,20,50
S002085,structural_proliferation,proliferation,3,0,49.66666667,50.33333333,0.6666666667,1.154700538,14.71625631,15.09019619,0.3739398715,1.460824145,34.33333333,12,12.33333333,27,16.66666667,33.66666667
S002086,structural_proliferation,proliferation,3,0,127,208,81,26.05762844,28.01414798,41.45391561,13.43976763,4.178798682,35,15.66666667,82.33333333,69,118.6666667,89.33333333
S002087,structural_proliferation,proliferation,3,0,113.3333333,131.6666667,18.33333333,13.31665624,53.79096257,59.35450917,5.563546599,5.083878129,28.33333333,14,17.33333333,39.33333333,58.33333333,73.33333333
S002088,structural_proliferation,proliferation,3,0,86,85.66666667,-0.3333333333,5.773502692,31.08703224,31.29199897,0.2049667278,3.527225464,36.33333333,4,20.66666667,19.66666667,23,62.66666667
S002089,structural_proliferation,proliferation,3,0,163,270.3333333,107.3333333,47.07794954,67.17197864,98.93290144,31.76092281,14.66983572,28.33333333,14,214.3333333,208.3333333,126,144.3333333
S002090,structural_proliferation,proliferation,3,0,80.33333333,100,19.66666667,23.02896727,36.17131207,41.10628003,4.934967962,3.377622002,21,11.33333333,15.66666667,27.66666667,50,50
S002091,structural_proliferation,proliferation,3,0,53.33333333,52,-1.333333333,3.785938897,23.67189494,23.47711026,-0.1947846769,0.690065573,41,11.33333333,8.666666667,10,8.333333333,43.66666667
S002092,structural_proliferation,proliferation,3,0,40.33333333,61,20.66666667,16.19670748,26.02721187,32.0683543,6.041142433,3.311007556,40,10.66666667,25,21,21.33333333,39.66666667
S002093,structural_proliferation,proliferation,3,0,105,153,48,27.22131518,56.37398707,74.97334153,18.59935446,15.25838358,39.33333333,8.666666667,33.33333333,28.66666667,44.33333333,108.6666667
S002094,structural_proliferation,proliferation,3,0,73.66666667,84.66666667,11,2,30.65934602,29.60461528,-1.054730744,1.993265613,41.33333333,12,31,43.66666667,45.33333333,39.33333333
S002095,structural_proliferation,proliferation,3,0,207.3333333,286.3333333,79,9.16515139,83.01323823,106.8822222,23.86898397,10.42496305,23,17.66666667,66.66666667,87,119.3333333,167
S002096,structural_proliferation,proliferation,3,0,118,132,14,9.539392014,28.05404757,30.18961706,2.135569493,2.666977125,37.33333333,14,36,47.66666667,75.33333333,56.66666667
S002097,structural_proliferation,proliferation,3,0,71.66666667,94.66666667,23,13.07669683,33.33117064,34.85556566,1.524395018,7.226740659,28.66666667,20.66666667,16.66666667,58.66666667,43,51.66666667
S002098,structural_proliferation,proliferation,3,0,60.33333333,63.66666667,3.333333333,3.055050463,33.06933389,33.17531111,0.1059772252,2.099412681,27,13.66666667,8,26,15.66666667,48
S002099,structural_proliferation,proliferation,3,0,123.6666667,121.6666667,-2,21,58.46517419,58.36140672,-0.1037674771,8.541633876,38.66666667,10.66666667,27.33333333,29.66666667,35,86.66666667
S002100,structural_maturation,maturation,3,0,65.66666667,70.33333333,4.666666667,19.21804707,18.96036036,20.5985854,1.638225039,4.370137445,36.33333333,5.333333333,14,16.66666667,19.66666667,50.66666667
S002101,structural_maturation,maturation,3,0,104.3333333,112.3333333,8,9.539392014,32.1304814,33.82108653,1.690605126,3.508814328,38.33333333,12,38.66666667,70.33333333,50.66666667,61.66666667
S002102,structural_maturation,maturation,3,0,96.33333333,106.3333333,10,8.185352772,62.81293888,69.81067718,6.997738298,4.182462722,29,16.33333333,16.66666667,23.66666667,23.33333333,83
S002103,structural_maturation,maturation,3,0,52,59,7,2,26.44113461,27.90850281,1.467368197,0.7702318265,36.66666667,13.33333333,16,25.33333333,25.33333333,33.66666667
S002104,structural_maturation,maturation,3,0,84.66666667,98,13.33333333,12.05542755,29.52292691,32.55918607,3.036259159,6.369354188,37,11.33333333,8.333333333,31,36.33333333,61.66666667
S002105,structural_maturation,maturation,3,0,67.66666667,65,-2.666666667,2.081665999,32.11876044,29.8794692,-2.239291233,1.084135565,47,10,13.66666667,17.66666667,28.66666667,36.33333333
S002106,structural_maturation,maturation,3,0,141.6666667,169.6666667,28,6.557438524,62.21088829,73.69783119,11.4869429,1.85304386,29.66666667,14,38.66666667,33,77,92.66666667
S002107,structural_maturation,maturation,3,0,76,86.66666667,10.66666667,6.806859286,45.37572382,53.52166611,8.145942287,3.642641539,25.66666667,10.33333333,12.33333333,17.33333333,26,60.66666667
S002108,structural_maturation,maturation,3,0,82.66666667,88.66666667,6,10.14889157,30.61987763,34.9268766,4.306998979,2.784920241,42,6.666666667,11.33333333,15.33333333,35.66666667,53
S002109,structural_maturation,maturation,3,0,40.66666667,44,3.333333333,2.516611478,14.4707818,15.75971615,1.288934347,0.1324893278,45.33333333,6,5.666666667,15,16.66666667,27.33333333
S002110,structural_maturation,maturation,3,0,35.66666667,37,1.333333333,2.886751346,10.76382388,11.55384714,0.7900232628,0.3822560254,24.66666667,12.66666667,10,14.66666667,4.333333333,32.66666667
S002111,structural_maturation,maturation,3,0,162.3333333,170.3333333,8,7.211102551,62.03795625,63.77193584,1.733979589,2.577944011,23.66666667,11.33333333,17.33333333,33.33333333,81.33333333,89
S002112,structural_maturation,maturation,3,0,63,66.33333333,3.333333333,10.78579312,20.6081612,20.93994072,0.331779523,2.783124223,50.66666667,5.666666667,7,12.33333333,25,41.33333333
S002113,structural_maturation,maturation,3,0,89,104.3333333,15.33333333,3.785938897,23.67008605,26.77020101,3.100114962,1.155987538,34,15.66666667,22.33333333,39.33333333,39,65.33333333
S002114,structural_maturation,maturation,3,0,61,69,8,1.732050808,22.10739678,22.39123128,0.2838345067,0.362699519,41.33333333,13.33333333,6.666666667,11.66666667,33.33333333,35.66666667
S002115,structural_maturation,maturation,3,0,95.66666667,98.66666667,3,6.244997998,55.81582969,55.67668402,-0.1391456708,3.461219691,38,8.666666667,17.66666667,34,35,63.66666667
S002116,structural_maturation,maturation,3,0,86,97.33333333,11.33333333,9.504384953,46.73972675,52.54675565,5.807028894,5.542350037,29,10,8.666666667,32.66666667,39.66666667,57.66666667
S002117,structural_maturation,maturation,3,0,71.33333333,75,3.666666667,8.736894948,33.31044035,33.58242484,0.271984498,3.016679503,33.66666667,15,12.33333333,10,28,47
S002118,structural_maturation,maturation,3,0,70.33333333,75,4.666666667,4.041451884,39.75689081,41.69922304,1.942332235,2.346040182,45.66666667,8.666666667,20,23.33333333,24.33333333,50.66666667
S002119,structural_maturation,maturation,3,0,95.66666667,97.66666667,2,7.937253933,32.15588671,34.47087314,2.314986426,3.378495575,52.33333333,6,8.666666667,12.66666667,42,55.66666667
S002120,structural_maturation,maturation,3,0,53,63.33333333,10.33333333,10.21436896,32.46165533,35.74444281,3.282787487,5.235090886,36,12.33333333,12.66666667,17,13.66666667,49.66666667
S002121,structural_maturation,maturation,3,0,80.66666667,94,13.33333333,4.509249753,46.93951231,52.42740248,5.48789017,0.9391893876,36,14.66666667,18,29.33333333,23,71
S002122,structural_maturation,maturation,3,0,101.3333333,113,11.66666667,10.59874206,46.06687364,50.65143955,4.58456591,4.15838674,35,14,17.66666667,27,27.66666667,85.33333333
S002123,structural_maturation,maturation,3,0,87.66666667,88.33333333,0.6666666667,19.55334583,42.48363979,42.65648609,0.1728462998,5.55184262,28.66666667,16.33333333,20,27.33333333,38,50.33333333
S002124,structural_maturation,maturation,3,0,98.66666667,110.6666667,12,6.557438524,30.66351789,31.34535987,0.6818419858,0.6861169734,25.66666667,7,9,25.66666667,57.66666667,53
S002125,structural_maturation,maturation,3,0,62.33333333,66.33333333,4,4.582575695,21.88992574,22.60180228,0.7118765407,1.063859997,46.33333333,8.666666667,5,14.33333333,23,43.33333333
S002126,structural_maturation,maturation,3,0,101.3333333,114.3333333,13,6.08276253,28.83545388,31.46061632,2.625162432,0.623606429,40.66666667,10,25.66666667,31.33333333,58.33333333,56
S002127,structural_maturation,maturation,3,0,59.66666667,62.66666667,3,2.645751311,18.97002397,18.8581623,-0.1118616749,1.047239879,32,8.666666667,11.66666667,6.333333333,22.33333333,40.33333333
S002128,structural_maturation,maturation,3,0,63.33333333,65,1.666666667,2.516611478,24.44440577,25.75009075,1.305684971,0.4670852363,34,14,16,14.33333333,13.33333333,51.66666667
S002129,structural_maturation,maturation,3,0,68.66666667,68.66666667,0,6.244997998,38.90435005,38.20403455,-0.7003154945,3.905425791,46,8,1.666666667,11.33333333,24.33333333,44.33333333
S002130,structural_maturation,maturation,3,0,60.66666667,70.33333333,9.666666667,8.96288644,27.40381512,31.23583775,3.832022629,4.594559252,43,7,10.66666667,11.66666667,18.33333333,52
S002131,structural_maturation,maturation,3,0,73.33333333,78,4.666666667,2.309401077,31.92187925,33.85072385,1.928844602,1.16841734,31,17,17,42.66666667,24.66666667,53.33333333
S002132,structural_maturation,maturation,3,0,49,67.33333333,18.33333333,8.504900548,23.90117617,29.2592943,5.358118133,1.645944452,43,13,9.333333333,11.33333333,25.66666667,41.66666667
S002133,structural_maturation,maturation,3,0,158.3333333,173.6666667,15.33333333,10.96965511,59.58594516,64.14113662,4.555191457,5.319369851,23.66666667,18,29.33333333,37.66666667,89.66666667,84
S002134,structural_maturation,maturation,3,0,54.33333333,56.66666667,2.333333333,4.163331999,35.61914072,37.55550041,1.936359688,1.833750373,41.33333333,8.333333333,6,7.666666667,10.33333333,46.33333333
S002135,structural_maturation,maturation,3,0,35.66666667,43.66666667,8,2,13.0640175,15.91479406,2.850776555,2.284247353,43.66666667,6,3,12,11.33333333,32.33333333
S002136,structural_maturation,maturation,3,0,97.66666667,104,6.333333333,17.61628035,24.98668952,26.69668417,1.709994655,2.533170236,38,8.333333333,19.33333333,28,51,53
S002137,structural_maturation,maturation,3,0,77.33333333,75.66666667,-1.666666667,2.309401077,40.38369717,38.47018997,-1.913507207,1.948003089,20.66666667,10.33333333,14.33333333,10.33333333,32.66666667,43
S002138,structural_maturation,maturation,3,0,108,122.6666667,14.66666667,14.571662,53.2803147,59.33330132,6.052986613,4.059911937,41,4.666666667,11.33333333,9,27.33333333,95.33333333
S002139,structural_maturation,maturation,3,0,56,66,10,3.605551275,28.56401819,32.96845052,4.404432339,2.692122228,50,8.333333333,7.333333333,12,21,45
S002140,structural_maturation,maturation,3,0,57.66666667,58.66666667,1,4.358898944,16.13976324,16.52002501,0.3802617701,0.6264815992,43.33333333,6.333333333,7,15.66666667,11.33333333,47.33333333
S002141,structural_maturation,maturation,3,0,118.6666667,131,12.33333333,9.865765725,54.70006608,60.05693933,5.356873257,4.304069338,28.66666667,16.66666667,53.66666667,40.66666667,32.66666667,98.33333333
S002142,structural_maturation,maturation,3,0,78.33333333,85,6.666666667,1.154700538,16.96476521,17.21648873,0.2517235217,1.123237349,35,9,23.66666667,43,37,48
S002143,structural_maturation,maturation,3,0,76,89.33333333,13.33333333,4.163331999,24.4453211,27.92225095,3.476929852,2.776267494,32,14,17.66666667,32,44.66666667,44.66666667
S002144,structural_maturation,maturation,3,0,180.6666667,187.6666667,7,13.52774926,53.53421811,55.51109431,1.976876191,2.587006336,27,9,40,87,60,127.6666667
S002145,structural_maturation,maturation,3,0,63.66666667,65.66666667,2,3.605551275,27.14673225,28.68558523,1.538852982,2.63859447,40.66666667,4.666666667,9.666666667,29.33333333,17.66666667,48
S002146,structural_maturation,maturation,3,0,95,93.66666667,-1.333333333,6.658328118,49.22349109,50.20005181,0.9765607185,2.440951911,36,10.66666667,17.33333333,37.66666667,19.66666667,74
S002147,structural_maturation,maturation,3,0,35.66666667,40.66666667,5,2.645751311,20.52869699,23.26022192,2.731524937,0.312705164,50.33333333,6.333333333,5.333333333,6.666666667,12,28.66666667
S002148,structural_maturation,maturation,3,0,68.33333333,76.66666667,8.333333333,5.033222957,30.02345931,33.2417039,3.218244588,1.671859794,39.33333333,8.333333333,4.666666667,12,21.33333333,55.33333333
S002149,structural_maturation,maturation,3,0,128.3333333,137.6666667,9.333333333,7.505553499,25.3424593,27.54204741,2.199588109,1.488924864,30.33333333,12.33333333,22.33333333,29,62.66666667,75
S002150,structural_maturation,maturation,3,0,77.33333333,84,6.666666667,4.509249753,11.94044244,12.80402677,0.8635843354,1.089525245,38.33333333,6.666666667,20.66666667,38.66666667,54,30
S002151,structural_maturation,maturation,3,0,92.33333333,100.3333333,8,24.87971061,44.67395696,43.29023348,-1.383723479,10.91135668,48.33333333,9.333333333,28,46.33333333,34.66666667,65.66666667
S002152,structural_maturation,maturation,3,0,118.3333333,154.3333333,36,24.2693222,27.85650138,36.31352187,8.45702049,6.887030487,27.33333333,5,6.333333333,49,65.33333333,89
S002153,structural_maturation,maturation,3,0,75.66666667,97.33333333,21.66666667,9.291573243,20.73278691,25.59182477,4.859037858,2.64760799,39,12.66666667,14.66666667,24.33333333,27.66666667,69.66666667
S002154,structural_maturation,maturation,3,0,51,66.66666667,15.66666667,9.237604307,26.40535139,32.4591868,6.053835409,2.851063896,29.33333333,8,5.333333333,19,22.33333333,44.33333333
S002155,structural_maturation,maturation,3,0,79,86,7,6.244997998,39.35865758,42.77287479,3.414217203,4.122995588,24.33333333,13.33333333,15,34.66666667,22,64
S002156,structural_maturation,maturation,3,0,54,62.66666667,8.666666667,4.041451884,27.9824604,31.3720323,3.389571902,2.694763973,33.33333333,10,10.66666667,14.33333333,14.33333333,48.33333333
S002157,structural_maturation,maturation,3,0,37.33333333,46.33333333,9,6.557438524,16.71390691,18.74961411,2.035707208,2.286251047,34.33333333,8.666666667,6.333333333,15,15,31.33333333
S002158,structural_maturation,maturation,3,0,96,106.6666667,10.66666667,5.773502692,37.74829148,44.12927965,6.380988166,2.924985843,30.66666667,13,14.33333333,16.66666667,55.66666667,51
S002159,structural_maturation,maturation,3,0,68,79,11,6.08276253,27.61722544,31.32783639,3.710610951,2.73654178,44.33333333,7,9.333333333,22.33333333,28.66666667,50.33333333
S002160,structural_maturation,maturation,3,0,52.66666667,70,17.33333333,1.527525232,25.83918222,35.03710048,9.197918259,2.860087061,35.33333333,8.666666667,14,21.33333333,20.66666667,49.33333333
S002161,structural_maturation,maturation,3,0,92.33333333,111,18.66666667,15.88500341,31.74089529,36.84201288,5.101117598,4.310892106,34.33333333,7.666666667,23.66666667,30,33.33333333,77.66666667
S002162,structural_maturation,maturation,3,0,166.3333333,172,5.666666667,33.6055551,99.74810937,104.0204284,4.27231902,15.39713283,41,10.66666667,29,26.33333333,39,133
S002163,structural_maturation,maturation,3,0,111,141.6666667,30.66666667,9.814954576,22.95058292,29.39317079,6.442587871,2.118999328,31.33333333,15.33333333,41,33,78.66666667,63
S002164,structural_maturation,maturation,3,0,79.33333333,103.3333333,24,5.567764363,26.47694412,33.41218252,6.935238401,1.538719664,44.33333333,9,26.33333333,43.66666667,42.66666667,60.66666667
S002165,structural_maturation,maturation,3,0,125,110.3333333,-14.66666667,15.14375559,47.4928539,41.53009562,-5.962758281,5.578075334,34,10,7.666666667,18,29.66666667,80.66666667
S002166,structural_maturation,maturation,3,0,94,70.33333333,-23.66666667,19.29594085,42.51317677,32.78961853,-9.723558246,13.03141512,30.33333333,8.333333333,6.333333333,9.666666667,32,38.33333333
S002167,structural_maturation,maturation,3,0,63,70,7,10.81665383,16.91989025,18.3435064,1.42361615,1.785181265,43.33333333,11.66666667,9.666666667,20,28.66666667,41.33333333
S002168,structural_maturation,maturation,3,0,48,49,1,3.605551275,22.03173161,21.5079928,-0.5237388114,1.788309108,49.66666667,4.666666667,1.666666667,8,7.333333333,41.66666667
S002169,structural_maturation,maturation,3,0,120.3333333,123.6666667,3.333333333,3.511884584,33.91988639,34.69309066,0.7732042723,1.602894295,45,9.333333333,37,73.33333333,32.33333333,91.33333333
S002170,structural_maturation,maturation,3,0,65,67.66666667,2.666666667,6.658328118,23.22176119,25.65556022,2.433799034,1.475486474,39,6,11,20,15.33333333,52.33333333
S002171,structural_maturation,maturation,3,0,126.6666667,147.6666667,21,5.567764363,40.92224634,47.20410065,6.28185431,1.488356622,37,11,22.33333333,14.66666667,67.33333333,80.33333333
S002172,structural_maturation,maturation,3,0,43.33333333,46.66666667,3.333333333,1.527525232,19.82050117,20.71613407,0.8956329068,2.596214135,34.33333333,6,6.666666667,9.333333333,18.66666667,28
S002173,structural_maturation,maturation,3,0,58,62.33333333,4.333333333,1.527525232,42.78147346,44.93945827,2.157984809,1.617801842,38.66666667,11.33333333,8,8,11,51.33333333
S002174,structural_maturation,maturation,3,0,57.33333333,60,2.666666667,4.725815626,23.7760071,29.43309903,5.657091922,5.520469472,45,7,8.333333333,13.66666667,23,37
S002175,structural_maturation,maturation,3,0,80.66666667,111.6666667,31,11.35781669,30.92960501,39.62780126,8.698196247,2.951671558,37.66666667,12.66666667,10,24,39.33333333,72.33333333
S002176,structural_maturation,maturation,3,0,45.66666667,46.66666667,1,3.605551275,18.26323612,18.38128621,0.1180500867,1.313469874,37.66666667,5.666666667,3,9.333333333,4,42.66666667
S002177,structural_maturation,maturation,3,0,88,100,12,2.645751311,59.00568246,67.96387834,8.958195882,5.205260326,42.66666667,12.33333333,10,18.33333333,15,85
S002178,structural_maturation,maturation,3,0,83,87.66666667,4.666666667,5.507570547,39.24685451,36.90161318,-2.345241333,4.936496776,33.66666667,9.333333333,31.66666667,30,34.66666667,53
S002179,structural_maturation,maturation,3,0,56,53.33333333,-2.666666667,14.0118997,17.77263589,18.2620448,0.4894089115,1.658620038,43.33333333,4,4.666666667,6,8.666666667,44.66666667
S002180,structural_maturation,maturation,3,0,132.3333333,178.3333333,46,21,78.05453796,102.8251004,24.77056244,0.1670897439,30.66666667,7.666666667,20,30.33333333,61.33333333,117
S002181,structural_maturation,maturation,3,0,68.66666667,74.33333333,5.666666667,10.5039675,24.69293348,27.16319715,2.470263664,3.36556812,31,4.333333333,6.666666667,25.66666667,16,58.33333333
S002182,structural_maturation,maturation,3,0,56.33333333,66.33333333,10,12.28820573,23.35992378,28.08602792,4.726104138,5.674224883,46,6,3.666666667,4.666666667,12,54.33333333
S002183,structural_maturation,maturation,3,0,79.66666667,87,7.333333333,6.110100927,39.55366494,38.12720229,-1.426462648,1.994279424,45,9.666666667,19.33333333,48,32.33333333,54.66666667
S002184,structural_maturation,maturation,3,0,77,87.33333333,10.33333333,12.7410099,24.73995165,27.79517452,3.055222863,1.982297713,35.33333333,6.666666667,10.66666667,11.66666667,14.33333333,73
S002185,structural_maturation,maturation,3,0,43.33333333,48,4.666666667,5.507570547,13.0057958,13.87134153,0.8655457349,1.40474255,42.33333333,4.333333333,3.333333333,5.666666667,17,31
S002186,structural_maturation,maturation,3,0,163.3333333,179.6666667,16.33333333,19.85782801,60.99378226,68.83402394,7.840241685,6.580046948,35,15,26.33333333,27.66666667,86.66666667,93
S002187,structural_maturation,maturation,3,0,52.66666667,52,-0.6666666667,2.516611478,18.27486479,20.66692053,2.392055745,0.4249083147,39.66666667,10.66666667,9.666666667,30.33333333,24,28
S002188,structural_maturation,maturation,3,0,56.66666667,56,-0.6666666667,3.055050463,15.88697213,15.47740397,-0.4095681594,0.7894993862,32,9,15.66666667,16.66666667,13.33333333,42.66666667
S002189,structural_maturation,maturation,3,0,171,158.3333333,-12.66666667,7.371114796,74.4208164,72.10507144,-2.315744961,2.997814049,30.66666667,9.666666667,38,37,75,83.33333333
S002190,structural_maturation,maturation,3,0,61.66666667,61.66666667,0,6.557438524,31.73759306,30.17927319,-1.558319873,2.127347762,39.66666667,7.666666667,7.666666667,6.666666667,20,41.66666667
S002191,structural_maturation,maturation,3,0,54.33333333,52.66666667,-1.666666667,2.081665999,20.39853669,19.23234219,-1.166194494,1.599845542,32.33333333,16.33333333,13,21,26.33333333,26.33333333
S002192,structural_maturation,maturation,3,0,71,86.33333333,15.33333333,15.94783162,28.84169294,34.93772816,6.096035217,5.399725564,30,10,14.33333333,27,43,43.33333333
S002193,structural_maturation,maturation,3,0,83.66666667,95,11.33333333,6.429100507,20.80922221,24.77353965,3.964317445,4.224812368,36.33333333,18,15.66666667,29,44,51
S002194,structural_maturation,maturation,3,0,60.33333333,68,7.666666667,1.527525232,22.41790831,26.14934553,3.731437218,1.132022754,31,10.66666667,13.33333333,17.66666667,24.33333333,43.66666667
S002195,structural_maturation,maturation,3,0,127,138.6666667,11.66666667,19.73153145,62.60485237,68.04226193,5.43740956,8.505730463,28.66666667,13.33333333,17,21.66666667,37,101.6666667
S002196,structural_maturation,maturation,3,0,89.66666667,90,0.3333333333,5.033222957,37.14643347,35.68991541,-1.456518055,2.957082676,41.66666667,10.33333333,16,27,42.66666667,47.33333333
S002197,structural_maturation,maturation,3,0,72,88.33333333,16.33333333,10.40833,18.11015696,20.45544515,2.345288189,0.670336627,19.33333333,8.666666667,8.666666667,25,43.66666667,44.66666667
S002198,structural_maturation,maturation,3,0,52,46.33333333,-5.666666667,6.429100507,21.24147712,20.09220255,-1.149274561,2.040295767,42.66666667,6.333333333,3,16.66666667,16,30.33333333
S002199,structural_maturation,maturation,3,0,48.66666667,58.33333333,9.666666667,6.110100927,25.34802611,30.44325501,5.095228902,2.924940229,41.33333333,5,3.333333333,5.333333333,10,48.33333333
S002200,structural_maturation,maturation,3,0,91.66666667,115.6666667,24,15.71623365,40.41354943,47.85828508,7.444735647,5.756008305,41.33333333,12,12,19.66666667,33,82.66666667
S002201,structural_maturation,maturation,3,0,105.6666667,104.6666667,-1,15.71623365,53.38780235,55.27848249,1.890680141,6.385892862,42.66666667,11,23.66666667,29,27,77.66666667
S002202,structural_maturation,maturation,3,0,77.33333333,80,2.666666667,25.4820198,32.3198872,32.93490535,0.6150181527,7.984953841,43.66666667,8.666666667,13.66666667,24.33333333,17.66666667,62.33333333
S002203,structural_maturation,maturation,3,0,81.66666667,81,-0.6666666667,16.74315781,34.76284936,35.01513229,0.2522829261,3.9422566,32.33333333,8.333333333,6.666666667,10,23.33333333,57.66666667
S002204,structural_maturation,maturation,3,0,62.66666667,69.33333333,6.666666667,8.082903769,40.96003393,46.36647408,5.406440151,3.373759764,27.66666667,15,7.666666667,16.66666667,16.33333333,53
S002205,structural_maturation,maturation,3,0,109,113,4,7.211102551,28.17059607,29.60817457,1.437578499,0.8041778012,30,14.33333333,15.33333333,29.66666667,49.66666667,63.33333333
S002206,structural_maturation,maturation,3,0,158,192.3333333,34.33333333,37.55440498,43.92754423,55.02654036,11.09899613,11.83036837,38.33333333,11.66666667,18,25.66666667,56.33333333,136
S002207,structural_maturation,maturation,3,0,95,111,16,8.544003745,36.80766584,41.12996843,4.322302591,5.103357898,28,10.66666667,11,19.33333333,63.66666667,47.33333333
S002208,structural_maturation,maturation,3,0,78.66666667,80.33333333,1.666666667,2.516611478,34.2820963,34.32978612,0.04768982127,1.682572752,37,11.33333333,14,25.33333333,36.66666667,43.66666667
S002209,structural_maturation,maturation,3,0,49.66666667,51.66666667,2,5.291502622,15.75163011,16.22750669,0.4758765817,1.06569204,37.66666667,9,6,27.33333333,17.33333333,34.33333333
S002210,structural_maturation,maturation,3,0,72,90,18,11.53256259,36.54297597,45.51599381,8.973017842,4.568294514,24,10.66666667,16.66666667,13.66666667,20.33333333,69.66666667
S002211,structural_maturation,maturation,3,0,80.66666667,81.33333333,0.6666666667,2.081665999,27.40848185,27.72420057,0.3157187215,0.8550884032,50,8,31.33333333,44.33333333,24,57.33333333
S002212,structural_maturation,maturation,3,0,115,129.6666667,14.66666667,13.0128142,29.35357389,33.7168389,4.363265009,3.393419095,36,15,30.33333333,36.33333333,61.66666667,68
S002213,structural_maturation,maturation,3,0,85,98.66666667,13.66666667,8.386497084,28.2383853,30.25491269,2.016527389,3.921697777,33.66666667,13,16.66666667,65,52,46.66666667
S002214,structural_maturation,maturation,3,0,29.33333333,34,4.666666667,4.041451884,17.60974018,18.86167738,1.251937207,0.8215119667,33.66666667,10.33333333,5,7.333333333,8,26
S002215,structural_maturation,maturation,3,0,103.6666667,125.3333333,21.66666667,16.50252506,38.2454451,45.13456872,6.889123625,3.713437987,28.66666667,16.33333333,14.33333333,24,28.66666667,96.66666667
S002216,structural_maturation,maturation,3,0,80,77,-3,1,17.8949773,17.14909994,-0.7458773615,0.1291399974,44,10.66666667,44.66666667,57.66666667,39,38
S002217,structural_maturation,maturation,3,0,71.66666667,83,11.33333333,9.018499506,17.14405733,19.47417256,2.330115232,1.238380603,31,8,8.666666667,24.66666667,34,49
S002218,structural_maturation,maturation,3,0,74.66666667,89.33333333,14.66666667,12.66227994,34.04927328,39.14776011,5.098486823,1.438913672,27,9.666666667,10.33333333,16.66666667,37.33333333,52
S002219,structural_maturation,maturation,3,0,132.3333333,134,1.666666667,8.504900548,35.5340137,36.04259654,0.5085828436,4.146957329,21.66666667,13.66666667,62,65,39.66666667,94.33333333
S002220,structural_maturation,maturation,3,0,103,103.3333333,0.3333333333,1.527525232,31.58147089,31.43994656,-0.141524331,0.5034897833,37.66666667,10.33333333,11.66666667,23,44,59.33333333
S002221,structural_maturation,maturation,3,0,68.33333333,102.6666667,34.33333333,11.93035345,15.79124967,21.57514846,5.783898796,1.898190588,27,13.33333333,33.33333333,55,56,46.66666667
S002222,structural_maturation,maturation,3,0,83.66666667,84.66666667,1,8.888194417,59.50864178,57.74514697,-1.763494802,1.767145408,24.33333333,14.33333333,17.66666667,51,20.66666667,64
S002223,structural_maturation,maturation,3,0,71,76.66666667,5.666666667,10.21436896,34.1060711,37.67924321,3.57317211,2.731375922,39.33333333,9.666666667,20,26.33333333,22,54.66666667
S002224,structural_maturation,maturation,3,0,71.66666667,80.33333333,8.666666667,2.081665999,28.15507225,31.96166153,3.806589278,0.3659990188,35.33333333,15.33333333,5.666666667,27,34.33333333,46
S002225,structural_maturation,maturation,3,0,83,90,7,4.358898944,28.12888018,30.64603677,2.517156587,1.63185295,32.66666667,7.333333333,11,31.66666667,36.66666667,53.33333333
S002226,structural_maturation,maturation,3,0,104,101.6666667,-2.333333333,15.50268794,29.07792683,29.54037449,0.4624476635,2.297650311,41,12,17.33333333,25.33333333,48.66666667,53
S002227,structural_maturation,maturation,3,0,28,44.33333333,16.33333333,3.511884584,7.676450974,11.77495092,4.098499947,1.444545348,31.33333333,12.33333333,8.666666667,13,16.33333333,28
S002228,structural_maturation,maturation,3,0,78,86.33333333,8.333333333,10.96965511,32.13932196,36.40035201,4.261030056,6.281442763,42.33333333,4.666666667,10.33333333,18.66666667,20,66.33333333
S002229,structural_maturation,maturation,3,0,96.66666667,94.33333333,-2.333333333,8.96288644,44.90912663,41.99217195,-2.916954686,3.588043446,23.33333333,7.666666667,4,17.33333333,42,52.33333333
S002230,structural_maturation,maturation,3,0,103.3333333,103.3333333,0,5.196152423,52.50654579,54.84250108,2.335955284,3.91249353,47.66666667,7,11.66666667,14,13,90.33333333
S002231,structural_maturation,maturation,3,0,56.66666667,64.66666667,8,7.549834435,24.79713229,29.31691936,4.519787072,2.515260738,41,7,17,48,27.66666667,37
S002232,structural_maturation,maturation,3,0,55.33333333,59.66666667,4.333333333,13.50308607,21.92148305,23.20446228,1.282979234,3.073967118,29.66666667,6.666666667,8,14.66666667,17,42.66666667
S002233,structural_maturation,maturation,3,0,82.66666667,82,-0.6666666667,2.516611478,38.68350351,37.79606502,-0.8874384858,1.758915737,36.33333333,14,15.66666667,22,17,65
S002234,structural_maturation,maturation,3,0,93,101.3333333,8.333333333,16.50252506,32.01526025,33.52171573,1.506455477,4.5975788,24,10.66666667,8.333333333,7.666666667,23.33333333,78
S002235,structural_maturation,maturation,3,0,74,69,-5,12.489996,43.68471055,43.78781812,0.1031075742,5.027186205,39.66666667,4.666666667,9,10.33333333,15.33333333,53.66666667
S002236,structural_maturation,maturation,3,0,70,79.33333333,9.333333333,8.736894948,33.68754678,36.51284189,2.825295113,0.1909448015,35,8,23.66666667,35.66666667,37.33333333,42
S002237,structural_maturation,maturation,3,0,86.66666667,97.66666667,11,7.810249676,21.25596332,24.66866312,3.412699802,1.332083772,23,8.666666667,18,23.66666667,27.33333333,70.33333333
S002238,structural_maturation,maturation,3,0,58,57,-1,1,16.93293071,16.67281466,-0.2601160454,0.5536207501,43.66666667,10.66666667,10,14,13.33333333,43.66666667
S002239,structural_maturation,maturation,3,0,45.33333333,44.66666667,-0.6666666667,8.326663998,22.89404523,23.8831041,0.989058873,5.590334948,38.33333333,10.33333333,4,13.33333333,12.33333333,32.33333333
S002240,structural_maturation,maturation,3,0,79,90,11,10.39230485,43.64445429,50.45557961,6.811125323,8.810014308,41.33333333,6.333333333,4,6.666666667,34.33333333,55.66666667
S002241,structural_maturation,maturation,3,0,55,55.33333333,0.3333333333,6.027713773,29.31984269,29.51515652,0.195313835,1.772445513,30.33333333,8,10.66666667,15.66666667,11.33333333,44
S002242,structural_maturation,maturation,3,0,52.33333333,64,11.66666667,5.859465277,22.25062177,25.44603741,3.195415633,1.310228733,39.33333333,10,4.333333333,7.333333333,21,43
S002243,structural_maturation,maturation,3,0,58.66666667,59.66666667,1,6.557438524,33.14713368,33.61325892,0.4661252456,5.526736389,36,12.33333333,5,6.666666667,17.33333333,42.33333333
S002244,structural_maturation,maturation,3,0,87.33333333,89,1.666666667,16.80277755,19.64098788,19.65665138,0.01566349796,3.622158911,33,4.666666667,22.33333333,43.66666667,38.33333333,50.66666667
S002245,structural_maturation,maturation,3,0,98.66666667,92.66666667,-6,9.848857802,23.41817159,22.52347462,-0.8946969705,3.568686818,44,5.333333333,15.33333333,21.66666667,31.33333333,61.33333333
S002246,structural_maturation,maturation,3,0,101.6666667,109.3333333,7.666666667,1.527525232,35.31063189,38.87031103,3.559679132,1.755229676,26.33333333,7.333333333,20,33,32.33333333,77
S002247,structural_maturation,maturation,3,0,98,119,21,4,38.05929039,43.14877698,5.089486591,1.303734236,35.33333333,13.66666667,31,25,33.33333333,85.66666667
S002248,structural_maturation,maturation,3,0,107,121.3333333,14.33333333,4.163331999,48.05426842,54.6514486,6.597180184,1.642057338,37.33333333,13.33333333,13.66666667,36,38.33333333,83
S002249,structural_maturation,maturation,3,0,93.33333333,100,6.666666667,12.66227994,53.5450704,57.95212153,4.407051126,3.825245989,35.66666667,14.33333333,23.33333333,21.33333333,34,66
S002250,structural_maturation,maturation,3,0,90.33333333,91.66666667,1.333333333,1.527525232,22.18694376,22.41766031,0.2307165463,0.8941653699,30.33333333,9.333333333,18.33333333,50.33333333,39.33333333,52.33333333
S002251,structural_maturation,maturation,3,0,80,88,8,6.557438524,27.52221177,28.49799734,0.97578557,3.584614518,44.33333333,10.33333333,14.66666667,12.33333333,32.66666667,55.33333333
S002252,structural_maturation,maturation,3,0,53.66666667,56.33333333,2.666666667,3.214550254,34.19899215,36.28562889,2.086636735,2.676022778,36.66666667,6,6.666666667,6.666666667,8,48.33333333
S002253,structural_maturation,maturation,3,0,86.33333333,94,7.666666667,10.59874206,21.51471007,23.3945925,1.879882427,1.839410289,40,7,10.66666667,24,26,68
S002254,structural_maturation,maturation,3,0,63.33333333,69.33333333,6,11.26942767,21.47252883,22.30641907,0.8338902432,5.431094998,41.66666667,5,5.666666667,23.33333333,30,39.33333333
S002255,structural_maturation,maturation,3,0,67,102.6666667,35.66666667,16.01041328,16.35658306,23.01907744,6.662494377,2.011138921,45.33333333,11,35.33333333,53,42.66666667,60
S002256,structural_maturation,maturation,3,0,129.3333333,122.6666667,-6.666666667,17.24335621,42.77185274,43.23750359,0.4656508504,3.857922445,43.66666667,4.666666667,37.33333333,41.33333333,61.66666667,61
S002257,structural_maturation,maturation,3,0,119.6666667,123,3.333333333,10.21436896,47.20116724,48.00028938,0.7991221399,3.844057046,42,11,22,31.33333333,61.33333333,61.66666667
S002258,structural_maturation,maturation,3,0,108.6666667,114.6666667,6,3.605551275,40.68037628,45.15286188,4.472485592,2.842550788,37,7.333333333,14.33333333,20.33333333,46,68.66666667
S002259,structural_maturation,maturation,3,0,118,134.6666667,16.66666667,4.041451884,27.01048372,28.92478564,1.91430192,1.416596107,29,13.33333333,44.66666667,76.66666667,84.33333333,50.33333333
S002260,structural_maturation,maturation,3,0,87.66666667,96.66666667,9,13.11487705,47.27669975,52.5867666,5.310066848,3.736720446,45.66666667,9,12,36.66666667,34.33333333,62.33333333
S002261,structural_maturation,maturation,3,0,93.33333333,110,16.66666667,6.658328118,23.91030921,27.93361605,4.023306836,3.090701361,21,8.333333333,13,20.66666667,44,66
S002262,structural_maturation,maturation,3,0,84,97,13,10.39230485,16.29092783,19.07407903,2.783151203,1.343811574,43.33333333,10.33333333,13.33333333,16.33333333,44.33333333,52.66666667
S002263,structural_maturation,maturation,3,0,48.66666667,55,6.333333333,3.214550254,23.0774997,23.1539955,0.0764958021,1.210589576,33.33333333,7.666666667,6.666666667,11.33333333,27,28
S002264,structural_maturation,maturation,3,0,47.33333333,47,-0.3333333333,9.073771726,16.88784794,17.11118706,0.2233391144,2.516524659,33.33333333,6.333333333,6.666666667,9.333333333,19.33333333,27.66666667
S002265,structural_maturation,maturation,3,0,69.33333333,73,3.666666667,4.932882862,18.28308973,19.37244153,1.089351797,2.185488056,41.66666667,10.33333333,4,8.666666667,26.33333333,46.66666667
S002266,structural_maturation,maturation,3,0,54.33333333,49,-5.333333333,2.886751346,20.36994068,18.92945233,-1.440488349,0.9715223378,34,12.33333333,10.66666667,27.33333333,23,26
S002267,structural_maturation,maturation,3,0,82.33333333,88.33333333,6,10.58300524,28.01485957,28.00159311,-0.01326646008,4.702010501,41.66666667,13,11.33333333,13.66666667,37.33333333,51
S002268,structural_maturation,maturation,3,0,59.33333333,63.66666667,4.333333333,2.309401077,22.59290503,23.46007198,0.8671669569,0.6269476228,30.33333333,14,6.666666667,14,12,51.66666667
S002269,structural_maturation,maturation,3,0,55,54,-1,6,20.98567644,20.52718189,-0.4584945458,1.367355778,37,6.666666667,2.666666667,8.333333333,20.33333333,33.66666667
S002270,structural_maturation,maturation,3,0,128.3333333,148.6666667,20.33333333,11.71893055,50.92040824,59.84105133,8.920643094,7.035507631,24.66666667,9.333333333,12.66666667,43.33333333,80.33333333,68.33333333
S002271,structural_maturation,maturation,3,0,106.6666667,118,11.33333333,1.527525232,22.32431205,24.58552031,2.261208263,0.7468183493,29,11.66666667,15,15.33333333,58.66666667,59.33333333
S002272,structural_maturation,maturation,3,0,123,161,38,30.8058436,51.29648609,62.62822398,11.33173788,9.544426199,42,8,21.33333333,32.66666667,85.66666667,75.33333333
S002273,structural_maturation,maturation,3,0,60.33333333,56,-4.333333333,10.5039675,18.95866399,15.83678236,-3.121881626,3.468551796,39.66666667,3.666666667,6.666666667,15.33333333,18.66666667,37.33333333
S002274,structural_maturation,maturation,3,0,84.66666667,98.66666667,14,11.53256259,28.73659292,32.92608313,4.189490209,4.288752652,38.33333333,11.33333333,27.66666667,27,24.66666667,74
S002275,structural_maturation,maturation,3,0,70.66666667,72.33333333,1.666666667,4.509249753,38.54294526,40.51732242,1.97437716,0.8803118258,47,7,14,12.33333333,14.66666667,57.66666667
S002276,structural_maturation,maturation,3,0,63.33333333,65.66666667,2.333333333,3.055050463,19.21453092,19.1028093,-0.1117216195,1.557588686,40.33333333,10.66666667,15,10.33333333,22.66666667,43
S002277,structural_maturation,maturation,3,0,83.66666667,105,21.33333333,19.08751774,45.49682849,56.46934261,10.97251412,8.191159209,31.33333333,18,20.66666667,36.66666667,25,80
S002278,structural_maturation,maturation,3,0,87,95,8,8.544003745,44.050227,46.75399716,2.703770155,4.44995936,36,12.33333333,22,21.66666667,24.66666667,70.33333333
S002279,structural_maturation,maturation,3,0,58.66666667,64.33333333,5.666666667,1.154700538,34.28357091,35.84201621,1.558445309,2.512080581,45.66666667,12,6.666666667,19.66666667,11.33333333,53
S002280,structural_maturation,maturation,3,0,107,136.3333333,29.33333333,11.2398102,49.64190397,62.04178996,12.39988599,5.764045832,36.66666667,13,28.66666667,35,64.33333333,72
S002281,structural_maturation,maturation,3,0,113,120.3333333,7.333333333,2.516611478,27.15280731,29.04716459,1.89435728,1.60870136,39.33333333,10.33333333,18.33333333,23.66666667,58,62.33333333
S002282,structural_maturation,maturation,3,0,66.66666667,85.33333333,18.66666667,9.504384953,22.34174082,29.9439468,7.60220598,4.783957732,33.66666667,13.66666667,13.66666667,24.33333333,40.33333333,45
S002283,structural_maturation,maturation,3,0,97,112.3333333,15.33333333,18.44812547,27.52314992,31.6270354,4.103885475,3.714442007,44.33333333,7.333333333,6.333333333,20.33333333,25,87.33333333
S002284,structural_maturation,maturation,3,0,128.6666667,128,-0.6666666667,6.350852961,42.73549934,44.76862488,2.033125539,0.5666076354,41.66666667,10.66666667,9,31.66666667,39.66666667,88.33333333
S002285,structural_maturation,maturation,3,0,146,159.3333333,13.33333333,4.163331999,46.25779817,50.31643167,4.058633498,2.129886108,37.66666667,9.333333333,34,43.66666667,50,109.3333333
S002286,structural_maturation,maturation,3,0,63.33333333,74,10.66666667,14.74222959,24.7473151,27.85991943,3.112604328,0.8688893462,23,17.66666667,24,19,39.33333333,34.66666667
S002287,structural_maturation,maturation,3,0,132,145.6666667,13.66666667,13.20353488,31.696063,33.98544295,2.289379957,1.583787808,36,9.333333333,20.66666667,22,81.66666667,64
S002288,structural_maturation,maturation,3,0,152.6666667,180,27.33333333,22.27853975,33.17292124,39.74081192,6.567890685,6.385535882,39.66666667,13.66666667,35,60.33333333,71.66666667,108.3333333
S002289,structural_maturation,maturation,3,0,125,125,0,3.605551275,30.81109467,31.03034102,0.2192463538,0.3101087275,44,10.66666667,21.33333333,31,53.33333333,71.66666667
S002290,structural_maturation,maturation,3,0,67,74.66666667,7.666666667,1.154700538,21.57784864,23.44804398,1.870195347,0.5664569585,31.33333333,12.33333333,14.33333333,19.33333333,32.66666667,42
S002291,structural_maturation,maturation,3,0,57.66666667,63.66666667,6,7.549834435,24.4180585,24.73435259,0.3162940922,1.932940692,40.33333333,13.33333333,11.66666667,24,20,43.66666667
S002292,structural_maturation,maturation,3,0,113.3333333,120.3333333,7,13.45362405,56.42519833,58.97745768,2.552259347,3.812891201,29.66666667,8.666666667,16,33.66666667,50.33333333,70
S002293,structural_maturation,maturation,3,0,138.3333333,144.6666667,6.333333333,10.06644591,41.7800644,45.05419927,3.274134875,3.247617058,30,10.33333333,27.33333333,16.33333333,87,57.66666667
S002294,structural_maturation,maturation,3,0,43.33333333,45.33333333,2,3.464101615,20.52661335,20.67674859,0.1501352421,1.207667903,36,10,5,7,12,33.33333333
S002295,structural_maturation,maturation,3,0,76.33333333,84.33333333,8,9.539392014,17.81112495,20.01642556,2.205300616,2.920057152,44,10.33333333,7.666666667,27,36.66666667,47.66666667
S002296,structural_maturation,maturation,3,0,55,53.33333333,-1.666666667,3.214550254,16.04082031,15.32475816,-0.7160621442,2.253670461,46.66666667,5.666666667,3,11,21.66666667,31.66666667
S002297,structural_maturation,maturation,3,0,91.66666667,96.66666667,5,3.605551275,21.70946939,22.11500586,0.4055364676,1.829948909,36.33333333,15.33333333,16,51.33333333,34.66666667,62
S002298,structural_maturation,maturation,3,0,41,44.66666667,3.666666667,3.511884584,12.94731651,14.29972585,1.35240934,1.10293545,37.33333333,8.666666667,4.666666667,9.666666667,18.33333333,26.33333333
S002299,structural_maturation,maturation,3,0,73,74.66666667,1.666666667,6.429100507,37.20457955,39.49505021,2.290470664,1.683261499,33.33333333,9,7.333333333,21.33333333,13.33333333,61.33333333
S002300,structural_maturation,maturation,3,0,73.33333333,76.33333333,3,2.645751311,25.90512373,26.31426165,0.4091379189,0.9492835873,42.66666667,4,4.333333333,18,28.66666667,47.66666667
S002301,structural_maturation,maturation,3,0,100,98.33333333,-1.666666667,5.686240703,34.54789597,34.90715437,0.359258399,1.61275378,28,10.66666667,20.33333333,34.66666667,40,58.33333333
S002302,structural_maturation,maturation,3,0,58.33333333,60,1.666666667,6.806859286,44.07218809,44.79843405,0.7262459577,3.919993674,36.33333333,6.333333333,1.666666667,3.666666667,7,53
S002303,structural_maturation,maturation,3,0,59.66666667,58,-1.666666667,5.686240703,23.22287704,22.56669243,-0.6561846159,1.831953665,40.66666667,4,6.333333333,12.66666667,20,38
S002304,structural_maturation,maturation,3,0,50.33333333,67.66666667,17.33333333,7.023769169,18.39337171,24.76198206,6.36861035,1.521143381,42,10.66666667,22,19,19.66666667,48
S002305,structural_maturation,maturation,3,0,88.33333333,88.66666667,0.3333333333,7.505553499,25.15508165,26.08401344,0.9289317978,1.848339495,47.66666667,8.666666667,8.333333333,15.33333333,17.66666667,71
S002306,structural_maturation,maturation,3,0,106.6666667,122,15.33333333,13.31665624,47.58309645,52.73704739,5.15395094,3.944214414,38.66666667,5,17,23,47.66666667,74.33333333
S002307,structural_maturation,maturation,3,0,46,53.66666667,7.666666667,1.154700538,19.11074482,22.89094641,3.780201592,2.313528539,40,3,2.333333333,8,14.33333333,39.33333333
S002308,structural_maturation,maturation,3,0,151,170.6666667,19.66666667,24.78574859,26.03734621,28.17986171,2.142515502,5.655759119,31.33333333,10.66666667,33.33333333,38.66666667,101,69.66666667
S002309,structural_maturation,maturation,3,0,83,95,12,5.291502622,44.41517211,51.72712833,7.311956226,5.568900722,28,8.333333333,8.666666667,15.33333333,27,68
S002310,structural_maturation,maturation,3,0,141.3333333,137.6666667,-3.666666667,4.163331999,72.71781438,67.73641032,-4.981404054,3.588304424,39.33333333,14,28.33333333,36,58.33333333,79.33333333
S002311,structural_maturation,maturation,3,0,51.66666667,48.33333333,-3.333333333,8.96288644,12.64019017,11.92317273,-0.7170174491,0.1773459982,27.66666667,6.666666667,6,8.333333333,19,29.33333333
S002312,structural_maturation,maturation,3,0,95,100.6666667,5.666666667,16.62327685,51.8401359,53.24660822,1.406472316,5.597987459,40,7,15,22.33333333,26.33333333,74.33333333
S002313,structural_maturation,maturation,3,0,59,64,5,1.732050808,33.8736235,38.20082041,4.327196907,1.322391225,38.66666667,7.666666667,8,7.666666667,17.66666667,46.33333333
S002314,structural_maturation,maturation,3,0,70,64.66666667,-5.333333333,7.767453465,41.60160517,39.24465658,-2.356948594,5.547285382,37.33333333,9.666666667,8.666666667,13,15.33333333,49.33333333
S002315,structural_maturation,maturation,3,0,37.66666667,45,7.333333333,2.081665999,16.4086701,20.2662664,3.857596301,3.317389087,40.66666667,5.666666667,3.333333333,3.666666667,14.66666667,30.33333333
S002316,structural_maturation,maturation,3,0,57.66666667,64.33333333,6.666666667,9.609023537,20.91541554,21.53978529,0.6243697462,1.051417668,33.33333333,7.333333333,5,12,27,37.33333333
S002317,structural_maturation,maturation,3,0,93.33333333,97.33333333,4,9.848857802,50.07019439,54.35285837,4.282663976,6.320105059,38.33333333,6,21,13.66666667,27,70.33333333
S002318,structural_maturation,maturation,3,0,64,73,9,3,22.89521353,26.51713617,3.621922639,1.966288545,23,16.33333333,19.66666667,40,30.66666667,42.33333333
S002319,structural_maturation,maturation,3,0,80,98,18,12.76714533,45.40432004,50.9940356,5.589715561,1.789515074,37.33333333,13,16.66666667,38,32.66666667,65.33333333
S002320,structural_maturation,maturation,3,0,84,94.66666667,10.66666667,8.144527815,54.82740451,61.78316611,6.955761604,1.983793367,43,10.33333333,20,28,23.33333333,71.33333333
S002321,structural_maturation,maturation,3,0,74.66666667,78.66666667,4,1.732050808,24.64971038,25.58087899,0.9311686072,0.2202640477,35.66666667,9.666666667,13,26.33333333,24,54.66666667
S002322,structural_maturation,maturation,3,0,76.33333333,68,-8.333333333,12.66227994,33.09078049,29.74363128,-3.34714921,5.085219702,39.66666667,7.333333333,13,10.66666667,19.66666667,48.33333333
S002323,structural_maturation,maturation,3,0,177.3333333,198,20.66666667,13.27905619,65.43535618,72.57162295,7.13626677,5.757266308,31,6,43,40.33333333,60.66666667,137.3333333
S002324,structural_maturation,maturation,3,0,40.33333333,52,11.66666667,6.027713773,25.33267711,29.44018311,4.107505991,4.3614125,40.33333333,8.333333333,14.66666667,16.66666667,14.66666667,37.33333333
S002325,structural_maturation,maturation,3,0,121.6666667,123.6666667,2,5.567764363,58.79075092,60.2394208,1.448669874,2.105718578,23.33333333,9.333333333,17.33333333,30.66666667,43,80.66666667
S002326,structural_maturation,maturation,3,0,119,117,-2,7.937253933,54.08762906,53.36212915,-0.7254999117,4.989536932,41,11,24.66666667,53.66666667,49.66666667,67.33333333
S002327,structural_maturation,maturation,3,0,60.66666667,65,4.333333333,2.081665999,32.61109698,34.14390734,1.53281036,1.444008743,42,6,0.3333333333,21.33333333,14,51
S002328,structural_maturation,maturation,3,0,38.66666667,40.66666667,2,2,21.07540114,21.03241877,-0.0429823737,0.8367530572,45,8,4,7.666666667,17.33333333,23.33333333
S002329,structural_maturation,maturation,3,0,75.66666667,73.33333333,-2.333333333,6.110100927,38.12844899,39.82407458,1.695625593,3.798739075,50.33333333,6.666666667,7,4.666666667,24.66666667,48.66666667
S002330,structural_maturation,maturation,3,0,51.66666667,54.33333333,2.666666667,1.527525232,34.62053709,34.66017963,0.03964254712,0.7400737336,48.33333333,6.666666667,7.333333333,9,9.666666667,44.66666667
S002331,structural_maturation,maturation,3,0,72,67.33333333,-4.666666667,6.506407099,12.45587318,11.28895464,-1.166918541,2.201477999,30.33333333,12,16.66666667,38,35,32.33333333
S002332,structural_maturation,maturation,3,0,72.66666667,69,-3.666666667,12.58305739,28.78913444,29.98757326,1.198438827,4.171448981,37.33333333,7.666666667,7,9.666666667,24.66666667,44.33333333
S002333,structural_maturation,maturation,3,0,73.66666667,84,10.33333333,14.74222959,40.42949223,45.96978083,5.540288598,7.948933549,44.33333333,6.333333333,6.333333333,7.333333333,24.66666667,59.33333333
S002334,structural_maturation,maturation,3,0,77.33333333,79.33333333,2,5.567764363,28.39081691,30.03677928,1.645962369,4.024639565,51.33333333,6.333333333,13.33333333,13,26.33333333,53
S002335,structural_maturation,maturation,3,0,114.6666667,112,-2.666666667,8.386497084,69.41415134,65.41532662,-3.998824714,4.234033542,30,8.666666667,20.33333333,31.33333333,37,75
S002336,structural_maturation,maturation,3,0,72,71.33333333,-0.6666666667,9.291573243,53.61272313,55.92871495,2.315991822,6.459213684,29.66666667,9.333333333,11,11.66666667,8.666666667,62.66666667
S002337,structural_maturation,maturation,3,0,69.33333333,70.66666667,1.333333333,5.131601439,15.24330881,14.94663024,-0.2966785764,2.048980264,42.66666667,10,15.66666667,18,31.33333333,39.33333333
S002338,structural_maturation,maturation,3,0,76.66666667,91.66666667,15,5.196152423,15.33424381,20.50816399,5.173920183,2.811739403,41.66666667,5.333333333,6.666666667,16.33333333,51.33333333,40.33333333
S002339,structural_maturation,maturation,3,0,54.33333333,60.33333333,6,5,24.67195292,26.78286516,2.110912231,2.936775119,38.33333333,11.33333333,9.666666667,7.666666667,22.66666667,37.66666667
S002340,structural_maturation,maturation,3,0,69.33333333,84.66666667,15.33333333,10.78579312,23.53569464,30.23686249,6.701167845,3.804288149,24,15.33333333,16.33333333,21.33333333,25.66666667,59
S002341,structural_maturation,maturation,3,0,42,53.33333333,11.33333333,10.78579312,13.90002307,17.5189222,3.618899128,4.170522486,39,9.666666667,14.66666667,16.66666667,17.66666667,35.66666667
S002342,structural_maturation,maturation,3,0,39.66666667,45.33333333,5.666666667,6.658328118,27.76362099,29.50031373,1.736692749,1.622838371,42,11.33333333,5.666666667,5.666666667,9,36.33333333
S002343,structural_maturation,maturation,3,0,61.66666667,64.66666667,3,4.358898944,29.14690168,29.61702828,0.4701265967,0.9520147873,44,9,10.66666667,16.66666667,17,47.66666667
S002344,structural_maturation,maturation,3,0,86.33333333,100,13.66666667,17.03917056,33.79707124,39.44834535,5.651274102,3.948948888,31.66666667,16.33333333,15.66666667,27.33333333,43.33333333,56.66666667
S002345,structural_maturation,maturation,3,0,71.66666667,89.66666667,18,5.291502622,19.92089397,24.54791976,4.627025787,4.849867971,40.66666667,10.33333333,12.66666667,17,26.66666667,63
S002346,structural_maturation,maturation,3,0,138.6666667,159.6666667,21,10.58300524,89.86491924,99.16842839,9.303509148,4.529877172,24,10,10.33333333,28.33333333,49.66666667,110
S002347,structural_maturation,maturation,3,0,60.66666667,65,4.333333333,8.082903769,18.82129952,20.16003737,1.338737848,0.797115886,42.33333333,8.666666667,9.666666667,31.66666667,22,43
S002348,structural_maturation,maturation,3,0,109,126.6666667,17.66666667,3.214550254,49.10629327,52.47305934,3.366766072,0.9944363745,48.33333333,9,40.33333333,49.66666667,55.33333333,71.33333333
S002349,structural_maturation,maturation,3,0,82.66666667,90,7.333333333,4.163331999,29.25797473,31.79365535,2.535680619,1.087479705,33,7.333333333,9.333333333,18,24.33333333,65.66666667
S002350,structural_maturation,maturation,3,0,111.3333333,127,15.66666667,11.93035345,28.41223336,30.9372348,2.525001444,3.025800572,30.33333333,11.33333333,12,29.33333333,66.33333333,60.66666667
S002351,structural_maturation,maturation,3,0,133.3333333,135,1.666666667,14.36430762,49.67875374,49.54459044,-0.1341633075,5.270704644,29,16.33333333,35.66666667,43.66666667,77,58
S002352,structural_maturation,maturation,3,0,84,85,1,13.74772708,53.65060319,55.16683071,1.516227523,7.66226761,36.66666667,6,2,9.666666667,12.66666667,72.33333333
S002353,structural_maturation,maturation,3,0,71.33333333,75.33333333,4,8.660254038,37.29124617,40.71497365,3.423727479,3.722447547,38,16,4.333333333,27.66666667,24.66666667,50.66666667
S002354,structural_maturation,maturation,3,0,73,94.66666667,21.66666667,4.509249753,39.83405437,52.96109762,13.12704325,2.189454398,38.33333333,9.333333333,5.666666667,13.33333333,15.66666667,79
S002355,structural_maturation,maturation,3,0,45.66666667,53.66666667,8,11.53256259,14.13642726,13.94570206,-0.1907251944,1.105334234,43.66666667,5.333333333,10,13.33333333,20.66666667,33
S002356,structural_maturation,maturation,3,0,40.66666667,45.66666667,5,5.196152423,21.38659675,22.98384996,1.597253209,1.910095388,44,8.666666667,5.333333333,8.333333333,10.66666667,35
S002357,structural_maturation,maturation,3,0,58.33333333,62.66666667,4.333333333,5.507570547,26.86155241,28.62487921,1.763326805,2.393374776,24,14.33333333,9,9,26,36.66666667
S002358,structural_maturation,maturation,3,0,78,87,9,1.732050808,22.29202786,24.40911682,2.11708896,0.6636261554,33,12.33333333,10,15,22.66666667,64.33333333
S002359,structural_maturation,maturation,3,0,140.6666667,155,14.33333333,6.027713773,84.14356641,90.52267897,6.379112558,7.197485164,28,19,19.33333333,63,45.66666667,109.3333333
S002360,structural_maturation,maturation,3,0,75.66666667,88.66666667,13,12.16552506,29.5376993,34.03141455,4.493715254,6.715174869,41.66666667,7.666666667,8.666666667,31.33333333,16,72.66666667
S002361,structural_maturation,maturation,3,0,66.66666667,76,9.333333333,3.785938897,20.2221816,22.08237072,1.86018912,1.321685831,43.66666667,10,8,15,38.66666667,37.33333333
S002362,structural_maturation,maturation,3,0,74.33333333,83,8.666666667,5.507570547,33.7443597,36.8063956,3.062035897,1.718189944,26,12.66666667,12.33333333,40,23.33333333,59.66666667
S002363,structural_maturation,maturation,3,0,80.33333333,106.3333333,26,15.13274595,30.49752012,39.79327872,9.295758592,3.726766768,28,9.333333333,11,15,54.66666667,51.66666667
S002364,structural_maturation,maturation,3,0,104.6666667,139,34.33333333,5.507570547,42.63538408,56.00578974,13.37040566,0.0576003231,28.66666667,13.33333333,16,24,39.33333333,99.66666667
S002365,structural_maturation,maturation,3,0,121.3333333,122.6666667,1.333333333,15.011107,22.94466252,23.61721735,0.6725548258,3.084196625,29.66666667,5.333333333,11.66666667,15,61.66666667,61
S002366,structural_maturation,maturation,3,0,66.33333333,68.33333333,2,6.08276253,30.90277253,32.41282499,1.510052466,3.657693284,43.66666667,8.666666667,5,12,30.33333333,38
S002367,structural_maturation,maturation,3,0,85,87.33333333,2.333333333,1.527525232,28.89470127,30.00127298,1.106571708,5.597124816,34.66666667,14.33333333,19,29.66666667,47.66666667,39.66666667
S002368,structural_maturation,maturation,3,0,45,50,5,4.582575695,24.70154077,27.85766828,3.156127517,1.540248025,36,4.333333333,3.333333333,6.666666667,14.66666667,35.33333333
S002369,structural_maturation,maturation,3,0,82.66666667,100,17.33333333,18.82374387,56.26406297,69.65100817,13.3869452,14.22186681,34.33333333,7.333333333,21.33333333,30,18,82
S002370,structural_maturation,maturation,3,0,122,127.6666667,5.666666667,14.97776129,30.79258366,32.26279873,1.470215067,3.200026681,29,10.33333333,18.33333333,35.66666667,43,84.66666667
S002371,structural_maturation,maturation,3,0,62.66666667,69.66666667,7,11,23.57491291,26.24478471,2.669871797,2.111896718,40.66666667,7.333333333,26.66666667,39.66666667,36.33333333,33.33333333
S002372,structural_maturation,maturation,3,0,128.3333333,149.6666667,21.33333333,12.58305739,54.57272379,62.10431708,7.531593294,3.931150658,27.33333333,14.33333333,25.33333333,71.33333333,52.33333333,97.33333333
S002373,structural_maturation,maturation,3,0,190.6666667,202,11.33333333,20.13289183,82.02220826,84.86831143,2.846103167,7.710240909,30.66666667,19,54.66666667,49.33333333,105,97
S002374,structural_maturation,maturation,3,0,54.66666667,62.33333333,7.666666667,3.214550254,28.25430369,33.22051161,4.966207919,1.523423493,31,13.33333333,7.333333333,17.33333333,17,45.33333333
S002375,structural_maturation,maturation,3,0,48.33333333,63,14.66666667,5.507570547,22.88287248,27.95543332,5.072560839,0.3291498324,46.33333333,6,4,12.33333333,23,40
S002376,structural_maturation,maturation,3,0,87.33333333,99.66666667,12.33333333,5.131601439,51.45819496,55.17627244,3.718077479,4.513706917,33.33333333,14,22,34.33333333,33.66666667,66
S002377,structural_maturation,maturation,3,0,49.33333333,52.33333333,3,5.291502622,21.0907524,21.58915907,0.498406673,1.909338612,45,9.666666667,6,7,13,39.33333333
S002378,structural_maturation,maturation,3,0,56.66666667,59,2.333333333,2.516611478,23.48132267,24.86921582,1.387893152,0.729853546,39.66666667,7.333333333,6,9,12.33333333,46.66666667
S002379,structural_maturation,maturation,3,0,68.66666667,73.66666667,5,2.645751311,20.369433,20.18586942,-0.1835635853,1.628485055,43,8,7,25.66666667,23.66666667,50
S002380,structural_maturation,maturation,3,0,64.66666667,76,11.33333333,6.806859286,22.26436882,27.56800517,5.303636346,2.192400666,33,10,20.33333333,21.33333333,32,44
S002381,structural_maturation,maturation,3,0,54.66666667,52.33333333,-2.333333333,1.527525232,20.11394581,19.96600844,-0.1479373632,1.0224889,32.33333333,9.666666667,21.66666667,29,13,39.33333333
S002382,structural_maturation,maturation,3,0,119,121.3333333,2.333333333,11.06044002,52.20324036,51.98113885,-0.2221015099,3.962625382,41,12.66666667,23.33333333,77,44,77.33333333
S002383,structural_maturation,maturation,3,0,91.33333333,98.66666667,7.333333333,10.69267662,32.64454668,36.19962119,3.555074514,1.486624791,33.66666667,6,20,30,19.66666667,79
S002384,structural_maturation,maturation,3,0,68.33333333,81.66666667,13.33333333,6.506407099,32.72411233,37.14898898,4.424876651,2.098990654,41,7.333333333,6.666666667,10.66666667,27.33333333,54.33333333
S002385,structural_maturation,maturation,3,0,59.66666667,65.33333333,5.666666667,4.163331999,18.0581087,20.70791802,2.64980932,1.30143297,34,12.33333333,10,22.33333333,20,45.33333333
S002386,structural_maturation,maturation,3,0,135.6666667,154.3333333,18.66666667,7.023769169,30.398707,35.89954997,5.500842968,3.217203685,40.66666667,12.33333333,25.33333333,27,77.33333333,77
S002387,structural_maturation,maturation,3,0,99,119,20,17.34935157,49.34496706,56.18913391,6.844166846,3.805000757,31.33333333,10,12.33333333,29.33333333,53.33333333,65.66666667
S002388,structural_maturation,maturation,3,0,75.33333333,86.33333333,11,7.810249676,31.03858043,35.19374713,4.155166707,3.569881245,40,4.333333333,12.33333333,8.333333333,15.66666667,70.66666667
S002389,structural_maturation,maturation,3,0,162,151.3333333,-10.66666667,13.50308607,62.54484433,61.87412287,-0.6707214571,3.541490656,33.66666667,16.66666667,77.33333333,84.66666667,61,90.33333333
S002390,structural_maturation,maturation,3,0,92.66666667,97.33333333,4.666666667,4.163331999,35.70693911,42.02208803,6.315148922,0.8951163486,24,8.666666667,10.33333333,22.33333333,47,50.33333333
S002391,structural_maturation,maturation,3,0,43,55.66666667,12.66666667,1.154700538,20.7157344,27.09109949,6.375365092,0.7825974584,42.66666667,11.66666667,6.333333333,11,5.666666667,50
S002392,structural_maturation,maturation,3,0,44.66666667,55,10.33333333,2.081665999,30.5920874,36.68424218,6.092154782,0.812411072,40.66666667,8.333333333,4,5.666666667,12,43
S002393,structural_maturation,maturation,3,0,100.3333333,119,18.66666667,12.09683154,52.36232461,57.6403797,5.278055092,6.176866081,36.66666667,12,21.33333333,19.66666667,36.33333333,82.66666667
S002394,structural_maturation,maturation,3,0,69,87.33333333,18.33333333,16.2583312,31.73103819,36.61286162,4.881823429,7.860706959,44,10.33333333,19,27.66666667,39.66666667,47.66666667
S002395,structural_maturation,maturation,3,0,199.6666667,221.3333333,21.66666667,8.621678104,78.08977409,86.97899038,8.889216291,2.620376112,28.33333333,15.33333333,41.66666667,55.33333333,85.33333333,136
S002396,structural_maturation,maturation,3,0,111,114,3,5.196152423,25.6828083,27.35942293,1.67661463,0.5187517445,36.66666667,11.66666667,20.33333333,39,61.66666667,52.33333333
S002397,structural_maturation,maturation,3,0,78.33333333,95.66666667,17.33333333,4.725815626,35.21161815,39.87909514,4.667476982,3.691359396,32.33333333,19.66666667,12.66666667,43.33333333,38.33333333,57.33333333
S002398,structural_maturation,maturation,3,0,56.33333333,64.66666667,8.333333333,1.154700538,31.05245203,33.44417971,2.391727683,2.077531814,31.33333333,17.33333333,11.66666667,14,17.66666667,47
S002399,structural_maturation,maturation,3,0,135.6666667,151,15.33333333,14.571662,60.37281183,67.6839307,7.311118865,3.411904729,41.66666667,10.33333333,38.33333333,48.33333333,48.66666667,102.3333333
S002400,structural_integration,integration,3,0,56,63.66666667,7.666666667,4.725815626,17.88318173,19.85293967,1.969757938,2.945135242,33.66666667,5.666666667,17.33333333,27,15.66666667,48
S002401,structural_integration,integration,3,0,92.66666667,91,-1.666666667,8.082903769,27.73591969,30.08817946,2.352259776,4.743912768,39.33333333,7.666666667,16.66666667,38.33333333,31.66666667,59.33333333
S002402,structural_integration,integration,3,0,91,94.66666667,3.666666667,12.01388086,60.78160194,65.06483708,4.283235134,6.955845038,28.66666667,14.66666667,9.666666667,14.33333333,15.66666667,79
S002403,structural_integration,integration,3,0,55.33333333,53.33333333,-2,4.358898944,25.4296367,25.37198545,-0.05765124815,0.06355542691,37.33333333,13.66666667,11.33333333,25.66666667,23,30.33333333
S002404,structural_integration,integration,3,0,66,72.33333333,6.333333333,9.291573243,27.05713751,33.52349105,6.466353542,5.942900147,42,9,11,26.33333333,18.66666667,53.66666667
S002405,structural_integration,integration,3,0,73,78.66666667,5.666666667,3.511884584,32.00720959,38.72877627,6.721566681,1.460535773,42,11.66666667,21,28.66666667,34,44.66666667
S002406,structural_integration,integration,3,0,128,128.3333333,0.3333333333,12.50333289,54.23394639,55.42967871,1.195732321,4.29832494,30.66666667,13.66666667,34,32.33333333,61.66666667,66.66666667
S002407,structural_integration,integration,3,0,65.33333333,69,3.666666667,4.509249753,39.47081514,48.8497054,9.378890261,7.10950499,28.66666667,8.333333333,8,21,16,53
S002408,structural_integration,integration,3,0,74.33333333,73.33333333,-1,10.53565375,28.22580845,27.410718,-0.8150904518,0.3918773791,41.33333333,11,21.66666667,21.66666667,28.66666667,44.66666667
S002409,structural_integration,integration,3,0,38,40,2,5.291502622,14.54313082,15.86957974,1.32644892,1.052669293,42.33333333,10.66666667,13,19,12,28
S002410,structural_integration,integration,3,0,42.66666667,44.33333333,1.666666667,4.041451884,13.24045878,16.22066752,2.980208749,2.424600502,29,9.666666667,12.33333333,8,7,37.33333333
S002411,structural_integration,integration,3,0,160.3333333,156.6666667,-3.666666667,9.291573243,61.61874733,72.17497677,10.55622944,1.780462026,28.33333333,11.66666667,33.33333333,38.66666667,69.33333333,87.33333333
S002412,structural_integration,integration,3,0,65.33333333,64.66666667,-0.6666666667,2.081665999,21.02634957,25.62406157,4.597712001,1.585598632,50,6.666666667,7.666666667,13,18.66666667,46
S002413,structural_integration,integration,3,0,89.66666667,87.33333333,-2.333333333,8.736894948,21.28187657,21.839965,0.5580884347,1.409864012,33.33333333,14,25.33333333,36.66666667,36.33333333,51
S002414,structural_integration,integration,3,0,72,70.33333333,-1.666666667,2.081665999,24.47525642,24.89528228,0.4200258531,0.8617709915,43,10.66666667,6.333333333,9.666666667,26.33333333,44
S002415,structural_integration,integration,3,0,97,94.66666667,-2.333333333,4.163331999,57.12620077,65.29705842,8.170857644,4.657686787,35.33333333,12,29.33333333,42.33333333,32.66666667,62
S002416,structural_integration,integration,3,0,103,100.3333333,-2.666666667,5.131601439,49.92442883,64.28205742,14.35762859,3.205603187,30.66666667,10.66666667,10,35.66666667,40.33333333,60
S002417,structural_integration,integration,3,0,63.33333333,65,1.666666667,1.527525232,30.43548342,35.65660602,5.221122595,0.4527610911,26.66666667,18.33333333,18.66666667,17.33333333,21,44
S002418,structural_integration,integration,3,0,83.33333333,84.66666667,1.333333333,2.516611478,49.78425591,58.7463678,8.962111886,3.798889648,48,5.666666667,25.66666667,19.33333333,25,59.66666667
S002419,structural_integration,integration,3,0,97.66666667,105,7.333333333,10.21436896,34.00004973,39.634966,5.634916269,5.695564645,50,7.666666667,10,15.33333333,40.66666667,64.33333333
S002420,structural_integration,integration,3,0,49,53,4,4,29.53159482,27.30774992,-2.223844908,2.002377129,33.33333333,14.66666667,7,15.33333333,11.66666667,41.33333333
S002421,structural_integration,integration,3,0,69,71.33333333,2.333333333,4.163331999,41.03834183,43.1948046,2.156462764,1.018326056,38.33333333,16,20.33333333,27.66666667,12,59.33333333
S002422,structural_integration,integration,3,0,100,95.66666667,-4.333333333,7.571877794,47.11022993,53.20929256,6.099062635,3.311639678,37,11.33333333,11,14.33333333,16.33333333,79.33333333
S002423,structural_integration,integration,3,0,92,95.66666667,3.666666667,2.516611478,40.09318947,49.63975568,9.54656621,1.917811862,26.33333333,20.33333333,20,55.33333333,43.66666667,52
S002424,structural_integration,integration,3,0,98.33333333,93.33333333,-5,14.73091986,25.33365831,33.97089566,8.637237355,4.596142755,27.33333333,7.666666667,13,44.33333333,38.33333333,55
S002425,structural_integration,integration,3,0,61,60.66666667,-0.3333333333,10.21436896,22.18846941,25.19223671,3.003767302,2.865378884,48.33333333,7.666666667,8.666666667,13.33333333,16,44.66666667
S002426,structural_integration,integration,3,0,92.66666667,91.66666667,-1,3.605551275,24.64126053,29.42560877,4.784348235,0.3323247321,40.66666667,10.66666667,30.33333333,39.33333333,44,47.66666667
S002427,structural_integration,integration,3,0,62.33333333,63.33333333,1,4.358898944,18.3004827,16.27926414,-2.021218562,1.67491343,31.33333333,9,11.66666667,8.666666667,26.33333333,37
S002428,structural_integration,integration,3,0,57,63.66666667,6.666666667,5.507570547,23.71490609,23.6802937,-0.03461238884,0.66527028,39.66666667,11.66666667,16.66666667,14.66666667,11.33333333,52.33333333
S002429,structural_integration,integration,3,0,65,68.33333333,3.333333333,9.291573243,42.7910075,47.1451976,4.354190102,5.558149805,48,9.666666667,6.666666667,15,12.33333333,56
S002430,structural_integration,integration,3,0,49.33333333,48.66666667,-0.6666666667,2.516611478,23.82067293,29.78241332,5.961740389,3.219757432,47,4,12.66666667,13.66666667,8,40.66666667
S002431,structural_integration,integration,3,0,73,75.66666667,2.666666667,5.686240703,30.77206669,32.11488334,1.342816655,1.028077627,30.66666667,14.66666667,18.33333333,34.33333333,26.33333333,49.33333333
S002432,structural_integration,integration,3,0,53.33333333,51.66666667,-1.666666667,2.886751346,25.45115486,23.19983368,-2.251321181,2.831800312,44.33333333,10.33333333,8.333333333,9.666666667,17.66666667,34
S002433,structural_integration,integration,3,0,150,156,6,10.58300524,55.70924997,66.49840276,10.78915279,2.047571095,18.66666667,19.66666667,20,48.66666667,86.66666667,69.33333333
S002434,structural_integration,integration,3,0,64.66666667,63.66666667,-1,1,39.56887776,46.33227128,6.763393521,3.402222457,39,10.66666667,10.33333333,9,16.33333333,47.33333333
S002435,structural_integration,integration,3,0,23.33333333,25,1.666666667,3.785938897,9.416332669,11.61145813,2.195125456,2.091479705,43,6.333333333,5.333333333,12.33333333,6,19
S002436,structural_integration,integration,3,0,92.66666667,96,3.333333333,11.59022577,22.44949429,24.58651727,2.13702298,0.8569883236,39,14,22.33333333,31.66666667,46.33333333,49.66666667
S002437,structural_integration,integration,3,0,85.66666667,84.66666667,-1,1,42.27785106,39.05917323,-3.218677836,1.159568319,24,11,20,19.33333333,39.66666667,45
S002438,structural_integration,integration,3,0,102.3333333,103,0.6666666667,10.59874206,54.30886003,64.1657868,9.856926772,5.984953282,41,5.666666667,5.666666667,7.666666667,12,91
S002439,structural_integration,integration,3,0,56,55.33333333,-0.6666666667,3.214550254,28.9825884,34.31667426,5.334085857,1.5267451,47,10.33333333,6.666666667,11.66666667,12.33333333,43
S002440,structural_integration,integration,3,0,55,58.33333333,3.333333333,0.5773502692,14.63567453,18.88793354,4.252259018,0.6144700863,37.66666667,10,9.666666667,17,11.33333333,47
S002441,structural_integration,integration,3,0,140,133,-7,4.358898944,62.23194568,62.14045189,-0.09149379388,2.492883449,29.66666667,13.33333333,38.33333333,37.33333333,33.66666667,99.33333333
S002442,structural_integration,integration,3,0,93.66666667,96.33333333,2.666666667,13.50308607,16.00364343,18.8034163,2.799772871,2.901852325,38.66666667,7,27.66666667,47.33333333,48.66666667,47.66666667
S002443,structural_integration,integration,3,0,74,66.66666667,-7.333333333,6.027713773,24.49121965,24.4939473,0.002727654929,1.724150355,31.66666667,13,19.66666667,27.66666667,28,38.66666667
S002444,structural_integration,integration,3,0,157.6666667,154,-3.666666667,10.06644591,51.18931628,61.90465916,10.71534287,5.884309085,29,8.666666667,25.66666667,63,32.33333333,121.6666667
S002445,structural_integration,integration,3,0,70.66666667,70,-0.6666666667,1.154700538,26.07116158,31.51736142,5.446199842,0.3623858925,42.33333333,5.333333333,11.33333333,29.66666667,26.33333333,43.66666667
S002446,structural_integration,integration,3,0,84.66666667,82,-2.666666667,6.806859286,42.65998222,38.63260447,-4.027377742,2.227997531,30.33333333,19.33333333,19.33333333,39,22,60
S002447,structural_integration,integration,3,0,48,47.33333333,-0.6666666667,6.506407099,26.37060626,27.16957861,0.7989723465,0.5008994752,50,5,4.333333333,12.66666667,13.33333333,34
S002448,structural_integration,integration,3,0,64,71,7,3.605551275,29.00544934,38.54006329,9.534613948,3.701762159,40.33333333,7,4.333333333,13.66666667,13.33333333,57.66666667
S002449,structural_integration,integration,3,0,125.6666667,136,10.33333333,17.50238079,25.23334244,37.57058603,12.3372436,6.245270632,23.66666667,14.33333333,18.66666667,20,51,85
S002450,structural_integration,integration,3,0,83.33333333,90.66666667,7.333333333,11.37248141,17.56910879,21.61767296,4.048564174,1.171016088,39.66666667,8.333333333,27.33333333,47,51.66666667,39
S002451,structural_integration,integration,3,0,76,80,4,2,37.43199927,44.48165649,7.049657221,3.320822035,44,11,16.66666667,29.66666667,23.66666667,56.33333333
S002452,structural_integration,integration,3,0,127,137,10,9.539392014,30.64104456,33.22833507,2.58729051,0.7212861755,21.66666667,9.333333333,16,74.33333333,50,87
S002453,structural_integration,integration,3,0,106.6666667,105.3333333,-1.333333333,6.806859286,29.01436042,32.58159484,3.567234415,1.658434783,38,9.333333333,10.66666667,24.66666667,26.33333333,79
S002454,structural_integration,integration,3,0,46.33333333,46,-0.3333333333,0.5773502692,24.32184244,23.39150237,-0.9303400742,0.3904612902,29.66666667,8,4.666666667,16.66666667,11.66666667,34.33333333
S002455,structural_integration,integration,3,0,74.66666667,73.33333333,-1.333333333,6.506407099,39.87921062,46.10808368,6.228873061,5.296683221,25.66666667,15.66666667,15.33333333,34,16,57.33333333
S002456,structural_integration,integration,3,0,54,57,3,1,26.29543498,30.94277527,4.647340292,1.346444741,35,7.333333333,9.333333333,14.66666667,11.33333333,45.66666667
S002457,structural_integration,integration,3,0,41.66666667,43,1.333333333,2.309401077,17.27402333,17.5315335,0.2575101717,0.5818312668,35.33333333,11,5.333333333,15,14.33333333,28.66666667
S002458,structural_integration,integration,3,0,90.33333333,87.33333333,-3,10.58300524,45.62039919,46.1552798,0.5348806034,5.623098929,31.66666667,10,9.666666667,20.33333333,40.33333333,47
S002459,structural_integration,integration,3,0,50,54,4,8.185352772,18.8886727,25.0276054,6.13893271,2.207176318,43.33333333,7.666666667,9,17.33333333,19.66666667,34.33333333
S002460,structural_integration,integration,3,0,52.33333333,51.66666667,-0.6666666667,6.027713773,26.20466307,27.59155028,1.386887209,2.647623832,32.66666667,14,14.66666667,21,11.33333333,40.33333333
S002461,structural_integration,integration,3,0,113,111.6666667,-1.333333333,6.658328118,40.68071929,38.82317865,-1.857540632,1.972374602,34.66666667,7.333333333,13,21,24,87.66666667
S002462,structural_integration,integration,3,0,172.3333333,180.3333333,8,18.35755975,95.68310438,107.3140404,11.63093604,11.37407243,38.66666667,14,33.33333333,41,52.66666667,127.6666667
S002463,structural_integration,integration,3,0,92.66666667,91.33333333,-1.333333333,10.26320288,19.10735585,22.08626721,2.978911363,1.065981483,30.66666667,16.33333333,28.66666667,32,48,43.33333333
S002464,structural_integration,integration,3,0,98,89.66666667,-8.333333333,21.73323108,30.59383843,34.86251314,4.268674709,2.828912213,45.33333333,4.333333333,25,33.33333333,37.33333333,52.33333333
S002465,structural_integration,integration,3,0,97.33333333,114,16.66666667,22.89832599,35.62778055,51.52388536,15.89610481,9.600632222,34.33333333,12,14,30,27.33333333,86.66666667
S002466,structural_integration,integration,3,0,79.66666667,78.66666667,-1,11.78982612,39.06661308,48.39265331,9.32604023,6.865924214,24.33333333,11,8.666666667,16.66666667,29.33333333,49.33333333
S002467,structural_integration,integration,3,0,56.33333333,52.66666667,-3.666666667,5.033222957,15.50090725,17.98969992,2.488792668,1.579829474,48.33333333,7.333333333,6,16.33333333,16.66666667,36
S002468,structural_integration,integration,3,0,45.66666667,44,-1.666666667,4.932882862,21.16954413,20.99693813,-0.1726059993,2.378695576,50.66666667,4.666666667,2,8.333333333,4,40
S002469,structural_integration,integration,3,0,100.3333333,99.33333333,-1,4,29.53724104,31.68682596,2.149584912,2.185255785,43.33333333,8.333333333,14,49.66666667,25.66666667,73.66666667
S002470,structural_integration,integration,3,0,50.66666667,47,-3.666666667,2.516611478,20.33865235,18.26696897,-2.071683386,2.670236285,43.66666667,7.333333333,10,17,11.66666667,35.33333333
S002471,structural_integration,integration,3,0,144.6666667,155.6666667,11,11,44.3486383,49.45869344,5.11005514,2.997785163,34.33333333,11,29,25.66666667,73,82.66666667
S002472,structural_integration,integration,3,0,38.66666667,40.66666667,2,6.08276253,17.70298264,20.7762607,3.073278054,2.705349934,39.33333333,6.666666667,5.333333333,20.66666667,15,25.66666667
S002473,structural_integration,integration,3,0,38.33333333,46.33333333,8,6.08276253,29.37952149,41.7192023,12.33968082,5.629496069,35.66666667,14.33333333,10.66666667,5,6.666666667,39.66666667
S002474,structural_integration,integration,3,0,67.33333333,67.33333333,0,7.937253933,31.84035802,32.35414193,0.5137839084,7.809841461,43.66666667,8.333333333,8.333333333,8.666666667,22.66666667,44.66666667
S002475,structural_integration,integration,3,0,74.33333333,73.66666667,-0.6666666667,1.154700538,27.9527026,28.17111635,0.2184137502,0.2002549527,37,15,16,23.33333333,24.66666667,49
S002476,structural_integration,integration,3,0,55,55,0,4,21.47720414,24.59226165,3.115057505,0.2074804506,34.66666667,6.333333333,1.333333333,9,5.333333333,49.66666667
S002477,structural_integration,integration,3,0,81,80.33333333,-0.6666666667,3.511884584,55.44909551,56.49750566,1.048410159,1.98635289,42,12,13,18.66666667,10,70.33333333
S002478,structural_integration,integration,3,0,82.33333333,85,2.666666667,7.234178138,36.42519977,33.97624449,-2.448955276,1.555033805,34,11.66666667,27.66666667,26.33333333,33,52
S002479,structural_integration,integration,3,0,54.66666667,52,-2.666666667,11.54700538,18.11759227,19.56007426,1.442481988,1.821317185,37.66666667,5.333333333,4.333333333,8,11.33333333,40.66666667
S002480,structural_integration,integration,3,0,119.3333333,126.3333333,7,4.358898944,79.57845163,99.29692223,19.71847059,11.92125537,30.33333333,9.333333333,24,27,41,85.33333333
S002481,structural_integration,integration,3,0,60.66666667,58,-2.666666667,0.5773502692,22.88449789,27.05820408,4.173706189,0.1673272221,30,6,9,17.33333333,9,49
S002482,structural_integration,integration,3,0,49,49.33333333,0.3333333333,3.214550254,22.71782294,23.11641542,0.3985924813,1.190945883,44.66666667,5.666666667,6.333333333,14,5.333333333,44
S002483,structural_integration,integration,3,0,86,88.33333333,2.333333333,3.214550254,38.94463262,37.39010358,-1.554529039,2.103533619,42,12.66666667,21.66666667,44.33333333,30.33333333,58
S002484,structural_integration,integration,3,0,57.66666667,65,7.333333333,13.65039682,19.03083126,22.04803644,3.017205175,3.055748101,43,6,6.333333333,11,6.666666667,58.33333333
S002485,structural_integration,integration,3,0,46,47,1,2.645751311,13.63655121,15.13706203,1.500510813,1.709206392,37.66666667,5,2.666666667,11,14,33
S002486,structural_integration,integration,3,0,194.6666667,204.3333333,9.666666667,4.509249753,69.83871159,87.03791295,17.19920136,3.66120432,34.33333333,15.66666667,24.66666667,40.33333333,90.33333333,114
S002487,structural_integration,integration,3,0,56.33333333,57,0.6666666667,3.785938897,19.90868762,17.81489229,-2.093795321,2.282953663,35.33333333,13.33333333,14.66666667,30.66666667,31.66666667,25.33333333
S002488,structural_integration,integration,3,0,58,69.66666667,11.66666667,11.59022577,17.67506109,18.33061008,0.6555489923,1.459466918,30,7.666666667,15.33333333,27.33333333,19,50.66666667
S002489,structural_integration,integration,3,0,160.3333333,138,-22.33333333,15.17673658,69.62512393,71.37106365,1.745939716,12.09268355,31.66666667,9,39.66666667,26,61,77
S002490,structural_integration,integration,3,0,57.33333333,64.66666667,7.333333333,1.154700538,31.30823132,31.2154919,-0.09273941866,1.651130794,40.33333333,6.666666667,9.333333333,10.33333333,19.33333333,45.33333333
S002491,structural_integration,integration,3,0,56.33333333,56.66666667,0.3333333333,4.725815626,19.15396788,23.10091285,3.946944971,2.609528659,32.33333333,13.66666667,13.33333333,24.66666667,27.33333333,29.33333333
S002492,structural_integration,integration,3,0,66,65,-1,2,30.92231042,38.41546012,7.493149692,0.3956232336,30.66666667,8,20.33333333,32.66666667,27.33333333,37.66666667
S002493,structural_integration,integration,3,0,78,80.66666667,2.666666667,3.511884584,23.78505714,22.83157552,-0.9534816213,1.015651771,36.66666667,15.33333333,8.666666667,22.66666667,31.33333333,49.33333333
S002494,structural_integration,integration,3,0,73.66666667,72.33333333,-1.333333333,3.055050463,26.64536712,29.48216519,2.836798069,0.824642311,35.66666667,11.33333333,7.666666667,13,23.33333333,49
S002495,structural_integration,integration,3,0,127,125.3333333,-1.666666667,7.023769169,61.08119154,57.12304258,-3.958148954,3.040846802,36.33333333,10,13.66666667,21.66666667,39,86.33333333
S002496,structural_integration,integration,3,0,85,75.66666667,-9.333333333,9.073771726,37.28588483,32.58949101,-4.696393816,3.863919182,42.33333333,10.66666667,19,23.33333333,34.66666667,41
S002497,structural_integration,integration,3,0,70.33333333,69,-1.333333333,6.658328118,17.2847897,16.29722232,-0.987567377,2.483049157,19,6,6.333333333,17.66666667,29.66666667,39.33333333
S002498,structural_integration,integration,3,0,45.33333333,41.33333333,-4,7.810249676,20.04952029,20.29604569,0.2465253999,2.18694293,43.66666667,7,4,13.66666667,13.33333333,28
S002499,structural_integration,integration,3,0,43.33333333,34.66666667,-8.666666667,5.131601439,22.94240415,18.73273983,-4.209664314,3.282383449,43,4.333333333,2,4.666666667,3,31.66666667
S002500,structural_integration,integration,3,0,98.33333333,96.66666667,-1.666666667,20.40424792,44.45756413,55.10479592,10.64723178,8.546845627,39.33333333,14,14.33333333,23.66666667,17,79.66666667
S002501,structural_integration,integration,3,0,129.3333333,123,-6.333333333,9.291573243,59.40416474,71.85604173,12.45187699,7.629969738,44,10.66666667,25,36.33333333,34.33333333,88.66666667
S002502,structural_integration,integration,3,0,77,73.33333333,-3.666666667,6.658328118,30.96038177,30.92369933,-0.03668243885,3.412634329,45,7.333333333,10.66666667,20,12.33333333,61
S002503,structural_integration,integration,3,0,72.33333333,68.33333333,-4,2,30.5330675,31.66228312,1.129215612,1.652875654,35.66666667,5,5.333333333,6.666666667,18,50.33333333
S002504,structural_integration,integration,3,0,63,69.33333333,6.333333333,9.291573243,41.00846082,42.06570306,1.057242234,2.127186191,29,17.66666667,13.66666667,16.33333333,21,48.33333333
S002505,structural_integration,integration,3,0,122.3333333,117.6666667,-4.666666667,14.571662,33.00522889,32.6339989,-0.3712299824,3.937261117,34.33333333,15.33333333,13.33333333,37,47,70.66666667
S002506,structural_integration,integration,3,0,148.3333333,161.3333333,13,17.34935157,45.189116,48.66788058,3.478764588,3.697905454,38.66666667,13.33333333,17.66666667,39,44.33333333,117
S002507,structural_integration,integration,3,0,100.3333333,95.33333333,-5,7.937253933,40.10345068,33.07865499,-7.024795691,2.168093187,29.33333333,10.33333333,6.666666667,23.33333333,52.33333333,43
S002508,structural_integration,integration,3,0,77.66666667,82.33333333,4.666666667,8.504900548,36.13671458,47.61358541,11.47687083,2.174716466,36.33333333,11,13.66666667,22,29.66666667,52.66666667
S002509,structural_integration,integration,3,0,57.66666667,58,0.3333333333,1.527525232,20.88027887,22.2729685,1.39268963,2.803065356,39.66666667,6.333333333,6,26,15,43
S002510,structural_integration,integration,3,0,91,91.66666667,0.6666666667,13.31665624,47.70368954,46.25728864,-1.446400908,8.193575478,27,8,12.33333333,16.33333333,17,74.66666667
S002511,structural_integration,integration,3,0,94,94.66666667,0.6666666667,0.5773502692,34.61327712,32.7278452,-1.885431915,0.4791136259,49,7.333333333,19.33333333,31,26,68.66666667
S002512,structural_integration,integration,3,0,97.33333333,100.6666667,3.333333333,9.073771726,25.86004198,28.02478654,2.164744564,1.805437233,40,11.33333333,27.66666667,43,40.33333333,60.33333333
S002513,structural_integration,integration,3,0,87.33333333,89.33333333,2,1.732050808,32.55035176,39.46467003,6.914318266,4.76642258,37.33333333,11,16.66666667,58,38.33333333,51
S002514,structural_integration,integration,3,0,30.66666667,30.33333333,-0.3333333333,1.527525232,15.66595681,15.79263374,0.1266769294,0.3017109209,36.33333333,9,3.666666667,8.333333333,8.666666667,21.66666667
S002515,structural_integration,integration,3,0,91.33333333,91.66666667,0.3333333333,1.154700538,35.34705289,38.01190902,2.664856128,0.8797236906,34,10,11,28.33333333,18,73.66666667
S002516,structural_integration,integration,3,0,98,98,0,3.605551275,23.54497452,29.08693509,5.541960571,1.937767195,37.66666667,14,42.33333333,51.33333333,49,49
S002517,structural_integration,integration,3,0,84,85,1,5.196152423,17.21263853,16.25543868,-0.9571998474,2.186015493,35.66666667,8.666666667,9,34,43,42
S002518,structural_integration,integration,3,0,73,68,-5,6.92820323,34.83211299,41.53007888,6.697965896,3.200317216,30,7.666666667,5.666666667,13,24,44
S002519,structural_integration,integration,3,0,110.6666667,115,4.333333333,4.163331999,30.5473937,30.22550326,-0.3218904454,0.6558614979,20.33333333,15.33333333,57,61,33,82
S002520,structural_integration,integration,3,0,100.3333333,105.6666667,5.333333333,16.28905563,33.87816085,45.8287316,11.95057074,4.86048039,37,11.33333333,15.33333333,21,32.33333333,73.33333333
S002521,structural_integration,integration,3,0,78.66666667,82,3.333333333,20.10804151,16.5597748,18.3297148,1.76994,1.607147013,29.33333333,13.33333333,40.33333333,65.33333333,40.33333333,41.66666667
S002522,structural_integration,integration,3,0,127.6666667,124.3333333,-3.333333333,19.55334583,81.05394137,90.99647197,9.942530605,11.01778299,26,13.33333333,18.33333333,56,32,92.33333333
S002523,structural_integration,integration,3,0,52,61.66666667,9.666666667,7.371114796,28.05069552,32.48584978,4.435154257,1.218495563,42.33333333,7,8.666666667,24.33333333,15.33333333,46.33333333
S002524,structural_integration,integration,3,0,67.33333333,67.33333333,0,0,30.16858554,32.06489953,1.896313985,0.1971128381,38,13.33333333,4.666666667,18,23.33333333,44
S002525,structural_integration,integration,3,0,72,75.33333333,3.333333333,7.571877794,24.29299847,31.66223976,7.369241292,3.511305379,29.66666667,7,11.33333333,31,29.33333333,46
S002526,structural_integration,integration,3,0,112.3333333,128.3333333,16,23.43074903,34.31355862,43.71245509,9.398896471,4.688108533,41.66666667,12.33333333,15.66666667,22,64,64.33333333
S002527,structural_integration,integration,3,0,32.33333333,30,-2.333333333,4.163331999,9.991724999,8.130811739,-1.86091326,2.106613331,30.66666667,10.33333333,11,10.33333333,9.333333333,20.66666667
S002528,structural_integration,integration,3,0,78.33333333,79.33333333,1,18.08314132,33.29342047,32.94935094,-0.3440695276,8.123243838,39,7.333333333,11.66666667,19.66666667,14.66666667,64.66666667
S002529,structural_integration,integration,3,0,101.3333333,97,-4.333333333,16.28905563,46.22152623,40.67392239,-5.547603838,9.280247851,18.66666667,10.66666667,4.666666667,24.33333333,41.66666667,55.33333333
S002530,structural_integration,integration,3,0,116.6666667,110.3333333,-6.333333333,9.712534856,57.92371183,64.27372878,6.350016941,6.300047943,48,7,15.33333333,23,21.66666667,88.66666667
S002531,structural_integration,integration,3,0,65.66666667,65.66666667,0,11.26942767,32.5653579,39.59571041,7.030352509,7.167312643,35.66666667,9.333333333,22.66666667,54.33333333,22,43.66666667
S002532,structural_integration,integration,3,0,69.33333333,67,-2.333333333,2.081665999,27.33991863,32.4198701,5.079951471,4.053305864,29.66666667,7.333333333,6.333333333,11.66666667,17.66666667,49.33333333
S002533,structural_integration,integration,3,0,78.33333333,78.33333333,0,0,36.16006352,37.94038661,1.780323093,0.09794777901,32.66666667,17.33333333,16.33333333,29.33333333,17,61.33333333
S002534,structural_integration,integration,3,0,91.33333333,93,1.666666667,7.094598885,30.06700475,38.19623716,8.12923241,1.158982685,24,9.666666667,5.666666667,10.33333333,20,73
S002535,structural_integration,integration,3,0,88,87.66666667,-0.3333333333,4.163331999,51.70251098,55.62199971,3.919488734,3.080459617,42.66666667,7.666666667,19.33333333,25.66666667,25.66666667,62
S002536,structural_integration,integration,3,0,69,70.66666667,1.666666667,3.511884584,35.37942879,41.83349117,6.45406238,3.735328764,36.33333333,5.666666667,15.66666667,28.66666667,29.33333333,41.33333333
S002537,structural_integration,integration,3,0,105,94,-11,12.489996,24.29514643,23.04991582,-1.245230608,2.828369041,22.33333333,12.33333333,18.66666667,23,30.33333333,63.66666667
S002538,structural_integration,integration,3,0,65.33333333,62.33333333,-3,8.185352772,18.74608094,19.31466581,0.5685848653,1.608130296,40.33333333,13.66666667,17,20,15,47.33333333
S002539,structural_integration,integration,3,0,49.66666667,58.33333333,8.666666667,4.509249753,26.20212169,41.9406968,15.73857511,7.769101969,41.33333333,10,5.666666667,16.33333333,11.33333333,47
S002540,structural_integration,integration,3,0,89.33333333,86.66666667,-2.666666667,3.785938897,44.48997954,45.3879401,0.8979605634,3.499221135,39.33333333,7,5.666666667,10.33333333,33.33333333,53.33333333
S002541,structural_integration,integration,3,0,51,51,0,10.14889157,26.65228282,29.76229994,3.110017114,2.897334177,29.66666667,8,11.33333333,15.66666667,10.66666667,40.33333333
S002542,structural_integration,integration,3,0,57.66666667,58,0.3333333333,2.081665999,20.83591401,26.10650097,5.270586956,1.89664962,31.33333333,12.66666667,6.333333333,6.666666667,18.66666667,39.33333333
S002543,structural_integration,integration,3,0,48.66666667,52,3.333333333,6.110100927,29.27330675,30.74578549,1.47247874,2.372800025,38.33333333,8.333333333,6,7.333333333,14.66666667,37.33333333
S002544,structural_integration,integration,3,0,102.3333333,101.3333333,-1,4,25.83687024,32.90489715,7.06802691,1.927469214,32,7.666666667,26.66666667,41.33333333,34,67.33333333
S002545,structural_integration,integration,3,0,109.3333333,99.66666667,-9.666666667,7.505553499,26.07575807,29.3353948,3.25963673,1.942956015,40,4.666666667,7,13.66666667,34,65.66666667
S002546,structural_integration,integration,3,0,99.66666667,100.6666667,1,3,30.01141367,29.2039094,-0.8075042759,1.322887204,22,14.66666667,26.33333333,45.33333333,39,61.66666667
S002547,structural_integration,integration,3,0,104.6666667,106.6666667,2,7,43.75887953,41.89628818,-1.86259135,3.753818285,39.33333333,11.33333333,15,15.66666667,16.66666667,90
S002548,structural_integration,integration,3,0,106,110,4,13.11487705,46.83668358,47.00693625,0.1702526659,6.662994257,38,16.33333333,16,53,28.33333333,81.66666667
S002549,structural_integration,integration,3,0,106.3333333,102,-4.333333333,3.785938897,56.20909759,63.05808951,6.848991919,1.538182847,39.33333333,10,23,20.66666667,40.66666667,61.33333333
S002550,structural_integration,integration,3,0,81,80,-1,2.645751311,20.28589292,21.27473746,0.9888445402,0.7353834447,28.33333333,9.333333333,14,31,33.66666667,46.33333333
S002551,structural_integration,integration,3,0,98,95.66666667,-2.333333333,9.504384953,28.06136708,37.19837768,9.137010601,4.103152124,46.66666667,10.66666667,13.66666667,21.33333333,32,63.66666667
S002552,structural_integration,integration,3,0,47,45,-2,2,28.87844985,26.91240481,-1.966045041,0.8840617883,37.33333333,7.666666667,4.333333333,10.33333333,6.666666667,38.33333333
S002553,structural_integration,integration,3,0,80,86,6,6.08276253,19.47243089,26.11363055,6.641199662,0.2703326057,43.66666667,6.333333333,12,24.66666667,21.66666667,64.33333333
S002554,structural_integration,integration,3,0,54.66666667,56.33333333,1.666666667,5.507570547,20.59370054,20.36806834,-0.2256322012,1.763484959,39.66666667,5,11.33333333,18.66666667,22,34.33333333
S002555,structural_integration,integration,3,0,88,93.33333333,5.333333333,17.67295486,19.90114356,21.36837875,1.467235185,3.46716147,40.66666667,11.33333333,27.33333333,64.33333333,43.33333333,50
S002556,structural_integration,integration,3,0,201.3333333,200.6666667,-0.6666666667,0.5773502692,59.06339349,55.54106599,-3.522327507,0.1701400401,47.66666667,3,83.33333333,97,117.3333333,83.33333333
S002557,structural_integration,integration,3,0,105,104,-1,5.291502622,41.72425079,44.16156455,2.437313764,2.685413627,39.66666667,12,14,19,47,57
S002558,structural_integration,integration,3,0,85.33333333,87,1.666666667,2.081665999,32.51305655,48.27415526,15.76109871,2.650003084,32.33333333,8.666666667,22,28.66666667,27,60
S002559,structural_integration,integration,3,0,92.66666667,91.66666667,-1,14,25.51542624,27.42460155,1.909175309,4.52050566,33,11,36.33333333,48.33333333,50.66666667,41
S002560,structural_integration,integration,3,0,74.66666667,78.66666667,4,11.35781669,45.67629586,46.52751084,0.8512149865,8.94455641,47,7.666666667,13.33333333,21.66666667,19.33333333,59.33333333
S002561,structural_integration,integration,3,0,91.33333333,101.6666667,10.33333333,14.36430762,20.82943036,29.93999883,9.110568468,3.456228504,20.66666667,10.33333333,22.66666667,28,42,59.66666667
S002562,structural_integration,integration,3,0,71.33333333,78.33333333,7,19.31320792,15.04249317,17.53876818,2.496275007,1.867316881,44,12.33333333,20.66666667,20,29,49.33333333
S002563,structural_integration,integration,3,0,41.66666667,41.66666667,0,0,17.69802511,17.19653512,-0.5014899931,0.1638904745,34.66666667,6,4.666666667,11.33333333,20.33333333,21.33333333
S002564,structural_integration,integration,3,0,39.66666667,39.66666667,0,0,15.15941109,16.2865097,1.127098615,0.1392336307,39,5.666666667,5,12,15,24.66666667
S002565,structural_integration,integration,3,0,57.33333333,59.66666667,2.333333333,3.214550254,15.5946043,18.00058205,2.405977759,0.8840747995,41.66666667,11,6.666666667,10.66666667,22.66666667,37
S002566,structural_integration,integration,3,0,54,54.66666667,0.6666666667,3.785938897,20.30485537,24.69055113,4.385695766,2.789828721,29.33333333,11.33333333,15.33333333,28.66666667,26.33333333,28.33333333
S002567,structural_integration,integration,3,0,80.33333333,79.33333333,-1,9.539392014,27.29650205,31.38341832,4.08691627,3.683803993,38,13,10.66666667,15.66666667,30,49.33333333
S002568,structural_integration,integration,3,0,65.33333333,65,-0.3333333333,2.081665999,23.19478713,21.8295598,-1.365227334,0.7367822715,35,9,4.666666667,18,13.66666667,51.33333333
S002569,structural_integration,integration,3,0,58,56,-2,3,23.96172086,24.11449907,0.1527782045,0.2068417523,34.66666667,8,4.666666667,5,18.33333333,37.66666667
S002570,structural_integration,integration,3,0,97.66666667,101.3333333,3.666666667,9.504384953,39.48939145,45.312628,5.823236553,2.944520926,29,12.33333333,12.66666667,41,43.66666667,57.66666667
S002571,structural_integration,integration,3,0,111,103.6666667,-7.333333333,7.094598885,22.04215814,21.9708391,-0.07131903084,1.686406376,29,14,12.33333333,17.66666667,48.66666667,55
S002572,structural_integration,integration,3,0,151.6666667,152,0.3333333333,4.163331999,58.36594876,66.6019167,8.235967938,1.46728618,45,7,21.66666667,31.66666667,79.33333333,72.66666667
S002573,structural_integration,integration,3,0,58.66666667,66.66666667,8,10.58300524,17.88976477,21.11208491,3.222320146,3.02161314,43.66666667,4.333333333,9.333333333,9.333333333,17.33333333,49.33333333
S002574,structural_integration,integration,3,0,75.66666667,82.66666667,7,10.44030651,26.09676832,30.72744739,4.630679066,2.623560982,39.33333333,9.666666667,36.66666667,36.66666667,20.33333333,62.33333333
S002575,structural_integration,integration,3,0,78.33333333,81,2.666666667,12.42309677,48.82834116,44.57826278,-4.25007838,5.040957613,44.66666667,8.333333333,12.66666667,11,13.66666667,67.33333333
S002576,structural_integration,integration,3,0,56.66666667,59,2.333333333,0.5773502692,18.39799197,25.14771404,6.749722068,4.291518946,40,10.66666667,8,15,13,46
S002577,structural_integration,integration,3,0,89,83.33333333,-5.666666667,5.131601439,50.64468389,47.39908867,-3.245595215,9.114736436,36.33333333,14.33333333,18,38.66666667,20,63.33333333
S002578,structural_integration,integration,3,0,101.3333333,98,-3.333333333,0.5773502692,46.23286553,46.11057942,-0.1222861095,1.765960054,34,13.33333333,27.66666667,32.33333333,27.66666667,70.33333333
S002579,structural_integration,integration,3,0,60.33333333,59.33333333,-1,1.732050808,34.372431,36.46917648,2.096745488,0.7176976714,41,11,13,20,6.333333333,53
S002580,structural_integration,integration,3,0,128.6666667,146.3333333,17.66666667,21.96208855,62.5486007,85.71352603,23.16492532,5.870121602,36.33333333,13,33.66666667,49.33333333,61.66666667,84.66666667
S002581,structural_integration,integration,3,0,81,86.66666667,5.666666667,14.15391583,21.31153143,24.17707768,2.865546249,1.864452798,40.66666667,7.333333333,12,16.33333333,37.33333333,49.33333333
S002582,structural_integration,integration,3,0,78.66666667,70.66666667,-8,14.93318452,30.09098222,33.18659987,3.095617651,6.660085106,33.33333333,11,13.33333333,18,28.33333333,42.33333333
S002583,structural_integration,integration,3,0,95,93.33333333,-1.666666667,15.14375559,26.15720302,28.32164895,2.164445926,2.629378494,42,7,7.333333333,11.33333333,19,74.33333333
S002584,structural_integration,integration,3,0,118.6666667,122.3333333,3.666666667,13.31665624,38.54233832,45.70080179,7.158463468,4.136869213,38,11,9.333333333,31.33333333,47.33333333,75
S002585,structural_integration,integration,3,0,155,148,-7,12,46.38836157,47.82405381,1.435692244,2.499090327,33.33333333,15.66666667,39.33333333,50,55.33333333,92.66666667
S002586,structural_integration,integration,3,0,62.66666667,69.66666667,7,12.12435565,28.76878436,35.78978301,7.020998655,5.483425233,28.33333333,17.66666667,24,14,27,42.66666667
S002587,structural_integration,integration,3,0,115.6666667,116,0.3333333333,0.5773502692,24.92248696,29.97826455,5.055777594,0.6941484971,41.66666667,8.666666667,22.33333333,27.33333333,67,49
S002588,structural_integration,integration,3,0,178.3333333,199.3333333,21,42.67317659,42.74794056,50.90298473,8.155044177,6.497442022,44.33333333,10,33.33333333,58.33333333,74,125.3333333
S002589,structural_integration,integration,3,0,142.3333333,147,4.666666667,13.57694124,34.90048127,38.59428387,3.693802603,1.156657712,43,14.66666667,26.33333333,39.33333333,58.66666667,88.33333333
S002590,structural_integration,integration,3,0,66.66666667,60,-6.666666667,13.0128142,21.56754894,20.20494948,-1.362599457,4.735526314,35.66666667,7.666666667,11,18.33333333,25.33333333,34.66666667
S002591,structural_integration,integration,3,0,60.66666667,62,1.333333333,2.309401077,25.42549165,23.15934102,-2.266150629,1.239657633,40.33333333,11.66666667,17.33333333,28.33333333,17.66666667,44.33333333
S002592,structural_integration,integration,3,0,95,74.66666667,-20.33333333,15.27525232,45.6738794,47.22149433,1.547614933,6.766489451,31.66666667,7,15.33333333,21.66666667,25.33333333,49.33333333
S002593,structural_integration,integration,3,0,130,127.3333333,-2.666666667,8.082903769,42.90707243,43.80243182,0.8953593825,1.68049384,34.66666667,9,20.33333333,19,76,51.33333333
S002594,structural_integration,integration,3,0,47.33333333,49,1.666666667,2.081665999,22.98315736,22.55562041,-0.4275369536,0.4366198009,39,8.666666667,4.666666667,3.333333333,13,36
S002595,structural_integration,integration,3,0,81,77.33333333,-3.666666667,5.131601439,19.02559853,22.79031276,3.764714235,3.038147101,40,12.66666667,10.66666667,25,30.33333333,47
S002596,structural_integration,integration,3,0,68,65.66666667,-2.333333333,16.07275127,17.76560965,22.4165716,4.650961957,3.526137332,44.33333333,8,10.33333333,16.66666667,26.66666667,39
S002597,structural_integration,integration,3,0,89.33333333,88,-1.333333333,6.027713773,22.53893373,25.39361797,2.854684233,1.436307642,39.33333333,11.33333333,10.66666667,34.66666667,29,59
S002598,structural_integration,integration,3,0,39.33333333,38,-1.333333333,0.5773502692,14.05537224,17.21173704,3.156364804,0.9225706467,38,10,4.666666667,10.33333333,10.66666667,27.33333333
S002599,structural_integration,integration,3,0,52.66666667,59.33333333,6.666666667,11.2398102,28.19217271,28.62534498,0.4331722697,4.092393533,36.66666667,12,7.333333333,12,11.66666667,47.66666667
S002600,structural_integration,integration,3,0,55.66666667,56,0.3333333333,11.2398102,20.68303549,27.30579766,6.622762169,2.300297575,42.66666667,4.666666667,5,18.66666667,15.66666667,40.33333333
S002601,structural_integration,integration,3,0,84.33333333,90,5.666666667,8.96288644,36.80126851,49.06472697,12.26345845,2.041286914,25.33333333,11.66666667,19.66666667,21,23.33333333,66.66666667
S002602,structural_integration,integration,3,0,47,51,4,7.211102551,36.0755718,47.45515993,11.37958814,3.548264469,39.33333333,3.666666667,4,14.33333333,7.333333333,43.66666667
S002603,structural_integration,integration,3,0,63.66666667,59.66666667,-4,6.244997998,25.44336967,20.98411734,-4.459252332,1.599682405,41.66666667,5,5.666666667,7.333333333,23.66666667,36
S002604,structural_integration,integration,3,0,57.33333333,61.33333333,4,6,22.47866841,32.16957914,9.690910726,5.45374945,39.33333333,13.66666667,21.33333333,28,13.33333333,48
S002605,structural_integration,integration,3,0,98,95.66666667,-2.333333333,5.507570547,27.7114892,27.22816935,-0.4833198505,1.114963708,41.33333333,12.66666667,14,24,18,77.66666667
S002606,structural_integration,integration,3,0,115.6666667,120.3333333,4.666666667,10.11599394,55.99038663,77.92400948,21.93362285,8.986749989,42,5.666666667,19.33333333,26.66666667,35.66666667,84.66666667
S002607,structural_integration,integration,3,0,36.33333333,32.66666667,-3.666666667,4.041451884,16.54818232,15.26054159,-1.287640724,1.808496488,43.66666667,3,4,7.333333333,6,26.66666667
S002608,structural_integration,integration,3,0,96,96,0,0,17.33667185,19.85863286,2.521961008,0.3375928071,35.33333333,10,36,39.66666667,52.66666667,43.33333333
S002609,structural_integration,integration,3,0,78.33333333,85.66666667,7.333333333,12.05542755,45.13525499,50.23857158,5.103316594,6.965743092,31.66666667,11,14,18.66666667,22,63.66666667
S002610,structural_integration,integration,3,0,152.6666667,154.6666667,2,9.643650761,77.27764203,95.53988803,18.262246,5.304302459,35,14,41,53,67,87.66666667
S002611,structural_integration,integration,3,0,50.33333333,51.33333333,1,4.582575695,12.31289052,15.24451134,2.931620825,1.794417105,28.33333333,8,3.333333333,8.666666667,21.66666667,29.66666667
S002612,structural_integration,integration,3,0,102.6666667,94,-8.666666667,11.93035345,56.38431348,50.20517772,-6.179135758,5.362313561,41.33333333,8.333333333,14.33333333,24,17.33333333,76.66666667
S002613,structural_integration,integration,3,0,47.66666667,46,-1.666666667,0.5773502692,26.36789722,31.08584309,4.717945867,1.221031054,42,6.666666667,3.666666667,11.33333333,12.66666667,33.33333333
S002614,structural_integration,integration,3,0,79.66666667,77.33333333,-2.333333333,3.055050463,50.63367272,47.26810826,-3.365564462,1.643320034,34.33333333,6.333333333,5.666666667,7.666666667,17,60.33333333
S002615,structural_integration,integration,3,0,43.66666667,46.33333333,2.666666667,3.511884584,21.36614367,26.07314444,4.707000769,1.786630981,40.33333333,5.666666667,2.666666667,8.333333333,9.333333333,37
S002616,structural_integration,integration,3,0,62.66666667,63,0.3333333333,3.214550254,20.52309916,19.48658566,-1.036513503,1.439091309,33.33333333,5.333333333,5,13,28.33333333,34.66666667
S002617,structural_integration,integration,3,0,72,72,0,1.732050808,39.54316888,36.21374498,-3.329423902,1.435207439,42,5,24,18.66666667,21,51
S002618,structural_integration,integration,3,0,59.66666667,52.66666667,-7,9.539392014,20.63159487,26.50977689,5.878182018,2.874406793,23.66666667,13.33333333,12.66666667,37.33333333,17.66666667,35
S002619,structural_integration,integration,3,0,90.66666667,90.66666667,0,18.33030278,51.72477218,42.96686368,-8.757908496,7.706008779,33.66666667,12,24.33333333,37.33333333,31.66666667,59
S002620,structural_integration,integration,3,0,82.66666667,79.66666667,-3,13.52774926,54.26155599,54.37920494,0.1176489516,9.988745393,37.33333333,11.66666667,14,38.33333333,16,63.66666667
S002621,structural_integration,integration,3,0,74.66666667,77,2.333333333,4.509249753,26.35252469,25.56024637,-0.7922783111,0.3980430273,41.33333333,8,12.66666667,22,20,57
S002622,structural_integration,integration,3,0,68,67.33333333,-0.6666666667,0.5773502692,28.27134041,35.97408936,7.702748948,3.623888549,35,7.666666667,6.666666667,9.666666667,16.33333333,51
S002623,structural_integration,integration,3,0,194.6666667,203,8.333333333,24.68467811,74.81854921,92.23947283,17.42092362,13.77283636,28.66666667,6,45,42,38.66666667,164.3333333
S002624,structural_integration,integration,3,0,43,42.66666667,-0.3333333333,1.527525232,24.02544501,24.20087506,0.1754300494,0.5059603791,41,8.666666667,9.666666667,14,12.66666667,30
S002625,structural_integration,integration,3,0,103.3333333,104,0.6666666667,4.041451884,54.18118615,62.6601108,8.478924654,3.072152602,25.33333333,8.333333333,20.33333333,29.66666667,29,75
S002626,structural_integration,integration,3,0,126.3333333,123.6666667,-2.666666667,8.144527815,61.42999385,80.51899052,19.08899667,8.276535044,39,14,32,63.66666667,44,79.66666667
S002627,structural_integration,integration,3,0,55,54.66666667,-0.3333333333,5.033222957,32.65531943,37.73959779,5.084278357,2.052245967,35.66666667,8.333333333,6,24.66666667,11,43.66666667
S002628,structural_integration,integration,3,0,38.33333333,39.33333333,1,2,21.46114484,23.81478821,2.353643373,1.421409222,47.66666667,8.333333333,1.666666667,6.333333333,13,26.33333333
S002629,structural_integration,integration,3,0,72.33333333,74.33333333,2,2,43.84639299,47.1598121,3.313419105,3.387090733,48.66666667,10,19.66666667,13,21.66666667,52.66666667
S002630,structural_integration,integration,3,0,59,60.66666667,1.666666667,10.0166528,38.06799321,43.37923885,5.311245641,2.882950445,47.66666667,7.666666667,9,13,9,51.66666667
S002631,structural_integration,integration,3,0,57.33333333,58.66666667,1.333333333,1.527525232,10.0542866,11.35024246,1.295955866,0.9398306877,31.33333333,10,14,27,25.33333333,33.33333333
S002632,structural_integration,integration,3,0,64,57.33333333,-6.666666667,9.018499506,24.58588627,27.34857021,2.762683942,2.573113664,46.33333333,5,10,11.33333333,19.33333333,38
S002633,structural_integration,integration,3,0,62.66666667,63.66666667,1,5.567764363,34.31851011,32.89245938,-1.426050731,3.75035036,44.33333333,8.666666667,5.666666667,12,20.66666667,43
S002634,structural_integration,integration,3,0,78.66666667,80,1.333333333,4.932882862,32.26378472,34.42936373,2.165579013,2.857137343,46.33333333,10,10.66666667,10.66666667,15.66666667,64.33333333
S002635,structural_integration,integration,3,0,116.6666667,118.6666667,2,17.57839583,75.181915,76.45922743,1.27731243,9.442645394,21.33333333,11,16.66666667,32.66666667,25.33333333,93.33333333
S002636,structural_integration,integration,3,0,68.33333333,66.66666667,-1.666666667,11.01514109,49.41150994,52.10630625,2.694796314,8.137527681,29.66666667,7,9,11.66666667,13.66666667,53
S002637,structural_integration,integration,3,0,60.33333333,62,1.666666667,0.5773502692,13.68337834,14.55912519,0.8757468525,0.3301578624,41,8.666666667,9.333333333,18,26.66666667,35.33333333
S002638,structural_integration,integration,3,0,57.33333333,61.33333333,4,6.92820323,14.72505313,15.98138236,1.256329224,1.32129304,42,6,9.666666667,22.66666667,30.66666667,30.66666667
S002639,structural_integration,integration,3,0,66,69.66666667,3.666666667,3.055050463,32.55741623,36.76285427,4.205438048,0.7391856247,34.33333333,8.666666667,11.66666667,18.33333333,24,45.66666667
S002640,structural_integration,integration,3,0,69.33333333,71,1.666666667,10.59874206,24.21481311,28.34948284,4.13466973,4.537058571,24.66666667,15.66666667,10.33333333,18.66666667,17.33333333,53.66666667
S002641,structural_integration,integration,3,0,39.66666667,40,0.3333333333,5.033222957,14.6235421,15.58087637,0.9573342635,1.561707162,41.66666667,6,9,15.33333333,13.33333333,26.66666667
S002642,structural_integration,integration,3,0,41.33333333,39.66666667,-1.666666667,1.527525232,25.92403323,27.99021434,2.06618111,1.990474292,42.33333333,10,9.666666667,13,7,32.66666667
S002643,structural_integration,integration,3,0,84.66666667,84.33333333,-0.3333333333,1.527525232,39.84513899,45.45180123,5.606662248,2.89502137,42.33333333,9.333333333,9,19,19.66666667,64.66666667
S002644,structural_integration,integration,3,0,87,85,-2,1,32.49889934,26.64055081,-5.858348531,0.5068803308,36.66666667,13.66666667,9,31.66666667,39.66666667,45.33333333
S002645,structural_integration,integration,3,0,72,74,2,4.582575695,20.45446571,19.12879645,-1.325669255,1.36367609,40.33333333,13.66666667,11,16,21.66666667,52.33333333
S002646,structural_integration,integration,3,0,130,146,16,4.582575695,87.15254337,129.6428218,42.49027846,7.352836611,27.33333333,8.333333333,11,28.33333333,32,114
S002647,structural_integration,integration,3,0,54.66666667,55.33333333,0.6666666667,7.094598885,16.50035318,18.86737858,2.367025407,1.311032074,42,7,6.666666667,25.66666667,18,37.33333333
S002648,structural_integration,integration,3,0,95.33333333,85.33333333,-10,12.12435565,42.78316869,36.84761523,-5.935553456,2.621466023,51.66666667,6.333333333,27.33333333,27.66666667,32.33333333,53
S002649,structural_integration,integration,3,0,93.33333333,96.33333333,3,13.22875656,33.18359965,36.48128323,3.297683589,6.825617673,33.33333333,8.666666667,11.66666667,26.33333333,19.66666667,76.66666667
S002650,structural_integration,integration,3,0,129.3333333,135.3333333,6,4.358898944,29.07135892,28.15815509,-0.9132038335,0.5320145548,30,8,8.666666667,27,74,61.33333333
S002651,structural_integration,integration,3,0,164,166.3333333,2.333333333,6.506407099,65.90203937,75.00006792,9.098028543,0.9769714042,31.66666667,16.33333333,70,62,73,93.33333333
S002652,structural_integration,integration,3,0,71.66666667,82.66666667,11,13.45362405,45.0813434,50.16233161,5.080988211,7.066052326,31,7.333333333,5.333333333,12,14.66666667,68
S002653,structural_integration,integration,3,0,64.33333333,60,-4.333333333,3.214550254,34.47069923,36.0289718,1.55827257,2.256202925,37,11.33333333,1.333333333,22,16.66666667,43.33333333
S002654,structural_integration,integration,3,0,69.66666667,71,1.333333333,17.0098011,34.8265044,35.69072637,0.8642219727,8.694980431,32,11.66666667,8.666666667,20.33333333,11,60
S002655,structural_integration,integration,3,0,41.33333333,39.66666667,-1.666666667,6.027713773,12.48168781,12.91946519,0.4377773751,1.47526749,43.66666667,5.333333333,4.666666667,10.66666667,8.333333333,31.33333333
S002656,structural_integration,integration,3,0,46.33333333,46,-0.3333333333,1.527525232,25.30400486,24.4442586,-0.8597462653,0.6884789912,44.33333333,9.666666667,6.666666667,9.333333333,6.666666667,39.33333333
S002657,structural_integration,integration,3,0,56.33333333,52,-4.333333333,5.507570547,24.34029463,27.69973947,3.359444839,1.496086284,25.66666667,10.33333333,4.333333333,9,19,33
S002658,structural_integration,integration,3,0,96,91.66666667,-4.333333333,11.15048579,30.95207591,34.69379053,3.741714621,4.782650733,30,11,9,13.33333333,14.66666667,77
S002659,structural_integration,integration,3,0,139.3333333,137,-2.333333333,12.34233905,73.19547411,97.81361048,24.61813637,5.390770861,28,16.66666667,19,64,42,95
S002660,structural_integration,integration,3,0,64.33333333,68.33333333,4,13.07669683,24.79032472,26.03697004,1.246645324,4.281506075,45,8.333333333,9,22,13.33333333,55
S002661,structural_integration,integration,3,0,59,57.33333333,-1.666666667,2.081665999,17.66068527,18.65265595,0.9919706858,0.3304105704,41,11.33333333,15,14.66666667,25.66666667,31.66666667
S002662,structural_integration,integration,3,0,65.33333333,74,8.666666667,5.033222957,27.99203902,28.55285507,0.5608160464,0.7155641536,30,14,8.666666667,35,26.33333333,47.66666667
S002663,structural_integration,integration,3,0,98.66666667,103.6666667,5,9.643650761,35.62916534,49.64167497,14.01250963,4.635378434,28.66666667,11.33333333,7,27.66666667,49,54.66666667
S002664,structural_integration,integration,3,0,103.3333333,100,-3.333333333,14.46835628,43.35545058,48.91672521,5.561274621,6.939369246,26.33333333,10.66666667,20.66666667,34,27.33333333,72.66666667
S002665,structural_integration,integration,3,0,126,130,4,6.92820323,23.70805189,23.48124296,-0.2268089334,0.2630788414,27.33333333,7,12.66666667,34,70,60
S002666,structural_integration,integration,3,0,56.33333333,58.33333333,2,1,30.45541305,35.77786117,5.322448124,3.305419128,37,15,8,12,24,34.33333333
S002667,structural_integration,integration,3,0,64.66666667,71.66666667,7,3.605551275,26.74480913,30.75241988,4.00761074,1.407027939,39.66666667,14,27.33333333,33.66666667,33.33333333,38.33333333
S002668,structural_integration,integration,3,0,53,57.33333333,4.333333333,9.291573243,29.02841023,30.00655168,0.9781414502,4.904779312,32,7.333333333,3.666666667,5,15.33333333,42
S002669,structural_integration,integration,3,0,106,100.6666667,-5.333333333,9.291573243,66.40238388,64.88629878,-1.516085094,3.974134574,29,8,12.66666667,38.66666667,19,81.66666667
S002670,structural_integration,integration,3,0,129,132.3333333,3.333333333,6.658328118,32.43050775,39.45622739,7.025719637,2.99865191,33.33333333,9.666666667,25.66666667,44,33,99.33333333
S002671,structural_integration,integration,3,0,60,50.66666667,-9.333333333,10.26320288,24.09761451,25.87578173,1.778167219,5.160513559,42.66666667,7.333333333,19,24.33333333,21.33333333,29.33333333
S002672,structural_integration,integration,3,0,141.6666667,165,23.33333333,6.506407099,58.56689912,92.35937436,33.79247524,2.305256805,27.33333333,15.66666667,30,96.33333333,52,113
S002673,structural_integration,integration,3,0,168.3333333,173,4.666666667,1.154700538,70.5883367,83.18162668,12.59328997,1.991928188,33.33333333,17,48.33333333,45,75.66666667,97.33333333
S002674,structural_integration,integration,3,0,53.66666667,57.33333333,3.666666667,6.506407099,32.05506467,32.39433916,0.3392744899,3.228945473,35.33333333,15.33333333,12.66666667,21,11.66666667,45.66666667
S002675,structural_integration,integration,3,0,50.66666667,50.33333333,-0.3333333333,7.767453465,22.51781007,26.19203667,3.6742266,4.116955769,44,10.66666667,10.33333333,17.66666667,16.33333333,34
S002676,structural_integration,integration,3,0,89.33333333,90,0.6666666667,3.055050463,56.14696214,64.06800053,7.921038393,4.843225235,34,13.66666667,26.33333333,34.33333333,20.66666667,69.33333333
S002677,structural_integration,integration,3,0,49.66666667,47.33333333,-2.333333333,0.5773502692,22.45040804,22.52536709,0.07495905408,0.3644734675,46.66666667,7,4.333333333,8.333333333,5.333333333,42
S002678,structural_integration,integration,3,0,60,66.33333333,6.333333333,8.326663998,26.32734242,31.98903645,5.66169403,2.613048499,41.33333333,5.666666667,11.33333333,20,12.66666667,53.66666667
S002679,structural_integration,integration,3,0,76.66666667,76.66666667,0,2.645751311,20.87037023,17.74269444,-3.127675787,1.480594041,40.33333333,11.33333333,20,41,29,47.66666667
S002680,structural_integration,integration,3,0,65.66666667,63.66666667,-2,5.567764363,24.74568486,23.41471349,-1.330971372,1.340709607,31.33333333,12,25.66666667,26,28.33333333,35.33333333
S002681,structural_integration,integration,3,0,47.66666667,41,-6.666666667,8.144527815,18.24403252,16.31561501,-1.928417514,1.773206289,31.66666667,10,12.66666667,19.33333333,7.666666667,33.33333333
S002682,structural_integration,integration,3,0,105,112.3333333,7.333333333,11.2398102,47.48688176,66.25116987,18.76428811,7.080709847,38.66666667,17,25.33333333,72.66666667,31.33333333,81
S002683,structural_integration,integration,3,0,90.66666667,89.66666667,-1,7.211102551,32.12671354,36.55764904,4.430935505,4.486746437,33,6.333333333,17.66666667,36.33333333,20,69.66666667
S002684,structural_integration,integration,3,0,66,70,4,4.582575695,29.69133855,33.51770222,3.826363667,1.693489809,38,9,11,17,21.66666667,48.33333333
S002685,structural_integration,integration,3,0,46.66666667,49.33333333,2.666666667,10.40833,14.74625024,19.43266569,4.686415453,2.587469309,37,10.66666667,12,26.33333333,11.33333333,38
S002686,structural_integration,integration,3,0,143.6666667,143.6666667,0,15.5241747,31.00386434,36.15143352,5.147569183,2.870562242,30.66666667,16.33333333,33.33333333,33.33333333,84,59.66666667
S002687,structural_integration,integration,3,0,89,89.66666667,0.6666666667,17.38773514,41.78514705,42.32681225,0.5416651956,7.880933228,30.66666667,16.33333333,11.66666667,23.66666667,39,50.66666667
S002688,structural_integration,integration,3,0,86.33333333,83.33333333,-3,6.92820323,35.95703183,36.05919706,0.1021652306,3.496465506,40.33333333,5.333333333,14.66666667,19.66666667,11.66666667,71.66666667
S002689,structural_integration,integration,3,0,157.6666667,159.6666667,2,13.07669683,68.63187719,81.07786034,12.44598315,7.240305812,31.66666667,17,79.66666667,93.66666667,51,108.6666667
S002690,structural_integration,integration,3,0,79.33333333,82.33333333,3,6.557438524,37.68355683,38.86584796,1.182291123,3.197305987,24,11.33333333,12,19.33333333,36.33333333,46
S002691,structural_integration,integration,3,0,52.33333333,50,-2.333333333,1.527525232,22.72441455,21.95703779,-0.7673767656,0.7117839358,38,11.66666667,8,11,7.666666667,42.33333333
S002692,structural_integration,integration,3,0,44.33333333,44.33333333,0,2,31.6635561,35.28343719,3.619881093,2.028410644,42.66666667,9,9.666666667,10,7.666666667,36.66666667
S002693,structural_integration,integration,3,0,106.6666667,101,-5.666666667,10.78579312,56.89689436,54.26731011,-2.629584248,6.811122061,41,8.666666667,13.33333333,19.33333333,27.66666667,73.33333333
S002694,structural_integration,integration,3,0,70.66666667,69,-1.666666667,3.214550254,29.0808983,24.83535635,-4.245541949,2.325740251,49,8.333333333,19.66666667,37,33.33333333,35.66666667
S002695,structural_integration,integration,3,0,199.6666667,207.3333333,7.666666667,2.886751346,74.30830769,84.20750027,9.89919258,2.267608062,28.33333333,17,31.33333333,56.66666667,70.66666667,136.6666667
S002696,structural_integration,integration,3,0,127.6666667,124,-3.666666667,3.511884584,31.96948323,39.71342172,7.743938489,0.961490524,35.33333333,17.66666667,22.66666667,36,64.66666667,59.33333333
S002697,structural_integration,integration,3,0,80.66666667,78,-2.666666667,11.54700538,36.32056492,39.30095492,2.980389998,4.972976149,30,18.66666667,12.66666667,29.33333333,28.66666667,49.33333333
S002698,structural_integration,integration,3,0,59.33333333,64.33333333,5,4.358898944,31.38161933,36.74488402,5.363264692,4.055545532,26.66666667,14,12.66666667,18.66666667,12.33333333,52
S002699,structural_integration,integration,3,0,103.6666667,102.6666667,-1,10.39230485,42.22875228,50.78041562,8.551663338,5.496182566,39.33333333,15,33.33333333,41.66666667,35.66666667,67
S002700,structural_full,full,3,0,67.66666667,91,23.33333333,8.504900548,20.78876084,28.88359751,8.094836676,0.9855418984,30,6.666666667,11.66666667,27,21,70
S002701,structural_full,full,3,0,89,129.3333333,40.33333333,20.0333056,28.36006801,38.72788247,10.36781446,6.070167495,35.33333333,13.66666667,53,98.33333333,53.33333333,76
S002702,structural_full,full,3,0,86.66666667,96.66666667,10,4.582575695,59.53614804,67.04013537,7.503987327,0.9742447434,26.66666667,16.66666667,21,22.66666667,16,80.66666667
S002703,structural_full,full,3,0,60,78,18,1.732050808,26.7296104,34.04660983,7.316999425,2.576338248,31,19,17.33333333,40,36.33333333,41.66666667
S002704,structural_full,full,3,0,79.66666667,96.33333333,16.66666667,8.504900548,29.69857519,38.79491774,9.096342557,1.177747406,36.66666667,10.66666667,7.333333333,23.33333333,34.66666667,61.66666667
S002705,structural_full,full,3,0,78.66666667,90.33333333,11.66666667,3.511884584,34.222116,33.99742686,-0.224689135,6.454831704,41.33333333,12.33333333,24.33333333,42.66666667,50.33333333,40
S002706,structural_full,full,3,0,132.3333333,217.6666667,85.33333333,14.04753834,58.20673766,93.98555283,35.77881517,10.23478938,28,13,53.33333333,48.33333333,114,103.6666667
S002707,structural_full,full,3,0,63.66666667,88,24.33333333,6.429100507,41.74853162,63.87956092,22.1310293,8.306373934,26,8.333333333,14.33333333,16.33333333,18.66666667,69.33333333
S002708,structural_full,full,3,0,75.66666667,95,19.33333333,11.93035345,26.19690757,30.14840813,3.951500562,2.900427115,38.33333333,11,22.33333333,20,44,51
S002709,structural_full,full,3,0,46,61,15,5,16.02352853,21.8857404,5.86221187,1.071118752,41.66666667,6.333333333,14,19,23.66666667,37.33333333
S002710,structural_full,full,3,0,38.33333333,43.66666667,5.333333333,4.618802154,11.81902821,14.62945539,2.810427184,1.251490658,28,8,15.66666667,16,8,35.66666667
S002711,structural_full,full,3,0,144,141.6666667,-2.333333333,6.429100507,58.96622589,68.90428171,9.93805582,5.167039416,24.66666667,14.66666667,26,33,60.33333333,81.33333333
S002712,structural_full,full,3,0,45.66666667,59,13.33333333,10.21436896,15.61878537,21.82765361,6.208868246,2.510491683,50,9,7,14,20,39
S002713,structural_full,full,3,0,93.66666667,140.3333333,46.66666667,20.50203242,22.56508618,30.82334974,8.25826356,1.679363576,36.66666667,14.33333333,52,66,67.33333333,73
S002714,structural_full,full,3,0,64.66666667,77.66666667,13,9,19.64638582,26.4873369,6.840951081,2.798560415,42.33333333,12,13.66666667,18,32.33333333,45.33333333
S002715,structural_full,full,3,0,96,105.6666667,9.666666667,12.50333289,55.16696241,66.76126418,11.59430177,8.300326845,31.66666667,12,23.33333333,43,42,63.66666667
S002716,structural_full,full,3,0,104,118,14,19.67231557,48.28695661,70.54218237,22.25522576,6.703626929,23.33333333,12.33333333,17.33333333,46,51.66666667,66.33333333
S002717,structural_full,full,3,0,58.33333333,78,19.66666667,13.31665624,26.67592756,43.09129273,16.41536516,3.848351105,26,18,19.33333333,21.33333333,28.33333333,49.66666667
S002718,structural_full,full,3,0,59.33333333,52,-7.333333333,7.767453465,34.53939925,37.73201627,3.192617029,3.759060312,48,4,8.333333333,11.66666667,13,39
S002719,structural_full,full,3,0,87.66666667,119,31.33333333,15.0443788,32.74227986,43.29246487,10.55018501,4.204711562,45.33333333,9.666666667,22.66666667,22,50.33333333,68.66666667
S002720,structural_full,full,3,0,59.33333333,71,11.66666667,3.055050463,33.8920953,35.22095366,1.328858359,1.900833494,31,14.33333333,9.666666667,20.66666667,16.66666667,54.33333333
S002721,structural_full,full,3,0,73,88.66666667,15.66666667,19.21804707,41.40372441,53.50082796,12.09710355,7.686694137,39,12,15,21.66666667,13,75.66666667
S002722,structural_full,full,3,0,118.3333333,199.6666667,81.33333333,28.30783166,48.51154997,94.82634962,46.31479965,7.856880127,30.33333333,16.33333333,40.33333333,58.66666667,55.33333333,144.3333333
S002723,structural_full,full,3,0,99.66666667,144.3333333,44.66666667,20.84066538,47.96558451,79.49724264,31.53165813,18.12264429,30.33333333,19.66666667,27.66666667,60.33333333,64.66666667,79.66666667
S002724,structural_full,full,3,0,88,121.3333333,33.33333333,27.93444707,28.90222181,46.94360597,18.04138416,8.770430806,27.66666667,8.666666667,8.666666667,33.33333333,49.66666667,71.66666667
S002725,structural_full,full,3,0,56,69.66666667,13.66666667,15.011107,21.8415408,29.86163653,8.020095737,5.705690383,42.66666667,13.33333333,8.333333333,13,16.66666667,53
S002726,structural_full,full,3,0,106,162.3333333,56.33333333,24.84619354,28.09412219,48.96420894,20.87008675,2.992136485,41,10.33333333,59.33333333,51.33333333,85,77.33333333
S002727,structural_full,full,3,0,61,66.33333333,5.333333333,11.67618659,19.67757558,20.32873314,0.6511575589,3.478105026,32.66666667,11,8.666666667,11,20.66666667,45.66666667
S002728,structural_full,full,3,0,61,84.33333333,23.33333333,23.15887159,26.04243214,31.15900534,5.116573199,7.604278056,33.66666667,13.66666667,15.66666667,17,13.33333333,71
S002729,structural_full,full,3,0,83,98.33333333,15.33333333,5.686240703,45.57884865,56.18360685,10.6047582,4.309667307,40.33333333,13,10,23.66666667,32.33333333,66
S002730,structural_full,full,3,0,54.66666667,80,25.33333333,30.43572462,27.63412987,48.8428239,21.20869403,16.73839731,45,6.666666667,13.66666667,15.66666667,17,63
S002731,structural_full,full,3,0,68.66666667,92.33333333,23.66666667,7.767453465,29.39182919,39.53966743,10.14783825,4.96685975,30,14,20.33333333,49.66666667,32.33333333,60
S002732,structural_full,full,3,0,50,63,13,6.08276253,23.41999888,28.57697639,5.15697751,3.171329486,37.66666667,14.66666667,9.333333333,7.666666667,21,42
S002733,structural_full,full,3,0,166.3333333,199.6666667,33.33333333,22.81081615,61.13055001,80.15902404,19.02847404,2.871980261,24,17.33333333,25,38,115.3333333,84.33333333
S002734,structural_full,full,3,0,56.33333333,58,1.666666667,4.618802154,37.42693807,45.74860049,8.321662424,5.271567711,39.66666667,9.666666667,4,9.666666667,11.33333333,46.66666667
S002735,structural_full,full,3,0,31.33333333,47.66666667,16.33333333,9.865765725,11.69359018,21.16713158,9.473541398,7.471853085,43,5,5.666666667,15.33333333,13.33333333,34.33333333
S002736,structural_full,full,3,0,102.6666667,135.6666667,33,29.51270913,23.80002816,34.34350528,10.54347713,9.529404105,41,10,32,48,65.33333333,70.33333333
S002737,structural_full,full,3,0,72.33333333,68.33333333,-4,6.557438524,35.36788797,32.27088052,-3.097007447,4.294828404,20.33333333,7,11.33333333,13,30,38.33333333
S002738,structural_full,full,3,0,96.66666667,120,23.33333333,21.38535324,50.69640632,69.01840001,18.32199369,7.8037653,42,6,16.66666667,20.33333333,21,99
S002739,structural_full,full,3,0,66,82.66666667,16.66666667,3.214550254,33.25768891,46.74098441,13.4832955,3.462018626,46.33333333,10,5.666666667,12,24,58.66666667
S002740,structural_full,full,3,0,51,55.33333333,4.333333333,4.725815626,14.93252254,19.20338602,4.270863475,0.819822079,40.33333333,9,5.333333333,11.66666667,8.666666667,46.66666667
S002741,structural_full,full,3,0,171,229.3333333,58.33333333,25.16611478,70.11376596,94.96292126,24.8491553,5.62881261,31,13,98.66666667,86.66666667,76.33333333,153
S002742,structural_full,full,3,0,88,94,6,16.52271164,15.57542714,20.82089587,5.245468731,3.148174056,33,8,32,47.66666667,41,53
S002743,structural_full,full,3,0,64.66666667,103.6666667,39,1,23.18044152,31.00492244,7.824480917,2.632207239,32.66666667,16,27.33333333,36.66666667,52.33333333,51.33333333
S002744,structural_full,full,3,0,163,191,28,11.13552873,49.34410883,69.58848151,20.24437268,3.855911733,28.66666667,6.333333333,37.33333333,71.66666667,54,137
S002745,structural_full,full,3,0,56,75.33333333,19.33333333,3.214550254,23.16419506,34.61764227,11.45344721,4.854279736,43.66666667,4,9.333333333,27,26.33333333,49
S002746,structural_full,full,3,0,87.33333333,79,-8.333333333,4.618802154,43.94327784,39.35841325,-4.584864592,2.334926847,28,18.33333333,22.33333333,34,18.66666667,60.33333333
S002747,structural_full,full,3,0,48,63.33333333,15.33333333,12.66227994,22.85680615,29.94775701,7.090950862,3.510787998,53.33333333,7,4.333333333,16.66666667,25,38.33333333
S002748,structural_full,full,3,0,63.33333333,73,9.666666667,9.712534856,29.37947439,37.01911033,7.63963594,5.673201142,39,6.666666667,6,9.666666667,17,56
S002749,structural_full,full,3,0,161.3333333,236,74.66666667,25.71640203,34.45518852,53.63961364,19.18442512,3.431207994,28.33333333,15,56.66666667,52,110.3333333,125.6666667
S002750,structural_full,full,3,0,90.33333333,117,26.66666667,19.65536398,15.21065242,21.29344615,6.082793731,2.20330887,39.33333333,7,15.66666667,42,76.66666667,40.33333333
S002751,structural_full,full,3,0,80,105.3333333,25.33333333,13.79613472,37.96891029,57.27659795,19.30768766,8.58539843,44.33333333,12.33333333,43,51.33333333,33,72.33333333
S002752,structural_full,full,3,0,143.6666667,170.3333333,26.66666667,26.35020557,36.19312944,42.33175898,6.138629544,1.850033416,21.66666667,11.66666667,22.66666667,66,55.33333333,115
S002753,structural_full,full,3,0,118,173,55,11.53256259,30.19248858,50.3421195,20.14963092,4.102136835,41,8.666666667,24.66666667,58.33333333,48.66666667,124.3333333
S002754,structural_full,full,3,0,59.33333333,74.66666667,15.33333333,7.637626158,27.37169903,36.06060097,8.688901942,5.895498596,21,9,7,23.66666667,22,52.66666667
S002755,structural_full,full,3,0,71.66666667,102.3333333,30.66666667,14.2243922,40.01617448,63.38323085,23.36705637,11.60195014,21,15,20.33333333,47.33333333,25.33333333,77
S002756,structural_full,full,3,0,48.33333333,50.66666667,2.333333333,5.033222957,26.38410936,31.40760046,5.023491103,4.080950733,37.33333333,6,4.333333333,12.66666667,7.666666667,43
S002757,structural_full,full,3,0,42,60.33333333,18.33333333,11.93035345,17.34815975,20.61816777,3.270008027,1.713580166,33,9,7,25.66666667,27.66666667,32.66666667
S002758,structural_full,full,3,0,82,105.3333333,23.33333333,7.505553499,36.46267045,46.52742894,10.06475849,4.677782454,29,11.33333333,9,19,57,48.33333333
S002759,structural_full,full,3,0,74,97,23,14.17744688,27.25429227,45.21024507,17.9559528,6.297845131,39.33333333,7.666666667,19.66666667,35,36,61
S002760,structural_full,full,3,0,52.66666667,111,58.33333333,20.74447718,30.40575845,49.57563524,19.16987679,6.207162712,30,15,37.33333333,49,35.66666667,75.33333333
S002761,structural_full,full,3,0,88,113,25,11.26942767,31.1080924,36.5152761,5.407183692,1.520746919,35.66666667,8.666666667,17,31,30,83
S002762,structural_full,full,3,0,173,248.3333333,75.33333333,26.1023626,97.0447957,140.9765932,43.9317975,18.37827977,33,18.33333333,78,67,80,168.3333333
S002763,structural_full,full,3,0,109,133.6666667,24.66666667,4.041451884,24.79847466,32.48625226,7.687777601,0.5320254178,33.33333333,13.33333333,26.33333333,19,73,60.66666667
S002764,structural_full,full,3,0,78,81,3,26.05762844,23.44340055,28.63353834,5.190137786,8.69693997,40.33333333,11,34,32.66666667,36.33333333,44.66666667
S002765,structural_full,full,3,0,125,172,47,9.16515139,45.92159187,81.22744629,35.30585442,8.396154537,32.66666667,12,13,36.33333333,35.33333333,136.6666667
S002766,structural_full,full,3,0,70.66666667,81.33333333,10.66666667,10.40833,30.89083309,43.47151314,12.58068005,10.14830199,28,8.333333333,9.666666667,18,35.66666667,45.66666667
S002767,structural_full,full,3,0,63.33333333,74.33333333,11,6.557438524,15.94282365,23.28844292,7.345619276,1.590162797,44,8.333333333,11,25,29,45.33333333
S002768,structural_full,full,3,0,54,60,6,3.464101615,24.84093541,27.13476018,2.293824774,1.7007146,47.66666667,4.666666667,5.666666667,14,8.666666667,51.33333333
S002769,structural_full,full,3,0,110.6666667,150.3333333,39.66666667,18.00925688,31.83935195,42.14774683,10.30839487,5.025812322,46,9.333333333,52.66666667,103,53.66666667,96.66666667
S002770,structural_full,full,3,0,55.66666667,73.33333333,17.66666667,3.055050463,20.5481065,25.7635051,5.215398599,2.043757369,37.33333333,6.666666667,17.66666667,24.66666667,23.66666667,49.66666667
S002771,structural_full,full,3,0,140.3333333,160,19.66666667,11.15048579,45.94430918,57.53662059,11.59231141,3.806847856,34.33333333,13,21,17.33333333,64.66666667,95.33333333
S002772,structural_full,full,3,0,37.66666667,46.66666667,9,2.645751311,19.26941341,25.8651668,6.595753394,0.9171976908,36.66666667,5.333333333,13.66666667,13.33333333,14.33333333,32.33333333
S002773,structural_full,full,3,0,47.66666667,60.66666667,13,6.08276253,32.87153916,58.10214762,25.23060845,11.64450313,37.66666667,15,10,5.333333333,7,53.66666667
S002774,structural_full,full,3,0,44,58,14,2,20.83951811,26.51031529,5.670797181,2.156105732,50,6,9.333333333,8,21.33333333,36.66666667
S002775,structural_full,full,3,0,80.66666667,104.6666667,24,25.11971337,32.40110295,41.8738647,9.472761751,10.4087223,39,11.33333333,9,22.33333333,31.33333333,73.33333333
S002776,structural_full,full,3,0,52.33333333,63.33333333,11,8.717797887,19.0976303,26.03707904,6.939448748,5.69218919,25,10.66666667,5,16.66666667,11.66666667,51.66666667
S002777,structural_full,full,3,0,80,95.33333333,15.33333333,1.527525232,49.93575152,61.46422613,11.52847461,2.954092148,41.66666667,11.33333333,8,20,17,78.33333333
S002778,structural_full,full,3,0,74.33333333,111.3333333,37,21.07130751,35.83620697,47.88187378,12.04566681,6.956415678,33.33333333,8.666666667,43.33333333,50,42,69.33333333
S002779,structural_full,full,3,0,53,66,13,1,16.50009158,22.81328345,6.31319187,1.065133938,36.66666667,6,6.666666667,6,17,49
S002780,structural_full,full,3,0,121,159.6666667,38.66666667,25.42308662,73.67277079,118.3944416,44.72167084,19.79614132,32.66666667,9,19.66666667,35.33333333,56.33333333,103.3333333
S002781,structural_full,full,3,0,72,98.66666667,26.66666667,7.234178138,24.52070241,46.78861407,22.26791166,2.948640993,27.33333333,6.333333333,6.666666667,26.66666667,15.33333333,83.33333333
S002782,structural_full,full,3,0,49,63.66666667,14.66666667,4.163331999,23.32893203,31.1763292,7.847397177,2.130587498,41,9.333333333,9.666666667,11.66666667,5.333333333,58.33333333
S002783,structural_full,full,3,0,90,94.33333333,4.333333333,6.027713773,39.92698638,36.91846051,-3.00852587,3.986214427,41.66666667,10,19.33333333,50.66666667,35,59.33333333
S002784,structural_full,full,3,0,71.66666667,82.66666667,11,8.544003745,22.71212156,27.97418387,5.262062311,3.382848017,35.66666667,7,9.666666667,15,9,73.66666667
S002785,structural_full,full,3,0,48,66.33333333,18.33333333,11.50362262,13.72292917,20.74268738,7.019758219,3.193013366,37.33333333,8,5.666666667,9.666666667,20.66666667,45.66666667
S002786,structural_full,full,3,0,188,270.6666667,82.66666667,37.42102796,70.40713815,104.0251818,33.61804369,10.61316815,32.33333333,16.66666667,58.33333333,70,134,136.6666667
S002787,structural_full,full,3,0,58,60.66666667,2.666666667,8.082903769,22.18341611,19.86822429,-2.315191817,5.527358405,32,16,11.66666667,30,32.33333333,28.33333333
S002788,structural_full,full,3,0,62.33333333,66.33333333,4,2.645751311,17.7469683,18.33421684,0.5872485429,0.2202516929,33.33333333,8.333333333,8.666666667,18.33333333,18,48.33333333
S002789,structural_full,full,3,0,173.6666667,177.3333333,3.666666667,11.50362262,70.06355892,81.73012083,11.66656191,9.609318458,27.66666667,7.666666667,38.66666667,38.33333333,89.33333333,88
S002790,structural_full,full,3,0,70.33333333,92.66666667,22.33333333,14.6401275,36.61772788,40.29419194,3.676464058,4.210642029,35.66666667,8.333333333,24,26.33333333,35.33333333,57.33333333
S002791,structural_full,full,3,0,50.66666667,56,5.333333333,2.081665999,17.97925475,21.30294655,3.323691802,1.096745433,27.33333333,19,15.66666667,16,28,28
S002792,structural_full,full,3,0,85.66666667,94.66666667,9,3.464101615,34.55924721,43.69350035,9.134253148,2.577918144,26,13,31.66666667,36,50.66666667,44
S002793,structural_full,full,3,0,69.66666667,115.3333333,45.66666667,18.50225212,19.59589874,27.33351695,7.737618207,3.407066955,38,15.33333333,23.33333333,29.33333333,56,59.33333333
S002794,structural_full,full,3,0,56,99,43,24.06241883,21.52685044,39.63586138,18.10901093,10.99785085,25.66666667,14,18,24.33333333,33.66666667,65.33333333
S002795,structural_full,full,3,0,105.3333333,132.3333333,27,21,54.99109666,61.63004798,6.638951315,8.442918469,30.33333333,14.33333333,15.33333333,27.66666667,39.66666667,92.66666667
S002796,structural_full,full,3,0,68,88,20,15.39480432,27.13136433,29.35482299,2.223458657,4.175918113,41.33333333,10.66666667,20.33333333,35.66666667,50.66666667,37.33333333
S002797,structural_full,full,3,0,68.66666667,73.66666667,5,0,14.18901096,16.18981513,2.000804161,1.301213549,18.66666667,6.333333333,5.333333333,20,32.66666667,41
S002798,structural_full,full,3,0,57.33333333,62.33333333,5,10.53565375,21.00513393,23.67948371,2.674349775,3.273451904,48,5.333333333,3.666666667,10.33333333,29.66666667,32.66666667
S002799,structural_full,full,3,0,44,45,1,4.582575695,20.47000046,21.19993913,0.7299386756,2.549025475,32.33333333,8,7.666666667,10,8.666666667,36.33333333
S002800,structural_full,full,3,0,97.33333333,140.3333333,43,18.08314132,43.69089579,79.67355241,35.98265662,14.57068544,39,10.33333333,23.66666667,17.66666667,27,113.3333333
S002801,structural_full,full,3,0,130.6666667,172,41.33333333,7.767453465,66.2080983,101.7405817,35.5324834,8.384547789,35,16.66666667,22.66666667,53,47.66666667,124.3333333
S002802,structural_full,full,3,0,90,93.33333333,3.333333333,12.34233905,39.16656263,40.65408694,1.487524315,3.807934381,46,9,10,16.66666667,16.66666667,76.66666667
S002803,structural_full,full,3,0,71.66666667,103,31.33333333,18.7705443,30.81974106,43.8158967,12.99615564,6.830107129,34.33333333,6.666666667,9,16.66666667,34,69
S002804,structural_full,full,3,0,67.33333333,86.66666667,19.33333333,12.58305739,42.94619228,46.92725771,3.981065431,4.608148491,27.66666667,14.33333333,16.33333333,28.66666667,33,53.66666667
S002805,structural_full,full,3,0,94.33333333,126.3333333,32,40.1497198,28.08541368,32.18833535,4.102921671,7.347136415,37.33333333,13,19,32,57.66666667,68.66666667
S002806,structural_full,full,3,0,162.6666667,294.6666667,132,66.91038783,44.4960495,84.34183608,39.84578658,13.12230374,35,15,24.66666667,54,93.33333333,201.3333333
S002807,structural_full,full,3,0,119.6666667,126.6666667,7,14.52583905,42.83403394,37.54179923,-5.292234712,3.765548913,27,11,11,22.33333333,74.66666667,52
S002808,structural_full,full,3,0,71.66666667,79.33333333,7.666666667,6.806859286,30.57436607,40.20416414,9.629798075,1.873404123,33.66666667,11.33333333,14,27,32.66666667,46.66666667
S002809,structural_full,full,3,0,51.33333333,87.33333333,36,10.81665383,17.87693193,28.70676406,10.82983213,4.592208407,37,10,12.66666667,65,32,55.33333333
S002810,structural_full,full,3,0,92.66666667,109.6666667,17,4.582575695,49.28205794,56.14295478,6.860896843,2.710133145,24,8.666666667,10.33333333,14.66666667,16,93.66666667
S002811,structural_full,full,3,0,82.33333333,149.6666667,67.33333333,46.65118791,27.87173821,37.82778706,9.956048851,9.258303742,43.33333333,8,89.33333333,109.3333333,68.66666667,81
S002812,structural_full,full,3,0,99.66666667,143.6666667,44,23.8117618,29.10919396,34.25628609,5.14709213,4.878741518,33.66666667,15.33333333,32.33333333,42,70.33333333,73.33333333
S002813,structural_full,full,3,0,68.66666667,101,32.33333333,1.527525232,25.36730567,38.60377473,13.23646906,6.182613574,31.33333333,13.33333333,26.33333333,79,51.33333333,49.66666667
S002814,structural_full,full,3,0,31,43.66666667,12.66666667,7.094598885,16.19000962,19.4209253,3.230915678,1.211034653,35.66666667,9,9.666666667,16.33333333,16.33333333,27.33333333
S002815,structural_full,full,3,0,89.66666667,132.3333333,42.66666667,8.504900548,31.74004814,48.3670432,16.62699506,2.364758165,30.33333333,14.66666667,20.66666667,33.33333333,39,93.33333333
S002816,structural_full,full,3,0,74.33333333,82,7.666666667,3.055050463,17.97449489,24.58729028,6.612795387,1.085861391,42.33333333,11,32.66666667,38.66666667,38.33333333,43.66666667
S002817,structural_full,full,3,0,78.33333333,96.66666667,18.33333333,14.2243922,17.4660902,19.05833083,1.592240634,2.583749462,28.66666667,9.666666667,19.33333333,45.33333333,49,47.66666667
S002818,structural_full,full,3,0,61,90.66666667,29.66666667,1.527525232,27.16038758,51.3515064,24.19111883,5.878095239,25,12,10,17.33333333,36.33333333,54.33333333
S002819,structural_full,full,3,0,100.3333333,189.6666667,89.33333333,21.19748413,29.18720411,49.71728516,20.53008105,5.319514096,22.66666667,13.66666667,103.6666667,100.6666667,58,131.6666667
S002820,structural_full,full,3,0,94.66666667,97.33333333,2.666666667,14.84362939,31.77724205,42.58014113,10.80289907,5.434929656,35.33333333,12.33333333,14,22.33333333,29.33333333,68
S002821,structural_full,full,3,0,81,106.3333333,25.33333333,3.511884584,17.67217903,24.2338799,6.561700866,2.404912711,24.33333333,13.66666667,30.66666667,49,50.66666667,55.66666667
S002822,structural_full,full,3,0,98.66666667,105,6.333333333,13.57694124,67.53746968,78.92263243,11.38516274,7.77289363,26,12.66666667,18,56.33333333,24,81
S002823,structural_full,full,3,0,54,101.6666667,47.66666667,28.71120571,25.63884816,43.74729748,18.10844932,14.44182202,35.33333333,14,22.66666667,43.66666667,34.66666667,67
S002824,structural_full,full,3,0,61.33333333,78,16.66666667,4.041451884,24.75343588,31.85723173,7.103795851,2.438054833,33.33333333,17,11,18.33333333,33.66666667,44.33333333
S002825,structural_full,full,3,0,88.66666667,114.3333333,25.66666667,6.658328118,26.61642687,43.8640087,17.24758183,0.9632753617,25.66666667,8,29,63.33333333,51.66666667,62.66666667
S002826,structural_full,full,3,0,100.6666667,150,49.33333333,43.61574639,28.38369515,50.32754647,21.94385132,17.24115911,44,10.33333333,28.66666667,41,79,71
S002827,structural_full,full,3,0,30.66666667,47.66666667,17,4,8.281036739,11.06193123,2.780894488,0.147680281,24,14.33333333,11.66666667,13.33333333,18.66666667,29
S002828,structural_full,full,3,0,81.66666667,89,7.333333333,4.041451884,31.93357208,34.07923956,2.145667484,1.34714704,38.33333333,6.666666667,6.666666667,18,20.66666667,68.33333333
S002829,structural_full,full,3,0,95.66666667,111.6666667,16,16.37070554,42.0230008,42.35059282,0.3275920127,2.89694467,19,10,9.333333333,29.66666667,54,57.66666667
S002830,structural_full,full,3,0,80.66666667,84,3.333333333,2.516611478,41.0664182,50.03503282,8.968614618,1.481252938,50.33333333,5.666666667,8,13,14.33333333,69.66666667
S002831,structural_full,full,3,0,55.66666667,60.33333333,4.666666667,2.081665999,29.30595695,34.7236384,5.417681451,3.361323769,39.33333333,10,24.33333333,37,21.33333333,39
S002832,structural_full,full,3,0,67.66666667,83.66666667,16,6.557438524,27.4455059,37.72669965,10.28119375,1.061597972,28.33333333,8,11.33333333,23,26.33333333,57.33333333
S002833,structural_full,full,3,0,80.66666667,96,15.33333333,22.23360819,39.24963435,48.22757439,8.977940036,8.864192904,39,15.33333333,16,29.66666667,18,78
S002834,structural_full,full,3,0,90.33333333,129.6666667,39.33333333,13.0128142,29.3511197,53.45769167,24.10657198,9.042856578,24.66666667,12.33333333,13,14,31.33333333,98.33333333
S002835,structural_full,full,3,0,56.66666667,101.6666667,45,27.22131518,34.39973816,62.00381358,27.60407542,11.98572445,37.33333333,6,13.66666667,28,34.66666667,67
S002836,structural_full,full,3,0,85,96.33333333,11.33333333,3.511884584,38.53193455,52.42315901,13.89122445,1.641674815,36,6.666666667,15,36.33333333,45.33333333,51
S002837,structural_full,full,3,0,108,131,23,3.605551275,24.87632457,31.38990766,6.513583093,1.274563116,18,12,25.33333333,22.66666667,40.66666667,90.33333333
S002838,structural_full,full,3,0,63.33333333,68,4.666666667,3.785938897,19.30976783,21.09022762,1.780459792,0.9871848079,40,16.33333333,17.66666667,15.66666667,18.33333333,49.66666667
S002839,structural_full,full,3,0,44.66666667,64.66666667,20,12.489996,25.30881519,40.08669495,14.77787976,7.259068541,35,12,8.666666667,12,18.66666667,46
S002840,structural_full,full,3,0,88,119.6666667,31.66666667,8.621678104,43.81757889,61.02629935,17.20872046,9.769493791,34,7,6,16.33333333,47.66666667,72
S002841,structural_full,full,3,0,48,80,32,6.244997998,25.66153957,44.79037458,19.12883501,1.903007067,31.66666667,6,41,44.66666667,21.33333333,58.66666667
S002842,structural_full,full,3,0,48.66666667,64.33333333,15.66666667,9.073771726,18.08697755,25.48213193,7.395154385,2.836188113,35.33333333,11.66666667,9.333333333,7.666666667,24.66666667,39.66666667
S002843,structural_full,full,3,0,54,67.66666667,13.66666667,7.023769169,32.56062022,39.69606436,7.135444142,1.060036148,35.66666667,10,13.33333333,8.333333333,19.66666667,48
S002844,structural_full,full,3,0,94,135.6666667,41.66666667,16.86218649,22.62334496,41.5795922,18.95624724,4.267208681,27,10.66666667,42.66666667,94,51.66666667,84
S002845,structural_full,full,3,0,123.6666667,145,21.33333333,10.69267662,26.11620213,35.09012068,8.973918548,4.233059298,44.66666667,3.666666667,16.33333333,33.66666667,67.33333333,77.66666667
S002846,structural_full,full,3,0,90.66666667,95,4.333333333,16.16580754,31.63761746,29.67449901,-1.963118455,2.39359689,26.66666667,10.66666667,20,31.66666667,33.66666667,61.33333333
S002847,structural_full,full,3,0,89.66666667,113.3333333,23.66666667,11.93035345,35.93486031,41.16475959,5.229899279,2.862482311,35.33333333,13.33333333,25.33333333,20.66666667,25,88.33333333
S002848,structural_full,full,3,0,112.3333333,166,53.66666667,34.58805189,50.08563339,69.10892679,19.0232934,10.8689295,32.66666667,14.66666667,21.66666667,57.33333333,48,118
S002849,structural_full,full,3,0,105,106.3333333,1.333333333,17.7857621,53.52121117,72.44437531,18.92316414,12.0967034,34,13.66666667,22.66666667,29.33333333,35.33333333,71
S002850,structural_full,full,3,0,98.66666667,103.3333333,4.666666667,14.571662,23.4819403,26.87701786,3.395077566,5.717765226,27.33333333,9,16,43.66666667,47,56.33333333
S002851,structural_full,full,3,0,63.66666667,89.33333333,25.66666667,11.93035345,22.0672522,36.35895416,14.29170196,8.096239441,43,12,19.66666667,15.33333333,26,63.33333333
S002852,structural_full,full,3,0,44.33333333,69.33333333,25,9.539392014,28.51325635,39.39691818,10.88366184,6.122887475,34.66666667,9.333333333,7.666666667,13.33333333,13,56.33333333
S002853,structural_full,full,3,0,82.33333333,91.66666667,9.333333333,25.00666578,21.99992678,26.45180193,4.451875142,2.951205778,38,9,12,24.66666667,29.66666667,62
S002854,structural_full,full,3,0,63,68,5,6.08276253,21.04809818,23.98896913,2.940870955,0.7988493897,38.66666667,3.666666667,3.666666667,18,27,41
S002855,structural_full,full,3,0,73.66666667,115.3333333,41.66666667,8.736894948,15.7770548,26.3657943,10.5887395,1.071705341,39.66666667,12.33333333,32.33333333,61.33333333,55,60.33333333
S002856,structural_full,full,3,0,153.6666667,267.6666667,114,100.3742995,47.18312553,66.92157786,19.73845234,20.08654643,43,5.333333333,159.3333333,140.3333333,164.6666667,103
S002857,structural_full,full,3,0,100.6666667,120,19.33333333,10.69267662,48.83810562,54.267775,5.429669376,5.466157115,41.33333333,12,25.66666667,22,50,70
S002858,structural_full,full,3,0,98.66666667,119,20.33333333,15.37313674,40.13276683,65.3547088,25.22194197,6.82243809,32.66666667,11,21.33333333,15.33333333,38.66666667,80.33333333
S002859,structural_full,full,3,0,96.66666667,148.6666667,52,22.86919325,27.1434932,38.94311038,11.79961718,6.839317472,25.33333333,16,55.66666667,82,90.66666667,58
S002860,structural_full,full,3,0,64.33333333,72,7.666666667,7.094598885,36.61578516,41.79677867,5.180993502,4.407302492,44,10.66666667,14.66666667,32.33333333,18,54
S002861,structural_full,full,3,0,84,121,37,6.08276253,20.37788711,33.65503639,13.27714928,0.1368894482,21,7.333333333,22.66666667,26,49.66666667,71.33333333
S002862,structural_full,full,3,0,77,118,41,4.358898944,13.83985469,21.85743478,8.017580093,2.239149442,39.66666667,14.33333333,21.33333333,21,54,64
S002863,structural_full,full,3,0,50,69.33333333,19.33333333,5.507570547,24.19558426,30.34578945,6.150205195,2.400339603,30.33333333,10.33333333,10,16.33333333,32.33333333,37
S002864,structural_full,full,3,0,36.33333333,53.66666667,17.33333333,9.018499506,14.29225512,17.94275499,3.650499875,2.283940934,30.33333333,7,8.666666667,21.33333333,26.66666667,27
S002865,structural_full,full,3,0,60.66666667,75.33333333,14.66666667,12.34233905,16.76349405,22.35053589,5.587041836,1.401048118,44.33333333,9.666666667,4.666666667,9,32,43.33333333
S002866,structural_full,full,3,0,50.66666667,47.66666667,-3,2,23.26148909,23.55707263,0.2955835464,2.842088516,25.66666667,10.66666667,13,26,20.33333333,27.33333333
S002867,structural_full,full,3,0,91,87.33333333,-3.666666667,17.15614564,28.13108144,32.66765724,4.536575806,4.168203159,35,14.66666667,9.666666667,20.66666667,36.33333333,51
S002868,structural_full,full,3,0,66,90.66666667,24.66666667,17.7857621,22.94905598,27.46101247,4.511956487,5.218922827,25.66666667,13,11.33333333,19.66666667,25.33333333,65.33333333
S002869,structural_full,full,3,0,55,65.33333333,10.33333333,9.018499506,22.6557594,25.30811057,2.652351173,1.629367382,30,7,3.333333333,12,25.33333333,40
S002870,structural_full,full,3,0,101.3333333,180.6666667,79.33333333,9.237604307,42.17234362,65.27839659,23.10605297,5.426517977,21.33333333,14.33333333,17.33333333,62,95.66666667,85
S002871,structural_full,full,3,0,114.6666667,134,19.33333333,8.96288644,24.15598202,29.4545973,5.298615278,1.767690399,28.33333333,13.33333333,15.66666667,22,61.66666667,72.33333333
S002872,structural_full,full,3,0,138.3333333,193,54.66666667,21.5019379,48.16717607,74.02555917,25.8583831,9.482422487,35.33333333,11.33333333,31.33333333,40,111,82
S002873,structural_full,full,3,0,67.33333333,92.33333333,25,22.53885534,20.07767757,27.44531265,7.367635077,5.920044341,37.33333333,6,27.33333333,41.33333333,30,62.33333333
S002874,structural_full,full,3,0,104,165,61,24.24871131,34.95561393,59.64022503,24.6846111,10.146999,33.66666667,12,47.33333333,69,46.33333333,118.6666667
S002875,structural_full,full,3,0,74.66666667,113,38.33333333,21.57158625,41.07218039,48.46247123,7.390290833,7.878750019,44.33333333,11,22.33333333,30.33333333,33.33333333,79.66666667
S002876,structural_full,full,3,0,58.66666667,65,6.333333333,5.033222957,19.64298542,27.36034783,7.717362407,3.165040109,36.33333333,11.33333333,3.666666667,6.666666667,12.33333333,52.66666667
S002877,structural_full,full,3,0,88.33333333,157.6666667,69.33333333,32.57811126,52.40035709,86.51616519,34.11580811,16.55682748,33.66666667,13,30.66666667,58,42.66666667,115
S002878,structural_full,full,3,0,86,116.6666667,30.66666667,16.44181661,42.32219913,55.45255618,13.13035705,5.960713364,33.33333333,16,31.66666667,30.33333333,36,80.66666667
S002879,structural_full,full,3,0,67.33333333,86.33333333,19,6.92820323,34.08229001,46.75082382,12.6685338,6.509014555,40,13,10.33333333,37.33333333,17,69.33333333
S002880,structural_full,full,3,0,122.6666667,162.3333333,39.66666667,40.61198509,58.11951227,95.8451266,37.72561433,21.7103236,30.33333333,12.66666667,35.66666667,36.33333333,69.33333333,93
S002881,structural_full,full,3,0,95,142,47,30.5122926,23.09541107,32.86052293,9.765111856,7.695228938,34.66666667,11.66666667,36,44,75.33333333,66.66666667
S002882,structural_full,full,3,0,76.66666667,117,40.33333333,13.20353488,33.70024592,53.91772148,20.21747556,3.304046579,25.66666667,17,18.66666667,37,53,64
S002883,structural_full,full,3,0,91.33333333,168.3333333,77,10,25.56208411,47.33859021,21.7765061,4.840200858,38.33333333,10.33333333,22.66666667,34.66666667,45.33333333,123
S002884,structural_full,full,3,0,120.3333333,127,6.666666667,14.74222959,39.46325293,48.27825674,8.815003812,3.318310177,34,17.33333333,20,50,50,77
S002885,structural_full,full,3,0,173.6666667,187.3333333,13.66666667,4.725815626,50.84504438,58.72689797,7.881853585,3.119084601,30.33333333,17.66666667,35.33333333,51,70,117.3333333
S002886,structural_full,full,3,0,61.66666667,102.3333333,40.66666667,16.07275127,28.78272687,51.38948792,22.60676106,3.180514446,27,13.66666667,15,18,43.33333333,59
S002887,structural_full,full,3,0,126.3333333,181,54.66666667,35.949038,28.99021742,47.56243756,18.57222014,4.732725168,39,8,22,27.66666667,105.6666667,75.33333333
S002888,structural_full,full,3,0,100,174,74,69.63476143,25.81695912,41.40221937,15.58526025,12.99502251,48.66666667,8,66.66666667,90.33333333,71.66666667,102.3333333
S002889,structural_full,full,3,0,118.3333333,133.3333333,15,14.73091986,32.63434518,37.96440648,5.330061304,3.771761365,37.33333333,15.33333333,37.66666667,35.66666667,47.33333333,86
S002890,structural_full,full,3,0,65,77.33333333,12.33333333,5.773502692,22.32088199,30.7240653,8.403183312,5.104481136,35,7.333333333,7,17.66666667,26,51.33333333
S002891,structural_full,full,3,0,60,71.66666667,11.66666667,6.506407099,26.44130001,24.38327025,-2.058029751,0.3218247468,39.66666667,12.33333333,13.33333333,38,24,47.66666667
S002892,structural_full,full,3,0,93.66666667,136,42.33333333,29.70409624,46.30572029,73.96446102,27.65874073,15.79263309,31.66666667,7.333333333,33.33333333,58,61.66666667,74.33333333
S002893,structural_full,full,3,0,125.6666667,145,19.33333333,14.0118997,46.72024256,52.4735683,5.753325742,3.925075802,35.66666667,7,20,13,84.66666667,60.33333333
S002894,structural_full,full,3,0,58,60,2,6.08276253,26.79449141,26.80896961,0.01447820182,1.591069374,34.66666667,8.666666667,9.666666667,14.33333333,14.33333333,45.66666667
S002895,structural_full,full,3,0,73.33333333,90,16.66666667,10.0166528,21.74306202,29.85595175,8.112889728,0.6181726283,44,9.666666667,8.666666667,23.66666667,30,60
S002896,structural_full,full,3,0,63.66666667,95,31.33333333,18.23001189,15.9881148,30.25571213,14.26759732,2.977844874,46,5.666666667,8,32.66666667,46,49
S002897,structural_full,full,3,0,90.66666667,120.3333333,29.66666667,5.859465277,19.69080485,31.39860213,11.70779728,3.50269188,40,13,17.66666667,48.66666667,52,68.33333333
S002898,structural_full,full,3,0,36,51.33333333,15.33333333,7.094598885,12.18114959,21.01335796,8.832208369,1.915938739,32.33333333,10.66666667,8.333333333,13.66666667,18.66666667,32.66666667
S002899,structural_full,full,3,0,77.66666667,81.33333333,3.666666667,13.42882472,41.3683098,39.74033957,-1.627970229,6.044292492,36,8,6.666666667,21.66666667,16.33333333,65
S002900,structural_full,full,3,0,57,67.33333333,10.33333333,11.8462371,21.24386477,30.31845801,9.074593247,1.538033947,38.66666667,6.666666667,6,27,24.33333333,43
S002901,structural_full,full,3,0,82,120.6666667,38.66666667,21.96208855,34.0044231,61.5531675,27.5487444,3.936412068,21.33333333,12,24.33333333,51,33.66666667,87
S002902,structural_full,full,3,0,50,61.33333333,11.33333333,0.5773502692,39.45219593,53.98585808,14.53366215,4.937028802,40.33333333,5,6.666666667,11.66666667,11.66666667,49.66666667
S002903,structural_full,full,3,0,79.33333333,91.33333333,12,11.26942767,28.14019964,26.43417346,-1.706026177,4.542224219,39.33333333,3,7.666666667,9,42.33333333,49
S002904,structural_full,full,3,0,54,135,81,17.05872211,20.56657506,53.36619329,32.79961823,7.338899468,40.66666667,11,68.33333333,63.33333333,58.66666667,76.33333333
S002905,structural_full,full,3,0,97.33333333,108.6666667,11.33333333,18.14754345,27.58719956,29.97661252,2.389412965,5.078015983,43.66666667,10,7.333333333,20,24.66666667,84
S002906,structural_full,full,3,0,122.3333333,148.6666667,26.33333333,4.163331999,51.13020951,85.60590895,34.47569944,8.914234604,36,9,18,28.33333333,54.66666667,94
S002907,structural_full,full,3,0,36.33333333,48,11.66666667,6.110100927,17.72610989,22.45523051,4.729120618,3.00260788,39,6.666666667,6.333333333,5.666666667,10.33333333,37.66666667
S002908,structural_full,full,3,0,139.6666667,255.6666667,116,76.9610291,21.38995275,43.06251952,21.67256678,9.003156028,27.33333333,12,79.33333333,92.33333333,167.3333333,88.33333333
S002909,structural_full,full,3,0,93.33333333,117.6666667,24.33333333,19.00876991,52.33641753,67.87595351,15.53953598,8.708440875,25.33333333,11.33333333,16.66666667,17.33333333,32,85.66666667
S002910,structural_full,full,3,0,160.3333333,181.3333333,21,14,80.35456832,107.5367753,27.18220701,16.65044028,29,20,46,55,81,100.3333333
S002911,structural_full,full,3,0,64.66666667,60,-4.666666667,12.22020185,13.44795833,16.36253605,2.914577722,1.936625917,18.33333333,11.33333333,4.666666667,9.666666667,28.33333333,31.66666667
S002912,structural_full,full,3,0,81.33333333,127.6666667,46.33333333,7.767453465,45.20851128,63.18359892,17.97508763,3.620033808,40.66666667,6.333333333,20.66666667,23.66666667,32,95.66666667
S002913,structural_full,full,3,0,50.66666667,64.33333333,13.66666667,5.033222957,30.04475313,41.36464923,11.3198961,2.889666935,34.33333333,9.333333333,8,5.666666667,20.66666667,43.66666667
S002914,structural_full,full,3,0,81.33333333,84.66666667,3.333333333,2.081665999,48.17824548,45.63850218,-2.539743295,1.633180446,32.66666667,10.66666667,7.333333333,19.66666667,24,60.66666667
S002915,structural_full,full,3,0,39.66666667,60.33333333,20.66666667,2.309401077,17.58629677,27.85760321,10.27130644,0.651346516,34.66666667,6.666666667,10,13,20,40.33333333
S002916,structural_full,full,3,0,68,72.33333333,4.333333333,3.511884584,21.58361633,19.92311342,-1.660502915,2.961896552,28.33333333,11.66666667,12.66666667,19,37.66666667,34.66666667
S002917,structural_full,full,3,0,87.66666667,108,20.33333333,5.507570547,43.8791118,47.3651002,3.485988404,3.803634247,33.33333333,9.333333333,32.66666667,19.33333333,40.33333333,67.66666667
S002918,structural_full,full,3,0,57.33333333,76,18.66666667,10.96965511,20.37861008,36.32596811,15.94735803,7.72222803,21.66666667,18.33333333,18,40,29,47
S002919,structural_full,full,3,0,86,97.33333333,11.33333333,18.82374387,45.39015169,41.53791826,-3.85223343,3.639728353,28.66666667,17,17.33333333,38,37.33333333,60
S002920,structural_full,full,3,0,84,121.3333333,37.33333333,14.571662,54.20572539,79.35713737,25.15141198,13.23222127,41.66666667,10.33333333,20.66666667,30.66666667,27.66666667,93.66666667
S002921,structural_full,full,3,0,72.33333333,90,17.66666667,14.84362939,21.18990507,26.48342491,5.293519844,2.578514375,38.33333333,7,11.33333333,20.33333333,31.66666667,58.33333333
S002922,structural_full,full,3,0,80,87,7,10.44030651,34.91963588,44.4136187,9.493982823,1.172475435,31.33333333,10.66666667,11,15,24.33333333,62.66666667
S002923,structural_full,full,3,0,151,134.3333333,-16.66666667,37.75358703,59.22533246,62.041504,2.816171539,12.27529212,30.66666667,5.666666667,32,21.66666667,24,110.3333333
S002924,structural_full,full,3,0,47,76.33333333,29.33333333,13.20353488,27.39154843,39.98746965,12.59592122,6.755312884,36.66666667,15,20.66666667,38,26.33333333,50
S002925,structural_full,full,3,0,102,111,9,10.39230485,52.77970971,67.22982419,14.45011448,8.915548499,24.33333333,9,15,23.33333333,30.33333333,80.66666667
S002926,structural_full,full,3,0,134,176.6666667,42.66666667,28.88482877,56.71549006,95.62722483,38.91173477,14.60980171,42,12,53.66666667,111,79.66666667,97
S002927,structural_full,full,3,0,50.33333333,57.33333333,7,5,27.10357215,36.18413838,9.080566227,2.296031785,35,6.666666667,3.333333333,20,12,45.33333333
S002928,structural_full,full,3,0,40,42.33333333,2.333333333,4.618802154,23.87799538,22.75259909,-1.125396291,1.400313478,41.33333333,9.333333333,10,11.33333333,17.33333333,25
S002929,structural_full,full,3,0,81.33333333,114.6666667,33.33333333,8.020806277,45.54422183,62.4143692,16.87014737,4.102302648,45.33333333,10.33333333,15,13.66666667,43,71.66666667
S002930,structural_full,full,3,0,48.66666667,52.33333333,3.666666667,2.886751346,34.59644958,39.71463049,5.118180909,3.511701669,48.33333333,5.666666667,10.66666667,10,5.666666667,46.66666667
S002931,structural_full,full,3,0,64.33333333,68.66666667,4.333333333,5.507570547,10.80009474,11.90533209,1.105237351,0.3216259904,26,10.33333333,16,43.33333333,33.66666667,35
S002932,structural_full,full,3,0,64,72.66666667,8.666666667,4.163331999,22.61806082,31.37672063,8.758659809,2.503354037,40.66666667,5.666666667,5.333333333,16.66666667,27,45.66666667
S002933,structural_full,full,3,0,67.66666667,100.6666667,33,11.35781669,41.29815972,51.40280109,10.10464137,3.5405259,45,7,7.666666667,12.33333333,37.33333333,63.33333333
S002934,structural_full,full,3,0,49.33333333,66,16.66666667,11.71893055,20.31951535,27.37222215,7.0527068,2.410447171,48.66666667,8.666666667,13,10.66666667,15.33333333,50.66666667
S002935,structural_full,full,3,0,115.3333333,147,31.66666667,22.50185178,69.39312358,84.10314275,14.71001917,6.016154394,20.33333333,11.33333333,24.33333333,48,43.33333333,103.6666667
S002936,structural_full,full,3,0,61.66666667,68,6.333333333,13.0128142,44.67617084,49.74113392,5.064963074,12.29094216,27.33333333,13,12,13.33333333,16.66666667,51.33333333
S002937,structural_full,full,3,0,70,85.66666667,15.66666667,10.40833,14.80350606,17.30283344,2.499327382,3.850182655,42.33333333,7,18.66666667,30.33333333,42.66666667,43
S002938,structural_full,full,3,0,66.66666667,96.66666667,30,35.53871129,14.93840139,22.01431838,7.075916986,6.301748694,41.33333333,4.666666667,5.666666667,20.33333333,50,46.66666667
S002939,structural_full,full,3,0,58.33333333,93.33333333,35,15.62049935,24.62789402,44.03311771,19.40522368,8.100670586,26,15,17,15.66666667,40,53.33333333
S002940,structural_full,full,3,0,79,112.3333333,33.33333333,10.26320288,27.75016633,42.25689305,14.50672672,3.910514263,28.66666667,13.33333333,20.33333333,21.66666667,33.33333333,79
S002941,structural_full,full,3,0,34.66666667,65.33333333,30.66666667,13.79613472,12.25251923,20.2798152,8.027295972,4.403267749,37.33333333,10.33333333,17,22.66666667,28.66666667,36.66666667
S002942,structural_full,full,3,0,37.33333333,46.66666667,9.333333333,8.96288644,25.54651513,29.22506337,3.678548238,4.540723778,41.33333333,13.66666667,11,16.66666667,13,33.66666667
S002943,structural_full,full,3,0,76,84.66666667,8.666666667,12.66227994,37.55102683,46.29425135,8.743224516,6.21053993,41.66666667,9.666666667,11.33333333,18.33333333,13.33333333,71.33333333
S002944,structural_full,full,3,0,111,143.6666667,32.66666667,12.50333289,42.68487578,43.30652694,0.6216511579,1.450650274,29.33333333,14,25.33333333,41.66666667,72.33333333,71.33333333
S002945,structural_full,full,3,0,67.33333333,89,21.66666667,10.69267662,18.97915376,23.15811041,4.178956647,3.118178632,41.33333333,10,5.666666667,15.33333333,26.66666667,62.33333333
S002946,structural_full,full,3,0,147.6666667,182.3333333,34.66666667,29.48445918,105.1737045,165.0250051,59.85130065,16.85609679,23.66666667,8,18.33333333,36.33333333,39.33333333,143
S002947,structural_full,full,3,0,74.33333333,75.66666667,1.333333333,6.110100927,23.45002758,27.98791302,4.537885444,3.035166377,38,10,17.33333333,44.66666667,25.33333333,50.33333333
S002948,structural_full,full,3,0,107.3333333,211.3333333,104,7.549834435,51.14851198,72.5764552,21.42794322,1.662847778,46.66666667,5.666666667,105.3333333,100.3333333,106,105.3333333
S002949,structural_full,full,3,0,98.33333333,136.6666667,38.33333333,9.504384953,36.85551616,47.85416882,10.99865265,3.012827662,25.66666667,9,26,40.33333333,38,98.66666667
S002950,structural_full,full,3,0,129.6666667,150.6666667,21,25.23885893,30.44923122,31.59367366,1.144442446,3.166196934,33,9.666666667,12.66666667,26,82.66666667,68
S002951,structural_full,full,3,0,119.6666667,226.3333333,106.6666667,31.94265695,47.55822107,82.8728472,35.31462613,16.952309,27.66666667,20.66666667,83,109,117.6666667,108.6666667
S002952,structural_full,full,3,0,76,83.33333333,7.333333333,2.081665999,47.97658909,50.95806102,2.981471933,1.206658866,34.33333333,6,5,5,15,68.33333333
S002953,structural_full,full,3,0,61.66666667,66,4.333333333,1.527525232,33.13231466,37.92098851,4.788673855,1.69657458,39.66666667,11.66666667,9.333333333,22.66666667,20.33333333,45.66666667
S002954,structural_full,full,3,0,67,98,31,19.05255888,34.5325969,48.71174629,14.17914939,6.456368577,37.33333333,8.666666667,6,20.66666667,19,79
S002955,structural_full,full,3,0,45.66666667,65.33333333,19.66666667,19.50213664,13.6802151,17.62966482,3.949449719,2.494921948,43,8.666666667,9,16.33333333,23,42.33333333
S002956,structural_full,full,3,0,42.66666667,47.66666667,5,3.464101615,22.4091647,25.79671625,3.387551554,3.81246861,49.33333333,5.666666667,2.333333333,6.666666667,6.666666667,41
S002957,structural_full,full,3,0,66,69.66666667,3.666666667,3.511884584,25.43612291,32.8953815,7.459258593,3.633930629,20.66666667,12,6.666666667,12,34.33333333,35.33333333
S002958,structural_full,full,3,0,78.33333333,96,17.66666667,11.93035345,24.71484734,33.49398239,8.779135051,4.029221809,27,12.66666667,13,18.33333333,22,74
S002959,structural_full,full,3,0,141.6666667,165.6666667,24,30.11644069,80.05376785,125.4023665,45.34859865,20.56901047,28.66666667,15.33333333,20,57,43.33333333,122.3333333
S002960,structural_full,full,3,0,65,80,15,2.645751311,24.58904437,28.71027554,4.121231167,2.632631017,41,5.666666667,4,30,16.33333333,63.66666667
S002961,structural_full,full,3,0,66.33333333,86.33333333,20,7.937253933,20.31552782,25.96938201,5.653854193,1.723290722,41,12.66666667,16.33333333,15.66666667,43.66666667,42.66666667
S002962,structural_full,full,3,0,81.33333333,111.6666667,30.33333333,11.93035345,37.02324934,42.9416947,5.918445355,6.004134393,27,13.66666667,14.66666667,51.33333333,41.33333333,70.33333333
S002963,structural_full,full,3,0,83.66666667,131.3333333,47.66666667,16.28905563,35.17831902,54.96485769,19.78653867,10.62656946,28.33333333,9.333333333,15.33333333,25.33333333,68.66666667,62.66666667
S002964,structural_full,full,3,0,98.33333333,177.3333333,79,19.05255888,41.97990865,84.34290713,42.36299848,6.437823643,24,11,37.33333333,49.66666667,53.33333333,124
S002965,structural_full,full,3,0,145,191.6666667,46.66666667,21.45538006,26.66651276,32.94647454,6.279961774,4.786166057,26.33333333,8.666666667,20,37.66666667,108.3333333,83.33333333
S002966,structural_full,full,3,0,62.33333333,62.66666667,0.3333333333,3.055050463,34.61782854,40.55663711,5.93880857,2.941379443,34,14,5.333333333,12.66666667,23.66666667,39
S002967,structural_full,full,3,0,72.66666667,111.6666667,39,3.464101615,29.97675245,47.98205632,18.00530387,4.206556219,32,13.66666667,46,56.66666667,54,57.66666667
S002968,structural_full,full,3,0,60.33333333,68,7.666666667,8.144527815,30.33713049,31.8873641,1.550233613,2.135862407,24,7.666666667,10.33333333,13,21.33333333,46.66666667
S002969,structural_full,full,3,0,114.3333333,139,24.66666667,15.0443788,73.55350216,86.17532089,12.62181873,7.449677521,23.66666667,11.66666667,22,51,33,106
S002970,structural_full,full,3,0,122,171,49,21.07130751,30.09073195,46.83823864,16.74750669,7.04233148,28.66666667,9.666666667,42.66666667,60,51.33333333,119.6666667
S002971,structural_full,full,3,0,47.33333333,75.66666667,28.33333333,10.40833,21.32230601,37.47687079,16.15456477,6.691856547,38.66666667,12,43.33333333,64.66666667,33.66666667,42
S002972,structural_full,full,3,0,144.6666667,217.6666667,73,27.78488798,59.17781978,113.8619982,54.68417845,11.00858988,23.66666667,17,34,128,79.33333333,138.3333333
S002973,structural_full,full,3,0,189.6666667,299.3333333,109.6666667,27.30079364,80.00893212,130.6156316,50.60669945,14.09481777,33,17.33333333,78.66666667,69.66666667,146,153.3333333
S002974,structural_full,full,3,0,60.33333333,88,27.66666667,8.326663998,32.93763578,45.50809511,12.57045933,1.804102711,31,15.66666667,13.66666667,33,23.33333333,64.66666667
S002975,structural_full,full,3,0,44,75.66666667,31.66666667,9.291573243,19.5297991,36.43919261,16.90939351,1.92865274,46.33333333,9,8,21,30.66666667,45
S002976,structural_full,full,3,0,98,151,53,21.37755833,53.09960887,91.57508079,38.47547193,16.64952214,31,16.33333333,39.66666667,60,52.33333333,98.66666667
S002977,structural_full,full,3,0,46,52.33333333,6.333333333,6.658328118,21.65680779,23.83979593,2.182988143,1.700914027,51,4,6,9.666666667,8,44.33333333
S002978,structural_full,full,3,0,64.33333333,67.33333333,3,9,29.19236609,32.73096527,3.538599184,4.361615755,36.66666667,10.33333333,10.33333333,12.33333333,11.33333333,56
S002979,structural_full,full,3,0,69,122.3333333,53.33333333,6.658328118,19.89009345,24.13978001,4.249686557,2.480665827,39,13,40,68.66666667,56,66.33333333
S002980,structural_full,full,3,0,65.66666667,90.33333333,24.66666667,14.0118997,23.39764355,30.19454417,6.796900616,3.941356677,27.66666667,14.33333333,32.66666667,27.66666667,46.66666667,43.66666667
S002981,structural_full,full,3,0,50.33333333,69.33333333,19,12.16552506,19.86356507,24.56554017,4.701975107,5.474836358,33,7,33,52.33333333,21.33333333,48
S002982,structural_full,full,3,0,124,120.6666667,-3.333333333,2.081665999,52.53384761,71.55656205,19.02271443,5.580689632,40,10.33333333,18.66666667,79,34,86.66666667
S002983,structural_full,full,3,0,87,151.3333333,64.33333333,31.65964835,31.88796106,63.63849661,31.75053556,12.6789124,31.33333333,7.666666667,34,58,34.66666667,116.6666667
S002984,structural_full,full,3,0,62.66666667,82.66666667,20,19.15724406,29.74706118,41.69385928,11.9467981,11.89851573,36.33333333,13.66666667,9,9.333333333,25,57.66666667
S002985,structural_full,full,3,0,52.66666667,68.66666667,16,6.244997998,16.46255394,24.10959015,7.647036202,0.7406798461,31.66666667,15.33333333,12.66666667,29.66666667,20,48.66666667
S002986,structural_full,full,3,0,141.3333333,255,113.6666667,46.06878915,31.19128022,55.44298844,24.25170823,9.150125673,36,15.66666667,87,73.33333333,163.6666667,91.33333333
S002987,structural_full,full,3,0,111.3333333,126.6666667,15.33333333,25.79405616,52.65338917,58.98170158,6.328312409,12.62249082,28.66666667,17.66666667,9.333333333,31.33333333,55.66666667,71
S002988,structural_full,full,3,0,73.33333333,80,6.666666667,13.0511813,27.2900982,31.4020583,4.111960091,5.839117688,36.33333333,5,31,20,15,65
S002989,structural_full,full,3,0,181.3333333,288.3333333,107,25.35744467,72.01931697,125.9112405,53.89192349,8.463652579,23,19.66666667,221.6666667,223.6666667,119,169.3333333
S002990,structural_full,full,3,0,93.33333333,118.6666667,25.33333333,15.30795,39.95387307,51.6823522,11.72847914,7.860491714,20,9.333333333,16.66666667,22.66666667,59,59.66666667
S002991,structural_full,full,3,0,46.33333333,55.33333333,9,3,20.78209105,23.3543632,2.572272148,1.081882034,39.66666667,13,9.333333333,7,9.666666667,45.66666667
S002992,structural_full,full,3,0,50.33333333,86,35.66666667,18.17507451,29.92944883,54.33151411,24.40206528,4.54228457,40,10.33333333,15,18.33333333,29,57
S002993,structural_full,full,3,0,105,154.3333333,49.33333333,12.58305739,55.89257909,77.43048692,21.53790782,7.832018324,40,10,32,29.66666667,54.33333333,100
S002994,structural_full,full,3,0,59.66666667,90.66666667,31,13.74772708,24.64878107,29.78258664,5.133805567,4.51452083,43,6.666666667,27.33333333,43.66666667,48.33333333,42.33333333
S002995,structural_full,full,3,0,186.6666667,286.6666667,100,28.35489376,72.3255714,111.3729421,39.04737071,6.493683865,24,15.66666667,64.33333333,69,106,180.6666667
S002996,structural_full,full,3,0,143.6666667,161,17.33333333,4.725815626,36.55408072,45.17224639,8.618165673,4.258899109,33.33333333,18,21.66666667,48.66666667,93.33333333,67.66666667
S002997,structural_full,full,3,0,75.66666667,107.3333333,31.66666667,8.082903769,36.82734126,45.53431792,8.70697666,5.284819334,32.33333333,15,14.66666667,52,46.66666667,60.66666667
S002998,structural_full,full,3,0,65,94.33333333,29.33333333,14.46835628,32.41039632,46.87126896,14.46087265,7.280258858,26,14.66666667,12.66666667,17,22.66666667,71.66666667
S002999,structural_full,full,3,0,131,142.6666667,11.66666667,24.13158373,62.92879281,80.65718232,17.72838951,12.80077554,42.33333333,10.66666667,26.33333333,30.66666667,37.33333333,105.3333333
S003000,sobol_A,full,2,0,66,66.5,0.5,7.778174593,36.00309504,40.02736649,4.024271443,2.064906209,46.5,4.5,9,13,10,56.5
S003001,sobol_A,full,2,0,93.5,147,53.5,9.192388155,26.9554677,46.96790224,20.01243454,0.8809418103,38,15,59,72.5,63.5,83.5
S003002,sobol_A,full,2,0,55,77,22,9.899494937,33.91889546,58.74927763,24.83038217,8.493162817,32,10,14.5,30,18,59
S003003,sobol_A,full,2,0,70,92.5,22.5,7.778174593,37.07242841,44.82283442,7.75040601,1.173197227,35.5,9,17.5,26,21.5,71
S003004,sobol_A,full,2,0,58.5,79,20.5,23.33452378,29.68661061,30.7095106,1.02289999,3.440395712,17,5,10,22.5,35.5,43.5
S003005,sobol_A,full,2,0,194,206.5,12.5,3.535533906,83.11683789,97.16985764,14.05301975,2.755176313,47.5,9,62,90.5,85,121.5
S003006,sobol_A,full,2,0,73,74.5,1.5,6.363961031,35.9177599,44.95884396,9.041084053,4.668710307,34,12.5,15,33.5,22.5,52
S003007,sobol_A,full,2,0,206,277.5,71.5,60.1040764,62.50880048,75.63996983,13.13116935,11.05449568,28,17.5,81,54.5,175.5,102
S003008,sobol_A,full,2,0,44.5,51.5,7,5.656854249,17.30730493,20.36443484,3.057129908,1.611120851,24,7,9,15,12,39.5
S003009,sobol_A,full,2,0,111.5,145,33.5,19.09188309,35.71073594,48.9571404,13.24640446,4.841173797,30,13.5,13,48.5,77,68
S003010,sobol_A,full,2,0,102,101,-1,8.485281374,29.10261252,36.56188955,7.459277031,0.5975150396,36,9.5,9.5,16.5,47,54
S003011,sobol_A,full,2,0,77,92,15,12.72792206,34.68858586,49.65260225,14.96401639,6.599701512,45.5,9.5,15,14.5,14.5,77.5
S003012,sobol_A,full,2,0,112.5,158,45.5,28.99137803,29.94685311,40.70287498,10.75602186,6.869727127,41,12,34.5,39.5,53.5,104.5
S003013,sobol_A,full,2,0,73.5,68.5,-5,2.828427125,35.45494867,39.97372244,4.518773774,4.0371589,40.5,9.5,8.5,5.5,24,44.5
S003014,sobol_A,full,2,0,66,101.5,35.5,3.535533906,24.57093347,40.35096078,15.78002731,3.796925495,34,16,23,46,44,57.5
S003015,sobol_A,full,2,0,103,117,14,14.14213562,57.27794158,89.11565097,31.83770939,6.884023696,17,14,19.5,29.5,20,97
S003016,sobol_A,full,2,0,72.5,89,16.5,19.09188309,27.21735114,41.77654294,14.5591918,5.550826284,36.5,9,10,30.5,27.5,61.5
S003017,sobol_A,full,2,0,58,72.5,14.5,20.50609665,33.48235208,41.30757023,7.82521815,9.07001282,44,10.5,7.5,23.5,30.5,42
S003018,sobol_A,full,2,0,80.5,127.5,47,5.656854249,20.97434217,31.80809011,10.83374795,0.08391078922,25,12.5,17.5,71.5,77.5,50
S003019,sobol_A,full,2,0,66,119,53,8.485281374,19.90582548,36.43658975,16.53076426,0.4020353754,38.5,13,43.5,61,59,60
S003020,sobol_A,full,2,0,64,88,24,24.04163056,25.07545881,39.26194409,14.18648528,9.711380199,36,15.5,23.5,40,45,43
S003021,sobol_A,full,2,0,58,67,9,18.38477631,13.85334525,19.09237153,5.239026283,7.132439779,24.5,10.5,11,23,23.5,43.5
S003022,sobol_A,full,2,0,31.5,43.5,12,1.414213562,19.17358681,23.33463984,4.161053023,1.360731243,39.5,5,5.5,7,12.5,31
S003023,sobol_A,full,2,0,76.5,81,4.5,3.535533906,35.08958795,35.28500159,0.1954136416,0.03096232611,38,4,6,8.5,35.5,45.5
S003024,sobol_A,full,2,0,62,64,2,4.242640687,21.22736638,26.28439448,5.057028095,0.8961188532,39.5,15,12,11.5,12,52
S003025,sobol_A,full,2,0,51,113,62,21.21320344,16.9836515,34.11642523,17.13277373,3.420665691,25.5,8.5,73,93,54,59
S003026,sobol_A,full,2,0,131,199,68,29.69848481,36.90756724,57.81576624,20.908199,9.186136978,40.5,13.5,48.5,143.5,95,104
S003027,sobol_A,full,2,0,81.5,128,46.5,17.67766953,28.67971241,52.22143251,23.5417201,5.14724421,30,19.5,27,47,50.5,77.5
S003028,sobol_A,full,2,0,66.5,109.5,43,28.28427125,34.14131302,56.95209229,22.81077928,15.26488921,34,8.5,10.5,38,42.5,67
S003029,sobol_A,full,2,0,45.5,50,4.5,2.121320344,33.37077413,42.39801128,9.027237149,0.5992201387,44,9.5,3,4.5,7.5,42.5
S003030,sobol_A,full,2,0,94.5,123.5,29,5.656854249,28.60560855,40.46034876,11.85474021,2.935931098,21,7.5,14,15.5,30,93.5
S003031,sobol_A,full,2,0,84,156,72,28.28427125,32.48533938,59.38127823,26.89593886,7.818950885,20,7,16.5,30.5,74,82
S003032,sobol_A,full,2,0,53.5,83.5,30,16.97056275,20.30950987,23.33764723,3.028137358,4.895548523,27.5,19,25.5,37.5,40.5,43
S003033,sobol_A,full,2,0,112.5,131.5,19,15.55634919,18.07323451,20.59456122,2.521326713,3.408337674,17,13,36.5,43,80,51.5
S003034,sobol_A,full,2,0,72,89,17,2.828427125,24.11270718,30.4798136,6.367106421,2.093797893,23.5,11,12,23.5,33,56
S003035,sobol_A,full,2,0,66,102.5,36.5,28.99137803,33.09937787,47.75175637,14.65237851,12.68694502,52,7,13.5,26,22,80.5
S003036,sobol_A,full,2,0,61.5,73.5,12,11.3137085,30.31737441,36.05939319,5.742018787,2.784766325,33,9,13.5,32.5,19.5,54
S003037,sobol_A,full,2,0,100.5,110.5,10,14.14213562,47.82198393,70.60478643,22.7828025,2.671177024,25,9.5,11,21.5,34.5,76
S003038,sobol_A,full,2,0,84.5,96.5,12,2.828427125,31.26451633,44.86735909,13.60284276,1.96365819,43.5,10.5,18,16.5,17.5,79
S003039,sobol_A,full,2,0,61,67,6,7.071067812,29.61083654,38.28606778,8.675231244,4.167473795,21,8.5,5,10.5,18,49
S003040,sobol_A,full,2,0,105.5,159.5,54,21.21320344,65.92621025,95.30749813,29.38128788,9.496190965,37.5,15,44,51,55.5,104
S003041,sobol_A,full,2,0,89,137,48,0,22.6734879,34.75227957,12.07879167,5.066899791,33,12.5,23,45,65.5,71.5
S003042,sobol_A,full,2,0,73,102,29,26.87005769,26.08310646,40.49815573,14.41504928,12.59256645,40,13.5,14.5,24,40,62
S003043,sobol_A,full,2,0,70.5,77,6.5,2.121320344,19.93851996,22.46052447,2.522004514,0.9175568424,36.5,7,15,13,36,41
S003044,sobol_A,full,2,0,62.5,123,60.5,2.121320344,15.58785973,33.00559877,17.41773904,0.1535283949,44,10,62,47.5,48.5,74.5
S003045,sobol_A,full,2,0,51,60,9,9.899494937,12.59092353,17.10522301,4.514299474,0.0262937249,46.5,7.5,6,19,26,34
S003046,sobol_A,full,2,0,89,134.5,45.5,19.09188309,52.35657951,58.42256196,6.065982444,13.78535927,28.5,7,27,55,65.5,69
S003047,sobol_A,full,2,0,46.5,69,22.5,4.949747468,18.6744913,27.17545233,8.500961024,1.195385255,51,9,7.5,8.5,9.5,59.5
S003048,sobol_A,full,2,0,72.5,99.5,27,18.38477631,24.80409189,33.65107149,8.846979598,2.594783634,38,12.5,14,38,47.5,52
S003049,sobol_A,full,2,0,68.5,103.5,35,12.72792206,26.46942057,35.68833508,9.218914515,1.067651353,29.5,10,16,22,60,43.5
S003050,sobol_A,full,2,0,94.5,128.5,34,14.14213562,40.35862353,62.65221559,22.29359205,6.519005984,37,10,26.5,29,48.5,80
S003051,sobol_A,full,2,0,205,215,10,7.071067812,30.29664716,36.93834619,6.641699035,0.3377745446,24.5,12.5,32.5,47.5,123.5,91.5
S003052,sobol_A,full,2,0,67,98,31,14.14213562,36.80695627,58.10477459,21.29781831,9.882898576,44.5,11.5,20.5,27.5,17.5,80.5
S003053,sobol_A,full,2,0,61,65,4,4.242640687,24.67392252,36.39437579,11.72045327,4.141932738,33,18.5,11,23,18,47
S003054,sobol_A,full,2,0,136.5,194,57.5,23.33452378,65.45133639,102.3187418,36.86740539,16.88318803,29,15,29,31,63,131
S003055,sobol_A,full,2,0,199,248.5,49.5,19.09188309,96.56901879,114.7092428,18.14022401,2.89241298,29.5,16,30.5,60.5,80.5,168
S003056,sobol_A,full,2,0,70,110,40,1.414213562,48.05416302,75.22166305,27.16750003,0.6540855994,30,6,18.5,13,15,95
S003057,sobol_A,full,2,0,67,100.5,33.5,3.535533906,19.77208658,35.55258374,15.78049716,0.6382422716,27,15,14,18.5,29,71.5
S003058,sobol_A,full,2,0,65.5,86,20.5,14.8492424,41.02322723,54.5953209,13.57209367,8.811062669,41,7.5,21.5,41,18,68
S003059,sobol_A,full,2,0,102.5,156,53.5,6.363961031,43.31149113,62.54479662,19.23330549,6.991186501,38,9,20.5,34.5,78.5,77.5
S003060,sobol_A,full,2,0,51,77,26,11.3137085,16.13045086,24.78350886,8.653057996,0.1265393604,30,12.5,24,21.5,41,36
S003061,sobol_A,full,2,0,122.5,217,94.5,58.68986284,30.6552156,70.01209228,39.35687668,21.36386796,41.5,16,65.5,46,86.5,130.5
S003062,sobol_A,full,2,0,134,122.5,-11.5,33.23401872,56.65645112,51.829109,-4.827342125,13.58171852,48.5,10.5,19.5,16.5,43,79.5
S003063,sobol_A,full,2,0,64,71.5,7.5,7.778174593,21.85729559,24.73147994,2.874184349,2.69760182,40.5,7,8.5,12.5,29.5,42
S003064,sobol_A,full,2,0,133,167.5,34.5,6.363961031,52.41966575,63.2772199,10.85755414,1.715690096,35.5,12.5,47,48,65.5,102
S003065,sobol_A,full,2,0,137.5,286,148.5,43.13351365,72.61757805,108.6650962,36.04751814,3.198591262,40,6.5,137.5,293.5,151,135
S003066,sobol_A,full,2,0,90,91,1,21.21320344,24.94371858,25.34080687,0.3970882962,3.780657291,23,12.5,14,22.5,22.5,68.5
S003067,sobol_A,full,2,0,86.5,105.5,19,0,41.09082777,46.66972448,5.578896708,0.2368058089,38.5,11,21.5,32,24.5,81
S003068,sobol_A,full,2,0,88,127.5,39.5,31.81980515,14.22642637,24.15171703,9.925290651,5.564524487,36,9,29,37,72,55.5
S003069,sobol_A,full,2,0,82.5,151.5,69,12.72792206,36.93246788,59.67174462,22.73927674,13.78768595,34.5,11,150.5,140.5,78,73.5
S003070,sobol_A,full,2,0,103.5,128.5,25,11.3137085,25.18383482,36.17244002,10.9886052,6.594762228,35.5,12.5,15.5,24.5,36.5,92
S003071,sobol_A,full,2,0,97.5,100,2.5,4.949747468,45.63348411,48.43851046,2.805026353,0.9705803143,27,15.5,13,29.5,35.5,64.5
S003072,sobol_A,full,2,0,50,60.5,10.5,6.363961031,18.49903687,20.56405329,2.065016418,2.065603593,33,5,3,3.5,8.5,52
S003073,sobol_A,full,2,0,171.5,255.5,84,21.21320344,44.04614536,82.86736546,38.8212201,3.762865594,30,18,58.5,84,76.5,179
S003074,sobol_A,full,2,0,110,151,41,39.59797975,65.95853052,92.22582871,26.26729818,21.4045018,35.5,12.5,21.5,30.5,36.5,114.5
S003075,sobol_A,full,2,0,92.5,120,27.5,23.33452378,36.51001704,42.83465793,6.32464089,6.610969701,21.5,14.5,33.5,28,35.5,84.5
S003076,sobol_A,full,2,0,84,109.5,25.5,10.60660172,46.32314092,55.75985148,9.436710561,6.272327825,48,8,13,11,27.5,82
S003077,sobol_A,full,2,0,86,95.5,9.5,2.121320344,35.26820707,40.43336266,5.165155589,0.4280780675,28.5,7,17.5,24,30.5,65
S003078,sobol_A,full,2,0,87.5,129,41.5,14.8492424,50.88079522,84.11916026,33.23836504,19.81179909,29,19,21,30.5,28,101
S003079,sobol_A,full,2,0,84.5,112,27.5,2.121320344,23.72096561,39.1731201,15.45215449,0.9950654541,26,10.5,20.5,20,25.5,86.5
S003080,sobol_A,full,2,0,110,146,36,11.3137085,47.95023782,65.5324863,17.58224848,13.33717705,24.5,11.5,16,24.5,70.5,75.5
S003081,sobol_A,full,2,0,114,194.5,80.5,21.92031022,39.64993461,59.77319813,20.12326352,11.5751875,22,10,32,47.5,47.5,147
S003082,sobol_A,full,2,0,83.5,111,27.5,7.778174593,20.08441149,29.27589134,9.191479849,0.9051458477,32.5,13.5,20.5,17.5,47,64
S003083,sobol_A,full,2,0,113,233,120,16.97056275,52.07215312,81.23101327,29.15886015,7.46694429,37,10.5,47.5,64.5,113,120
S003084,sobol_A,full,2,0,54.5,59.5,5,4.242640687,18.27756519,24.0876337,5.810068512,3.464384967,36,13,11,30,12,47.5
S003085,sobol_A,full,2,0,86,83,-3,2.828427125,51.26154341,52.02979696,0.7682535524,1.457591795,34,12,7.5,15,25.5,57.5
S003086,sobol_A,full,2,0,76.5,129,52.5,16.26345597,26.94255098,48.12726412,21.18471313,3.58256799,25,10,41,27.5,48.5,80.5
S003087,sobol_A,full,2,0,56.5,94,37.5,26.1629509,17.38473241,25.63749226,8.25275985,6.797355215,40,11,12,36,29.5,64.5
S003088,sobol_A,full,2,0,59.5,76,16.5,2.121320344,28.2882821,43.24516542,14.95688333,2.591338342,37.5,12,33.5,28.5,27,49
S003089,sobol_A,full,2,0,94.5,91,-3.5,17.67766953,37.69077732,36.56036363,-1.130413694,4.274913824,36.5,8,10.5,8.5,27.5,63.5
S003090,sobol_A,full,2,0,82,157.5,75.5,0.7071067812,51.8352276,112.8503747,61.01514711,14.07147062,33.5,11.5,41.5,49.5,47,110.5
S003091,sobol_A,full,2,0,59.5,55,-4.5,17.67766953,30.46664501,38.65437048,8.18772547,8.660119899,22,11,7,6.5,12,43
S003092,sobol_A,full,2,0,140,180,40,25.45584412,23.18780155,23.6958164,0.5080148496,0.4537081167,29,14,55,73,117.5,62.5
S003093,sobol_A,full,2,0,46.5,54.5,8,5.656854249,22.15763886,24.74569863,2.588059775,1.244709487,37.5,9,12,19,12.5,42
S003094,sobol_A,full,2,0,53,74.5,21.5,0.7071067812,22.42173958,32.76444673,10.34270715,0.7094394431,31.5,7.5,21,33.5,33,41.5
S003095,sobol_A,full,2,0,62.5,112,49.5,30.40559159,18.7765835,34.85216781,16.07558432,12.33038394,36,4.5,20.5,20,53,59
S003096,sobol_A,full,2,0,96.5,133.5,37,39.59797975,23.26993449,39.27398445,16.00404996,5.429775193,39,11,40,90,54,79.5
S003097,sobol_A,full,2,0,111,124,13,9.899494937,22.64231933,31.14817834,8.505859013,5.115692726,37,9.5,33.5,47,52.5,71.5
S003098,sobol_A,full,2,0,51.5,60,8.5,13.43502884,27.75189824,29.15604497,1.404146729,2.602779247,17.5,10.5,21,49,19.5,40.5
S003099,sobol_A,full,2,0,66.5,106,39.5,9.192388155,21.95142597,37.56307987,15.6116539,1.47415347,34.5,17.5,31,39,37.5,68.5
S003100,sobol_A,full,2,0,84.5,105,20.5,27.57716447,55.31190384,56.07242047,0.7605166313,9.820873462,36,13,19.5,27.5,28,77
S003101,sobol_A,full,2,0,72,124,52,0,37.39469884,73.05838873,35.66368989,2.325496807,31.5,9,12,33,29,95
S003102,sobol_A,full,2,0,68.5,76,7.5,2.121320344,26.75785517,34.0645796,7.306724425,1.867684979,39,11,8,9,31.5,44.5
S003103,sobol_A,full,2,0,74,62,-12,26.87005769,53.24588685,59.15498051,5.909093669,12.59414439,39.5,7.5,18,35.5,7,55
S003104,sobol_A,full,2,0,124.5,152,27.5,9.192388155,22.71133165,38.3384695,15.62713785,2.414285533,42.5,3.5,12.5,19.5,81,71
S003105,sobol_A,full,2,0,108.5,245,136.5,7.778174593,24.88659289,40.58575414,15.69916125,3.590049863,40,10.5,117,174,134,111
S003106,sobol_A,full,2,0,60,80.5,20.5,12.02081528,17.73570486,23.91722645,6.181521591,0.5650397559,46.5,9,14.5,32.5,34.5,46
S003107,sobol_A,full,2,0,127.5,175.5,48,24.04163056,70.8194598,86.39345239,15.5739926,15.75204351,39,13.5,32.5,35.5,52.5,123
S003108,sobol_A,full,2,0,105.5,118.5,13,9.899494937,34.08406676,42.63456987,8.550503111,3.039845702,43,8,11,21,56.5,62
S003109,sobol_A,full,2,0,57,70,13,5.656854249,25.889501,30.83067018,4.941169176,2.859850968,38.5,15.5,11.5,20.5,32,38
S003110,sobol_A,full,2,0,203,369,166,32.52691193,63.75753551,117.8111625,54.05362694,11.09580033,49,5.5,131.5,130,234.5,134.5
S003111,sobol_A,full,2,0,92,107,15,1.414213562,41.05034237,45.57232605,4.521983676,2.884824343,26,14.5,13.5,36.5,55,52
S003112,sobol_A,full,2,0,48,60.5,12.5,3.535533906,11.75021284,15.18600623,3.435793388,2.472367161,35,11.5,6.5,11.5,18,42.5
S003113,sobol_A,full,2,0,84.5,102,17.5,10.60660172,53.53072584,59.61398874,6.083262903,9.260988019,39.5,7,15,35.5,28,74
S003114,sobol_A,full,2,0,316,432.5,116.5,37.4766594,134.9436899,179.3649896,44.42129972,4.878234352,22,12,181.5,162,151,281.5
S003115,sobol_A,full,2,0,43,45.5,2.5,4.949747468,22.58832089,22.72655843,0.1382375353,4.631505096,40.5,6.5,9,10,19,26.5
S003116,sobol_A,full,2,0,102,117,15,14.14213562,35.71347203,35.02387872,-0.6895933167,2.152189303,37,13.5,26,69,42.5,74.5
S003117,sobol_A,full,2,0,62.5,100.5,38,14.14213562,29.33382297,35.02837198,5.69454901,8.192880901,44.5,9,21.5,23.5,64,36.5
S003118,sobol_A,full,2,0,60.5,77,16.5,3.535533906,30.70952841,38.58377226,7.874243847,2.976426753,30,11.5,17.5,17.5,35.5,41.5
S003119,sobol_A,full,2,0,90.5,101.5,11,9.899494937,62.53048678,84.93929291,22.40880613,1.695798825,32,14,5.5,13.5,16.5,85
S003120,sobol_A,full,2,0,84,125,41,29.69848481,26.80010008,34.80997846,8.009878378,8.327360768,35.5,7,17,29,78.5,46.5
S003121,sobol_A,full,2,0,120,160.5,40.5,0.7071067812,70.88460175,93.81963082,22.93502907,0.03543302892,33,8.5,11.5,51.5,31.5,129
S003122,sobol_A,full,2,0,45.5,56,10.5,7.778174593,22.11003649,33.7207303,11.61069382,7.904214153,42.5,5,7,14,20.5,35.5
S003123,sobol_A,full,2,0,57.5,96.5,39,4.242640687,23.00219042,46.04098988,23.03879946,3.727661081,40,13,27,38.5,42,54.5
S003124,sobol_A,full,2,0,74,98.5,24.5,6.363961031,24.72308773,35.58683141,10.86374367,2.412505275,35.5,14,11.5,20,47.5,51
S003125,sobol_A,full,2,0,126,238.5,112.5,51.61879503,51.38060807,106.6788621,55.29825404,4.000121454,25,11,42,67,126.5,112
S003126,sobol_A,full,2,0,56,50.5,-5.5,6.363961031,19.25522124,16.60729648,-2.647924762,0.8148507867,34,9,9,10,23.5,27
S003127,sobol_A,full,2,0,73.5,129,55.5,7.778174593,26.55304226,51.28227077,24.72922851,2.648427837,36,7.5,30.5,16,59,70
S003128,sobol_B,full,2,0,86.5,92,5.5,3.535533906,20.87134535,28.1379784,7.266633051,1.410451706,31.5,15.5,18,44,37,55
S003129,sobol_B,full,2,0,59.5,71.5,12,0,30.71139336,45.59067227,14.87927892,3.367774854,22.5,8,9,5.5,16.5,55
S003130,sobol_B,full,2,0,66.5,89.5,23,9.899494937,32.82545082,48.94582314,16.12037232,13.29440422,36.5,7.5,8.5,13.5,14,75.5
S003131,sobol_B,full,2,0,62,82,20,8.485281374,19.49886898,31.56138321,12.06251423,1.685476788,45.5,8,8.5,27,16,66
S003132,sobol_B,full,2,0,54,97.5,43.5,2.121320344,14.52229546,21.6476956,7.125400133,0.0781237434,48.5,8.5,29,62.5,50,47.5
S003133,sobol_B,full,2,0,63,77.5,14.5,3.535533906,21.3540842,26.1452914,4.791207202,0.7960259613,17,17.5,29.5,32.5,36,41.5
S003134,sobol_B,full,2,0,87.5,146.5,59,14.14213562,28.53819495,65.3694695,36.83127455,0.6401012332,25.5,15,36,23,57,89.5
S003135,sobol_B,full,2,0,102.5,104.5,2,1.414213562,59.56480116,84.42772598,24.86292482,0.7310079379,26.5,7.5,12,17,26.5,78
S003136,sobol_B,full,2,0,49,62.5,13.5,0.7071067812,26.73334295,38.751025,12.01768204,5.730235444,42.5,14,15.5,18,23,39.5
S003137,sobol_B,full,2,0,110.5,133.5,23,16.97056275,27.06260026,28.91931383,1.85671357,4.072422443,22.5,12.5,20,32.5,51,82.5
S003138,sobol_B,full,2,0,72.5,79.5,7,7.071067812,25.42889401,27.5207053,2.091811288,1.139630415,34,9.5,22,30.5,25,54.5
S003139,sobol_B,full,2,0,43,54,11,8.485281374,13.77102305,21.52030968,7.749286632,1.363493336,43.5,7.5,9.5,14,21.5,32.5
S003140,sobol_B,full,2,0,45,50,5,1.414213562,20.83734782,22.00317419,1.165826369,0.1500057719,40.5,8,6.5,10.5,13.5,36.5
S003141,sobol_B,full,2,0,44.5,60,15.5,17.67766953,16.78278023,19.56061617,2.777835937,3.216372532,34.5,11.5,10,28,27.5,32.5
S003142,sobol_B,full,2,0,52,60.5,8.5,2.121320344,18.1358346,24.30658412,6.170749525,0.3392456092,39,9,4.5,7.5,21,39.5
S003143,sobol_B,full,2,0,91,100.5,9.5,10.60660172,55.76218888,69.67965962,13.91747073,1.984596827,27.5,9.5,7,9.5,27.5,73
S003144,sobol_B,full,2,0,51.5,64.5,13,2.828427125,23.9049434,32.07539177,8.170448369,0.8301221662,41.5,6.5,11.5,13,24,40.5
S003145,sobol_B,full,2,0,216,455.5,239.5,27.57716447,82.41781437,130.5520697,48.13425535,4.740377649,34.5,13,150,139,288.5,167
S003146,sobol_B,full,2,0,86.5,131.5,45,33.9411255,18.50245592,25.01232815,6.509872229,3.872940268,22,13,34.5,45.5,80,51.5
S003147,sobol_B,full,2,0,54,70.5,16.5,12.02081528,21.54447116,31.63931244,10.09484128,1.734279869,35,9.5,9.5,17,26.5,44
S003148,sobol_B,full,2,0,98.5,88,-10.5,14.8492424,39.54115379,32.59393387,-6.947219922,8.753368193,42.5,4.5,5.5,21.5,36.5,51.5
S003149,sobol_B,full,2,0,155,185,30,1.414213562,88.65935966,98.00464928,9.345289623,1.197804638,25,12.5,17,31.5,48.5,136.5
S003150,sobol_B,full,2,0,61.5,74.5,13,2.828427125,30.89902298,40.16203571,9.263012738,3.271647394,27.5,13.5,15.5,31,21,53.5
S003151,sobol_B,full,2,0,41,46.5,5.5,12.02081528,16.38071995,19.71532111,3.334601152,6.374483743,41,8.5,7,26,10.5,36
S003152,sobol_B,full,2,0,67.5,65.5,-2,8.485281374,37.71246552,43.4667936,5.754328079,5.364120596,36.5,13.5,9,13.5,17,48.5
S003153,sobol_B,full,2,0,84,91,7,4.242640687,49.63465014,60.89080639,11.25615625,1.074244115,23.5,10.5,14.5,17.5,26,65
S003154,sobol_B,full,2,0,65.5,70,4.5,3.535533906,43.00067398,44.5410701,1.540396114,1.466974164,33,12,8.5,20.5,12,58
S003155,sobol_B,full,2,0,85.5,104,18.5,4.949747468,45.17143034,74.0834119,28.91198156,6.538874968,39.5,12,23.5,17.5,22.5,81.5
S003156,sobol_B,full,2,0,96,94.5,-1.5,12.02081528,39.05815693,41.11148097,2.053324043,5.19004622,22,9.5,13.5,29,49,45.5
S003157,sobol_B,full,2,0,91,104,13,18.38477631,27.65204799,28.45679776,0.8047497695,0.005778999056,38,10,15.5,44,55.5,48.5
S003158,sobol_B,full,2,0,95.5,126,30.5,23.33452378,58.08108612,76.85647422,18.7753881,15.99012132,46.5,6,13.5,17.5,28.5,97.5
S003159,sobol_B,full,2,0,43.5,75,31.5,2.121320344,17.0765925,21.94088256,4.864290065,3.995228792,33.5,10,20.5,40,38,37
S003160,sobol_B,full,2,0,80.5,118.5,38,35.35533906,55.65000794,63.0195943,7.369586353,14.84158881,49.5,6,22,26,40.5,78
S003161,sobol_B,full,2,0,54.5,72,17.5,0.7071067812,25.79794886,39.20558795,13.40763909,4.076231402,18,7,7,20,28,44
S003162,sobol_B,full,2,0,65.5,108,42.5,7.778174593,33.30487679,48.15101172,14.84613494,4.047416285,24,19.5,33,49.5,57,51
S003163,sobol_B,full,2,0,52,63.5,11.5,12.02081528,31.36284066,33.30916277,1.946322105,8.704928917,23.5,6.5,10,20.5,15.5,48
S003164,sobol_B,full,2,0,87.5,89.5,2,4.242640687,21.09246132,23.20988431,2.11742299,1.865140475,30.5,10.5,21.5,37.5,31.5,58
S003165,sobol_B,full,2,0,80,83.5,3.5,4.949747468,22.86310889,27.54247077,4.679361877,4.713287716,43,6,10,9,31,52.5
S003166,sobol_B,full,2,0,86.5,103.5,17,11.3137085,29.23434096,33.25982004,4.025479075,1.932638046,26.5,11,16,24.5,20,83.5
S003167,sobol_B,full,2,0,67,82.5,15.5,16.26345597,28.84941006,37.01999112,8.170581059,6.652285078,36,13.5,15.5,19.5,13,69.5
S003168,sobol_B,full,2,0,68.5,83.5,15,14.14213562,26.00719441,29.12426952,3.117075113,1.624288452,22.5,9,5,23.5,17.5,66
S003169,sobol_B,full,2,0,74,72.5,-1.5,2.121320344,49.24045194,61.12961083,11.88915889,3.546679714,26,10.5,9.5,16,13,59.5
S003170,sobol_B,full,2,0,60,85,25,2.828427125,33.14583643,51.26212179,18.11628536,1.621268943,42,8.5,7,19,22,63
S003171,sobol_B,full,2,0,54.5,70.5,16,7.071067812,14.06827942,19.42045646,5.352177043,3.993259246,15,10.5,7.5,12.5,18,52.5
S003172,sobol_B,full,2,0,37.5,59.5,22,18.38477631,13.94920276,20.09898021,6.149777445,2.95000493,38,7,7.5,14,24.5,35
S003173,sobol_B,full,2,0,63.5,99.5,36,2.828427125,42.99803353,50.91316263,7.915129101,0.2536451183,46,7.5,15.5,27.5,27,72.5
S003174,sobol_B,full,2,0,67.5,66,-1.5,13.43502884,24.97633044,27.55660262,2.580272185,2.876780455,35,8,4,6,12,54
S003175,sobol_B,full,2,0,70,65.5,-4.5,2.121320344,31.10060491,33.24566948,2.145064571,2.044405048,47.5,9.5,13.5,15.5,22.5,43
S003176,sobol_B,full,2,0,74.5,67,-7.5,7.778174593,48.90840341,48.20168313,-0.7067202858,4.574294076,31,4.5,10.5,4.5,5.5,61.5
S003177,sobol_B,full,2,0,113,146,33,5.656854249,33.73705042,40.96717202,7.230121597,0.9756560085,45.5,7,12,20.5,57.5,88.5
S003178,sobol_B,full,2,0,107,133,26,1.414213562,46.0600007,56.75881408,10.69881338,7.18974719,41,7.5,6,19.5,39.5,93.5
S003179,sobol_B,full,2,0,48.5,70,21.5,12.02081528,15.54692865,22.34735248,6.800423833,2.192137364,24.5,13,10.5,26,30.5,39.5
S003180,sobol_B,full,2,0,52.5,59.5,7,16.97056275,25.36043927,28.53841148,3.177972206,3.518426105,42.5,10,17.5,20,12.5,47
S003181,sobol_B,full,2,0,93.5,121,27.5,14.8492424,35.90207883,51.00615548,15.10407665,0.2874792656,30,15.5,27,45,34.5,86.5
S003182,sobol_B,full,2,0,129,301.5,172.5,54.44722215,36.98745641,80.8968845,43.90942809,17.87183896,43.5,11,97,82.5,161,140.5
S003183,sobol_B,full,2,0,119.5,122,2.5,6.363961031,24.67744121,23.83203377,-0.8454074363,1.097266713,38.5,12.5,19,47.5,67,55
S003184,sobol_B,full,2,0,64.5,81.5,17,1.414213562,18.52992123,19.63232272,1.102401492,1.524825065,31,8.5,17.5,16.5,42.5,39
S003185,sobol_B,full,2,0,86.5,79,-7.5,19.09188309,33.33832139,27.79772919,-5.540592198,6.071983391,45.5,8,4,12,31,48
S003186,sobol_B,full,2,0,87,104,17,7.071067812,43.33982961,53.57992531,10.24009571,2.791894094,40.5,6,18,12.5,23,81
S003187,sobol_B,full,2,0,85,147.5,62.5,9.192388155,12.37437533,23.62550481,11.25112948,0.718295638,28,18,28.5,47,92,55.5
S003188,sobol_B,full,2,0,75,126.5,51.5,7.778174593,27.35580247,40.28287407,12.9270716,2.872605604,30.5,9,35,48.5,77,49.5
S003189,sobol_B,full,2,0,66.5,123,56.5,51.61879503,21.65362197,36.56344506,14.90982309,16.20930358,32.5,11.5,38,80.5,70,53
S003190,sobol_B,full,2,0,64.5,97,32.5,3.535533906,26.18292672,43.0306114,16.84768469,4.684653217,39.5,7,22.5,48,35,62
S003191,sobol_B,full,2,0,174,268,94,18.38477631,58.58233061,97.03154645,38.44921584,13.07694495,32.5,12.5,59,55.5,167,101
S003192,sobol_B,full,2,0,136.5,197.5,61,19.79898987,50.34133026,76.24237574,25.90104548,0.7261978282,29,10.5,51.5,106.5,119,78.5
S003193,sobol_B,full,2,0,151,153.5,2.5,7.778174593,56.20016828,65.45837475,9.258206468,3.523257922,25.5,8,7,31,33.5,120
S003194,sobol_B,full,2,0,97.5,141.5,44,5.656854249,58.44117129,94.02363673,35.58246543,5.156152066,41,10,22,70,32,109.5
S003195,sobol_B,full,2,0,81.5,112.5,31,7.071067812,35.23369527,43.41986687,8.186171597,3.583401449,38.5,12.5,24,18,62.5,50
S003196,sobol_B,full,2,0,324.5,464,139.5,57.27564928,61.98838992,89.5107831,27.52239318,15.33531296,31.5,18,175,252.5,243,221
S003197,sobol_B,full,2,0,94,164.5,70.5,10.60660172,31.1155911,49.10131417,17.98572307,0.9842984615,31.5,19.5,54.5,75,98,66.5
S003198,sobol_B,full,2,0,77.5,120,42.5,3.535533906,23.72185656,35.80759962,12.08574306,3.91152178,19.5,8.5,8.5,19,38,82
S003199,sobol_B,full,2,0,92,139.5,47.5,0.7071067812,49.81160064,64.00233921,14.19073858,1.383708731,37,7.5,14,17.5,33.5,106
S003200,sobol_B,full,2,0,89,117.5,28.5,26.1629509,20.70570498,26.54601153,5.840306546,2.687192118,41.5,14,19.5,26,65,52.5
S003201,sobol_B,full,2,0,78,74.5,-3.5,0.7071067812,42.16651044,41.39379746,-0.7727129804,0.1841422811,35,12,12,25.5,23.5,51
S003202,sobol_B,full,2,0,44,48.5,4.5,6.363961031,26.46155755,30.53949471,4.077937166,6.403363617,33,6.5,8,8.5,14.5,34
S003203,sobol_B,full,2,0,79.5,120.5,41,9.899494937,21.88601603,33.94041369,12.05439766,1.970621445,30,11.5,30,22,62,58.5
S003204,sobol_B,full,2,0,114,149,35,16.97056275,50.02528133,80.62298809,30.59770676,8.684474377,33,14.5,28,61,75.5,73.5
S003205,sobol_B,full,2,0,66.5,101,34.5,9.192388155,28.04867481,41.69132283,13.64264802,5.619441474,27,7,12,19.5,34,67
S003206,sobol_B,full,2,0,54,64.5,10.5,14.8492424,10.73078118,11.03513663,0.3043554512,2.153833242,26,10.5,5,19.5,30.5,34
S003207,sobol_B,full,2,0,55,72,17,16.97056275,35.78262557,55.1807848,19.39815922,10.73413949,35.5,5.5,9.5,18.5,12.5,59.5
S003208,sobol_B,full,2,0,113.5,147,33.5,14.8492424,23.3919014,31.19657717,7.804675769,5.354414132,35,17,49.5,62.5,74,73
S003209,sobol_B,full,2,0,97,122.5,25.5,2.121320344,58.98542097,90.26974914,31.28432817,2.446446486,30,18,16,68,31.5,91
S003210,sobol_B,full,2,0,72,95,23,7.071067812,44.42798222,55.95944546,11.53146324,6.459948948,39.5,7.5,15,11.5,31,64
S003211,sobol_B,full,2,0,45.5,80.5,35,14.14213562,19.0041337,34.335472,15.3313383,8.688386047,36.5,8.5,17.5,18.5,14,66.5
S003212,sobol_B,full,2,0,63.5,97,33.5,14.8492424,32.65595464,40.75520839,8.099253747,5.240802998,34,14,17,28,34,63
S003213,sobol_B,full,2,0,115.5,165.5,50,8.485281374,36.29656944,49.55423503,13.25766558,3.132631869,37,14,52,42,97.5,68
S003214,sobol_B,full,2,0,72,97,25,8.485281374,46.72538359,67.14310913,20.41772554,3.66800318,45.5,6,11,33,26,71
S003215,sobol_B,full,2,0,81.5,124.5,43,16.97056275,44.14592138,60.67441944,16.52849806,6.140140555,44.5,6.5,11.5,28,59,65.5
S003216,sobol_B,full,2,0,62.5,89.5,27,2.828427125,30.96525519,41.00044333,10.03518815,1.814429292,32.5,12.5,9.5,31,33.5,56
S003217,sobol_B,full,2,0,55.5,72,16.5,0.7071067812,16.08063805,21.828977,5.748338949,0.1067783819,37,14,11,11.5,23.5,48.5
S003218,sobol_B,full,2,0,105.5,135.5,30,15.55634919,39.19045479,43.02034858,3.829893797,4.008973789,41.5,5.5,41.5,67.5,88.5,47
S003219,sobol_B,full,2,0,90,135.5,45.5,9.192388155,44.72555982,57.71310205,12.98754222,2.373575034,35.5,7.5,27.5,60,69.5,66
S003220,sobol_B,full,2,0,49.5,57,7.5,0.7071067812,15.93529324,18.13883091,2.203537667,2.698153977,32.5,8.5,12,18,17,40
S003221,sobol_B,full,2,0,72.5,120,47.5,27.57716447,31.23171969,57.12215481,25.89043512,2.610335398,37.5,11.5,33.5,52.5,69.5,50.5
S003222,sobol_B,full,2,0,74.5,77.5,3,1.414213562,28.50029967,29.46853975,0.9682400819,0.3951415372,29.5,13,12.5,17.5,34,43.5
S003223,sobol_B,full,2,0,55.5,63,7.5,9.192388155,26.25833685,25.1124986,-1.145838249,3.957232886,38,13,8.5,13.5,32.5,30.5
S003224,sobol_B,full,2,0,70,101,31,4.242640687,27.91556641,39.54119098,11.62562456,1.414252636,43,10.5,15.5,22,55,46
S003225,sobol_B,full,2,0,41.5,64.5,23,5.656854249,15.51518471,22.97095108,7.45576637,5.222538569,44,3.5,1.5,6,17.5,47
S003226,sobol_B,full,2,0,55.5,60,4.5,2.121320344,38.65845374,43.713757,5.055303256,3.49336582,48.5,10.5,7,12.5,9.5,50.5
S003227,sobol_B,full,2,0,97.5,135,37.5,6.363961031,33.49425724,44.39725964,10.9030024,0.7995839762,45,9.5,16.5,68.5,42,93
S003228,sobol_B,full,2,0,57,76,19,2.828427125,14.94695495,18.03223316,3.085278209,3.811442799,32,7.5,18,26,35.5,40.5
S003229,sobol_B,full,2,0,166.5,220.5,54,5.656854249,59.32364344,80.25404299,20.93039955,2.284691495,28.5,12.5,36,71.5,74,146.5
S003230,sobol_B,full,2,0,59.5,82.5,23,5.656854249,18.30101805,27.17369764,8.872679583,5.190616988,38.5,8.5,6.5,25.5,34.5,48
S003231,sobol_B,full,2,0,86.5,114.5,28,24.04163056,21.15926036,39.28845916,18.1291988,0.6672642885,27,9.5,8,20,44.5,70
S003232,sobol_B,full,2,0,112,141.5,29.5,12.02081528,60.30357513,84.78982972,24.48625459,14.83806728,18.5,11,9,15,42.5,99
S003233,sobol_B,full,2,0,107.5,144.5,37,4.242640687,49.73503616,77.62306718,27.88803102,0.2454834004,38,13,30.5,27,52.5,92
S003234,sobol_B,full,2,0,120.5,124,3.5,7.778174593,52.8487206,68.08752986,15.23880926,6.424673849,42,14,23.5,24.5,58.5,65.5
S003235,sobol_B,full,2,0,88,97,9,15.55634919,33.66981435,44.47055829,10.80074394,3.284411763,37.5,12,30,34.5,55.5,41.5
S003236,sobol_B,full,2,0,71,103,32,24.04163056,29.04211238,44.35838351,15.31627113,1.144358809,49,7,33.5,29.5,48,55
S003237,sobol_B,full,2,0,48,62.5,14.5,19.09188309,17.46356604,16.8788494,-0.5847166404,5.439368482,32,8,17,35,34,28.5
S003238,sobol_B,full,2,0,111.5,145.5,34,12.72792206,33.82047115,37.75739787,3.93692672,7.543068031,45,10,42.5,75,72.5,73
S003239,sobol_B,full,2,0,119.5,131,11.5,12.02081528,55.55854632,80.43850206,24.87995574,10.12546021,37,12,23.5,40.5,43,88
S003240,sobol_B,full,2,0,81.5,88,6.5,6.363961031,36.2990068,37.79114488,1.49213808,5.015246943,37.5,4.5,9,21,39.5,48.5
S003241,sobol_B,full,2,0,81.5,104.5,23,1.414213562,34.70408208,45.67189075,10.96780867,3.170266522,43.5,9.5,18.5,59.5,58,46.5
S003242,sobol_B,full,2,0,70,88.5,18.5,3.535533906,37.11483603,50.18856902,13.07373299,3.400974436,24.5,12,26.5,29,36,52.5
S003243,sobol_B,full,2,0,105,134,29,15.55634919,27.86278352,32.67417782,4.811394298,2.517552874,40,6.5,6.5,25,39.5,94.5
S003244,sobol_B,full,2,0,70,166.5,96.5,17.67766953,16.38231485,33.38104731,16.99873246,0.6829346264,35.5,11,96,114,97,69.5
S003245,sobol_B,full,2,0,86.5,107.5,21,5.656854249,37.37759798,58.49790803,21.12031005,0.6460372434,39.5,14.5,37,70.5,28,79.5
S003246,sobol_B,full,2,0,61,71,10,4.242640687,34.31565564,44.49466188,10.17900623,3.586683929,42.5,9,10,20.5,27,44
S003247,sobol_B,full,2,0,83.5,108.5,25,4.242640687,35.3642498,41.29094838,5.926698586,6.38771361,36.5,6,13.5,16,61.5,47
S003248,sobol_B,full,2,0,45,47,2,4.242640687,13.940091,18.23561446,4.295523459,2.707092005,22.5,4.5,3,9.5,9.5,37.5
S003249,sobol_B,full,2,0,45,41,-4,2.828427125,30.93764412,26.4674467,-4.470197421,2.46144311,37.5,6,9,6,5,36
S003250,sobol_B,full,2,0,117,167,50,19.79898987,53.07837367,75.1665832,22.08820953,12.46367638,25,10,10,32,39,128
S003251,sobol_B,full,2,0,72,75.5,3.5,14.8492424,21.99600122,27.60849499,5.612493769,4.370163143,28,8.5,6,10,17.5,58
S003252,sobol_B,full,2,0,88,142.5,54.5,0.7071067812,39.51336475,66.90934489,27.39598014,0.3842211414,31,10,26.5,52,32,110.5
S003253,sobol_B,full,2,0,55,68.5,13.5,4.949747468,27.59571402,42.37234394,14.77662992,5.174496823,46.5,4.5,5,8.5,14,54.5
S003254,sobol_B,full,2,0,34.5,45.5,11,4.242640687,18.78288979,19.06161378,0.2787239898,7.086575678,34,8,12.5,21.5,13.5,32
S003255,sobol_B,full,2,0,92.5,114,21.5,12.02081528,31.56126397,48.97959955,17.41833558,8.948767831,31,12,25.5,31,33.5,80.5
S003256,sobol_AB_k_qa,full,2,0,99,138,39,1.414213562,47.61402003,71.68689101,24.07287098,7.142946469,31,14.5,27.5,77,38,100
S003257,sobol_AB_k_qa,full,2,0,116,203,87,31.11269837,33.05166548,64.39474523,31.34307975,14.91896013,25,18,71,100,91,112
S003258,sobol_AB_k_qa,full,2,0,84.5,80.5,-4,22.627417,51.00292703,59.71546148,8.712534449,13.83724888,36,11,15.5,19.5,22.5,58
S003259,sobol_AB_k_qa,full,2,0,57,68,11,5.656854249,32.22848356,35.27065926,3.042175704,0.9616800319,38.5,9.5,14.5,9.5,15,53
S003260,sobol_AB_k_qa,full,2,0,46.5,60,13.5,0.7071067812,23.06123188,27.35672313,4.295491251,5.044264294,36.5,4,4,18,21,39
S003261,sobol_AB_k_qa,full,2,0,297.5,314.5,17,1.414213562,119.4298715,131.8907504,12.46087898,5.133442303,35.5,14.5,120.5,165.5,148.5,166
S003262,sobol_AB_k_qa,full,2,0,83,106.5,23.5,20.50609665,43.67596176,63.54736173,19.87139997,14.29863293,27.5,12,24,44,35.5,71
S003263,sobol_AB_k_qa,full,2,0,206,273.5,67.5,9.192388155,70.52878757,87.02829719,16.49950962,0.8682444428,28,15.5,68,41,156,117.5
S003264,sobol_AB_k_qa,full,2,0,46,45,-1,0,17.37548775,19.91815551,2.542667754,1.143434266,40.5,5.5,7,8.5,8,37
S003265,sobol_AB_k_qa,full,2,0,92.5,119,26.5,6.363961031,33.33040068,38.55275597,5.222355295,0.9225057162,33,10,12.5,35,65,54
S003266,sobol_AB_k_qa,full,2,0,127.5,105.5,-22,39.59797975,36.19481088,42.68445318,6.489642295,11.58445708,31.5,12,10.5,19.5,44,61.5
S003267,sobol_AB_k_qa,full,2,0,75.5,125.5,50,43.84062043,33.10840107,54.91311027,21.80470921,14.33036234,42,12.5,19,27.5,36.5,89
S003268,sobol_AB_k_qa,full,2,0,92,142.5,50.5,19.09188309,28.93963158,35.62749238,6.687860795,6.688597895,44.5,10.5,54.5,65,51.5,91
S003269,sobol_AB_k_qa,full,2,0,70,73.5,3.5,6.363961031,35.49025481,44.42993323,8.939678412,4.196937129,43,10,14.5,12.5,23.5,50
S003270,sobol_AB_k_qa,full,2,0,65,95,30,11.3137085,24.18088039,38.51418813,14.33330774,1.021397411,37,16.5,11.5,36.5,40,55
S003271,sobol_AB_k_qa,full,2,0,102.5,124.5,22,24.04163056,51.66856469,84.78794402,33.11937933,18.56480845,23,10.5,29.5,49.5,32,92.5
S003272,sobol_AB_k_qa,full,2,0,60.5,80.5,20,5.656854249,28.12297954,37.79246824,9.669488703,0.6043123038,36,10.5,12.5,29.5,26.5,54
S003273,sobol_AB_k_qa,full,2,0,66.5,83,16.5,3.535533906,37.74055499,46.59018334,8.849628346,5.049405367,42.5,10.5,16,23.5,36,47
S003274,sobol_AB_k_qa,full,2,0,80.5,136,55.5,2.121320344,21.33629428,34.38307259,13.04677831,6.487885773,28,15.5,21.5,71,78.5,57.5
S003275,sobol_AB_k_qa,full,2,0,67.5,120,52.5,23.33452378,20.50668319,36.44655817,15.93987498,4.436659137,39.5,13.5,53.5,74.5,62.5,57.5
S003276,sobol_AB_k_qa,full,2,0,54,71,17,9.899494937,24.48403103,35.23900591,10.75497488,4.310566986,35,16,10.5,27.5,33.5,37.5
S003277,sobol_AB_k_qa,full,2,0,47.5,64.5,17,2.828427125,10.50122915,18.23714961,7.735920467,3.488706268,21.5,8.5,20.5,23,21.5,43
S003278,sobol_AB_k_qa,full,2,0,36,40.5,4.5,10.60660172,20.70625085,19.49143378,-1.214817066,6.604706846,34,8.5,5.5,15,14,26.5
S003279,sobol_AB_k_qa,full,2,0,75.5,85,9.5,9.192388155,34.89180367,29.15430045,-5.73750322,1.683302291,30.5,8,15.5,17.5,45.5,39.5
S003280,sobol_AB_k_qa,full,2,0,67,85,18,4.242640687,22.50855628,33.03490892,10.52635264,0.07754553198,38,12,12,13.5,22.5,62.5
S003281,sobol_AB_k_qa,full,2,0,61.5,126.5,65,22.627417,20.13258973,42.0299756,21.89738587,5.254270615,23,10,56.5,89,57.5,69
S003282,sobol_AB_k_qa,full,2,0,173.5,212.5,39,28.28427125,50.46381594,61.97579229,11.51197636,12.1902092,31,18.5,61,133,103,109.5
S003283,sobol_AB_k_qa,full,2,0,83.5,125,41.5,0.7071067812,31.85807677,54.55866756,22.70059079,0.8826735722,36.5,11.5,28,40,44,81
S003284,sobol_AB_k_qa,full,2,0,80.5,153.5,73,46.66904756,36.55948021,79.66800109,43.10852088,23.81299542,22,12.5,29,59,60,93.5
S003285,sobol_AB_k_qa,full,2,0,63,72,9,1.414213562,37.92588563,50.22056105,12.29467542,5.367260853,36.5,12.5,13,7,22,50
S003286,sobol_AB_k_qa,full,2,0,72.5,81.5,9,24.04163056,20.13377444,28.68024545,8.546471016,9.522749611,38.5,6.5,3.5,13.5,16,65.5
S003287,sobol_AB_k_qa,full,2,0,44,65,21,0,17.82456148,28.36141611,10.53685463,3.194025597,36.5,3.5,7,8,26.5,38.5
S003288,sobol_AB_k_qa,full,2,0,43,58,15,5.656854249,15.69292987,19.05610607,3.363176204,0.6602723022,41,9,11,25,22,36
S003289,sobol_AB_k_qa,full,2,0,84,94.5,10.5,14.8492424,13.83089777,13.69662121,-0.1342765517,0.5882898318,22.5,10.5,21,39.5,56.5,38
S003290,sobol_AB_k_qa,full,2,0,66.5,79.5,13,8.485281374,23.77381249,28.88239863,5.108586144,0.7913956619,23,7,7,16.5,26,53.5
S003291,sobol_AB_k_qa,full,2,0,113,156,43,16.97056275,48.60596391,62.96986078,14.36389687,9.957140053,33,15.5,21,45.5,49.5,106.5
S003292,sobol_AB_k_qa,full,2,0,82,106.5,24.5,12.02081528,40.30298314,58.03232376,17.72934062,4.691793988,20,12,19.5,49.5,20,86.5
S003293,sobol_AB_k_qa,full,2,0,61.5,53.5,-8,11.3137085,31.8271306,33.3842813,1.557150701,2.299092499,45,8,4.5,12.5,13.5,40
S003294,sobol_AB_k_qa,full,2,0,123.5,148,24.5,0.7071067812,42.36987977,69.49088543,27.12100566,7.299157588,25.5,23.5,25.5,41,32.5,115.5
S003295,sobol_AB_k_qa,full,2,0,51.5,58.5,7,7.071067812,23.76146058,30.59873908,6.837278503,1.494540635,32,8,5,7,19,39.5
S003296,sobol_AB_k_qa,full,2,0,103,151,48,2.828427125,57.00667176,87.099291,30.09261924,10.15656716,35,18.5,44.5,53.5,50,101
S003297,sobol_AB_k_qa,full,2,0,88.5,138,49.5,13.43502884,26.45328753,28.80784337,2.35455585,3.184327222,31,16,17,33.5,77.5,60.5
S003298,sobol_AB_k_qa,full,2,0,59,75.5,16.5,12.02081528,22.84412443,31.97391201,9.129787577,7.967615021,41.5,14.5,16.5,21.5,24,51.5
S003299,sobol_AB_k_qa,full,2,0,89.5,97.5,8,8.485281374,24.36292014,28.68754202,4.324621879,0.8882780155,29,14.5,13.5,20,43.5,54
S003300,sobol_AB_k_qa,full,2,0,51,123.5,72.5,34.64823228,15.81330408,30.20187683,14.38857275,3.240794446,44.5,11.5,53.5,63.5,54.5,69
S003301,sobol_AB_k_qa,full,2,0,49,56,7,1.414213562,16.47470805,22.65862635,6.183918302,1.496801325,53.5,4.5,2.5,6.5,14,42
S003302,sobol_AB_k_qa,full,2,0,62,84.5,22.5,16.26345597,36.78663915,46.33512744,9.548488296,7.119479643,38.5,10,22.5,29,30.5,54
S003303,sobol_AB_k_qa,full,2,0,48.5,65.5,17,16.97056275,19.5345813,24.37563577,4.841054469,3.354067248,48,11,10.5,17.5,13.5,52
S003304,sobol_AB_k_qa,full,2,0,72.5,99,26.5,24.74873734,25.39954721,39.76040577,14.36085856,6.027294175,44.5,10.5,16,36,40.5,58.5
S003305,sobol_AB_k_qa,full,2,0,56,82.5,26.5,6.363961031,21.98090304,30.97652915,8.995626109,0.8987556877,36.5,9.5,16,28,44.5,38
S003306,sobol_AB_k_qa,full,2,0,129,147.5,18.5,0.7071067812,45.96564874,71.57799956,25.61235083,0.7973156404,33.5,11.5,24.5,35,53,94.5
S003307,sobol_AB_k_qa,full,2,0,197.5,177,-20.5,12.02081528,30.27552653,34.63102632,4.355499791,1.246765209,27,8.5,24,29.5,92.5,84.5
S003308,sobol_AB_k_qa,full,2,0,57,58.5,1.5,6.363961031,30.14641822,34.73740405,4.590985831,4.368598259,49.5,10.5,5.5,11.5,6.5,52
S003309,sobol_AB_k_qa,full,2,0,50,64,14,14.14213562,21.01601555,31.72333775,10.7073222,8.213349288,44.5,11.5,8,25,23,41
S003310,sobol_AB_k_qa,full,2,0,103.5,148.5,45,15.55634919,56.17272065,87.27671304,31.1039924,6.412156135,38.5,12,20.5,21.5,40,108.5
S003311,sobol_AB_k_qa,full,2,0,149,172.5,23.5,2.121320344,72.19294606,81.0695722,8.876626147,2.844616969,38,12,23,42,53.5,119
S003312,sobol_AB_k_qa,full,2,0,73.5,101,27.5,0.7071067812,48.14893213,65.37916597,17.23023384,8.001045738,29,6,17.5,25.5,19,82
S003313,sobol_AB_k_qa,full,2,0,65.5,75.5,10,2.828427125,21.81237111,30.71711547,8.904744361,0.4755980972,36,6.5,3,5.5,12.5,63
S003314,sobol_AB_k_qa,full,2,0,86,93.5,7.5,12.02081528,48.87016095,58.77191951,9.901758567,10.77926404,21,10,19,33.5,23.5,70
S003315,sobol_AB_k_qa,full,2,0,143.5,202.5,59,0,65.64859497,82.19887289,16.55027793,13.28592084,27.5,14.5,51,53.5,105.5,97
S003316,sobol_AB_k_qa,full,2,0,45.5,73,27.5,7.778174593,15.37895426,21.51808137,6.139127111,0.431782634,24.5,17,35,35.5,41.5,31.5
S003317,sobol_AB_k_qa,full,2,0,151,240.5,89.5,4.949747468,40.30808468,80.65523352,40.34714883,0.2504659588,29.5,15,56.5,42,92,148.5
S003318,sobol_AB_k_qa,full,2,0,83,90.5,7.5,4.949747468,38.75013888,39.70817313,0.958034247,1.6818703,38.5,14.5,15.5,19.5,26.5,64
S003319,sobol_AB_k_qa,full,2,0,51,63.5,12.5,9.192388155,21.53695395,22.32867516,0.7917212142,1.708811995,39,7,7,14.5,26.5,37
S003320,sobol_AB_k_qa,full,2,0,178.5,238.5,60,35.35533906,76.22770177,100.768938,24.54123621,27.46944668,28,17,52,40.5,83.5,155
S003321,sobol_AB_k_qa,full,2,0,133.5,297.5,164,73.53910524,70.72135948,124.0342443,53.31288478,21.3351669,27.5,13,211.5,361.5,141,156.5
S003322,sobol_AB_k_qa,full,2,0,76,101.5,25.5,4.949747468,22.78336157,28.84218318,6.05882161,0.6368725135,32,7,19.5,22.5,28,73.5
S003323,sobol_AB_k_qa,full,2,0,71.5,76,4.5,0.7071067812,36.07215572,40.1891057,4.116949988,0.137876297,44,9.5,13.5,29,9,67
S003324,sobol_AB_k_qa,full,2,0,89,127.5,38.5,0.7071067812,17.39444522,31.02352305,13.62907783,4.25146746,35.5,9.5,19,33,64,63.5
S003325,sobol_AB_k_qa,full,2,0,122,215.5,93.5,12.02081528,50.90828419,93.50321045,42.59492626,1.453750255,21,10,238,182,103.5,112
S003326,sobol_AB_k_qa,full,2,0,132,181,49,14.14213562,33.14395675,50.08830324,16.94434649,2.144032004,20,23.5,41,58,55.5,125.5
S003327,sobol_AB_k_qa,full,2,0,69,75.5,6.5,2.121320344,36.71146492,38.40396938,1.692504462,0.678905629,38,10,5,22.5,24,51.5
S003328,sobol_AB_k_qa,full,2,0,62.5,70,7.5,3.535533906,25.02516524,24.77104225,-0.2541229919,0.1541936522,38,7.5,6,4.5,6.5,63.5
S003329,sobol_AB_k_qa,full,2,0,100.5,186.5,86,1.414213562,25.85171724,59.46029081,33.60857356,7.870395827,41,10.5,20.5,45,56.5,130
S003330,sobol_AB_k_qa,full,2,0,165,215,50,1.414213562,96.12519786,123.4759724,27.3507745,0.5021310198,25,14,35,52.5,59.5,155.5
S003331,sobol_AB_k_qa,full,2,0,72,88,16,8.485281374,28.08101396,33.54680455,5.46579059,3.713430635,30.5,9,14,12.5,22,66
S003332,sobol_AB_k_qa,full,2,0,129.5,218,88.5,4.949747468,59.90584617,82.82192602,22.91607985,4.075639819,36,14,39,65.5,96.5,121.5
S003333,sobol_AB_k_qa,full,2,0,100,109.5,9.5,0.7071067812,40.63362133,47.02301365,6.389392326,0.1302494078,29.5,10.5,26.5,34.5,33.5,76
S003334,sobol_AB_k_qa,full,2,0,96,126,30,8.485281374,54.29932677,87.3245414,33.02521463,5.279565323,33.5,16.5,23,26.5,21.5,104.5
S003335,sobol_AB_k_qa,full,2,0,77,111,34,9.899494937,22.79561798,39.10219788,16.30657991,0.4507006493,37.5,7,20,17.5,25.5,85.5
S003336,sobol_AB_k_qa,full,2,0,91,117.5,26.5,10.60660172,40.98297537,56.51520662,15.53223125,5.871879208,38.5,9.5,16,19,52.5,65
S003337,sobol_AB_k_qa,full,2,0,95,125,30,5.656854249,30.49625828,36.24015099,5.743892709,4.514533947,23,10.5,23,31,33.5,91.5
S003338,sobol_AB_k_qa,full,2,0,65,110.5,45.5,6.363961031,18.44386322,30.33421279,11.89034956,0.6113874419,33,11.5,30.5,30,41.5,69
S003339,sobol_AB_k_qa,full,2,0,64.5,107.5,43,15.55634919,31.94596515,43.67633385,11.73036869,4.319749216,45.5,7.5,17.5,29.5,46,61.5
S003340,sobol_AB_k_qa,full,2,0,58.5,65,6.5,13.43502884,17.88801829,25.55456113,7.666542838,3.145082498,31.5,13.5,6.5,24.5,15.5,49.5
S003341,sobol_AB_k_qa,full,2,0,106.5,89,-17.5,21.92031022,55.22808927,50.78209254,-4.445996732,7.197891294,29.5,13.5,9.5,29,29.5,59.5
S003342,sobol_AB_k_qa,full,2,0,47.5,72.5,25,9.899494937,19.86214131,32.94334434,13.08120303,5.285416243,37,9.5,21.5,10,17.5,55
S003343,sobol_AB_k_qa,full,2,0,50.5,77.5,27,14.14213562,16.56663102,23.29908365,6.73245263,4.98267929,47.5,6,14,13.5,18.5,59
S003344,sobol_AB_k_qa,full,2,0,65.5,98.5,33,12.72792206,29.03109427,55.58726555,26.55617128,7.912991633,35.5,12,25.5,26.5,39,59.5
S003345,sobol_AB_k_qa,full,2,0,125,137.5,12.5,0.7071067812,42.02935308,46.07231217,4.042959087,6.740758971,32.5,9,7.5,17.5,52,85.5
S003346,sobol_AB_k_qa,full,2,0,65,119.5,54.5,9.192388155,40.45937194,87.66664541,47.20727348,7.18090707,32,12,39.5,30.5,33.5,86
S003347,sobol_AB_k_qa,full,2,0,56.5,53,-3.5,2.121320344,27.81440278,35.26249368,7.448090893,1.412201143,25.5,9,1.5,15.5,12,41
S003348,sobol_AB_k_qa,full,2,0,126.5,159.5,33,15.55634919,19.96367262,26.04409451,6.080421892,4.136233561,38.5,11,46,53.5,88.5,71
S003349,sobol_AB_k_qa,full,2,0,57.5,74,16.5,4.949747468,24.23557778,28.5993126,4.363734817,2.228876229,36.5,7,26.5,29,26,48
S003350,sobol_AB_k_qa,full,2,0,55.5,95,39.5,4.949747468,24.73962389,39.54607415,14.80645026,7.160414113,31,13,23.5,52.5,45,50
S003351,sobol_AB_k_qa,full,2,0,69,98,29,14.14213562,23.27863575,32.26342509,8.984789343,0.06829750632,37,5,10.5,11.5,42.5,55.5
S003352,sobol_AB_k_qa,full,2,0,67,80.5,13.5,6.363961031,19.49258246,27.67308704,8.180504585,1.017237396,46.5,8.5,24,45.5,23.5,57
S003353,sobol_AB_k_qa,full,2,0,92.5,136,43.5,19.09188309,22.45157315,35.92288114,13.47130799,1.053463045,38.5,5.5,22.5,28,54.5,81.5
S003354,sobol_AB_k_qa,full,2,0,44,48,4,2.828427125,23.50981561,28.65742038,5.147604767,0.3516726354,32,6,5,26,9.5,38.5
S003355,sobol_AB_k_qa,full,2,0,81,112,31,5.656854249,28.05654111,40.43597507,12.37943396,5.165576089,39,13,28,33.5,41,71
S003356,sobol_AB_k_qa,full,2,0,74,91,17,14.14213562,43.20868943,45.19495266,1.986263236,9.03388291,39.5,15,16.5,32.5,29,62
S003357,sobol_AB_k_qa,full,2,0,85.5,135,49.5,20.50609665,40.05465016,74.08549013,34.03083997,11.99814802,23,10,19,53,40,95
S003358,sobol_AB_k_qa,full,2,0,71.5,79,7.5,2.121320344,26.91219604,31.74775525,4.835559208,2.225939531,41,11.5,10.5,17.5,37,42
S003359,sobol_AB_k_qa,full,2,0,94.5,122.5,28,26.87005769,68.11319603,107.6433848,39.5301888,15.68160524,32,8,13,42,20,102.5
S003360,sobol_AB_k_qa,full,2,0,145.5,203,57.5,24.74873734,28.88469784,45.05237404,16.1676762,1.557362076,23.5,6.5,23.5,35,117,86
S003361,sobol_AB_k_qa,full,2,0,95,141.5,46.5,45.96194078,24.04962749,31.03027582,6.980648332,11.15287335,45.5,11.5,51.5,77.5,57.5,84
S003362,sobol_AB_k_qa,full,2,0,64.5,81,16.5,13.43502884,18.34321748,24.56915811,6.225940631,3.182986583,46.5,6,11,26.5,33.5,47.5
S003363,sobol_AB_k_qa,full,2,0,101,137.5,36.5,12.02081528,60.81213652,74.79530552,13.983169,9.399063983,45.5,9.5,18,17,33,104.5
S003364,sobol_AB_k_qa,full,2,0,66,95.5,29.5,4.949747468,23.05012909,36.73474141,13.68461232,3.247790673,46,8,9.5,24,44,51.5
S003365,sobol_AB_k_qa,full,2,0,68.5,78.5,10,4.242640687,25.76693112,34.51729371,8.750362596,1.199419618,38.5,11.5,3.5,8,33,45.5
S003366,sobol_AB_k_qa,full,2,0,197.5,364.5,167,31.11269837,56.69125598,117.350917,60.65966103,6.181636782,45,12,148,136.5,230.5,134
S003367,sobol_AB_k_qa,full,2,0,74,82.5,8.5,6.363961031,35.02487379,36.75698931,1.732115521,2.256166751,35,8.5,15.5,37.5,41,41.5
S003368,sobol_AB_k_qa,full,2,0,37,43.5,6.5,6.363961031,9.427059169,10.65253573,1.225476557,1.022370515,39,9,8,10,14.5,29
S003369,sobol_AB_k_qa,full,2,0,78.5,116.5,38,7.071067812,52.48410669,65.13673518,12.65262849,15.65852488,38.5,12.5,12.5,50,34.5,82
S003370,sobol_AB_k_qa,full,2,0,316.5,498.5,182,94.75230868,127.3484728,189.5801776,62.23170471,24.610951,31,9.5,187.5,209.5,202,296.5
S003371,sobol_AB_k_qa,full,2,0,55,68.5,13.5,0.7071067812,30.36216005,35.42383253,5.061672478,6.971087746,29,7.5,14.5,15.5,31,37.5
S003372,sobol_AB_k_qa,full,2,0,136.5,139.5,3,12.72792206,46.83120299,41.20464089,-5.6265621,6.266787671,29,16.5,35.5,80,49.5,90
S003373,sobol_AB_k_qa,full,2,0,70.5,120.5,50,9.899494937,34.50054571,47.90647386,13.40592815,1.5416292,45.5,7,16,26,69,51.5
S003374,sobol_AB_k_qa,full,2,0,49.5,54,4.5,2.121320344,25.99497694,30.42880192,4.433824984,2.456614323,42.5,8,13,13.5,21,33
S003375,sobol_AB_k_qa,full,2,0,91,76.5,-14.5,3.535533906,64.81320419,66.24204857,1.42884438,2.366100792,35.5,9.5,11.5,9.5,10,66.5
S003376,sobol_AB_k_qa,full,2,0,128,208.5,80.5,7.778174593,37.39900512,61.94456837,24.54556325,2.980651134,18.5,18,52,64.5,128.5,80
S003377,sobol_AB_k_qa,full,2,0,92,143.5,51.5,9.192388155,48.35068416,77.7435942,29.39291004,1.564352278,38,10,17.5,56.5,37.5,106
S003378,sobol_AB_k_qa,full,2,0,69,79.5,10.5,10.60660172,31.03108458,41.41583113,10.38474655,5.671683041,28.5,7.5,8.5,20,35.5,44
S003379,sobol_AB_k_qa,full,2,0,49.5,108,58.5,13.43502884,20.28986269,47.36575006,27.07588737,11.51846463,29.5,17.5,32,42.5,52.5,55.5
S003380,sobol_AB_k_qa,full,2,0,74.5,82.5,8,2.828427125,24.13798963,27.32881148,3.190821854,0.6511961572,32.5,20.5,26,33,43.5,39
S003381,sobol_AB_k_qa,full,2,0,60,108,48,18.38477631,26.43843194,51.95367794,25.515246,4.35672385,38,8.5,32,39.5,53,55
S003382,sobol_AB_k_qa,full,2,0,56.5,55.5,-1,1.414213562,16.85719768,15.48894124,-1.368256437,1.672069769,35.5,9.5,6,17,30,25.5
S003383,sobol_AB_k_qa,full,2,0,72,120.5,48.5,26.1629509,30.76858936,45.58548473,14.81689537,2.745475226,36.5,6,15.5,14,58,62.5
S003384,sobol_AB_k_aq,full,2,0,70.5,75.5,5,14.14213562,37.23713987,41.53920271,4.302062841,6.824746441,50.5,7,15.5,30.5,18.5,57
S003385,sobol_AB_k_aq,full,2,0,79.5,134,54.5,9.192388155,19.58399323,42.27041769,22.68642446,7.571618494,34,14.5,43.5,64.5,57.5,76.5
S003386,sobol_AB_k_aq,full,2,0,42.5,57.5,15,5.656854249,28.68060117,46.46535653,17.78475537,8.088708678,42.5,5.5,4.5,15,10.5,47
S003387,sobol_AB_k_aq,full,2,0,60.5,99,38.5,6.363961031,34.18928302,46.52752741,12.33824439,2.591395609,43.5,9,27.5,17.5,28,71
S003388,sobol_AB_k_aq,full,2,0,47,67.5,20.5,9.192388155,24.53386041,29.30091478,4.767054371,1.3635017,21.5,8,9,13,26.5,41
S003389,sobol_AB_k_aq,full,2,0,289,232.5,-56.5,24.74873734,118.8115146,101.0394178,-17.77209682,17.48306243,41.5,12,79.5,124.5,104.5,128
S003390,sobol_AB_k_aq,full,2,0,66,90.5,24.5,0.7071067812,34.21377415,51.51328147,17.29950732,0.5164960396,39,9.5,19.5,41,32,58.5
S003391,sobol_AB_k_aq,full,2,0,185,242,57,8.485281374,56.39872812,68.6365752,12.23784708,2.82103947,30.5,17,68.5,61,151,91
S003392,sobol_AB_k_aq,full,2,0,69,71,2,5.656854249,26.22858349,29.35435831,3.125774824,0.6485705381,24,9.5,13,11,17.5,53.5
S003393,sobol_AB_k_aq,full,2,0,107.5,139.5,32,11.3137085,38.12553285,51.7934036,13.66787075,5.423469615,24,11,15.5,53,71.5,68
S003394,sobol_AB_k_aq,full,2,0,118,130.5,12.5,0.7071067812,35.85125685,49.17065463,13.31939778,6.758211295,28,12.5,5,18,63.5,67
S003395,sobol_AB_k_aq,full,2,0,89.5,135.5,46,29.69848481,38.3871222,68.8192657,30.43214351,10.37682063,44.5,6.5,18,31.5,29.5,106
S003396,sobol_AB_k_aq,full,2,0,87,120,33,14.14213562,23.43580842,30.5102077,7.074399279,3.866629246,45.5,10.5,41.5,57.5,42,78
S003397,sobol_AB_k_aq,full,2,0,97,113,16,1.414213562,42.27969163,57.84620808,15.56651646,0.5578581614,33,9.5,18.5,28.5,49,64
S003398,sobol_AB_k_aq,full,2,0,74,112,38,2.828427125,27.56284564,46.81665461,19.25380897,5.757931892,31,19.5,20.5,53,46,66
S003399,sobol_AB_k_aq,full,2,0,111.5,131.5,20,22.627417,64.30954909,95.65770684,31.34815775,20.96622043,23.5,10.5,25.5,38,30,101.5
S003400,sobol_AB_k_aq,full,2,0,55.5,65,9.5,3.535533906,22.69638254,31.68964277,8.993260228,1.95854119,48.5,5,6.5,22,18.5,46.5
S003401,sobol_AB_k_aq,full,2,0,74,99,25,9.899494937,36.53569983,50.70056092,14.16486109,0.6153751512,40,12.5,19.5,24,47,52
S003402,sobol_AB_k_aq,full,2,0,102,144,42,4.242640687,27.93934615,34.11944565,6.180099503,8.028302623,23,18.5,30.5,76.5,89.5,54.5
S003403,sobol_AB_k_aq,full,2,0,89.5,191,101.5,28.99137803,24.58816782,51.80396728,27.21579946,5.734234506,30.5,17.5,109.5,106,104,87
S003404,sobol_AB_k_aq,full,2,0,50,72,22,5.656854249,23.20115149,40.73822839,17.5370769,1.418722779,46,13.5,17,29.5,27.5,44.5
S003405,sobol_AB_k_aq,full,2,0,39,44.5,5.5,12.02081528,9.47729516,13.22369467,3.746399506,3.925699057,18.5,6,10.5,23.5,13,31.5
S003406,sobol_AB_k_aq,full,2,0,29.5,33.5,4,4.242640687,19.78246347,21.40552872,1.623065252,0.5893350118,32,9,2.5,6.5,5,28.5
S003407,sobol_AB_k_aq,full,2,0,67.5,66,-1.5,10.60660172,27.98009611,26.04156235,-1.938533755,1.507157483,37,6.5,11.5,6.5,29,37
S003408,sobol_AB_k_aq,full,2,0,75.5,95,19.5,4.949747468,22.93756383,34.96885095,12.03128711,1.587231909,29.5,20,20.5,29.5,28,67
S003409,sobol_AB_k_aq,full,2,0,74,146.5,72.5,24.74873734,24.55613953,43.54972036,18.99358083,9.600801666,22.5,6.5,70.5,77.5,74.5,72
S003410,sobol_AB_k_aq,full,2,0,118.5,135,16.5,3.535533906,31.88938595,40.5651588,8.675772854,3.242609184,40.5,13,35.5,75.5,59.5,75.5
S003411,sobol_AB_k_aq,full,2,0,96.5,127,30.5,21.92031022,35.21810146,58.08370376,22.86560231,13.18379526,33,14.5,39.5,52.5,39.5,87.5
S003412,sobol_AB_k_aq,full,2,0,56.5,125.5,69,16.97056275,28.11593705,65.19135169,37.07541463,8.391425672,38,4.5,17,50,48,77.5
S003413,sobol_AB_k_aq,full,2,0,44,48,4,1.414213562,31.64486495,40.39525122,8.750386272,0.3912317042,46.5,8,5.5,7.5,6,42
S003414,sobol_AB_k_aq,full,2,0,105,123,18,1.414213562,31.10962196,44.43946274,13.32984078,4.279534848,28.5,6.5,7,18.5,24.5,98.5
S003415,sobol_AB_k_aq,full,2,0,119.5,174,54.5,36.06244584,36.99358927,71.60852701,34.61493774,4.894108274,14,7.5,10.5,33,79.5,94.5
S003416,sobol_AB_k_aq,full,2,0,45.5,53,7.5,7.778174593,17.15589587,18.07674306,0.9208471893,2.1236128,41,9.5,10.5,19.5,20,33
S003417,sobol_AB_k_aq,full,2,0,111.5,103.5,-8,8.485281374,20.99413511,17.31523026,-3.678904847,0.6683271302,16,10,26,42,61.5,42
S003418,sobol_AB_k_aq,full,2,0,64.5,76.5,12,0,24.99791942,28.96406602,3.966146599,0.1342137066,27,11,6,23.5,23.5,53
S003419,sobol_AB_k_aq,full,2,0,62,109.5,47.5,6.363961031,30.95633697,48.52969343,17.57335646,4.304980804,47.5,11,22.5,30.5,28,81.5
S003420,sobol_AB_k_aq,full,2,0,62.5,91,28.5,6.363961031,31.2114846,44.89542647,13.68394187,2.794077621,28.5,12,14.5,51,24.5,66.5
S003421,sobol_AB_k_aq,full,2,0,114.5,126,11.5,3.535533906,57.13359406,80.27632546,23.14273139,2.673193079,16.5,15,17,36,36.5,89.5
S003422,sobol_AB_k_aq,full,2,0,78.5,82.5,4,15.55634919,28.37664014,35.34162534,6.964985199,8.178661137,46.5,11,11,22,18,64.5
S003423,sobol_AB_k_aq,full,2,0,59.5,62,2.5,10.60660172,26.71616747,36.45596482,9.739797358,3.488580116,23,9.5,7.5,9,13.5,48.5
S003424,sobol_AB_k_aq,full,2,0,90,151.5,61.5,20.50609665,49.84302804,89.37899589,39.53596785,11.26614029,31.5,19,50.5,52.5,49,102.5
S003425,sobol_AB_k_aq,full,2,0,101.5,168,66.5,0.7071067812,27.04243435,40.88021727,13.83778292,1.839280066,27,15.5,31.5,45,82,86
S003426,sobol_AB_k_aq,full,2,0,67.5,85.5,18,12.72792206,22.8786742,31.19579891,8.317124709,1.93241196,42,8.5,16.5,23.5,36,49.5
S003427,sobol_AB_k_aq,full,2,0,69.5,74.5,5,14.14213562,20.4229833,24.40375799,3.980774696,2.1310802,35.5,10.5,14,11,27.5,47
S003428,sobol_AB_k_aq,full,2,0,53,133,80,59.39696962,17.15569507,35.01321874,17.85752367,10.31288449,45,12,57,57.5,55.5,77.5
S003429,sobol_AB_k_aq,full,2,0,44.5,61,16.5,3.535533906,14.07740917,18.54617323,4.468764061,0.7709736602,45,8.5,8,16,23,38
S003430,sobol_AB_k_aq,full,2,0,84.5,141.5,57,41.01219331,48.14556724,64.6245521,16.47898486,9.17274662,32,9.5,40,53,64.5,77
S003431,sobol_AB_k_aq,full,2,0,50.5,69,18.5,9.192388155,21.19339375,28.97359885,7.780205092,3.852541813,45.5,11,8.5,10.5,7.5,61.5
S003432,sobol_AB_k_aq,full,2,0,97.5,140,42.5,38.89087297,29.41157325,49.96428906,20.55271582,10.37982307,32,19.5,30.5,47,64,76
S003433,sobol_AB_k_aq,full,2,0,59,94,35,2.828427125,22.71852916,35.01494044,12.29641128,2.565360079,37,9,18,23.5,50.5,43.5
S003434,sobol_AB_k_aq,full,2,0,64,86,22,5.656854249,28.90932677,43.05153879,14.14221202,1.90198976,38.5,10.5,14.5,18.5,31,55
S003435,sobol_AB_k_aq,full,2,0,167.5,184,16.5,13.43502884,24.24492325,33.09904578,8.854122522,2.358090147,27.5,11.5,31.5,43,104,80
S003436,sobol_AB_k_aq,full,2,0,86.5,107.5,21,8.485281374,43.79679577,61.83977458,18.04297881,5.377997936,35.5,17,15.5,29.5,21.5,86
S003437,sobol_AB_k_aq,full,2,0,65,68.5,3.5,9.192388155,22.39169742,30.74200965,8.350312226,4.659555518,31,17,8.5,26,29,39.5
S003438,sobol_AB_k_aq,full,2,0,107.5,139,31.5,19.09188309,55.89254195,74.95248175,19.0599398,12.76575729,33,9,21,20.5,44.5,94.5
S003439,sobol_AB_k_aq,full,2,0,193,203.5,10.5,17.67766953,80.59539497,77.61848056,-2.976914412,7.759741899,33.5,14,20.5,50.5,84.5,119
S003440,sobol_AB_k_aq,full,2,0,74.5,118,43.5,0.7071067812,51.59912367,73.09691643,21.49779276,1.542673757,27,6,17.5,17,23,95
S003441,sobol_AB_k_aq,full,2,0,87.5,122,34.5,7.778174593,26.05567397,47.87943468,21.82376071,1.048228165,23,14,9,17.5,30,92
S003442,sobol_AB_k_aq,full,2,0,61,69.5,8.5,0.7071067812,41.14866017,49.51494057,8.366280406,0.1138954951,39.5,6,9.5,26,9.5,60
S003443,sobol_AB_k_aq,full,2,0,145,259,114,11.3137085,61.43394573,93.05340822,31.61946249,10.11680831,26.5,13.5,37.5,53,146.5,112.5
S003444,sobol_AB_k_aq,full,2,0,49.5,73.5,24,15.55634919,19.77380283,27.82885936,8.05505653,5.581842406,36,9.5,13.5,19,33,40.5
S003445,sobol_AB_k_aq,full,2,0,119.5,168.5,49,1.414213562,35.49955298,61.99712441,26.49757142,3.3104683,44,11.5,34.5,28,54.5,114
S003446,sobol_AB_k_aq,full,2,0,81.5,98.5,17,4.242640687,38.15223026,42.44088384,4.288653585,2.293416103,52,7.5,15.5,14,26,72.5
S003447,sobol_AB_k_aq,full,2,0,61.5,78,16.5,2.121320344,26.12913784,27.45133975,1.322201913,0.190495153,37,9,20,15.5,33,45
S003448,sobol_AB_k_aq,full,2,0,129,185.5,56.5,51.61879503,48.19691991,67.74394558,19.54702566,17.23376329,42,9,28,35.5,72.5,113
S003449,sobol_AB_k_aq,full,2,0,89,141.5,52.5,23.33452378,47.05527419,61.02228456,13.96701036,11.7973734,36,9,80.5,164.5,64.5,77
S003450,sobol_AB_k_aq,full,2,0,68,98,30,2.828427125,18.90982391,25.98690403,7.077080127,1.406458728,33.5,9.5,11,21.5,30,68
S003451,sobol_AB_k_aq,full,2,0,79,85,6,2.828427125,40.71519739,43.1354903,2.420292918,3.384256365,41.5,9,11,25.5,13,72
S003452,sobol_AB_k_aq,full,2,0,101.5,137.5,36,35.35533906,20.81454918,29.35138031,8.536831131,2.466110968,32,9.5,20.5,28.5,73.5,64
S003453,sobol_AB_k_aq,full,2,0,80,114,34,12.72792206,43.44530172,53.59989974,10.15459802,4.67348915,35,12.5,88.5,88,47.5,66.5
S003454,sobol_AB_k_aq,full,2,0,75.5,98,22.5,10.60660172,21.52186683,29.80618803,8.284321201,1.16400495,43,12,18.5,20.5,26,72
S003455,sobol_AB_k_aq,full,2,0,88.5,86,-2.5,14.8492424,46.46817136,43.07770849,-3.390462865,10.98170396,33,13,15,30.5,29,57
S003456,sobol_AB_k_aq,full,2,0,63.5,69.5,6,11.3137085,22.89787935,24.07298322,1.175103868,3.718369301,43,3.5,2,2,8.5,61
S003457,sobol_AB_k_aq,full,2,0,139,240,101,5.656854249,38.35617526,82.83618044,44.48000518,0.8156875451,33,15,27.5,62.5,65,175
S003458,sobol_AB_k_aq,full,2,0,134.5,160.5,26,2.828427125,85.92564713,106.4792424,20.55359527,4.085197437,37.5,9,15,23,29,131.5
S003459,sobol_AB_k_aq,full,2,0,89.5,96,6.5,3.535533906,35.75940855,37.45861439,1.699205843,2.925962867,32,11.5,20,19,21.5,74.5
S003460,sobol_AB_k_aq,full,2,0,84.5,153.5,69,36.76955262,43.10731848,59.93254733,16.82522885,17.10217405,49,10.5,18,30.5,63.5,90
S003461,sobol_AB_k_aq,full,2,0,98.5,102,3.5,12.02081528,45.18901147,48.85645612,3.667444658,2.128205139,30.5,6,14,20,26.5,75.5
S003462,sobol_AB_k_aq,full,2,0,85.5,117.5,32,8.485281374,45.42926889,82.92989762,37.50062873,11.0283165,33.5,14.5,31.5,22.5,17,100.5
S003463,sobol_AB_k_aq,full,2,0,79.5,109.5,30,16.97056275,20.6587648,38.35308343,17.69431863,4.458043238,31,5,12.5,13,25,84.5
S003464,sobol_AB_k_aq,full,2,0,159.5,160,0.5,0.7071067812,67.66864698,75.78648319,8.117836211,11.91502401,21,14.5,24.5,39.5,77,83
S003465,sobol_AB_k_aq,full,2,0,106.5,188,81.5,2.121320344,40.37067008,57.91852887,17.5478588,1.260619356,25.5,6,22.5,53,49.5,138.5
S003466,sobol_AB_k_aq,full,2,0,66,77.5,11.5,6.363961031,17.80936193,24.10160909,6.292247158,2.093923007,42,8,12,12.5,23,54.5
S003467,sobol_AB_k_aq,full,2,0,113,222.5,109.5,2.121320344,53.37762673,81.8427062,28.46507947,8.864215966,21,15,57,64.5,106.5,116
S003468,sobol_AB_k_aq,full,2,0,70,78.5,8.5,2.121320344,20.7135081,25.56608266,4.852574559,0.571190923,31,15.5,9.5,39,26,52.5
S003469,sobol_AB_k_aq,full,2,0,70.5,52.5,-18,24.04163056,43.3898591,33.14211449,-10.24774462,8.888229192,35,12,5.5,16,16,36.5
S003470,sobol_AB_k_aq,full,2,0,67,84.5,17.5,3.535533906,25.80556452,35.55218966,9.746625135,3.362633194,25.5,9.5,18.5,17.5,24.5,60
S003471,sobol_AB_k_aq,full,2,0,61,77,16,5.656854249,17.78968053,23.14426307,5.354582539,1.895298848,41.5,11.5,12.5,18.5,19.5,57.5
S003472,sobol_AB_k_aq,full,2,0,77,107.5,30.5,4.949747468,37.2387967,62.32526316,25.08646646,4.98804487,35,11,19,23.5,35.5,72
S003473,sobol_AB_k_aq,full,2,0,93,101.5,8.5,3.535533906,33.60095593,36.60793676,3.00698083,2.53815445,38,4.5,7,8,31.5,70
S003474,sobol_AB_k_aq,full,2,0,77.5,109,31.5,7.778174593,44.44121652,79.18038195,34.73916543,14.64634677,35,12,38.5,43,32,77
S003475,sobol_AB_k_aq,full,2,0,50,46.5,-3.5,4.949747468,29.56834109,37.03789162,7.469550533,1.408996697,32.5,8.5,8,17,7.5,39
S003476,sobol_AB_k_aq,full,2,0,109.5,206.5,97,43.84062043,16.96490801,32.17684877,15.21194076,3.25545452,38.5,12,80.5,78,118.5,88
S003477,sobol_AB_k_aq,full,2,0,45,62,17,0,23.33783209,26.42494863,3.087116539,0.6230214075,40.5,10,17.5,28.5,18.5,43.5
S003478,sobol_AB_k_aq,full,2,0,58,73,15,0,25.53349212,33.8012072,8.267715084,3.692563895,27,12,27.5,40,30,43
S003479,sobol_AB_k_aq,full,2,0,88.5,92,3.5,6.363961031,28.69743911,34.44217431,5.744735205,3.294575382,37,6.5,25,17.5,35,57
S003480,sobol_AB_k_aq,full,2,0,70,107,37,7.071067812,21.04086938,34.92267374,13.88180436,6.586231535,45,11.5,24.5,54,36,71
S003481,sobol_AB_k_aq,full,2,0,98.5,121,22.5,9.192388155,25.75840028,34.37437853,8.615978248,3.447637413,36,7,34,38.5,43.5,77.5
S003482,sobol_AB_k_aq,full,2,0,58.5,63.5,5,2.828427125,30.28801173,32.28303946,1.995027733,2.019412547,28,12.5,15.5,40,19,44.5
S003483,sobol_AB_k_aq,full,2,0,71.5,107,35.5,2.121320344,23.13450007,36.01241023,12.87791015,3.220080108,40.5,13.5,20.5,34,38.5,68.5
S003484,sobol_AB_k_aq,full,2,0,74.5,95.5,21,4.242640687,45.0292198,53.37988113,8.350661333,1.051936213,38.5,12,12,34.5,23.5,72
S003485,sobol_AB_k_aq,full,2,0,91.5,114.5,23,1.414213562,43.01562851,70.09154865,27.07592013,4.222592406,25,10,18,41.5,22.5,92
S003486,sobol_AB_k_aq,full,2,0,63.5,76.5,13,0,24.59930748,35.14051665,10.54120917,3.031495437,40,15,7.5,13,30.5,46
S003487,sobol_AB_k_aq,full,2,0,44,73.5,29.5,2.121320344,32.84272924,65.01370757,32.17097833,0.1632713415,46,5,11.5,19,13.5,60
S003488,sobol_AB_k_aq,full,2,0,115,159.5,44.5,14.8492424,27.67605675,39.28693892,11.61088217,2.073514191,40,5.5,15,27,85,74.5
S003489,sobol_AB_k_aq,full,2,0,119,289.5,170.5,67.17514421,31.78361135,50.51888889,18.73527753,10.65680307,34,16.5,101.5,144.5,145,144.5
S003490,sobol_AB_k_aq,full,2,0,91.5,122,30.5,14.8492424,24.05649214,34.01092153,9.954429391,8.200265176,33,18,15,40,56,66
S003491,sobol_AB_k_aq,full,2,0,119.5,139,19.5,13.43502884,64.36048195,70.0129185,5.652436549,6.224604907,43.5,11,9,16,37,102
S003492,sobol_AB_k_aq,full,2,0,53.5,67,13.5,6.363961031,22.08845098,30.67857414,8.590123159,0.4460421901,53,5.5,7.5,12.5,22.5,44.5
S003493,sobol_AB_k_aq,full,2,0,48.5,61.5,13,1.414213562,21.61871348,27.11221008,5.493496604,1.259708359,43,12.5,6,11,24.5,37
S003494,sobol_AB_k_aq,full,2,0,213,530.5,317.5,24.74873734,58.493439,155.0706328,96.57719377,0.2146534949,39.5,13.5,196,217.5,352.5,178
S003495,sobol_AB_k_aq,full,2,0,58,84,26,24.04163056,31.1327427,36.29939928,5.16665658,6.281797713,24,14.5,14.5,39.5,44,40
S003496,sobol_AB_k_aq,full,2,0,48.5,56,7.5,4.949747468,11.50853561,14.17178452,2.663248909,0.5436896482,25,14,16,17,17.5,38.5
S003497,sobol_AB_k_aq,full,2,0,108,145.5,37.5,19.09188309,73.08975122,87.66039759,14.57064637,13.44524172,28.5,15.5,23,54.5,38.5,107
S003498,sobol_AB_k_aq,full,2,0,340,470,130,8.485281374,152.6395451,197.3876429,44.74809779,13.29774834,23,11.5,143.5,160,162,308
S003499,sobol_AB_k_aq,full,2,0,35.5,44,8.5,3.535533906,24.48748642,26.5529824,2.065495981,3.787169798,39.5,7,12,9,16.5,27.5
S003500,sobol_AB_k_aq,full,2,0,82.5,117,34.5,19.09188309,32.22152592,37.10576022,4.8842343,1.879628102,37,13.5,22,57.5,38.5,78.5
S003501,sobol_AB_k_aq,full,2,0,77,112.5,35.5,24.74873734,28.54025667,37.21225766,8.672000985,9.357514566,41.5,11.5,16,32,71,41.5
S003502,sobol_AB_k_aq,full,2,0,48,66.5,18.5,9.192388155,28.40269297,39.61800248,11.21530951,11.60536548,32.5,9.5,10.5,15,24,42.5
S003503,sobol_AB_k_aq,full,2,0,103.5,96.5,-7,11.3137085,77.50910758,84.54710654,7.037998956,8.981668511,26,12.5,13.5,9.5,13,83.5
S003504,sobol_AB_k_aq,full,2,0,98.5,100,1.5,16.26345597,34.6088139,39.40222262,4.793408719,2.039807907,36,6,21.5,25,48.5,51.5
S003505,sobol_AB_k_aq,full,2,0,125,175,50,31.11269837,72.59108987,102.8734808,30.28239096,16.29501078,35,10,21.5,44,35,140
S003506,sobol_AB_k_aq,full,2,0,62.5,66,3.5,3.535533906,28.16500124,39.30970506,11.14470382,2.18598376,40,5.5,6,22.5,28,38
S003507,sobol_AB_k_aq,full,2,0,50.5,85.5,35,2.828427125,23.41670945,44.42374553,21.00703608,0.2374271094,43,12,23,21,31.5,54
S003508,sobol_AB_k_aq,full,2,0,61,76,15,8.485281374,21.08236965,27.47766051,6.395290861,4.598670189,39,11.5,11.5,22,36.5,39.5
S003509,sobol_AB_k_aq,full,2,0,105,171,66,12.72792206,38.79997314,70.63365629,31.83368315,1.171216495,33.5,10,22.5,49.5,95.5,75.5
S003510,sobol_AB_k_aq,full,2,0,56.5,48.5,-8,5.656854249,17.53802748,14.96858062,-2.56944686,2.52633646,28,12,6,16.5,24,24.5
S003511,sobol_AB_k_aq,full,2,0,104.5,190.5,86,7.071067812,44.32339725,75.50897191,31.18557465,2.474923571,21.5,12,44,20.5,86,104.5
S003512,sobol_AB_b_a,full,2,0,90,106.5,16.5,27.57716447,51.82202581,57.20962351,5.387597697,8.356043011,43,9,13.5,29,26,80.5
S003513,sobol_AB_b_a,full,2,0,71.5,121,49.5,17.67766953,20.98225614,40.12887623,19.14662008,5.429529227,33.5,15,18.5,32.5,46.5,74.5
S003514,sobol_AB_b_a,full,2,0,56,64.5,8.5,0.7071067812,33.13885891,51.07343596,17.93457706,0.8955563869,38,7,13,24.5,12.5,52
S003515,sobol_AB_b_a,full,2,0,50.5,58.5,8,4.242640687,25.25553365,27.03111167,1.775578024,4.754065208,45,7,19.5,16,17.5,41
S003516,sobol_AB_b_a,full,2,0,93.5,100.5,7,19.79898987,43.19849045,39.44336037,-3.755130074,5.58798765,21,9.5,13.5,40.5,43.5,57
S003517,sobol_AB_b_a,full,2,0,80,87.5,7.5,0.7071067812,42.34833218,50.23538034,7.887048159,0.1042320233,43.5,12,40,35.5,23,64.5
S003518,sobol_AB_b_a,full,2,0,101.5,120.5,19,1.414213562,49.27883844,68.6287592,19.34992076,7.595059821,37.5,10,22.5,61,44,76.5
S003519,sobol_AB_b_a,full,2,0,167.5,226,58.5,40.30508653,51.39501634,65.26986991,13.87485358,4.583649181,29,17.5,53.5,55.5,136.5,89.5
S003520,sobol_AB_b_a,full,2,0,36.5,35,-1.5,0.7071067812,15.0384932,15.52184455,0.4833513427,0.9926900756,28,8,9.5,11,5.5,29.5
S003521,sobol_AB_b_a,full,2,0,103.5,130,26.5,6.363961031,36.48065119,47.46576801,10.98511683,2.231210972,33.5,10.5,25,40.5,67.5,62.5
S003522,sobol_AB_b_a,full,2,0,155,170.5,15.5,9.192388155,39.74861345,61.61674003,21.86812659,6.672364057,35,10,9.5,35.5,83,87.5
S003523,sobol_AB_b_a,full,2,0,54,96.5,42.5,2.121320344,24.67554601,44.09069646,19.41515045,0.5441846245,44,10.5,15.5,29.5,25.5,71
S003524,sobol_AB_b_a,full,2,0,105.5,135.5,30,18.38477631,28.71294152,36.03557437,7.322632847,2.536547656,42.5,8.5,22.5,33.5,42,93.5
S003525,sobol_AB_b_a,full,2,0,56.5,58,1.5,2.121320344,26.5668392,31.0305713,4.463732109,3.874995554,40,11.5,14,6.5,22.5,35.5
S003526,sobol_AB_b_a,full,2,0,57.5,94,36.5,3.535533906,19.84770583,34.80456308,14.95685725,3.20519353,40,12.5,16.5,35.5,44,50
S003527,sobol_AB_b_a,full,2,0,179.5,214.5,35,31.11269837,98.8962393,166.4228166,67.52657726,23.31473522,18.5,13,35,56.5,40,174.5
S003528,sobol_AB_b_a,full,2,0,107.5,142,34.5,6.363961031,42.15155079,74.74044074,32.58888995,0.3539913836,34.5,10.5,14,64,38.5,103.5
S003529,sobol_AB_b_a,full,2,0,60,88.5,28.5,24.74873734,30.90323805,48.55640843,17.65317039,1.720213239,44,12,22.5,27,37.5,51
S003530,sobol_AB_b_a,full,2,0,100.5,175.5,75,4.242640687,26.23627946,38.30494074,12.06866128,1.611906366,22,19.5,24.5,94.5,116.5,59
S003531,sobol_AB_b_a,full,2,0,93.5,187,93.5,4.949747468,24.31858311,57.84069265,33.52210953,1.20906614,38,13.5,60,80,89.5,97.5
S003532,sobol_AB_b_a,full,2,0,57.5,75,17.5,17.67766953,26.94888695,38.7087418,11.75985485,9.072825845,38.5,17,23,34,34.5,40.5
S003533,sobol_AB_b_a,full,2,0,68,81.5,13.5,3.535533906,14.89675184,21.76220882,6.865456984,0.3341789238,31.5,4,23,49,31,50.5
S003534,sobol_AB_b_a,full,2,0,39,43.5,4.5,2.121320344,23.54041744,28.44127193,4.900854493,1.50474014,41,7,5.5,12,6.5,37
S003535,sobol_AB_b_a,full,2,0,81.5,95,13.5,9.192388155,37.27469576,31.76180853,-5.512887235,4.753472284,41,5,18,21.5,51,44
S003536,sobol_AB_b_a,full,2,0,60,63,3,16.97056275,22.0200836,26.23417781,4.214094212,7.087238974,46,7.5,7,11.5,12.5,50.5
S003537,sobol_AB_b_a,full,2,0,62.5,101,38.5,14.8492424,20.97390497,36.04833248,15.07442752,7.776167279,19,12.5,54.5,57.5,43.5,57.5
S003538,sobol_AB_b_a,full,2,0,71.5,94.5,23,1.414213562,22.92792895,32.40049322,9.472564265,2.763628748,43,11.5,24,61.5,34,60.5
S003539,sobol_AB_b_a,full,2,0,114,171,57,8.485281374,46.44151318,86.45731102,40.01579784,4.204238303,36.5,15,40,46,44.5,126.5
S003540,sobol_AB_b_a,full,2,0,51.5,112,60.5,0.7071067812,28.49928754,55.0579098,26.55862226,2.399717994,35,6,16,48.5,44.5,67.5
S003541,sobol_AB_b_a,full,2,0,56.5,61.5,5,2.828427125,41.35719014,49.0976386,7.74044846,2.869609309,46,9,16.5,13,12,49.5
S003542,sobol_AB_b_a,full,2,0,127.5,158.5,31,8.485281374,34.7112409,49.25324827,14.54200737,0.4904902195,19.5,10.5,24,40,44.5,114
S003543,sobol_AB_b_a,full,2,0,77.5,115,37.5,3.535533906,26.9645591,45.59592275,18.63136364,2.658246578,30,8.5,13,22,52,63
S003544,sobol_AB_b_a,full,2,0,64.5,85.5,21,1.414213562,19.9663209,23.3965305,3.430209601,0.6317863213,31.5,16,34,42.5,42.5,43
S003545,sobol_AB_b_a,full,2,0,70.5,70,-0.5,3.535533906,11.79282541,14.07883319,2.286007783,1.458617736,20.5,12.5,11.5,27.5,35.5,34.5
S003546,sobol_AB_b_a,full,2,0,85.5,97,11.5,14.8492424,31.85175436,35.32801709,3.476262725,1.347132382,16.5,9.5,9,26,32.5,64.5
S003547,sobol_AB_b_a,full,2,0,57,97.5,40.5,2.121320344,30.43597657,46.32351795,15.88754137,2.003079508,46,10,8.5,26,19,78.5
S003548,sobol_AB_b_a,full,2,0,51.5,64,12.5,4.949747468,28.17037387,35.76453574,7.594161876,0.804691598,32,11.5,6.5,22.5,11,53
S003549,sobol_AB_b_a,full,2,0,96.5,84,-12.5,23.33452378,50.14871641,53.25322886,3.104512452,20.15364836,29,10.5,11,29.5,27,57
S003550,sobol_AB_b_a,full,2,0,94.5,94.5,0,4.242640687,36.64811176,44.30776055,7.659648795,0.7242035798,45,13,17,20,18.5,76
S003551,sobol_AB_b_a,full,2,0,73,89.5,16.5,13.43502884,31.54860346,42.92299339,11.37438993,1.228775096,28.5,7,1.5,11.5,34,55.5
S003552,sobol_AB_b_a,full,2,0,91.5,155.5,64,11.3137085,58.592074,91.3375849,32.74551089,1.393029849,35.5,14.5,46,54.5,55.5,100
S003553,sobol_AB_b_a,full,2,0,111.5,184,72.5,10.60660172,29.30074925,42.61216419,13.31141494,0.8315202348,31,17.5,38,60,94,90
S003554,sobol_AB_b_a,full,2,0,120,171.5,51.5,16.26345597,41.94443338,63.8379646,21.89353123,5.785998531,43.5,7,23.5,36,72,99.5
S003555,sobol_AB_b_a,full,2,0,81,83.5,2.5,2.121320344,21.99255946,24.56203878,2.569479318,0.3106076704,38,9.5,15.5,17,36.5,47
S003556,sobol_AB_b_a,full,2,0,72.5,131,58.5,19.09188309,17.75143988,32.91533367,15.16389379,6.288697702,45,11.5,74.5,55.5,55.5,75.5
S003557,sobol_AB_b_a,full,2,0,40,48.5,8.5,0.7071067812,14.59160583,18.30779987,3.716194039,1.228088398,43,10.5,5.5,12.5,13,35.5
S003558,sobol_AB_b_a,full,2,0,83.5,137.5,54,21.21320344,50.12871798,64.9648318,14.83611382,12.21562762,30.5,8.5,42.5,55,60,77.5
S003559,sobol_AB_b_a,full,2,0,74.5,107,32.5,19.09188309,30.38428596,40.56082451,10.17653855,3.129959529,51.5,8,18,22.5,20,87
S003560,sobol_AB_b_a,full,2,0,55,73.5,18.5,7.778174593,20.62223912,33.84554767,13.22330855,0.6269669236,35.5,13.5,10.5,21.5,21.5,52
S003561,sobol_AB_b_a,full,2,0,85.5,119.5,34,9.899494937,34.98914835,42.92596167,7.936813324,1.188993255,31,13,25.5,39.5,66,53.5
S003562,sobol_AB_b_a,full,2,0,81.5,102.5,21,22.627417,34.64996208,56.43072155,21.78075947,10.52302056,40,7,17.5,25.5,29,73.5
S003563,sobol_AB_b_a,full,2,0,112,127,15,8.485281374,18.42289023,24.44365924,6.020769015,0.360325974,27,11,21.5,35,66.5,60.5
S003564,sobol_AB_b_a,full,2,0,116,140,24,5.656854249,57.78649627,75.28654062,17.50004434,1.969701099,37.5,12.5,29.5,54.5,33,107
S003565,sobol_AB_b_a,full,2,0,78,101.5,23.5,12.02081528,25.14408499,49.38965879,24.2455738,1.584572316,34.5,15.5,21,42.5,42,59.5
S003566,sobol_AB_b_a,full,2,0,150.5,249.5,99,5.656854249,79.63983758,124.4368971,44.79705954,4.371897076,21,15,46.5,40,93,156.5
S003567,sobol_AB_b_a,full,2,0,107.5,128,20.5,4.949747468,53.64527564,60.8097037,7.164428063,0.9524972707,32,18,21,35,38.5,89.5
S003568,sobol_AB_b_a,full,2,0,48,87.5,39.5,12.02081528,32.54373603,59.169922,26.62618598,10.75164984,27,7.5,19.5,10.5,12.5,75
S003569,sobol_AB_b_a,full,2,0,59,85,26,24.04163056,19.39228285,30.49188008,11.09959723,7.540839063,24.5,14.5,6,10.5,23.5,61.5
S003570,sobol_AB_b_a,full,2,0,51,62.5,11.5,6.363961031,34.32569187,40.43336875,6.107676885,4.823598325,36,9,8,21.5,11.5,51
S003571,sobol_AB_b_a,full,2,0,115,191,76,8.485281374,49.72114438,79.48782816,29.76668378,0.6687182495,37.5,6.5,15.5,41,91.5,99.5
S003572,sobol_AB_b_a,full,2,0,65,78.5,13.5,10.60660172,18.05602515,27.58852936,9.53250421,0.1916889768,27,14,28,31.5,38,40.5
S003573,sobol_AB_b_a,full,2,0,94.5,146,51.5,19.09188309,26.42019305,53.47415303,27.05395997,6.388253656,37.5,12,29.5,18,46.5,99.5
S003574,sobol_AB_b_a,full,2,0,216,265,49,2.828427125,82.15734521,96.95517257,14.79782736,6.206366273,44.5,12,46,37,108.5,156.5
S003575,sobol_AB_b_a,full,2,0,93.5,107,13.5,16.26345597,37.64871975,39.24492974,1.596209984,3.521247893,38.5,5.5,15,20,42.5,64.5
S003576,sobol_AB_b_a,full,2,0,116.5,177,60.5,13.43502884,48.26421785,71.00774045,22.74352259,5.22225791,35,10,51.5,41,66,111
S003577,sobol_AB_b_a,full,2,0,153.5,308.5,155,12.72792206,70.62281712,121.4521779,50.82936078,16.00201632,40,8.5,237,367.5,159,149.5
S003578,sobol_AB_b_a,full,2,0,163.5,240.5,77,29.69848481,44.74810677,65.65009761,20.90199084,8.302002855,29,11.5,64.5,77,78.5,162
S003579,sobol_AB_b_a,full,2,0,66,89,23,16.97056275,33.58609117,41.40647747,7.820386305,5.492848756,45,6.5,7.5,18,19.5,69.5
S003580,sobol_AB_b_a,full,2,0,136,215,79,7.071067812,23.33446977,37.60259639,14.26812663,1.489110274,34,10,38.5,61.5,134,81
S003581,sobol_AB_b_a,full,2,0,155,238.5,83.5,16.26345597,62.50912084,102.5796012,40.0704804,7.178001542,30.5,10,220.5,199.5,115.5,123
S003582,sobol_AB_b_a,full,2,0,92.5,111.5,19,14.14213562,23.73246968,32.65090141,8.91843173,1.113637721,33,15,29.5,39.5,29.5,82
S003583,sobol_AB_b_a,full,2,0,100,117.5,17.5,0.7071067812,50.06810408,52.45713145,2.389027372,2.431941328,39.5,8,11.5,35.5,45.5,72
S003584,sobol_AB_b_a,full,2,0,80,95.5,15.5,0.7071067812,26.85214884,31.72249948,4.87035064,1.580346315,36,8,3,7.5,14.5,81
S003585,sobol_AB_b_a,full,2,0,268.5,347.5,79,11.3137085,61.62914917,108.5470217,46.9178725,7.477761132,30.5,14.5,67.5,95,117,230.5
S003586,sobol_AB_b_a,full,2,0,72.5,80.5,8,4.242640687,43.94476058,54.01455043,10.06978985,2.880684985,33,9,4.5,12,11,69.5
S003587,sobol_AB_b_a,full,2,0,77,92,15,14.14213562,30.45497515,34.46784682,4.012871664,0.8572994735,24.5,11,15,20,22,70
S003588,sobol_AB_b_a,full,2,0,73.5,95,21.5,16.26345597,39.60643877,43.65517579,4.048737029,7.726932716,50.5,7.5,11,18,31.5,63.5
S003589,sobol_AB_b_a,full,2,0,40.5,54.5,14,2.828427125,19.42468581,25.42171235,5.997026543,1.902340134,36,8,6,14.5,13.5,41
S003590,sobol_AB_b_a,full,2,0,75,111.5,36.5,7.778174593,42.34239002,71.78092448,29.43853445,13.75043239,28.5,15.5,22,29.5,23.5,88
S003591,sobol_AB_b_a,full,2,0,52.5,76,23.5,20.50609665,13.95456282,24.98325752,11.02869471,5.973232686,33.5,8.5,8,11.5,20,56
S003592,sobol_AB_b_a,full,2,0,118.5,170,51.5,4.949747468,49.73387139,80.77989053,31.04601913,5.093688455,28.5,6.5,11.5,43,80,90
S003593,sobol_AB_b_a,full,2,0,147,189,42,11.3137085,51.97171706,63.03638372,11.06466666,1.588403983,26.5,9,17,47.5,37,152
S003594,sobol_AB_b_a,full,2,0,56.5,84,27.5,9.192388155,15.33321866,21.24017952,5.906960856,4.394332247,44,8,16.5,10.5,34,50
S003595,sobol_AB_b_a,full,2,0,149.5,253,103.5,31.81980515,61.78703104,93.1282978,31.34126676,2.026950928,35.5,7.5,38,67.5,120.5,132.5
S003596,sobol_AB_b_a,full,2,0,50.5,57,6.5,4.949747468,18.7492113,23.78448161,5.035270316,1.0749835,36,15.5,6,17,10,47
S003597,sobol_AB_b_a,full,2,0,82.5,81.5,-1,5.656854249,44.56137121,43.58448547,-0.976885738,1.698517755,32,11.5,5,19.5,31,50.5
S003598,sobol_AB_b_a,full,2,0,76,97,21,9.899494937,23.55437017,33.90980902,10.35543885,6.744383742,27,12,22,14,40,57
S003599,sobol_AB_b_a,full,2,0,76.5,98.5,22,42.42640687,21.86731037,26.53214631,4.664835942,10.80132555,41.5,10,16.5,35,32,66.5
S003600,sobol_AB_b_a,full,2,0,110,162,52,9.899494937,48.03959074,83.26922189,35.22963115,5.543895704,36.5,11.5,54.5,65.5,73.5,88.5
S003601,sobol_AB_b_a,full,2,0,75.5,77,1.5,4.949747468,30.17975682,33.57404781,3.394290991,1.825290923,32,7,3,4.5,14,63
S003602,sobol_AB_b_a,full,2,0,97,184.5,87.5,2.121320344,59.24215809,134.097216,74.8550579,9.299986907,37.5,11,66,64,55,129.5
S003603,sobol_AB_b_a,full,2,0,82,84,2,19.79898987,39.09178383,49.27349792,10.18171409,2.038269054,25,9.5,14,36.5,31.5,52.5
S003604,sobol_AB_b_a,full,2,0,87,127,40,8.485281374,15.80012164,20.55397225,4.753850609,1.215861291,34.5,16,44,37.5,72.5,54.5
S003605,sobol_AB_b_a,full,2,0,72.5,92,19.5,13.43502884,30.19980599,38.45002281,8.250216815,6.246936047,42.5,9.5,22.5,36.5,27,65
S003606,sobol_AB_b_a,full,2,0,49,60,11,1.414213562,22.27668979,27.00309282,4.726403031,1.367405928,29.5,9.5,15,28.5,25.5,34.5
S003607,sobol_AB_b_a,full,2,0,58,92.5,34.5,7.778174593,20.38595334,31.15566843,10.7697151,1.430868999,38,6,18.5,14,39,53.5
S003608,sobol_AB_b_a,full,2,0,57.5,89,31.5,12.02081528,18.03160716,29.11492284,11.08331567,3.511197515,41.5,13.5,26,60.5,28.5,60.5
S003609,sobol_AB_b_a,full,2,0,120.5,153,32.5,0.7071067812,26.96681398,39.53444467,12.5676307,1.434193658,42,6,20,38,63.5,89.5
S003610,sobol_AB_b_a,full,2,0,65,79,14,4.242640687,29.45485446,34.96864559,5.513791127,0.4218368874,18,10,22.5,41.5,29,50
S003611,sobol_AB_b_a,full,2,0,118.5,221,102.5,13.43502884,36.37555672,67.47078812,31.0952314,6.920101803,34.5,14.5,50,73.5,100.5,120.5
S003612,sobol_AB_b_a,full,2,0,75,103,28,8.485281374,51.07313955,57.69226475,6.619125203,0.1115627829,42,10,21,34,25,78
S003613,sobol_AB_b_a,full,2,0,79,115.5,36.5,0.7071067812,38.8417789,68.22110679,29.37932789,1.824842102,33.5,9.5,16.5,24,27,88.5
S003614,sobol_AB_b_a,full,2,0,73,77,4,1.414213562,27.91791738,34.30468118,6.3867638,1.871000274,35,13.5,5,10.5,32.5,44.5
S003615,sobol_AB_b_a,full,2,0,48.5,50,1.5,0.7071067812,37.45494631,45.05268144,7.597735135,0.9308139724,45,7,7,8,5,45
S003616,sobol_AB_b_a,full,2,0,86,113.5,27.5,3.535533906,20.2366902,28.40664364,8.169953443,1.806108421,38,6,16,11.5,58.5,55
S003617,sobol_AB_b_a,full,2,0,105,225.5,120.5,14.8492424,24.35488733,39.47928474,15.12439741,3.389134281,42.5,12.5,95,142.5,118.5,107
S003618,sobol_AB_b_a,full,2,0,112,157,45,18.38477631,26.41347559,39.41562467,13.00214907,1.054548716,40,13,19.5,72,78.5,78.5
S003619,sobol_AB_b_a,full,2,0,99.5,122.5,23,1.414213562,57.91386785,61.66016447,3.746296616,1.918916946,40,11,20.5,25.5,34,88.5
S003620,sobol_AB_b_a,full,2,0,108,117.5,9.5,13.43502884,32.90088117,40.92774472,8.026863548,6.674652609,36.5,14,14.5,44,58,59.5
S003621,sobol_AB_b_a,full,2,0,61.5,81.5,20,1.414213562,27.95652199,37.66272957,9.706207574,3.037244656,38,13.5,15,16,32.5,49
S003622,sobol_AB_b_a,full,2,0,170.5,332,161.5,85.55992052,59.01318687,108.8570943,49.8439074,21.17638055,47.5,7.5,127,147,208,124
S003623,sobol_AB_b_a,full,2,0,94,116.5,22.5,4.949747468,49.61961534,49.3056331,-0.3139822416,6.162346955,28.5,15,23,46.5,63,53.5
S003624,sobol_AB_b_a,full,2,0,59,64.5,5.5,2.121320344,12.92554664,15.23032111,2.304774471,0.5872855518,37,10.5,16.5,23.5,24,40.5
S003625,sobol_AB_b_a,full,2,0,92,128,36,26.87005769,63.22789206,76.99097741,13.76308535,3.694892266,37.5,11,20,46,34,94
S003626,sobol_AB_b_a,full,2,0,335.5,470,134.5,55.86143571,137.7852612,191.7762302,53.99096901,9.885956504,26,9,256,213,170,300
S003627,sobol_AB_b_a,full,2,0,46.5,55.5,9,14.14213562,25.27715383,31.98151131,6.704357479,0.5163851045,46.5,4.5,6.5,10,22.5,33
S003628,sobol_AB_b_a,full,2,0,97,116,19,11.3137085,33.70747465,34.0741198,0.3666451497,1.638982286,35,14.5,30,76.5,41,75
S003629,sobol_AB_b_a,full,2,0,117,186,69,15.55634919,41.79841217,55.61734176,13.8189296,7.556488582,40.5,14,45.5,50,126.5,59.5
S003630,sobol_AB_b_a,full,2,0,45.5,56,10.5,14.8492424,24.64214355,30.28254772,5.640404173,4.40197877,32,10.5,18.5,17,23.5,32.5
S003631,sobol_AB_b_a,full,2,0,135.5,139,3.5,2.121320344,96.6622657,119.1554674,22.4932017,7.412491469,33.5,7.5,8.5,14,23,116
S003632,sobol_AB_b_a,full,2,0,70,104,34,0,27.02085592,42.44868053,15.42782461,0.8129080625,40.5,8.5,6,19,47,57
S003633,sobol_AB_b_a,full,2,0,71.5,88.5,17,8.485281374,41.32166607,53.73412997,12.4124639,0.5718717699,36,12,8,22,15,73.5
S003634,sobol_AB_b_a,full,2,0,59,67,8,4.242640687,30.68351245,39.47652947,8.793017018,0.9200750087,41.5,6,10,15,29.5,37.5
S003635,sobol_AB_b_a,full,2,0,43.5,73.5,30,2.828427125,19.96152251,37.17923608,17.21771357,3.184348564,41,12.5,21.5,23.5,27.5,46
S003636,sobol_AB_b_a,full,2,0,95.5,110.5,15,9.899494937,27.43266277,34.03376297,6.601100203,2.260730742,33.5,14.5,8.5,27.5,62,48.5
S003637,sobol_AB_b_a,full,2,0,73.5,128,54.5,20.50609665,26.94930877,65.31224881,38.36294004,12.44497547,27.5,10.5,28,39.5,61.5,66.5
S003638,sobol_AB_b_a,full,2,0,47,51.5,4.5,12.02081528,15.41375411,15.14780513,-0.2659489745,3.529244897,29,12.5,10,10.5,26.5,25
S003639,sobol_AB_b_a,full,2,0,88,177,89,14.14213562,38.19495162,65.44422326,27.24927164,12.38112632,22.5,11.5,34.5,29,88,89
S003640,sobol_AB_d_a,full,2,0,92.5,105,12.5,12.02081528,48.86517138,56.66831542,7.803144044,8.72914117,47,8,8.5,41,25.5,79.5
S003641,sobol_AB_d_a,full,2,0,86,143,57,4.242640687,20.51221019,45.32121915,24.80900896,3.990216071,27,5.5,23,34,60,83
S003642,sobol_AB_d_a,full,2,0,80,80,0,25.45584412,47.33255248,59.0925182,11.75996571,8.489702561,39,4.5,7.5,23,24.5,55.5
S003643,sobol_AB_d_a,full,2,0,94.5,76,-18.5,9.192388155,47.1191757,38.08162234,-9.037553359,3.562754056,42.5,8.5,19,22,16.5,59.5
S003644,sobol_AB_d_a,full,2,0,86,103.5,17.5,2.121320344,37.38090649,43.04055029,5.659643802,3.903591208,24,22,17,38,44.5,59
S003645,sobol_AB_d_a,full,2,0,296.5,301,4.5,9.192388155,125.0325458,136.7716321,11.73908629,0.7230324412,43.5,10.5,101.5,145.5,127,174
S003646,sobol_AB_d_a,full,2,0,61,91,30,4.242640687,32.96293507,52.19258397,19.2296489,8.272362524,38,8.5,20.5,36.5,29.5,61.5
S003647,sobol_AB_d_a,full,2,0,172,230.5,58.5,27.57716447,56.88994636,70.61378892,13.72384255,5.41630241,30,9,31,32.5,136.5,94
S003648,sobol_AB_d_a,full,2,0,59.5,56,-3.5,13.43502884,25.96556765,27.37309758,1.407529923,5.804491635,35.5,11.5,20.5,10.5,8,48
S003649,sobol_AB_d_a,full,2,0,116,133.5,17.5,6.363961031,40.84741782,46.37418707,5.526769245,1.000048188,33,10.5,15,34.5,70,63.5
S003650,sobol_AB_d_a,full,2,0,117.5,128,10.5,13.43502884,33.73053338,48.54893833,14.81840495,1.819224585,31.5,7,6,20,60,68
S003651,sobol_AB_d_a,full,2,0,76,101,25,14.14213562,30.69373787,48.57906794,17.88533007,7.133569342,43.5,9.5,12.5,19.5,22,79
S003652,sobol_AB_d_a,full,2,0,129,131,2,21.21320344,36.40133832,34.58402211,-1.817316213,4.23947437,42.5,7.5,34,55,42,89
S003653,sobol_AB_d_a,full,2,0,75,77.5,2.5,6.363961031,33.38186217,42.66058226,9.278720094,4.042100584,40.5,7,10,12.5,29.5,48
S003654,sobol_AB_d_a,full,2,0,52,66.5,14.5,20.50609665,22.07518765,29.22303484,7.14784719,8.971068679,32,16,17,31,24,42.5
S003655,sobol_AB_d_a,full,2,0,98.5,128,29.5,3.535533906,53.68904069,95.91607331,42.22703262,6.379755118,15.5,14.5,25,40,24.5,103.5
S003656,sobol_AB_d_a,full,2,0,62.5,78.5,16,7.071067812,28.87048263,42.66989491,13.79941229,3.206442187,31,7,11.5,37,17,61.5
S003657,sobol_AB_d_a,full,2,0,52.5,75,22.5,16.26345597,29.7566812,41.34926257,11.59258137,0.7292514337,42.5,9.5,9.5,19,31.5,43.5
S003658,sobol_AB_d_a,full,2,0,93.5,132,38.5,14.8492424,25.6186206,32.45680097,6.838180376,4.168044665,25,13.5,15,56.5,80,52
S003659,sobol_AB_d_a,full,2,0,73.5,119,45.5,13.43502884,23.08954713,37.80240339,14.71285626,1.867451584,34,7.5,30,38.5,54,65
S003660,sobol_AB_d_a,full,2,0,35.5,56,20.5,7.778174593,19.42870895,32.29071536,12.86200641,5.154588052,35.5,9.5,15.5,28.5,21,35
S003661,sobol_AB_d_a,full,2,0,53.5,65,11.5,16.26345597,12.5338511,17.54763357,5.013782471,1.166419735,29,12.5,21,26.5,23,42
S003662,sobol_AB_d_a,full,2,0,32.5,41,8.5,4.949747468,19.49670412,24.35038288,4.853678755,3.616690402,42.5,12.5,5.5,7,9.5,31.5
S003663,sobol_AB_d_a,full,2,0,75.5,90,14.5,0.7071067812,37.88378611,35.90497069,-1.978815424,0.6869868349,48.5,6,7.5,11,43.5,46.5
S003664,sobol_AB_d_a,full,2,0,66,80,14,2.828427125,23.06468643,32.04824086,8.983554432,4.18514547,34.5,15.5,9.5,11.5,18.5,61.5
S003665,sobol_AB_d_a,full,2,0,69,160,91,24.04163056,20.41411156,42.68739839,22.27328683,3.575172222,24,11,105.5,126.5,86.5,73.5
S003666,sobol_AB_d_a,full,2,0,99,151.5,52.5,12.02081528,28.65960115,44.07067201,15.41107086,5.04750209,32.5,10.5,37.5,98.5,76.5,75
S003667,sobol_AB_d_a,full,2,0,76,112.5,36.5,9.192388155,29.75574909,49.61927993,19.86353083,1.037397548,39.5,15,26,39.5,38,74.5
S003668,sobol_AB_d_a,full,2,0,67,136.5,69.5,30.40559159,32.04130086,72.34619454,40.30489368,27.22813511,30.5,8.5,17,39,48,88.5
S003669,sobol_AB_d_a,full,2,0,50,52.5,2.5,3.535533906,33.33363233,40.87830599,7.54467366,3.276951286,50.5,7,7.5,5,10,42.5
S003670,sobol_AB_d_a,full,2,0,108,125,17,11.3137085,32.10934346,42.78720713,10.67786367,0.725227833,28,11,8,19,27.5,97.5
S003671,sobol_AB_d_a,full,2,0,88.5,154,65.5,23.33452378,25.05673431,55.61147495,30.55474065,3.119535951,28.5,10.5,21,50,79.5,74.5
S003672,sobol_AB_d_a,full,2,0,55.5,72.5,17,4.242640687,19.16872556,21.45986291,2.291137353,1.923730761,28,14,20.5,32,32,40.5
S003673,sobol_AB_d_a,full,2,0,117,123,6,14.14213562,18.61692002,18.72744029,0.1105202768,0.3851828747,17.5,10.5,20.5,41.5,75.5,47.5
S003674,sobol_AB_d_a,full,2,0,85,104.5,19.5,3.535533906,27.82068111,36.87483072,9.054149605,5.575734876,28.5,21,12.5,30,36.5,68
S003675,sobol_AB_d_a,full,2,0,63.5,88.5,25,18.38477631,31.63003779,43.69373987,12.06370208,6.432611782,43.5,6,6.5,12,14,74.5
S003676,sobol_AB_d_a,full,2,0,69,85.5,16.5,4.949747468,35.79815393,47.4761485,11.67799457,1.472087917,30.5,13,10.5,44.5,16,69.5
S003677,sobol_AB_d_a,full,2,0,101,95.5,-5.5,0.7071067812,49.11180327,63.95064508,14.83884181,6.976161149,23.5,6.5,6,18,21,74.5
S003678,sobol_AB_d_a,full,2,0,83,100.5,17.5,31.81980515,31.35601919,43.93115259,12.5751334,9.283795256,36.5,7.5,8.5,16,20.5,80
S003679,sobol_AB_d_a,full,2,0,65,97.5,32.5,0.7071067812,27.63793586,48.21378901,20.57585315,0.2263050012,28.5,17.5,12,15,36,61.5
S003680,sobol_AB_d_a,full,2,0,77,114.5,37.5,14.8492424,48.49447777,76.48965708,27.99517931,6.321372416,29,8,20,20.5,30.5,84
S003681,sobol_AB_d_a,full,2,0,94,135.5,41.5,0.7071067812,30.11308011,40.00291448,9.889834372,1.924424238,31.5,10.5,19,37,53,82.5
S003682,sobol_AB_d_a,full,2,0,82.5,109.5,27,7.071067812,32.30397634,42.06987716,9.765900823,1.000985756,37.5,9.5,12,22,45,64.5
S003683,sobol_AB_d_a,full,2,0,72,74,2,2.828427125,19.67204278,21.61620669,1.94416391,1.557645589,23.5,13.5,16.5,19.5,34,40
S003684,sobol_AB_d_a,full,2,0,72.5,152.5,80,4.242640687,20.67095748,47.26292239,26.59196491,4.373097868,41,7,34,37,44.5,108
S003685,sobol_AB_d_a,full,2,0,35,53,18,4.242640687,12.61037464,20.5487404,7.938365761,0.7975978402,47,6.5,4,12,16,37
S003686,sobol_AB_d_a,full,2,0,119.5,157,37.5,4.949747468,68.63739825,72.24064712,3.603248877,1.585444031,32.5,8,27,51,71,86
S003687,sobol_AB_d_a,full,2,0,47.5,70,22.5,3.535533906,18.56035081,26.55128203,7.990931222,3.409789884,51,6.5,5.5,6.5,10.5,59.5
S003688,sobol_AB_d_a,full,2,0,61.5,82,20.5,10.60660172,26.56191835,37.59236979,11.03045144,3.651874617,27.5,6.5,6.5,23,27,55
S003689,sobol_AB_d_a,full,2,0,77,111,34,5.656854249,27.65673526,38.1597922,10.50305694,7.401436242,30,9,18.5,29.5,64.5,46.5
S003690,sobol_AB_d_a,full,2,0,84,115,31,5.656854249,34.5236383,56.24018435,21.71654605,5.216350295,40.5,5,15,18,41.5,73.5
S003691,sobol_AB_d_a,full,2,0,195.5,195.5,0,12.72792206,26.06190375,31.38390805,5.322004301,1.957397505,21.5,13,34,49,116.5,79
S003692,sobol_AB_d_a,full,2,0,81,89.5,8.5,7.778174593,40.80630943,50.35896847,9.552659042,2.256494016,32,11,5.5,16.5,14.5,75
S003693,sobol_AB_d_a,full,2,0,68,78.5,10.5,13.43502884,23.98444929,34.98603417,11.00158488,3.656161004,39.5,10,5.5,17.5,33,45.5
S003694,sobol_AB_d_a,full,2,0,126,169,43,21.21320344,61.86267475,89.76967817,27.90700342,14.63373967,31,14,36.5,30,54.5,114.5
S003695,sobol_AB_d_a,full,2,0,163.5,227.5,64,53.74011537,79.48371407,102.0291364,22.5454223,14.58503271,33,19,28,61.5,84,143.5
S003696,sobol_AB_d_a,full,2,0,61.5,89.5,28,15.55634919,41.70521144,57.35228173,15.64707029,3.038320832,29,8,19.5,17,19,70.5
S003697,sobol_AB_d_a,full,2,0,73,115.5,42.5,7.778174593,21.48644818,41.65871345,20.17226528,1.102986328,32,16.5,11.5,19.5,34,81.5
S003698,sobol_AB_d_a,full,2,0,64,100,36,8.485281374,41.23529664,60.98775497,19.75245833,3.43630469,39,9,21,40,24.5,75.5
S003699,sobol_AB_d_a,full,2,0,167.5,263,95.5,92.63098834,75.75811098,112.8622484,37.10413744,20.97781028,35.5,10.5,35.5,58,123.5,139.5
S003700,sobol_AB_d_a,full,2,0,44.5,70.5,26,22.627417,15.78152378,25.25780694,9.476283158,6.688003693,31.5,10.5,23,21.5,34,36.5
S003701,sobol_AB_d_a,full,2,0,98,170.5,72.5,24.74873734,28.82499799,61.37965004,32.55465205,8.555804396,31.5,11.5,39,30,58,112.5
S003702,sobol_AB_d_a,full,2,0,67.5,89,21.5,4.949747468,34.34725054,38.63864209,4.291391549,0.5703314418,39.5,9,25.5,17.5,29.5,59.5
S003703,sobol_AB_d_a,full,2,0,70,70,0,16.97056275,30.83184168,28.56139108,-2.270450602,3.708735998,41.5,12,16.5,12.5,25,45
S003704,sobol_AB_d_a,full,2,0,131.5,144,12.5,20.50609665,56.32097359,61.15583132,4.834857728,6.333144232,37.5,11.5,31.5,38.5,49.5,94.5
S003705,sobol_AB_d_a,full,2,0,97.5,143,45.5,0.7071067812,48.68811269,63.79204365,15.10393095,10.54547833,32.5,7.5,95,155.5,65,78
S003706,sobol_AB_d_a,full,2,0,174,207,33,2.828427125,47.49910897,57.77128137,10.2721724,0.1418452397,37.5,14,33.5,47,57.5,149.5
S003707,sobol_AB_d_a,full,2,0,59,83,24,9.899494937,30.01842534,41.79453301,11.77610767,6.486563414,37,15,8,22.5,13.5,69.5
S003708,sobol_AB_d_a,full,2,0,83,153,70,35.35533906,16.11166733,32.66392732,16.55225999,1.825222759,39,13.5,41.5,45,81,72
S003709,sobol_AB_d_a,full,2,0,94,155.5,61.5,6.363961031,41.20080034,67.08323433,25.88243399,8.444237028,36,17.5,175.5,138,75,80.5
S003710,sobol_AB_d_a,full,2,0,73.5,86.5,13,11.3137085,20.19648131,24.25288254,4.056401233,4.118558178,34.5,7.5,16,25.5,21.5,65
S003711,sobol_AB_d_a,full,2,0,98,98,0,18.38477631,50.6953523,50.09540674,-0.5999455556,10.42082046,26,10.5,10.5,24.5,28.5,69.5
S003712,sobol_AB_d_a,full,2,0,79.5,84.5,5,15.55634919,27.38378213,27.74493241,0.3611502844,3.512568764,42.5,9,3,8,12.5,72
S003713,sobol_AB_d_a,full,2,0,162.5,228.5,66,32.52691193,42.72206974,79.07603009,36.35396036,6.328178404,30,13,29.5,52,57.5,171
S003714,sobol_AB_d_a,full,2,0,129,170.5,41.5,7.778174593,84.93851574,112.449919,27.51140325,2.349689706,36.5,7,14,26,34.5,136
S003715,sobol_AB_d_a,full,2,0,86,116,30,5.656854249,32.44378139,39.09592443,6.652143046,3.618891943,27.5,11.5,20.5,26,39.5,76.5
S003716,sobol_AB_d_a,full,2,0,97.5,129.5,32,2.828427125,44.24872667,53.49272045,9.24399378,1.407000032,51,5.5,11.5,28,49.5,80
S003717,sobol_AB_d_a,full,2,0,69.5,76.5,7,7.071067812,28.11564103,34.21994444,6.104303414,2.791675183,27,9.5,14,17,22,54.5
S003718,sobol_AB_d_a,full,2,0,59,99.5,40.5,7.778174593,34.56566293,71.39209801,36.82643508,10.78857876,26.5,9.5,16.5,15,13.5,86
S003719,sobol_AB_d_a,full,2,0,73.5,127.5,54,11.3137085,18.89992479,38.88073528,19.98081048,3.001522471,30.5,9,14.5,19,42.5,85
S003720,sobol_AB_d_a,full,2,0,160,204.5,44.5,24.74873734,65.99358365,88.45301019,22.45942653,1.105515311,32,17.5,28.5,52,107.5,97
S003721,sobol_AB_d_a,full,2,0,152.5,250,97.5,20.50609665,51.83513678,73.21085067,21.37571389,6.482604241,29.5,20,55,89.5,73,177
S003722,sobol_AB_d_a,full,2,0,63.5,80.5,17,16.97056275,16.70187328,20.3121665,3.610293214,2.041491291,38.5,6,13,19,35.5,45
S003723,sobol_AB_d_a,full,2,0,75,126,51,29.69848481,37.1882897,48.38118232,11.19289262,18.608781,31.5,12,27.5,44,57,69
S003724,sobol_AB_d_a,full,2,0,62,72,10,2.828427125,21.01601733,26.62924279,5.613225461,1.025062688,37.5,11.5,9.5,18.5,18,54
S003725,sobol_AB_d_a,full,2,0,103.5,86.5,-17,7.071067812,60.64143124,52.80606585,-7.835365397,4.644156505,38,9.5,6,21.5,26,60.5
S003726,sobol_AB_d_a,full,2,0,96.5,138,41.5,2.121320344,33.6306365,53.04135527,19.41071877,1.138713437,24,13.5,38,28.5,49.5,88.5
S003727,sobol_AB_d_a,full,2,0,56,87.5,31.5,13.43502884,14.72746255,23.80156021,9.074097662,2.104682058,42.5,10,11,27.5,27.5,60
S003728,sobol_AB_d_a,full,2,0,77.5,106.5,29,18.38477631,36.8027082,55.82229896,19.01959075,4.330843204,30,14,23.5,41.5,44,62.5
S003729,sobol_AB_d_a,full,2,0,103,117,14,1.414213562,38.09485185,46.46432045,8.3694686,5.424001813,40,11,10,14,34,83
S003730,sobol_AB_d_a,full,2,0,74,170,96,39.59797975,43.68779998,121.7144176,78.02661758,14.4339052,31,13.5,68.5,72,51,119
S003731,sobol_AB_d_a,full,2,0,58,54,-4,11.3137085,32.82877041,42.13158887,9.302818452,2.651898672,16.5,8,3,11,9,45
S003732,sobol_AB_d_a,full,2,0,100.5,161.5,61,28.28427125,20.80602179,29.38177853,8.575756747,4.313921355,31,11.5,50,58.5,85,76.5
S003733,sobol_AB_d_a,full,2,0,52.5,77.5,25,14.14213562,25.55953388,31.58511508,6.025581204,7.837245656,43.5,13,21,28,25,52.5
S003734,sobol_AB_d_a,full,2,0,45.5,63,17.5,9.192388155,19.22883138,29.31202273,10.08319136,2.26288639,31.5,10,21.5,30.5,25.5,37.5
S003735,sobol_AB_d_a,full,2,0,92.5,112,19.5,0.7071067812,27.67878378,35.32394642,7.645162638,2.997257684,37.5,15.5,35.5,26,49.5,62.5
S003736,sobol_AB_d_a,full,2,0,70,112,42,9.899494937,18.28001298,37.50916346,19.22915048,0.721684557,43.5,10,26,50,35.5,76.5
S003737,sobol_AB_d_a,full,2,0,127.5,133,5.5,2.121320344,28.61868385,36.75451894,8.135835097,3.181654156,44,6,30.5,42,48.5,84.5
S003738,sobol_AB_d_a,full,2,0,71,82,11,5.656854249,23.11399187,31.20414906,8.090157186,4.077830839,21.5,24.5,34,56.5,38,44
S003739,sobol_AB_d_a,full,2,0,85,123,38,8.485281374,28.7692363,42.55131308,13.78207678,0.8193535757,31,9,23.5,37.5,46,77
S003740,sobol_AB_d_a,full,2,0,72.5,97,24.5,3.535533906,44.47317914,51.82806187,7.354882733,5.1502317,30.5,8.5,10,25.5,26,71
S003741,sobol_AB_d_a,full,2,0,82,120,38,11.3137085,39.47245163,65.89027019,26.41781857,5.323648236,26,10.5,15,42,34.5,85.5
S003742,sobol_AB_d_a,full,2,0,71,75,4,1.414213562,25.08860126,32.63455039,7.545949128,1.690927487,29,9,5,15,32.5,42.5
S003743,sobol_AB_d_a,full,2,0,64,92.5,28.5,3.535533906,44.62235728,78.95966199,34.33730471,4.628008852,39,7,16,30.5,20,72.5
S003744,sobol_AB_d_a,full,2,0,110.5,149,38.5,26.1629509,22.40926354,33.77140006,11.36213652,2.167384856,39.5,8,29,38,82.5,66.5
S003745,sobol_AB_d_a,full,2,0,86,141.5,55.5,30.40559159,20.71022461,28.42919101,7.718966393,3.178323755,41,13.5,72,103.5,63.5,78
S003746,sobol_AB_d_a,full,2,0,75.5,110.5,35,9.899494937,21.78998655,28.23540291,6.445416362,2.842236768,44.5,12,12.5,42.5,53.5,57
S003747,sobol_AB_d_a,full,2,0,171.5,190,18.5,6.363961031,93.09186623,93.18498705,0.09312082748,3.453516255,34,11,16.5,20.5,55,135
S003748,sobol_AB_d_a,full,2,0,81.5,111,29.5,4.949747468,28.48524804,39.03279651,10.54754846,3.038802511,38,10.5,9,32.5,55,56
S003749,sobol_AB_d_a,full,2,0,44.5,66.5,22,5.656854249,21.4646867,28.75055884,7.285872145,2.195970874,36.5,10.5,6.5,16.5,28,38.5
S003750,sobol_AB_d_a,full,2,0,179.5,309,129.5,28.99137803,55.22560289,109.9297034,54.70410047,25.63798152,47.5,8.5,88,118.5,186.5,122.5
S003751,sobol_AB_d_a,full,2,0,98,119.5,21.5,23.33452378,42.37369234,49.17691523,6.803222884,9.627638436,29,18,18,58.5,65,54.5
S003752,sobol_AB_d_a,full,2,0,41.5,55.5,14,2.828427125,11.64481986,15.68330614,4.038486281,2.494341178,32.5,10,4.5,10.5,13,42.5
S003753,sobol_AB_d_a,full,2,0,103,130,27,4.242640687,65.88501526,83.05887392,17.17385866,1.370823283,35,14.5,18.5,46.5,25,105
S003754,sobol_AB_d_a,full,2,0,389,555,166,50.91168825,173.6959896,234.5409088,60.84491917,11.26737403,20.5,9.5,168,189,188,367
S003755,sobol_AB_d_a,full,2,0,37.5,45.5,8,9.899494937,22.87312136,24.35956895,1.486447595,8.644842439,35.5,6,8,9,19,26.5
S003756,sobol_AB_d_a,full,2,0,107,121,14,12.72792206,35.76754274,37.08223636,1.314693619,6.211236787,31.5,14,25.5,65.5,40,81
S003757,sobol_AB_d_a,full,2,0,63,109,46,16.97056275,24.00238832,33.84232729,9.839938967,7.118586266,37.5,12.5,19.5,41,72.5,36.5
S003758,sobol_AB_d_a,full,2,0,59.5,75,15.5,13.43502884,30.10372114,37.18848522,7.084764082,0.2355210712,39,9,16.5,18,37,38
S003759,sobol_AB_d_a,full,2,0,96,102,6,5.656854249,65.88143252,84.96915801,19.0877255,1.006085498,28,10,3.5,11.5,16.5,85.5
S003760,sobol_AB_d_a,full,2,0,65,79,14,12.72792206,24.25538992,27.769127,3.513737082,4.286973636,34.5,8.5,16,22,40.5,38.5
S003761,sobol_AB_d_a,full,2,0,118.5,158.5,40,28.28427125,62.44381808,85.66765723,23.22383914,11.56974402,30,8,11.5,54,40.5,118
S003762,sobol_AB_d_a,full,2,0,53,53.5,0.5,7.778174593,23.09247019,32.67857037,9.58610018,3.372700977,39.5,7,6.5,17,21.5,32
S003763,sobol_AB_d_a,full,2,0,53.5,83.5,30,12.72792206,20.03682406,36.5949265,16.55810244,7.190182843,33.5,7.5,19.5,24,40,43.5
S003764,sobol_AB_d_a,full,2,0,55,66,11,11.3137085,16.17300686,19.75370835,3.580701486,3.132731863,27.5,6.5,11,22.5,38,28
S003765,sobol_AB_d_a,full,2,0,110.5,209.5,99,89.09545443,40.20449335,98.02527344,57.82078009,36.58918083,28.5,8.5,40.5,66,108.5,101
S003766,sobol_AB_d_a,full,2,0,73.5,62,-11.5,0.7071067812,20.14766418,17.6535829,-2.494081276,1.509066756,24.5,11,8,28,32.5,29.5
S003767,sobol_AB_d_a,full,2,0,95,188.5,93.5,28.99137803,35.18270937,67.55571625,32.37300689,3.946022745,29.5,13.5,40,31.5,94.5,94
S003768,sobol_AB_b_p,full,2,0,66,71,5,22.627417,36.77395677,38.62409105,1.850134274,10.96425185,47,5,4.5,16,17,54
S003769,sobol_AB_b_p,full,2,0,78,93,15,16.97056275,22.15762105,33.59608132,11.43846027,9.284903873,29,15.5,24,32,33,60
S003770,sobol_AB_b_p,full,2,0,52,66,14,2.828427125,35.00063628,52.67028123,17.66964495,3.966616269,35,6,8.5,15.5,13.5,52.5
S003771,sobol_AB_b_p,full,2,0,141,190,49,26.87005769,61.62520619,79.37241258,17.74720639,7.327209282,40.5,10.5,105,56,66,124
S003772,sobol_AB_b_p,full,2,0,50.5,75,24.5,3.535533906,28.48755776,32.24439892,3.756841152,2.171211849,22,6.5,11,27.5,31,44
S003773,sobol_AB_b_p,full,2,0,77,94,17,16.97056275,40.11093857,52.68696446,12.57602589,10.48352687,47.5,9,16.5,24,26.5,67.5
S003774,sobol_AB_b_p,full,2,0,67.5,77,9.5,6.363961031,33.51155723,47.50998173,13.9984245,0.1859356459,37.5,8,9.5,16.5,23,54
S003775,sobol_AB_b_p,full,2,0,244,322,78,56.56854249,80.84811681,97.58539425,16.73727745,13.73824743,29,16.5,68.5,66.5,188.5,133.5
S003776,sobol_AB_b_p,full,2,0,46,49,3,0,19.21253946,22.05962291,2.847083452,1.543244382,24,6.5,14,13,8.5,40.5
S003777,sobol_AB_b_p,full,2,0,76,96,20,2.828427125,30.08278985,41.40418575,11.3213959,2.005333241,30.5,9.5,6.5,31,39.5,56.5
S003778,sobol_AB_b_p,full,2,0,120,117,-3,9.899494937,35.80796416,45.81006195,10.00209779,1.633228804,33,9.5,10,18.5,52,65
S003779,sobol_AB_b_p,full,2,0,77.5,118.5,41,5.656854249,33.02664737,55.03183398,22.00518661,7.885682164,43.5,8.5,17.5,37,31,87.5
S003780,sobol_AB_b_p,full,2,0,52.5,66.5,14,22.627417,19.58605815,20.91129523,1.325237081,4.674918864,44,12,15.5,15,15,51.5
S003781,sobol_AB_b_p,full,2,0,87.5,99,11.5,0.7071067812,37.51826918,50.84695525,13.32868608,2.527749809,40,8.5,11.5,16.5,42.5,56.5
S003782,sobol_AB_b_p,full,2,0,56.5,69,12.5,0.7071067812,21.92078257,30.18608242,8.265299844,2.559547789,41,6.5,8.5,23,25,44
S003783,sobol_AB_b_p,full,2,0,82,104.5,22.5,14.8492424,47.42001481,79.35635761,31.9363428,14.5800403,18.5,12,7.5,21.5,20,84.5
S003784,sobol_AB_b_p,full,2,0,85.5,106.5,21,1.414213562,35.1388523,53.62666021,18.48780791,1.434987486,29.5,15.5,14.5,48.5,31,75.5
S003785,sobol_AB_b_p,full,2,0,82,118,36,14.14213562,38.53899463,55.88640783,17.3474132,7.989155896,45.5,10,23.5,35.5,59.5,58.5
S003786,sobol_AB_b_p,full,2,0,114,210.5,96.5,2.121320344,30.21006544,45.13063901,14.92057357,1.999718981,26,14,22.5,101.5,138.5,72
S003787,sobol_AB_b_p,full,2,0,56,83.5,27.5,2.121320344,19.28637487,25.36892825,6.082553381,2.22251537,30.5,17,22.5,19.5,38.5,45
S003788,sobol_AB_b_p,full,2,0,78.5,88.5,10,0,31.50530285,43.41652405,11.9112212,7.966577036,40.5,17,23.5,47.5,41.5,47
S003789,sobol_AB_b_p,full,2,0,34,39,5,1.414213562,8.436051059,10.98247785,2.546426787,0.06040422602,30.5,11.5,15,15,12,27
S003790,sobol_AB_b_p,full,2,0,32.5,45,12.5,6.363961031,20.14022974,28.27361368,8.13338394,5.139548618,39.5,7.5,7,5.5,8.5,36.5
S003791,sobol_AB_b_p,full,2,0,77.5,88,10.5,7.778174593,36.65841781,32.44864676,-4.209771044,0.1790049542,37,7,10,9.5,42,46
S003792,sobol_AB_b_p,full,2,0,65.5,73,7.5,14.8492424,20.42135385,26.42595178,6.004597928,6.698621057,39,10.5,12,20.5,22.5,50.5
S003793,sobol_AB_b_p,full,2,0,54,76,22,7.071067812,19.42907831,28.67603025,9.246951942,2.96061037,25,10.5,27.5,46.5,26,50
S003794,sobol_AB_b_p,full,2,0,90,127,37,7.071067812,25.80504277,38.32611944,12.52107667,2.265703906,38,14.5,17,75.5,56.5,70.5
S003795,sobol_AB_b_p,full,2,0,73.5,106.5,33,8.485281374,30.26961162,47.20083297,16.93122135,1.214001602,38,14.5,20.5,34.5,35.5,71
S003796,sobol_AB_b_p,full,2,0,52,78.5,26.5,9.192388155,26.15956338,41.16083129,15.00126791,7.618468626,38,6.5,8.5,21.5,26.5,52
S003797,sobol_AB_b_p,full,2,0,49.5,56.5,7,4.242640687,33.97293915,47.85695023,13.88401108,3.526562366,45,9.5,5.5,5.5,8,48.5
S003798,sobol_AB_b_p,full,2,0,90,96,6,4.242640687,24.66343269,31.38938416,6.725951476,1.336126185,22.5,10,9.5,16.5,22,74
S003799,sobol_AB_b_p,full,2,0,80.5,162.5,82,19.79898987,27.17451617,63.8451874,36.67067123,20.19848185,23,10,27,42.5,77,85.5
S003800,sobol_AB_b_p,full,2,0,58.5,83,24.5,4.949747468,20.69667147,26.85598132,6.159309849,5.409524973,31,16,24,34.5,33,50
S003801,sobol_AB_b_p,full,2,0,214.5,264,49.5,21.92031022,29.30596235,32.50682643,3.20086408,5.884400615,21.5,11.5,81.5,124.5,183.5,80.5
S003802,sobol_AB_b_p,full,2,0,88.5,100,11.5,4.949747468,27.91934363,34.08437989,6.165036264,0.2044117561,19,10,12.5,23,36.5,63.5
S003803,sobol_AB_b_p,full,2,0,65,88.5,23.5,0.7071067812,32.82162654,41.935898,9.11427146,3.384287542,47,10,9,19.5,17.5,71
S003804,sobol_AB_b_p,full,2,0,93.5,114,20.5,16.26345597,42.08212344,57.75086773,15.66874428,3.549089187,30,13,23.5,60,30.5,83.5
S003805,sobol_AB_b_p,full,2,0,94,111,17,19.79898987,46.27308919,75.99426957,29.72118038,14.0543281,26.5,7,9,22,29,82
S003806,sobol_AB_b_p,full,2,0,128,142.5,14.5,20.50609665,44.02641077,60.72282218,16.69641141,10.33065028,44.5,10,38,41.5,38.5,104
S003807,sobol_AB_b_p,full,2,0,56,72,16,9.899494937,27.45425422,39.02067537,11.56642115,2.236519023,27.5,8.5,5,9,21.5,50.5
S003808,sobol_AB_b_p,full,2,0,69,107.5,38.5,9.192388155,37.59456459,67.79542861,30.20086403,12.23710163,37.5,17,18,25.5,30.5,77
S003809,sobol_AB_b_p,full,2,0,89.5,132,42.5,19.09188309,24.71336227,34.27141324,9.558050962,6.372058717,29,12,21,46.5,58,74
S003810,sobol_AB_b_p,full,2,0,51,57,6,4.242640687,23.88305766,27.7804883,3.897430638,5.092439497,42,11,4,9.5,13,44
S003811,sobol_AB_b_p,full,2,0,67,67,0,2.828427125,18.42413279,21.5496878,3.125555009,1.189743106,32.5,13,12,16.5,27,40
S003812,sobol_AB_b_p,full,2,0,60,83.5,23.5,2.121320344,15.08727753,27.55400476,12.46672723,3.336014067,46.5,6.5,22.5,26.5,20.5,63
S003813,sobol_AB_b_p,full,2,0,42.5,70,27.5,3.535533906,15.2897787,23.35993419,8.070155491,3.125397311,47,7.5,3,20,23.5,46.5
S003814,sobol_AB_b_p,full,2,0,77.5,101.5,24,9.899494937,48.62173202,50.89012325,2.268391231,2.324148801,32,8,19,27,41.5,60
S003815,sobol_AB_b_p,full,2,0,45.5,53.5,8,5.656854249,18.35900813,20.52447033,2.165462205,3.660185442,46.5,12.5,5,10,9,44.5
S003816,sobol_AB_b_p,full,2,0,63.5,92.5,29,16.97056275,20.71600671,34.61229889,13.89629219,8.246309564,38.5,12,16.5,32,41,51.5
S003817,sobol_AB_b_p,full,2,0,129,208,79,19.79898987,51.45694273,64.01991306,12.56297033,3.21806728,34,12,56.5,93.5,129.5,78.5
S003818,sobol_AB_b_p,full,2,0,79,95.5,16.5,16.26345597,31.52709025,45.7332358,14.20614555,0.06483105054,37,8.5,10.5,9,34.5,61
S003819,sobol_AB_b_p,full,2,0,183,167,-16,8.485281374,32.78271163,34.69728363,1.914572002,6.028996038,26.5,9.5,15.5,29,79.5,87.5
S003820,sobol_AB_b_p,full,2,0,74.5,79.5,5,8.485281374,40.15631529,47.25036813,7.09405284,4.062146253,41,9.5,5.5,14.5,10.5,69
S003821,sobol_AB_b_p,full,2,0,51,63.5,12.5,0.7071067812,19.55152344,32.75283462,13.20131117,2.014545108,39,11,8.5,18.5,21,42.5
S003822,sobol_AB_b_p,full,2,0,131,239.5,108.5,10.60660172,59.72533119,112.5462821,52.82095093,9.017257573,32.5,12.5,54.5,56,94.5,145
S003823,sobol_AB_b_p,full,2,0,209,250.5,41.5,3.535533906,90.33830824,96.96929201,6.630983771,3.079587883,34,18,42.5,87.5,112,138.5
S003824,sobol_AB_b_p,full,2,0,68.5,113.5,45,1.414213562,40.6970994,71.21484106,30.51774166,1.748561844,30,4,17.5,10,24,89.5
S003825,sobol_AB_b_p,full,2,0,68.5,96,27.5,3.535533906,20.88306118,38.2091105,17.32604932,5.97629938,28,12.5,7.5,9.5,19.5,76.5
S003826,sobol_AB_b_p,full,2,0,65,89,24,9.899494937,40.55235829,59.16401112,18.61165283,6.636360716,37,6,14,39.5,16,73
S003827,sobol_AB_b_p,full,2,0,101,185.5,84.5,53.03300859,47.00654542,83.18875173,36.1822063,14.90318995,38.5,6.5,9.5,30,83.5,102
S003828,sobol_AB_b_p,full,2,0,55,81.5,26.5,28.99137803,18.25806304,30.50285612,12.24479308,3.131283627,32.5,10,13.5,26,40,41.5
S003829,sobol_AB_b_p,full,2,0,217,638,421,220.6173157,47.54206136,157.4556717,109.9136104,51.2252391,42,10.5,374.5,259,355,283
S003830,sobol_AB_b_p,full,2,0,125,143,18,12.72792206,57.48541918,62.25259444,4.767175257,2.707830054,36,15.5,21,20,45,98
S003831,sobol_AB_b_p,full,2,0,72.5,76,3.5,13.43502884,21.58780415,21.62777623,0.03997207657,1.117165604,37.5,9,12,11,40.5,35.5
S003832,sobol_AB_b_p,full,2,0,134.5,183,48.5,31.81980515,56.68507812,75.98197235,19.29689422,6.904134919,37,15,51.5,40,65,118
S003833,sobol_AB_b_p,full,2,0,87,185.5,98.5,54.44722215,46.00856146,73.70909828,27.70053682,20.50339453,33,8,76.5,167,94.5,91
S003834,sobol_AB_b_p,full,2,0,88.5,108,19.5,3.535533906,25.03748899,32.53240382,7.49491483,0.7442322776,24.5,8,16.5,26,24,84
S003835,sobol_AB_b_p,full,2,0,90.5,115,24.5,7.778174593,43.188819,55.35402421,12.16520521,8.384997267,47.5,7.5,13,27,23,92
S003836,sobol_AB_b_p,full,2,0,129.5,241.5,112,65.05382387,23.15916651,49.91813096,26.75896445,10.62584552,36.5,13,55,56.5,137.5,104
S003837,sobol_AB_b_p,full,2,0,66.5,76,9.5,9.192388155,33.51942572,41.64437752,8.124951799,4.558117133,31.5,10.5,40.5,31.5,24,52
S003838,sobol_AB_b_p,full,2,0,96.5,109.5,13,2.828427125,26.18765978,32.74080503,6.553145247,2.715260248,38.5,15,19.5,26,26.5,83
S003839,sobol_AB_b_p,full,2,0,89.5,111.5,22,9.899494937,43.70836218,50.52702841,6.818666226,3.329832351,35.5,13.5,23,39,41.5,70
S003840,sobol_AB_b_p,full,2,0,47,64.5,17.5,9.192388155,16.91543892,20.27172742,3.356288506,1.053778009,37.5,5.5,4,6.5,13,51.5
S003841,sobol_AB_b_p,full,2,0,100.5,128,27.5,12.02081528,23.48736613,43.1430294,19.65566328,11.78756163,30,19.5,26.5,35,36,92
S003842,sobol_AB_b_p,full,2,0,127.5,195.5,68,5.656854249,64.8255776,109.8282747,45.00269711,6.319844646,36.5,8.5,28,53.5,57.5,138
S003843,sobol_AB_b_p,full,2,0,98,106,8,1.414213562,39.34396148,39.6066964,0.2627349219,0.09944487223,22.5,13.5,20,29,27,79
S003844,sobol_AB_b_p,full,2,0,91.5,113.5,22,18.38477631,47.40301314,48.85573626,1.452723125,3.984205679,49,6,9.5,18,41.5,72
S003845,sobol_AB_b_p,full,2,0,132,156.5,24.5,13.43502884,46.97869292,62.02774562,15.0490527,6.051286331,32,7,28.5,37,56.5,100
S003846,sobol_AB_b_p,full,2,0,127.5,186,58.5,12.02081528,65.09986597,119.010607,53.91074107,8.037808785,32,13.5,21,38,44,142
S003847,sobol_AB_b_p,full,2,0,76.5,130.5,54,4.242640687,21.3826046,44.74679714,23.36419254,2.538600153,32.5,6,11,18,31.5,99
S003848,sobol_AB_b_p,full,2,0,139.5,184.5,45,5.656854249,56.73299391,87.2798109,30.54681699,0.1822900803,25,10,23.5,28.5,89,95.5
S003849,sobol_AB_b_p,full,2,0,129.5,161.5,32,25.45584412,48.71037155,54.74076636,6.030394809,6.338758813,21.5,8,13,37.5,30,131.5
S003850,sobol_AB_b_p,full,2,0,58,80,22,8.485281374,15.50605981,21.92236219,6.416302381,1.387425406,37.5,9.5,12.5,15.5,30,50
S003851,sobol_AB_b_p,full,2,0,87.5,116,28.5,17.67766953,39.30090957,47.25417381,7.953264237,8.670779055,37.5,8,11.5,16,48.5,67.5
S003852,sobol_AB_b_p,full,2,0,52.5,74.5,22,1.414213562,19.87036402,28.58384771,8.713483694,0.2224905444,36.5,11,8,18.5,19,55.5
S003853,sobol_AB_b_p,full,2,0,66.5,73,6.5,10.60660172,37.94538684,41.55949,3.614103164,7.196672438,34,12.5,5.5,19,27,46
S003854,sobol_AB_b_p,full,2,0,108,162.5,54.5,19.09188309,36.68453337,67.14800421,30.46347083,9.147937969,25,8,31.5,27.5,52,110.5
S003855,sobol_AB_b_p,full,2,0,71,83,12,12.72792206,20.83851081,26.05226169,5.213750875,3.65472983,44.5,7.5,11,29.5,17.5,65.5
S003856,sobol_AB_b_p,full,2,0,63,89,26,1.414213562,30.01384355,49.31310934,19.2992658,8.54377189,41,10.5,14.5,23,34.5,54.5
S003857,sobol_AB_b_p,full,2,0,100.5,112.5,12,24.04163056,34.40509021,36.26475833,1.85966812,9.12472318,38,7,10.5,20,45,67.5
S003858,sobol_AB_b_p,full,2,0,61,90,29,33.9411255,42.33117677,71.85195266,29.52077589,26.43091497,38.5,8.5,17,12.5,18,72
S003859,sobol_AB_b_p,full,2,0,63.5,65.5,2,5.656854249,28.50846265,40.17953479,11.67107214,1.711832114,23.5,11,8,27,22,43.5
S003860,sobol_AB_b_p,full,2,0,94,131,37,21.21320344,14.61161641,18.95084203,4.339225617,2.435480341,30.5,19.5,51,48,79.5,51.5
S003861,sobol_AB_b_p,full,2,0,54,93,39,15.55634919,24.09390023,34.88837196,10.79447173,2.396248181,37.5,9.5,31.5,44,34,59
S003862,sobol_AB_b_p,full,2,0,44.5,63,18.5,2.121320344,20.1015757,29.25173377,9.150158067,1.160449052,32,14,15.5,27,25.5,37.5
S003863,sobol_AB_b_p,full,2,0,53.5,56,2.5,9.192388155,17.3169419,21.06625829,3.749316393,0.2429393835,42,6,5,3.5,17,39
S003864,sobol_AB_b_p,full,2,0,76,95.5,19.5,6.363961031,20.66340701,31.89910329,11.23569627,3.477934445,43,7.5,17,36.5,31,64.5
S003865,sobol_AB_b_p,full,2,0,67,72.5,5.5,7.778174593,16.16983426,21.03022441,4.860390149,0.6228622825,40,5.5,9,13,23.5,49
S003866,sobol_AB_b_p,full,2,0,48,39.5,-8.5,4.949747468,23.10073597,22.07936011,-1.021375857,1.067945419,21.5,8.5,7.5,23.5,7,32.5
S003867,sobol_AB_b_p,full,2,0,146.5,227,80.5,0.7071067812,46.3598534,66.92611571,20.56626231,6.620129128,38,12.5,70,101.5,103.5,123.5
S003868,sobol_AB_b_p,full,2,0,91,130.5,39.5,23.33452378,56.23690179,66.64845821,10.41155642,16.44893879,42,7.5,51.5,58,39.5,91
S003869,sobol_AB_b_p,full,2,0,73.5,103,29.5,40.30508653,33.27929122,52.46914184,19.18985062,14.56156362,27.5,8.5,13,48,35,68
S003870,sobol_AB_b_p,full,2,0,64.5,77.5,13,9.899494937,23.43394298,34.316746,10.88280302,1.49954055,42,12.5,9.5,16.5,33,44.5
S003871,sobol_AB_b_p,full,2,0,79.5,98,18.5,6.363961031,54.43086181,82.5848704,28.15400859,8.27098251,39.5,5.5,8,29.5,18,80
S003872,sobol_AB_b_p,full,2,0,116,129,13,9.899494937,27.67655439,34.95965029,7.2830959,2.938897962,37,8.5,14,15.5,62.5,66.5
S003873,sobol_AB_b_p,full,2,0,62,84.5,22.5,0.7071067812,18.39912059,19.71400499,1.314884404,1.873169213,45,11,27,32,31,53.5
S003874,sobol_AB_b_p,full,2,0,97,154,57,14.14213562,23.52495696,37.29068014,13.76572319,4.219217751,38,15,24,63.5,79.5,74.5
S003875,sobol_AB_b_p,full,2,0,197,222.5,25.5,26.1629509,100.0328047,102.960923,2.928118299,5.247362828,39.5,15.5,36.5,43.5,76.5,146
S003876,sobol_AB_b_p,full,2,0,68.5,76.5,8,5.656854249,24.66769942,30.05276936,5.385069939,5.29776859,42,13,6.5,18.5,33.5,43
S003877,sobol_AB_b_p,full,2,0,77,95,18,2.828427125,33.67311669,39.81650361,6.143386923,5.633324133,35.5,13,12.5,14,45,50
S003878,sobol_AB_b_p,full,2,0,204.5,352,147.5,10.60660172,64.55468164,124.6596599,60.10497831,6.953562035,45.5,9.5,109.5,121.5,208.5,143.5
S003879,sobol_AB_b_p,full,2,0,64,74,10,12.72792206,34.86014564,38.14929338,3.28914774,3.367761231,29.5,12,8.5,20,31,43
S003880,sobol_AB_b_p,full,2,0,43.5,58.5,15,4.242640687,10.4714411,15.28877539,4.817334294,0.968463161,33.5,11,9,12,17.5,41
S003881,sobol_AB_b_p,full,2,0,81.5,117,35.5,10.60660172,50.45366652,71.42850692,20.97484041,5.324864076,37,8.5,22.5,42,24.5,92.5
S003882,sobol_AB_b_p,full,2,0,119,150.5,31.5,14.8492424,57.50551192,67.90578167,10.40026975,6.803161744,28,11,32.5,39,45.5,105
S003883,sobol_AB_b_p,full,2,0,42.5,45,2.5,3.535533906,25.43162486,25.66600422,0.2343793577,8.719259287,42,6,12,17.5,16.5,28.5
S003884,sobol_AB_b_p,full,2,0,148,194,46,19.79898987,46.49625944,56.1614041,9.665144661,3.504965333,39,11.5,63,143,70,124
S003885,sobol_AB_b_p,full,2,0,67,97,30,24.04163056,25.11236894,36.85634645,11.74397751,8.326188085,42,12.5,23.5,29,58,39
S003886,sobol_AB_b_p,full,2,0,62.5,78,15.5,6.363961031,32.40225196,39.5888181,7.18656614,0.7960782318,33.5,9,25,23,37,41
S003887,sobol_AB_b_p,full,2,0,83.5,88,4.5,0.7071067812,62.58546078,78.6382576,16.05279682,1.149070042,31.5,10.5,7.5,12.5,10.5,77.5
S003888,sobol_AB_b_p,full,2,0,65,92,27,9.899494937,26.58381866,34.95242872,8.368610053,0.8795115935,35.5,11,25,23.5,45,47
S003889,sobol_AB_b_p,full,2,0,88,163.5,75.5,2.121320344,46.46094222,87.57384083,41.1128986,11.30993498,33,9.5,19,50,47,116.5
S003890,sobol_AB_b_p,full,2,0,56,62.5,6.5,3.535533906,24.1499858,30.65619035,6.506204555,1.980715356,42,2.5,3,14,29.5,33
S003891,sobol_AB_b_p,full,2,0,52.5,74.5,22,2.828427125,20.77500895,40.73356567,19.95855672,1.070538422,39,11.5,13,18.5,26.5,48
S003892,sobol_AB_b_p,full,2,0,62.5,85.5,23,12.72792206,18.37425302,26.2021228,7.827869775,2.32056943,34,19,29,33,48.5,37
S003893,sobol_AB_b_p,full,2,0,88,128.5,40.5,4.949747468,36.21733226,58.34817796,22.1308457,6.991736384,29.5,10.5,26.5,29,65.5,63
S003894,sobol_AB_b_p,full,2,0,57.5,57.5,0,2.828427125,18.79963258,16.38694713,-2.412685443,1.513087649,29,9,5.5,19.5,30,27.5
S003895,sobol_AB_b_p,full,2,0,57.5,118,60.5,2.121320344,24.90471638,42.6925529,17.78783651,3.017235742,25,11.5,27.5,23.5,58,60
S003896,sobol_AB_k_pn,full,2,0,65,77.5,12.5,7.778174593,37.3866048,44.0809902,6.694385397,2.616384524,51,5.5,12.5,34.5,17,60.5
S003897,sobol_AB_k_pn,full,2,0,96,144,48,0,29.08260126,50.85963845,21.77703719,2.625138302,33.5,15.5,33,65,54.5,89.5
S003898,sobol_AB_k_pn,full,2,0,74,82.5,8.5,2.121320344,43.83744286,62.87041613,19.03297326,3.142113126,26,10.5,15,36,24,58.5
S003899,sobol_AB_k_pn,full,2,0,60.5,81.5,21,43.84062043,35.18599714,41.48823805,6.302240905,17.32540281,40,7.5,7.5,10.5,20,61.5
S003900,sobol_AB_k_pn,full,2,0,45,69,24,0,22.23515751,32.32955424,10.09439673,0.6975892175,20,9,15.5,25.5,24,45
S003901,sobol_AB_k_pn,full,2,0,227.5,255,27.5,21.92031022,98.94266323,116.2269956,17.28433233,12.02933492,48.5,8,71.5,101.5,110.5,144.5
S003902,sobol_AB_k_pn,full,2,0,61,74,13,9.899494937,31.99175682,41.27127941,9.279522591,5.616226415,35.5,14,14,30,26,48
S003903,sobol_AB_k_pn,full,2,0,235.5,301,65.5,6.363961031,67.39204661,82.79390847,15.40186186,1.062607781,33,15.5,94,67.5,187.5,113.5
S003904,sobol_AB_k_pn,full,2,0,53.5,55,1.5,2.121320344,19.07998873,21.54417519,2.464186464,0.1967830894,30,10,12,18.5,15,40
S003905,sobol_AB_k_pn,full,2,0,102,130,28,19.79898987,34.49169874,46.89390018,12.40220144,10.76440913,28,13,13,36,66.5,63.5
S003906,sobol_AB_k_pn,full,2,0,132,139,7,12.72792206,33.17092061,46.88920748,13.71828687,6.479046774,30,9,14,22.5,72.5,66.5
S003907,sobol_AB_k_pn,full,2,0,94.5,131.5,37,7.071067812,37.04450592,61.48096273,24.43645681,3.531893103,39,10.5,32.5,43.5,34,97.5
S003908,sobol_AB_k_pn,full,2,0,120.5,160.5,40,9.899494937,35.460598,44.23187798,8.771279979,3.861847356,50,8.5,58.5,50.5,48,112.5
S003909,sobol_AB_k_pn,full,2,0,70,63.5,-6.5,9.192388155,28.843821,33.51909524,4.675274233,0.7737417771,35.5,9.5,10,12,25.5,38
S003910,sobol_AB_k_pn,full,2,0,66,91.5,25.5,10.60660172,25.02181928,34.39938839,9.377569111,3.755024126,38,14,20.5,36.5,42.5,49
S003911,sobol_AB_k_pn,full,2,0,94,93,-1,22.627417,52.92670208,74.12978343,21.20308135,11.98145064,21,13.5,16.5,26,11,82
S003912,sobol_AB_k_pn,full,2,0,80.5,94,13.5,9.192388155,30.55421903,47.14004391,16.58582488,7.241266145,32,11.5,10.5,39,25,69
S003913,sobol_AB_k_pn,full,2,0,57,77,20,15.55634919,34.5939518,44.36572656,9.771774753,8.546263399,45,11,28.5,24,31.5,45.5
S003914,sobol_AB_k_pn,full,2,0,87.5,140,52.5,3.535533906,23.68814212,38.13112813,14.44298601,1.476395534,20,23,27.5,80,81.5,58.5
S003915,sobol_AB_k_pn,full,2,0,65,115.5,50.5,7.778174593,21.3106709,38.69759968,17.38692879,4.056022952,32.5,18.5,28.5,51.5,52.5,63
S003916,sobol_AB_k_pn,full,2,0,82,98,16,21.21320344,35.8794915,50.50534926,14.62585776,7.337854511,40.5,13,16.5,33.5,47.5,50.5
S003917,sobol_AB_k_pn,full,2,0,41.5,54.5,13,7.071067812,9.534916989,14.19443154,4.65951455,1.056056287,31.5,8.5,9.5,18,20.5,34
S003918,sobol_AB_k_pn,full,2,0,33,37.5,4.5,2.121320344,23.71429674,23.96286774,0.2485710041,1.252698354,39.5,10.5,4.5,10,7.5,30
S003919,sobol_AB_k_pn,full,2,0,67,82,15,12.72792206,34.70723361,36.91393114,2.206697529,5.965335444,37.5,4,3,10.5,33,49
S003920,sobol_AB_k_pn,full,2,0,49.5,65.5,16,7.071067812,19.13132688,27.30029691,8.16897003,2.383468215,42.5,12.5,8.5,12.5,14.5,51
S003921,sobol_AB_k_pn,full,2,0,67.5,103,35.5,4.949747468,24.43107958,36.30886518,11.8777856,0.04803832493,23,8.5,16,64,42.5,60.5
S003922,sobol_AB_k_pn,full,2,0,120,148.5,28.5,2.121320344,33.39693419,45.89148152,12.49454732,1.640326457,39.5,17,35.5,78.5,67.5,81
S003923,sobol_AB_k_pn,full,2,0,75.5,118.5,43,2.828427125,28.52622382,52.07616913,23.54994531,2.181139602,34,16.5,32,54.5,42,76.5
S003924,sobol_AB_k_pn,full,2,0,61.5,98,36.5,0.7071067812,33.30468465,56.14621123,22.84152658,6.345302442,34,7.5,14,32,32,66
S003925,sobol_AB_k_pn,full,2,0,49.5,64.5,15,4.242640687,31.8998026,47.56591796,15.66611536,1.084700074,48.5,6.5,5,8.5,16.5,48
S003926,sobol_AB_k_pn,full,2,0,96.5,121.5,25,8.485281374,27.89761733,41.41090145,13.51328412,4.47900224,20.5,8.5,11.5,19.5,28.5,93
S003927,sobol_AB_k_pn,full,2,0,78,138,60,38.18376618,28.95436632,51.94204529,22.98767897,6.435542303,18,9.5,19,33,67.5,70.5
S003928,sobol_AB_k_pn,full,2,0,42,63.5,21.5,3.535533906,17.76857818,19.48527724,1.716699056,2.675618031,32,17.5,22,27.5,27.5,36
S003929,sobol_AB_k_pn,full,2,0,131,127.5,-3.5,10.60660172,22.63518695,20.0598658,-2.575321154,1.627923562,20.5,12,14.5,26,79,48.5
S003930,sobol_AB_k_pn,full,2,0,80,90,10,9.899494937,28.14030896,31.68259252,3.54228356,1.575811364,25,8,10.5,13,31.5,58.5
S003931,sobol_AB_k_pn,full,2,0,85.5,116,30.5,20.50609665,41.49479506,48.93117596,7.436380901,4.282272593,50,6.5,26.5,22,33.5,82.5
S003932,sobol_AB_k_pn,full,2,0,67,99,32,4.242640687,30.58032232,48.33161286,17.75129054,1.379162632,29,11.5,33,59.5,26,73
S003933,sobol_AB_k_pn,full,2,0,117.5,147.5,30,5.656854249,56.00358182,85.84728429,29.84370248,13.41473529,29,10,10.5,31.5,55,92.5
S003934,sobol_AB_k_pn,full,2,0,91.5,108,16.5,9.192388155,33.2844696,47.49605614,14.21158654,3.778039013,42.5,10.5,15,15.5,25.5,82.5
S003935,sobol_AB_k_pn,full,2,0,71.5,81,9.5,2.121320344,26.88434106,42.38425226,15.4999112,2.463257928,21.5,9.5,3,9,25,56
S003936,sobol_AB_k_pn,full,2,0,98.5,156.5,58,12.72792206,61.31196058,98.82925648,37.51729589,14.16053671,33,18,28,39.5,43,113.5
S003937,sobol_AB_k_pn,full,2,0,91,165.5,74.5,2.121320344,25.79667557,38.87038218,13.07370662,0.7805896734,32,16,26,52,84,81.5
S003938,sobol_AB_k_pn,full,2,0,161.5,227,65.5,31.81980515,50.51315643,69.40021617,18.88705974,2.560915711,37.5,12,80.5,105,119.5,107.5
S003939,sobol_AB_k_pn,full,2,0,57,69,12,11.3137085,18.92814668,23.59717565,4.669028971,3.853070611,39.5,9.5,2.5,11,24.5,44.5
S003940,sobol_AB_k_pn,full,2,0,55,91.5,36.5,2.121320344,14.02081541,25.94006273,11.91924732,5.82449728,46.5,9.5,25.5,26,31.5,60
S003941,sobol_AB_k_pn,full,2,0,49,60,11,1.414213562,14.14485486,19.0846919,4.939837043,0.8234630972,45,9,7,15,21.5,38.5
S003942,sobol_AB_k_pn,full,2,0,92.5,236.5,144,103.2375901,50.06025295,97.27657066,47.21631772,44.28246923,34,10.5,100.5,106.5,121.5,115
S003943,sobol_AB_k_pn,full,2,0,42.5,54,11.5,0.7071067812,17.7092756,23.14849547,5.439219869,2.580381897,49,5.5,2,5,4.5,49.5
S003944,sobol_AB_k_pn,full,2,0,63,92,29,1.414213562,20.02478985,29.62126716,9.59647731,0.06379501277,41,11.5,31,40.5,44.5,47.5
S003945,sobol_AB_k_pn,full,2,0,62.5,98,35.5,14.8492424,26.23221017,38.98638624,12.75417607,7.001932391,32,8,12.5,34,50.5,47.5
S003946,sobol_AB_k_pn,full,2,0,79.5,110,30.5,3.535533906,33.17244706,54.64160858,21.46916152,0.02253856507,38,7,13.5,19,38,72
S003947,sobol_AB_k_pn,full,2,0,201.5,232.5,31,5.656854249,33.02846462,43.91633415,10.88786953,2.734205184,26.5,9.5,43,43.5,123,109.5
S003948,sobol_AB_k_pn,full,2,0,97.5,113.5,16,1.414213562,48.24016113,60.99624505,12.75608392,0.0248448991,41.5,10.5,27,37.5,26,87.5
S003949,sobol_AB_k_pn,full,2,0,60,75,15,15.55634919,23.84797887,39.60141666,15.75343779,3.450710111,31,13.5,5,17.5,24.5,50.5
S003950,sobol_AB_k_pn,full,2,0,114,183.5,69.5,7.778174593,57.75187256,96.41568766,38.66381509,5.12231857,23,17.5,28.5,25.5,64,119.5
S003951,sobol_AB_k_pn,full,2,0,185,216.5,31.5,19.09188309,83.34319153,95.69773481,12.35454328,5.027183418,31.5,16,51,63.5,79.5,137
S003952,sobol_AB_k_pn,full,2,0,77,138.5,61.5,3.535533906,48.17171007,86.80711976,38.63540969,5.333503275,25.5,9,14.5,19.5,25.5,113
S003953,sobol_AB_k_pn,full,2,0,74,101,27,11.3137085,22.41594468,38.48977248,16.07382779,3.081123562,23,19,13,22.5,23.5,77.5
S003954,sobol_AB_k_pn,full,2,0,79,100.5,21.5,4.949747468,43.19107512,62.65172866,19.46065354,6.045269125,32.5,8.5,15,35,26,74.5
S003955,sobol_AB_k_pn,full,2,0,145.5,224.5,79,8.485281374,62.24323663,97.79011288,35.54687624,16.54475586,36,7.5,29,44.5,108,116.5
S003956,sobol_AB_k_pn,full,2,0,52.5,89.5,37,15.55634919,19.4177433,29.28083758,9.86309428,5.280240853,28,13.5,30,20,45.5,44
S003957,sobol_AB_k_pn,full,2,0,110.5,152.5,42,11.3137085,31.75244814,53.23518234,21.4827342,5.001820208,41.5,13.5,31,25,50.5,102
S003958,sobol_AB_k_pn,full,2,0,95.5,118,22.5,21.92031022,43.08419368,51.58015525,8.495961578,7.863900145,41.5,14.5,13,15,32.5,85.5
S003959,sobol_AB_k_pn,full,2,0,63,80.5,17.5,4.949747468,25.34271374,28.24794661,2.905232866,0.03191102315,37,9.5,10.5,11,33.5,47
S003960,sobol_AB_k_pn,full,2,0,141.5,152.5,11,1.414213562,56.72173321,61.09972164,4.377988429,2.5449212,35.5,14.5,55.5,42.5,60.5,92
S003961,sobol_AB_k_pn,full,2,0,92,140,48,9.899494937,56.85788567,74.88777572,18.02989005,3.836934013,31,8,39.5,102.5,48.5,91.5
S003962,sobol_AB_k_pn,full,2,0,89.5,119,29.5,7.778174593,28.40923287,35.07061886,6.661385989,0.2550031657,25.5,7.5,18,28,32,87
S003963,sobol_AB_k_pn,full,2,0,71.5,96.5,25,1.414213562,34.09311997,43.34790968,9.254789718,1.299140451,39.5,12,17.5,31,23.5,73
S003964,sobol_AB_k_pn,full,2,0,85.5,127,41.5,34.64823228,14.80853339,25.52497451,10.71644112,3.081733131,35.5,9.5,32.5,31.5,69,58
S003965,sobol_AB_k_pn,full,2,0,78,121,43,2.828427125,36.16261458,58.1300223,21.96740773,0.5987996857,30,10.5,85.5,97.5,50,71
S003966,sobol_AB_k_pn,full,2,0,100,118.5,18.5,3.535533906,24.22669031,32.82158824,8.594897939,4.225238243,36.5,13,16.5,34,36,82.5
S003967,sobol_AB_k_pn,full,2,0,89,98,9,7.071067812,46.89442953,49.2015508,2.307121271,2.006513571,35.5,10,9,28,29.5,68.5
S003968,sobol_AB_k_pn,full,2,0,53,54,1,12.72792206,19.71200194,18.8301691,-0.881832835,2.940913339,39.5,7.5,3.5,6.5,7.5,46.5
S003969,sobol_AB_k_pn,full,2,0,155,196.5,41.5,33.23401872,39.15010793,69.46849916,30.31839123,13.99254152,29,19,29,49,45.5,151
S003970,sobol_AB_k_pn,full,2,0,139.5,225.5,86,8.485281374,80.2407889,130.1773537,49.93656479,9.956918186,35.5,10.5,47.5,45.5,64.5,161
S003971,sobol_AB_k_pn,full,2,0,94,116.5,22.5,13.43502884,35.94649592,40.98567579,5.03917987,3.607907907,25.5,13.5,26.5,28.5,32,84.5
S003972,sobol_AB_k_pn,full,2,0,95,116.5,21.5,23.33452378,44.22747483,50.87070872,6.643233893,7.074136325,44,7.5,22.5,28.5,40.5,76
S003973,sobol_AB_k_pn,full,2,0,94.5,104.5,10,4.242640687,41.2980512,46.9151658,5.6171146,1.443248239,28,10.5,8.5,27.5,29.5,75
S003974,sobol_AB_k_pn,full,2,0,112.5,163,50.5,10.60660172,59.2256911,106.7637658,47.53807465,3.818017954,30.5,15.5,15.5,32,36,127
S003975,sobol_AB_k_pn,full,2,0,90,144,54,39.59797975,23.87729931,50.17239993,26.29510062,23.37790688,32,7,26,24,34,110
S003976,sobol_AB_k_pn,full,2,0,156,215,59,53.74011537,60.87088033,85.29520903,24.42432869,11.57283596,24,12.5,81.5,80.5,120.5,94.5
S003977,sobol_AB_k_pn,full,2,0,123.5,176.5,53,22.627417,43.00616176,57.56312594,14.55696418,0.7310368263,21,6.5,7,33.5,37,139.5
S003978,sobol_AB_k_pn,full,2,0,71,84,13,7.071067812,18.10611399,23.6311964,5.525082405,0.3409639546,34.5,12,16,24,33.5,50.5
S003979,sobol_AB_k_pn,full,2,0,118,201,83,33.9411255,52.22042947,67.15348905,14.93305958,1.200728945,37,7,69.5,74,102.5,98.5
S003980,sobol_AB_k_pn,full,2,0,53.5,71,17.5,3.535533906,18.48082101,28.34329635,9.862475343,1.219560349,35.5,9,7,12.5,15,56
S003981,sobol_AB_k_pn,full,2,0,93.5,97.5,4,4.242640687,54.0958948,55.80865623,1.712761431,0.4704471775,32.5,10,24.5,22.5,34,63.5
S003982,sobol_AB_k_pn,full,2,0,78,112,34,7.071067812,27.33711519,39.22744075,11.89032556,2.985038832,24.5,13.5,24.5,19.5,46,66
S003983,sobol_AB_k_pn,full,2,0,64,90,26,4.242640687,18.66010851,25.88745144,7.227342929,1.818900166,39.5,11.5,23,29,24.5,65.5
S003984,sobol_AB_k_pn,full,2,0,52,73.5,21.5,9.192388155,27.68287396,44.46983891,16.78696495,2.310332506,37,11.5,14.5,21.5,23,50.5
S003985,sobol_AB_k_pn,full,2,0,100,74.5,-25.5,27.57716447,36.53343056,28.32024967,-8.213180887,7.282003831,35,9,8.5,15.5,21.5,53
S003986,sobol_AB_k_pn,full,2,0,64,120,56,4.242640687,41.62701331,92.16861164,50.54159833,2.967399187,40.5,9,44.5,36,31.5,88.5
S003987,sobol_AB_k_pn,full,2,0,59,61,2,4.242640687,29.00448241,39.62349496,10.61901254,3.723917019,21,13.5,2.5,16,16.5,44.5
S003988,sobol_AB_k_pn,full,2,0,118.5,206,87.5,14.8492424,17.84288894,28.74028247,10.89739353,5.560552346,35.5,13.5,107,89,130,76
S003989,sobol_AB_k_pn,full,2,0,44.5,74,29.5,3.535533906,23.08608056,31.70439238,8.61831182,1.697044893,36.5,13,9.5,37,21.5,52.5
S003990,sobol_AB_k_pn,full,2,0,62.5,85.5,23,4.242640687,25.63357073,34.38246376,8.748893028,3.927105889,29.5,12,11,28,42.5,43
S003991,sobol_AB_k_pn,full,2,0,73.5,83.5,10,5.656854249,23.07200683,31.55328346,8.481276631,0.09709105087,33.5,4,4,10.5,27,56.5
S003992,sobol_AB_k_pn,full,2,0,88.5,132,43.5,28.99137803,22.37471695,37.08247659,14.70775964,8.7159468,42,11.5,40,83.5,55.5,76.5
S003993,sobol_AB_k_pn,full,2,0,95.5,105.5,10,5.656854249,24.43824185,35.31050463,10.87226278,1.534055754,37,5.5,3,12.5,25,80.5
S003994,sobol_AB_k_pn,full,2,0,55.5,64.5,9,2.828427125,23.77841084,28.66019722,4.881786378,7.908415316,18.5,8.5,11,39,25.5,39
S003995,sobol_AB_k_pn,full,2,0,85,122,37,18.38477631,29.19561749,43.09327596,13.89765847,5.468440568,39.5,13,18.5,47,45,77
S003996,sobol_AB_k_pn,full,2,0,70.5,102.5,32,5.656854249,45.45412678,59.62981832,14.17569153,6.991802879,40.5,10.5,3.5,18,20.5,82
S003997,sobol_AB_k_pn,full,2,0,74.5,115.5,41,4.242640687,33.41090099,63.6130325,30.20213151,0.7629493535,33,10.5,43,48,33,82.5
S003998,sobol_AB_k_pn,full,2,0,56,61,5,5.656854249,21.92024052,27.29196706,5.371726537,7.929542292,39.5,11,6.5,10.5,24.5,36.5
S003999,sobol_AB_k_pn,full,2,0,64.5,71,6.5,0.7071067812,47.65153264,65.35106962,17.69953698,1.376229637,44,4.5,10,27,8.5,62.5
S004000,sobol_AB_k_pn,full,2,0,87,112.5,25.5,2.121320344,19.62525603,31.63406702,12.00881099,1.756374426,39,5,4,14,53,59.5
S004001,sobol_AB_k_pn,full,2,0,83,130,47,26.87005769,23.00459078,27.09761936,4.093028583,0.4907784442,47.5,9,17.5,47.5,57.5,72.5
S004002,sobol_AB_k_pn,full,2,0,82.5,113.5,31,4.242640687,22.90895145,32.08652899,9.177577536,0.2612523992,43.5,11.5,32,51.5,50.5,63
S004003,sobol_AB_k_pn,full,2,0,162,193,31,4.242640687,94.50300447,99.08504241,4.582037941,0.3746206589,40.5,11,30,27,53,140
S004004,sobol_AB_k_pn,full,2,0,101.5,160,58.5,61.51828996,32.67017176,52.42664127,19.75646951,16.48976667,32.5,17,82.5,100,86.5,73.5
S004005,sobol_AB_k_pn,full,2,0,63,79.5,16.5,7.778174593,26.43398517,30.96205545,4.528070274,2.47629283,40.5,16.5,12.5,17.5,40.5,39
S004006,sobol_AB_k_pn,full,2,0,169,237.5,68.5,4.949747468,64.87233745,86.38152714,21.50918969,2.925994549,39.5,12.5,55.5,80,137,100.5
S004007,sobol_AB_k_pn,full,2,0,79,103.5,24.5,19.09188309,35.82668298,43.99107663,8.16439365,8.788909511,27,12,9.5,28.5,55.5,48
S004008,sobol_AB_k_pn,full,2,0,50,58,8,2.828427125,12.62470001,15.48055198,2.855851969,1.709744509,31.5,8.5,5.5,7.5,16.5,41.5
S004009,sobol_AB_k_pn,full,2,0,101,156.5,55.5,23.33452378,66.71106062,96.95917257,30.24811195,2.362291292,36,11,25.5,50,35.5,121
S004010,sobol_AB_k_pn,full,2,0,226,335,109,32.52691193,104.2502656,152.9126826,48.66241698,21.95756795,24,10,79.5,95,96,239
S004011,sobol_AB_k_pn,full,2,0,36.5,47.5,11,4.242640687,21.50327041,28.52381759,7.020547182,0.7686568101,39.5,9,7.5,13,17.5,30
S004012,sobol_AB_k_pn,full,2,0,119,166.5,47.5,13.43502884,38.53995445,46.02413651,7.484182066,4.588851524,31.5,16.5,51,115.5,63.5,103
S004013,sobol_AB_k_pn,full,2,0,81.5,160,78.5,27.57716447,32.59555525,50.45996906,17.86441381,3.744081278,42.5,10.5,42,47.5,105.5,54.5
S004014,sobol_AB_k_pn,full,2,0,50,64,14,8.485281374,26.01406306,34.11897632,8.104913266,0.6751489064,35,8.5,8,18,31,33
S004015,sobol_AB_k_pn,full,2,0,89.5,102.5,13,18.38477631,61.92906219,90.3157268,28.38666461,20.69558769,35.5,10.5,20.5,15,15,87.5
S004016,sobol_AB_k_pn,full,2,0,94.5,122.5,28,9.899494937,32.44913192,49.01744329,16.56831136,0.3160026609,29,10,16,27,57.5,65
S004017,sobol_AB_k_pn,full,2,0,135.5,188.5,53,25.45584412,70.82114846,101.7179654,30.89681696,15.06461519,36.5,8,70,82.5,49.5,139
S004018,sobol_AB_k_pn,full,2,0,55,58,3,15.55634919,25.13262391,30.5892318,5.45660788,4.653468856,46,5.5,5.5,21,26.5,31.5
S004019,sobol_AB_k_pn,full,2,0,52,90,38,14.14213562,23.68880593,43.58470253,19.89589659,0.3106647549,40,10.5,7.5,23.5,37,53
S004020,sobol_AB_k_pn,full,2,0,93.5,117.5,24,11.3137085,25.73840351,32.58593426,6.847530757,2.893175954,37,14,22,38.5,71.5,46
S004021,sobol_AB_k_pn,full,2,0,111,177,66,14.14213562,44.36940106,83.93977078,39.57036972,17.19208818,29,10,30,58.5,90.5,86.5
S004022,sobol_AB_k_pn,full,2,0,53,50.5,-2.5,4.949747468,22.19556129,19.49838736,-2.697173937,1.160090467,29.5,5,11.5,12.5,18,32.5
S004023,sobol_AB_k_pn,full,2,0,106.5,191,84.5,70.00357134,44.64915308,76.05953237,31.41037929,28.32624601,30.5,8.5,51,49,88,103
S004024,sobol_AB_d_p,full,2,0,80,93.5,13.5,3.535533906,42.25970519,47.77103361,5.511328416,6.336301895,46,7.5,13.5,34.5,28.5,65
S004025,sobol_AB_d_p,full,2,0,104,166,62,41.01219331,28.35316756,54.72332954,26.37016199,12.50572684,36.5,11,44,60.5,68,98
S004026,sobol_AB_d_p,full,2,0,55.5,71.5,16,1.414213562,33.85649332,54.36292575,20.50643243,0.08454009247,38,7,13.5,24,20,51.5
S004027,sobol_AB_d_p,full,2,0,79.5,86.5,7,4.242640687,40.28740251,40.33241151,0.04500899702,1.096663243,38,6.5,23,16,24.5,62
S004028,sobol_AB_d_p,full,2,0,85,82.5,-2.5,2.121320344,45.42677216,35.83203437,-9.594737788,0.3477869095,17,8.5,8,20,32.5,50
S004029,sobol_AB_d_p,full,2,0,243.5,252,8.5,41.71930009,96.2935319,112.8314236,16.5378917,23.14014242,51,4.5,65.5,102,108.5,143.5
S004030,sobol_AB_d_p,full,2,0,71,77.5,6.5,0.7071067812,36.06457521,48.49406447,12.42948926,5.787031186,39.5,9,19,26.5,21,56.5
S004031,sobol_AB_d_p,full,2,0,127,163,36,5.656854249,42.27322935,55.79018832,13.51695897,4.51096263,26.5,18.5,41,32,87.5,75.5
S004032,sobol_AB_d_p,full,2,0,64.5,66,1.5,0.7071067812,27.84821397,30.05285463,2.204640658,1.333963204,29,7,17,17,11,55
S004033,sobol_AB_d_p,full,2,0,126.5,156.5,30,1.414213562,38.11520542,47.20120365,9.085998238,0.4462541773,25.5,11.5,25.5,59,90.5,66
S004034,sobol_AB_d_p,full,2,0,85.5,88.5,3,8.485281374,25.04742655,35.52513786,10.47771131,1.489977522,31,12,5.5,11,38.5,50
S004035,sobol_AB_d_p,full,2,0,67.5,82,14.5,17.67766953,29.96399782,41.60428324,11.64028542,5.997414475,43.5,8,9,25,15.5,66.5
S004036,sobol_AB_d_p,full,2,0,108,132.5,24.5,23.33452378,31.94587843,34.72239556,2.776517139,1.497123137,42,12,34.5,51.5,44,88.5
S004037,sobol_AB_d_p,full,2,0,83.5,81.5,-2,4.242640687,34.51476208,39.9869696,5.472207525,2.763391705,40,11,14.5,17.5,36.5,45
S004038,sobol_AB_d_p,full,2,0,54,80.5,26.5,9.192388155,19.24374474,30.77636068,11.53261594,4.922401406,36.5,17.5,8,39.5,36,44.5
S004039,sobol_AB_d_p,full,2,0,71,83,12,4.242640687,40.9485635,60.97167909,20.0231156,0.4846807803,16.5,16.5,13.5,20.5,12.5,70.5
S004040,sobol_AB_d_p,full,2,0,61.5,73,11.5,12.02081528,27.76092599,40.47868515,12.71775916,11.66673393,30,12,9,19.5,16.5,56.5
S004041,sobol_AB_d_p,full,2,0,45,61,16,4.242640687,28.32492868,39.1500538,10.82512512,5.831046233,46.5,10.5,10.5,16,22,39
S004042,sobol_AB_d_p,full,2,0,73.5,106,32.5,30.40559159,21.23905108,23.31233004,2.073278963,6.118022834,20.5,21.5,20.5,51.5,66,40
S004043,sobol_AB_d_p,full,2,0,69,124,55,8.485281374,19.80551464,36.52105824,16.7155436,5.625954206,38,15.5,65.5,62.5,62,62
S004044,sobol_AB_d_p,full,2,0,73.5,95,21.5,16.26345597,31.98391668,44.81564929,12.8317326,7.977950976,36.5,14.5,28,48.5,50,45
S004045,sobol_AB_d_p,full,2,0,39.5,50.5,11,11.3137085,10.30819267,14.59775745,4.289564778,1.264242417,34.5,6,13.5,16.5,16.5,34
S004046,sobol_AB_d_p,full,2,0,33.5,37,3.5,3.535533906,19.67717839,23.06258248,3.385404087,1.543094362,42,7.5,3,7,7,30
S004047,sobol_AB_d_p,full,2,0,55.5,63,7.5,10.60660172,29.86813534,28.15887548,-1.709259859,2.485952686,37,3.5,5.5,7,23.5,39.5
S004048,sobol_AB_d_p,full,2,0,70.5,86.5,16,9.899494937,23.13677151,32.27413008,9.137358568,3.253269678,38,14.5,11,12,23,63.5
S004049,sobol_AB_d_p,full,2,0,77.5,163.5,86,4.242640687,26.16466386,48.56649098,22.40182712,4.224421247,17,8,98.5,120,82.5,81
S004050,sobol_AB_d_p,full,2,0,178.5,322.5,144,9.899494937,44.32375832,76.68038476,32.35662644,2.857249808,36.5,13.5,83.5,211,183,139.5
S004051,sobol_AB_d_p,full,2,0,127.5,181,53.5,43.13351365,49.04840517,87.71421485,38.66580969,24.03692926,34.5,15.5,41,67,50,131
S004052,sobol_AB_d_p,full,2,0,58.5,122.5,64,2.828427125,32.07116345,62.19097023,30.11980677,1.2691646,36.5,6.5,9,37.5,43.5,79
S004053,sobol_AB_d_p,full,2,0,65,67.5,2.5,3.535533906,41.68787432,54.78120112,13.0933268,1.435435776,46,6,3.5,7,13,54.5
S004054,sobol_AB_d_p,full,2,0,86,110.5,24.5,10.60660172,25.0652213,33.08685324,8.021631933,4.214846874,21.5,9,16.5,13.5,34,76.5
S004055,sobol_AB_d_p,full,2,0,68.5,107,38.5,36.06244584,21.31881764,49.68255302,28.36373538,16.09062242,19,10,14.5,18.5,41.5,65.5
S004056,sobol_AB_d_p,full,2,0,60.5,68,7.5,0.7071067812,22.25008687,21.97207918,-0.2780076847,0.0570988938,34,14.5,25,35.5,28.5,39.5
S004057,sobol_AB_d_p,full,2,0,85.5,82,-3.5,0.7071067812,15.65268556,15.05571658,-0.5969689811,0.9058329333,21.5,7.5,10,19.5,43.5,38.5
S004058,sobol_AB_d_p,full,2,0,79,100.5,21.5,17.67766953,28.40380859,35.46567915,7.061870558,2.792115243,18,13,10,30.5,34.5,66
S004059,sobol_AB_d_p,full,2,0,81.5,139.5,58,29.69848481,38.68048668,56.88190059,18.20141391,8.962891809,49,9,13.5,29.5,42,97.5
S004060,sobol_AB_d_p,full,2,0,69.5,81.5,12,26.87005769,35.46486409,43.48577837,8.020914278,12.57373069,30,12.5,18.5,53.5,18.5,63
S004061,sobol_AB_d_p,full,2,0,131.5,143,11.5,12.02081528,69.74598797,93.30829192,23.56230395,5.860567759,22.5,12,17,40,39,104
S004062,sobol_AB_d_p,full,2,0,72,73,1,1.414213562,26.39265034,34.15313682,7.760486478,0.9775525419,41,13,13,14.5,13,60
S004063,sobol_AB_d_p,full,2,0,68,83.5,15.5,16.26345597,30.59412607,39.4979168,8.90379073,0.3518093605,28,6.5,4.5,14.5,32,51.5
S004064,sobol_AB_d_p,full,2,0,70,108.5,38.5,9.192388155,41.86482656,74.73134051,32.86651395,13.00425196,37.5,14.5,25.5,24.5,26,82.5
S004065,sobol_AB_d_p,full,2,0,68.5,101.5,33,1.414213562,22.85791741,28.05239678,5.194479367,1.229240629,36.5,13,13,24.5,43,58.5
S004066,sobol_AB_d_p,full,2,0,55,64.5,9.5,7.778174593,22.82579508,26.85293896,4.02714388,3.228102,44,8.5,3.5,8.5,21.5,43
S004067,sobol_AB_d_p,full,2,0,89,85.5,-3.5,4.949747468,22.03731473,24.03896108,2.001646344,1.125889536,28.5,12.5,28,25,40,45.5
S004068,sobol_AB_d_p,full,2,0,54.5,92.5,38,0,13.51607465,27.75060252,14.23452787,2.190580345,46,11,27.5,22,28,64.5
S004069,sobol_AB_d_p,full,2,0,46,54.5,8.5,4.949747468,15.9264615,20.91092372,4.984462222,1.551094416,47,7.5,4,13,15,39.5
S004070,sobol_AB_d_p,full,2,0,59.5,71,11.5,13.43502884,39.22230764,42.08040895,2.858101305,9.644870429,34.5,10,17,22,21.5,49.5
S004071,sobol_AB_d_p,full,2,0,50,83.5,33.5,23.33452378,22.25126771,31.23146886,8.980201154,4.682248262,53,7,11,14.5,15,68.5
S004072,sobol_AB_d_p,full,2,0,110,133,23,1.414213562,35.11526391,47.79843254,12.68316863,4.03803272,40,12.5,23.5,40,59,74
S004073,sobol_AB_d_p,full,2,0,65.5,127,61.5,54.44722215,29.8489192,46.6931925,16.8442733,10.54382768,29,14.5,23,47.5,71,56
S004074,sobol_AB_d_p,full,2,0,70.5,96,25.5,2.121320344,30.67591797,46.21326513,15.53734717,2.072584971,42,4.5,12.5,19,33.5,62.5
S004075,sobol_AB_d_p,full,2,0,134.5,153,18.5,4.949747468,23.69923293,29.77384312,6.074610188,3.206079803,19,15.5,23,23.5,78,75
S004076,sobol_AB_d_p,full,2,0,55,63,8,7.071067812,30.54699739,38.1820866,7.635089212,4.166911596,37,15.5,6.5,17,8,55
S004077,sobol_AB_d_p,full,2,0,66.5,83,16.5,3.535533906,24.9315066,38.04768521,13.11617861,3.338511387,36,12.5,13.5,36,33,50
S004078,sobol_AB_d_p,full,2,0,195.5,350,154.5,45.96194078,87.12951545,167.9328123,80.80329684,40.54596296,31.5,16,88,75,138,212
S004079,sobol_AB_d_p,full,2,0,149,172,23,26.87005769,71.60039395,76.54920931,4.948815359,4.25025018,32,16.5,25,43,60.5,111.5
S004080,sobol_AB_d_p,full,2,0,81.5,115,33.5,13.43502884,53.76350089,73.6183528,19.85485191,4.739084936,31.5,4,14,12.5,23.5,91.5
S004081,sobol_AB_d_p,full,2,0,105,148,43,16.97056275,30.35114993,60.00866274,29.65751281,7.985044281,26.5,16.5,11.5,22.5,31.5,116.5
S004082,sobol_AB_d_p,full,2,0,70.5,102.5,32,24.04163056,39.21123761,60.73175299,21.52051538,5.368253192,35.5,5,18.5,33.5,26,76.5
S004083,sobol_AB_d_p,full,2,0,119,161,42,7.071067812,49.64930968,66.14285722,16.49354754,5.339874714,30.5,12,29,43.5,78.5,82.5
S004084,sobol_AB_d_p,full,2,0,52,72,20,0,18.31764616,26.03666871,7.719022551,2.835425953,32,14,18,20.5,31.5,40.5
S004085,sobol_AB_d_p,full,2,0,118,170.5,52.5,6.363961031,31.19751941,59.84589076,28.64837135,0.4934529702,35,16,43,26,61,109.5
S004086,sobol_AB_d_p,full,2,0,138,157,19,1.414213562,57.589501,60.22958183,2.640080835,3.816839936,42.5,11,38.5,34,61,96
S004087,sobol_AB_d_p,full,2,0,70,78,8,4.242640687,27.27317279,28.40357896,1.130406162,3.731722419,44.5,7,20.5,17.5,33.5,44.5
S004088,sobol_AB_d_p,full,2,0,179.5,244.5,65,7.071067812,61.93138056,83.98818203,22.05680147,0.9047447462,37,13,102,85.5,111.5,133
S004089,sobol_AB_d_p,full,2,0,60.5,95,34.5,24.74873734,37.43050486,50.4747685,13.04426364,4.135836036,38.5,10,31.5,69,34,61
S004090,sobol_AB_d_p,full,2,0,65,81,16,26.87005769,20.70105521,27.2461212,6.545065986,5.537954894,25,9,8.5,16.5,13.5,67.5
S004091,sobol_AB_d_p,full,2,0,95,129,34,11.3137085,44.82189077,57.37462919,12.55273842,5.453348714,42.5,9.5,19,36.5,33,96
S004092,sobol_AB_d_p,full,2,0,79.5,107,27.5,17.67766953,14.33880436,21.63572928,7.296924921,0.2312558196,32.5,9,14.5,22.5,58.5,48.5
S004093,sobol_AB_d_p,full,2,0,48,111,63,22.627417,26.15841976,49.97669021,23.81827045,9.669033631,30,14.5,112,115,50.5,60.5
S004094,sobol_AB_d_p,full,2,0,96,132,36,2.828427125,23.76832638,35.86889686,12.10057048,1.571690441,42.5,11.5,11,29,41,91
S004095,sobol_AB_d_p,full,2,0,80.5,85,4.5,3.535533906,40.29592178,40.91580236,0.6198805844,4.735127573,36.5,11,9.5,20.5,26.5,58.5
S004096,sobol_AB_d_p,full,2,0,70,75,5,2.828427125,25.44666198,25.64311415,0.1964521761,0.2059724233,33,8.5,5.5,11,9.5,65.5
S004097,sobol_AB_d_p,full,2,0,126,161.5,35.5,14.8492424,29.97185061,47.67829831,17.7064477,5.800256287,31.5,16.5,31,48,57.5,104
S004098,sobol_AB_d_p,full,2,0,104,145.5,41.5,2.121320344,67.81287092,86.05824027,18.24536935,4.29148484,40,8.5,14,31.5,37.5,108
S004099,sobol_AB_d_p,full,2,0,114.5,134.5,20,12.72792206,42.74752345,47.60788546,4.860362008,3.882494258,24.5,15.5,34,31.5,38.5,96
S004100,sobol_AB_d_p,full,2,0,122.5,164,41.5,14.8492424,61.64181921,67.39359588,5.751776672,9.676832493,48.5,6.5,12,31.5,63.5,100.5
S004101,sobol_AB_d_p,full,2,0,85.5,91.5,6,1.414213562,35.44067817,41.52323563,6.082557452,1.671701301,33.5,8,20.5,25,25.5,66
S004102,sobol_AB_d_p,full,2,0,124,182,58,4.242640687,64.94553148,117.5803505,52.63481904,3.947730206,29.5,16,54,53,43,139
S004103,sobol_AB_d_p,full,2,0,63.5,105.5,42,24.04163056,16.81065605,38.75893878,21.94828272,12.32980808,30.5,6,12,13.5,21.5,84
S004104,sobol_AB_d_p,full,2,0,140.5,206.5,66,14.14213562,58.08472299,95.5525017,37.46777871,4.293544504,23.5,11,28.5,40,101,105.5
S004105,sobol_AB_d_p,full,2,0,99,151,52,9.899494937,36.76545614,46.24676383,9.481307688,2.425984982,21,9,18.5,37.5,36.5,114.5
S004106,sobol_AB_d_p,full,2,0,94.5,157,62.5,6.363961031,20.16654981,39.99997727,19.83342745,1.217988959,40,7.5,45.5,56,69,88
S004107,sobol_AB_d_p,full,2,0,95,142.5,47.5,0.7071067812,46.58810178,58.55456137,11.9664596,5.707291033,26.5,12,30.5,41.5,63.5,79
S004108,sobol_AB_d_p,full,2,0,58.5,68,9.5,0.7071067812,18.13041015,24.37799419,6.247584044,0.5033358194,34.5,10,12.5,20.5,17.5,50.5
S004109,sobol_AB_d_p,full,2,0,95,87,-8,26.87005769,51.32465494,47.74924915,-3.575405786,6.982619043,29,11.5,3.5,22,31.5,55.5
S004110,sobol_AB_d_p,full,2,0,106.5,150,43.5,3.535533906,35.34505563,57.05172269,21.70666706,0.8874778733,22.5,8.5,33,30,54,96
S004111,sobol_AB_d_p,full,2,0,57,81.5,24.5,20.50609665,18.15652779,25.03923142,6.882703635,5.056427264,39.5,8.5,8.5,20,18,63.5
S004112,sobol_AB_d_p,full,2,0,46,63,17,1.414213562,26.34206042,37.31163711,10.9695767,0.738765933,35.5,15,17,16,20.5,42.5
S004113,sobol_AB_d_p,full,2,0,93,100,7,11.3137085,31.81236996,35.42505295,3.612682987,4.342001482,37.5,6,9,12,33.5,66.5
S004114,sobol_AB_d_p,full,2,0,86.5,184,97.5,3.535533906,49.88338104,126.313197,76.42981597,1.919993679,32,9,105,82,64,120
S004115,sobol_AB_d_p,full,2,0,80.5,74,-6.5,4.949747468,37.71176905,46.80372783,9.091958784,0.2127295665,23.5,11,6,25.5,22,52
S004116,sobol_AB_d_p,full,2,0,154,241.5,87.5,30.40559159,22.20025602,34.04258918,11.84233316,1.70524154,27.5,17,106,113.5,149,92.5
S004117,sobol_AB_d_p,full,2,0,44.5,59,14.5,3.535533906,22.3701142,28.32054865,5.950434451,0.6365058099,36.5,9,16.5,15.5,12,47
S004118,sobol_AB_d_p,full,2,0,68,108.5,40.5,7.778174593,26.74364587,41.17710952,14.43346365,10.64758464,33,7.5,18,51,56.5,52
S004119,sobol_AB_d_p,full,2,0,90,111.5,21.5,17.67766953,25.4544605,36.27110448,10.81664398,8.12275208,32.5,9.5,20,20.5,47.5,64
S004120,sobol_AB_d_p,full,2,0,71.5,93.5,22,0,20.31576258,28.85367563,8.537913051,0.6647047859,48.5,9,27,56,34.5,59
S004121,sobol_AB_d_p,full,2,0,54,49.5,-4.5,0.7071067812,14.47507995,15.53291185,1.057831901,1.19328797,38.5,6.5,8,10.5,12.5,37
S004122,sobol_AB_d_p,full,2,0,44,42.5,-1.5,0.7071067812,19.74746508,21.97809472,2.230629633,0.3176295249,21.5,13,13,30,11,31.5
S004123,sobol_AB_d_p,full,2,0,83.5,124.5,41,15.55634919,30.20002821,43.01961563,12.81958742,6.324730056,34,17,38.5,52,45.5,79
S004124,sobol_AB_d_p,full,2,0,75.5,121,45.5,12.02081528,48.59067025,61.93015092,13.33948068,2.039824173,43,10,25.5,45,35.5,85.5
S004125,sobol_AB_d_p,full,2,0,77,116,39,2.828427125,34.22006907,66.84337289,32.62330382,6.165966311,35,8.5,26,38.5,29.5,86.5
S004126,sobol_AB_d_p,full,2,0,64.5,68.5,4,5.656854249,22.87835471,30.08551148,7.207156769,1.587051918,44.5,9.5,7.5,12.5,28.5,40
S004127,sobol_AB_d_p,full,2,0,67.5,78.5,11,7.071067812,46.87405652,73.5963878,26.72233128,9.018099927,45.5,4.5,5.5,18,8.5,70
S004128,sobol_AB_d_p,full,2,0,90.5,138,47.5,13.43502884,18.89551023,32.03150969,13.13599946,0.7479929679,38,8,21.5,24.5,77.5,60.5
S004129,sobol_AB_d_p,full,2,0,163,342,179,76.36753237,36.56769987,59.98564345,23.41794358,17.56146134,38.5,9.5,121.5,229.5,173,169
S004130,sobol_AB_d_p,full,2,0,54,70.5,16.5,3.535533906,19.11352041,21.45457398,2.341053564,1.854063527,45,11.5,9,24.5,27.5,43
S004131,sobol_AB_d_p,full,2,0,147.5,169,21.5,27.57716447,82.13809153,85.35795278,3.219861252,8.937620655,41.5,11,19,24,50.5,118.5
S004132,sobol_AB_d_p,full,2,0,95.5,134.5,39,9.899494937,27.72265952,45.22084081,17.49818129,3.054038916,36,16,25,61.5,70,64.5
S004133,sobol_AB_d_p,full,2,0,51,64,13,0,25.05343124,26.57742011,1.523988875,1.204745003,36.5,18,6.5,15.5,30,34
S004134,sobol_AB_d_p,full,2,0,168,296,128,57.98275606,53.44743282,91.96678712,38.5193543,9.555536688,45.5,11.5,73,98.5,189,107
S004135,sobol_AB_d_p,full,2,0,190.5,268.5,78,12.72792206,62.36796471,71.20154145,8.833576737,5.145894941,27.5,11,133.5,207.5,190,78.5
S004136,sobol_AB_d_p,full,2,0,56.5,71,14.5,6.363961031,14.00664154,17.84902248,3.84238094,0.4950236949,34,8.5,9.5,15.5,23,48
S004137,sobol_AB_d_p,full,2,0,70.5,107.5,37,22.627417,42.46021601,59.51520621,17.05499019,19.28005738,32.5,13.5,18,50.5,27,80.5
S004138,sobol_AB_d_p,full,2,0,229,291.5,62.5,19.09188309,101.0295449,129.5744502,28.54490525,8.12756618,26.5,10.5,63.5,79.5,88.5,203
S004139,sobol_AB_d_p,full,2,0,38.5,54,15.5,9.192388155,24.91903696,27.96715192,3.048114958,1.253832962,42,4,16,14,24.5,29.5
S004140,sobol_AB_d_p,full,2,0,97.5,101.5,4,12.72792206,35.47707225,32.36935127,-3.107720977,3.764618071,29,16.5,23.5,66,28.5,73
S004141,sobol_AB_d_p,full,2,0,103,155,52,21.21320344,38.15857693,48.74707838,10.58850145,0.02080242316,42.5,6.5,26.5,39.5,103.5,51.5
S004142,sobol_AB_d_p,full,2,0,71.5,76,4.5,2.121320344,38.32418728,39.38154698,1.057359693,2.200458636,31,8.5,9,16,35.5,40.5
S004143,sobol_AB_d_p,full,2,0,99.5,101.5,2,9.899494937,68.37361618,88.32738734,19.95377116,2.21680595,31,12,7,13,15.5,86
S004144,sobol_AB_d_p,full,2,0,54.5,71.5,17,1.414213562,24.0153227,30.23597662,6.220653912,2.862612275,38.5,6.5,9.5,15.5,31,40.5
S004145,sobol_AB_d_p,full,2,0,120.5,139.5,19,11.3137085,62.68550122,77.35809088,14.67258966,5.300292709,32.5,9.5,14,38,34,105.5
S004146,sobol_AB_d_p,full,2,0,56,63,7,5.656854249,23.30457857,29.90988329,6.605304723,0.5255969261,38,4,6.5,22.5,31,32
S004147,sobol_AB_d_p,full,2,0,102.5,184.5,82,26.87005769,37.38701397,84.65410745,47.26709347,8.788646906,38,13,61.5,61,87.5,97
S004148,sobol_AB_d_p,full,2,0,90,113.5,23.5,10.60660172,23.75900315,33.40983776,9.650834618,1.719493256,28,19.5,24,50,65,48.5
S004149,sobol_AB_d_p,full,2,0,125,262,137,11.3137085,44.41831891,94.44956417,50.03124526,4.020870866,25.5,14.5,74,116.5,161.5,100.5
S004150,sobol_AB_d_p,full,2,0,53.5,52,-1.5,4.949747468,19.31559793,18.33540149,-0.9801964323,0.7536849755,26.5,13,2.5,14.5,21.5,30.5
S004151,sobol_AB_d_p,full,2,0,133.5,281.5,148,28.28427125,47.04043885,93.58312164,46.54268279,19.89437953,21.5,9.5,82.5,59,152,129.5
S004152,sobol_AB_k_nm,full,2,0,92,92.5,0.5,6.363961031,47.44720205,49.03780362,1.59060157,2.285196074,43.5,8.5,8.5,40,21.5,71
S004153,sobol_AB_k_nm,full,2,0,136.5,287,150.5,36.06244584,37.73555489,89.62165114,51.88609625,5.466634495,32.5,14,80.5,73.5,129.5,157.5
S004154,sobol_AB_k_nm,full,2,0,78.5,85.5,7,11.3137085,48.16315456,67.30857329,19.14541873,1.272542882,34,7,5.5,12.5,20,65.5
S004155,sobol_AB_k_nm,full,2,0,54.5,55.5,1,18.38477631,24.70779693,25.0959137,0.3881167624,1.449801493,40,6.5,21,23,14.5,41
S004156,sobol_AB_k_nm,full,2,0,62.5,71,8.5,7.778174593,30.90821919,31.91537529,1.007156095,2.37838218,22,8,11,27.5,26.5,44.5
S004157,sobol_AB_k_nm,full,2,0,173.5,164.5,-9,42.42640687,78.01400478,78.05627796,0.04227318074,18.12426734,44.5,12,84,116,66,98.5
S004158,sobol_AB_k_nm,full,2,0,88.5,122,33.5,2.121320344,44.00296373,62.98324331,18.98027958,3.662072054,41,9,15.5,18.5,47,75
S004159,sobol_AB_k_nm,full,2,0,178,208.5,30.5,3.535533906,60.04191618,65.69401574,5.652099555,4.232129192,30,11.5,43.5,58,118,90.5
S004160,sobol_AB_k_nm,full,2,0,48,54.5,6.5,6.363961031,19.5205584,24.35897379,4.838415388,1.935573021,24.5,13,11.5,10,10.5,44
S004161,sobol_AB_k_nm,full,2,0,119,149,30,14.14213562,43.0156729,50.90154152,7.885868616,5.454468386,28.5,11.5,19.5,23.5,79.5,69.5
S004162,sobol_AB_k_nm,full,2,0,82.5,99.5,17,7.071067812,21.20414084,35.33997001,14.13582917,3.067747716,33,10.5,13.5,46.5,52.5,47
S004163,sobol_AB_k_nm,full,2,0,71.5,97.5,26,16.97056275,30.61544693,48.20254929,17.58710236,14.27647564,50,6.5,9.5,17.5,20.5,77
S004164,sobol_AB_k_nm,full,2,0,102.5,144.5,42,53.74011537,29.72129171,35.15091167,5.42961996,14.11256563,43,13,62.5,59,54.5,90
S004165,sobol_AB_k_nm,full,2,0,52.5,61,8.5,4.949747468,23.6920727,32.4896671,8.797594402,0.4483729404,41.5,10,8.5,17,24,37
S004166,sobol_AB_k_nm,full,2,0,84.5,121,36.5,7.778174593,29.06145271,42.05478185,12.99332914,0.003165009145,33.5,18,28.5,42,61.5,59.5
S004167,sobol_AB_k_nm,full,2,0,138.5,143.5,5,28.28427125,77.66915296,107.6145752,29.94542221,14.96737175,19,14.5,21,21,26,117.5
S004168,sobol_AB_k_nm,full,2,0,89.5,100.5,11,1.414213562,41.04489356,54.89529008,13.85039653,0.4672421441,37.5,7.5,16,23,24,76.5
S004169,sobol_AB_k_nm,full,2,0,56.5,84.5,28,12.72792206,35.48467128,54.62569941,19.14102813,2.864163485,49.5,10,12,18,28.5,56
S004170,sobol_AB_k_nm,full,2,0,90.5,132,41.5,4.949747468,23.91693164,30.97707017,7.06013853,0.07974109614,25.5,15,16.5,66,82,50
S004171,sobol_AB_k_nm,full,2,0,101,170.5,69.5,17.67766953,33.59586511,52.18568289,18.58981778,3.659758975,34,19,74.5,66,83,87.5
S004172,sobol_AB_k_nm,full,2,0,69.5,77.5,8,1.414213562,30.67758454,40.42722059,9.749636043,0.9388158606,37.5,13,22,30,36,41.5
S004173,sobol_AB_k_nm,full,2,0,48.5,53.5,5,1.414213562,13.95301867,16.48926945,2.536250784,4.032236438,32.5,8.5,16.5,11.5,14.5,39
S004174,sobol_AB_k_nm,full,2,0,31.5,41.5,10,7.071067812,20.29890478,24.31006931,4.011164535,2.754821906,39.5,4.5,2.5,5.5,10.5,31
S004175,sobol_AB_k_nm,full,2,0,57.5,70,12.5,0.7071067812,28.28871334,27.36364898,-0.9250643615,1.548626952,37,5.5,14,19,32,38
S004176,sobol_AB_k_nm,full,2,0,64.5,74,9.5,12.02081528,22.17738215,30.03053389,7.853151738,2.921862141,33.5,19,16.5,22,16,58
S004177,sobol_AB_k_nm,full,2,0,63.5,140,76.5,26.1629509,20.65553936,44.07340141,23.41786205,6.120230994,23,6.5,75.5,67.5,65,75
S004178,sobol_AB_k_nm,full,2,0,136.5,195,58.5,64.34671709,36.94204914,47.509881,10.56783186,2.94194424,38.5,14.5,49,130.5,109.5,85.5
S004179,sobol_AB_k_nm,full,2,0,121.5,176,54.5,4.949747468,45.73895826,80.14287235,34.40391409,3.460047021,35,15.5,35.5,46,58.5,117.5
S004180,sobol_AB_k_nm,full,2,0,83,135,52,14.14213562,45.08868284,68.6550009,23.56631806,3.352274651,35.5,6.5,12.5,22.5,53,82
S004181,sobol_AB_k_nm,full,2,0,41.5,47.5,6,2.828427125,28.88342868,36.84404859,7.960619908,0.556177473,47,5.5,5.5,7.5,9,38.5
S004182,sobol_AB_k_nm,full,2,0,112.5,134,21.5,7.778174593,33.84406808,44.12619159,10.28212351,3.269382613,20.5,11.5,11,29.5,37,97
S004183,sobol_AB_k_nm,full,2,0,78.5,116,37.5,0.7071067812,24.82038095,43.93771657,19.11733562,0.5508337647,22,7,7,36.5,57,59
S004184,sobol_AB_k_nm,full,2,0,52,77,25,4.242640687,18.14066234,24.29922661,6.158564267,0.04685829102,33,13,15.5,31,33,44
S004185,sobol_AB_k_nm,full,2,0,112,118,6,5.656854249,19.81856972,19.11023673,-0.708332994,2.53655158,17,6.5,14,43,69,49
S004186,sobol_AB_k_nm,full,2,0,63,83.5,20.5,10.60660172,24.30537469,31.32049559,7.015120899,6.763102003,20.5,15,8.5,51.5,26,57.5
S004187,sobol_AB_k_nm,full,2,0,64,80,16,2.828427125,29.83594224,33.49084525,3.654903014,6.171638309,50,9,12.5,55,23,57
S004188,sobol_AB_k_nm,full,2,0,73,96.5,23.5,13.43502884,32.8945372,45.11793357,12.22339637,8.029972162,29.5,9,17.5,45,28,68.5
S004189,sobol_AB_k_nm,full,2,0,152,156.5,4.5,4.949747468,73.7098083,100.1330839,26.42327558,0.6191183178,25,8,2.5,16,48,108.5
S004190,sobol_AB_k_nm,full,2,0,61,65.5,4.5,6.363961031,23.54944476,30.01934671,6.469901946,5.867591244,42.5,10.5,16,22.5,13,52.5
S004191,sobol_AB_k_nm,full,2,0,52.5,57.5,5,2.828427125,25.0014981,30.66681581,5.665317712,0.2042551622,23.5,6,2,9,16.5,41
S004192,sobol_AB_k_nm,full,2,0,73,125,52,12.72792206,42.86833675,74.45095849,31.58262175,3.603939965,37,16.5,44,61,40,85
S004193,sobol_AB_k_nm,full,2,0,87,154.5,67.5,14.8492424,26.78949772,37.33086698,10.54136926,11.80027762,31.5,16.5,31,56.5,77,77.5
S004194,sobol_AB_k_nm,full,2,0,50.5,67.5,17,14.14213562,23.44531323,29.63837016,6.193056928,1.350240744,42.5,10.5,3.5,20.5,19,48.5
S004195,sobol_AB_k_nm,full,2,0,58,65.5,7.5,4.949747468,18.58796712,21.8995778,3.311610673,0.9994458563,34.5,10,14.5,15.5,24.5,41
S004196,sobol_AB_k_nm,full,2,0,60.5,126,65.5,4.949747468,14.70192605,32.9964616,18.29453555,1.960161945,48.5,10,44.5,58,52,74
S004197,sobol_AB_k_nm,full,2,0,50,54,4,5.656854249,15.9521809,17.38241837,1.430237468,0.1030778529,44,9,5,15.5,19.5,34.5
S004198,sobol_AB_k_nm,full,2,0,83,160.5,77.5,0.7071067812,53.44216711,71.95181996,18.50965285,6.627419203,33,5.5,33,57,73.5,87
S004199,sobol_AB_k_nm,full,2,0,54.5,64.5,10,2.828427125,24.50351479,26.95072748,2.447212695,2.177339869,45,10,7.5,8.5,8.5,56
S004200,sobol_AB_k_nm,full,2,0,83,126,43,8.485281374,31.55980418,48.81524184,17.25543766,2.120833449,44,8.5,11,18.5,55,71
S004201,sobol_AB_k_nm,full,2,0,85,127,42,26.87005769,34.18097724,45.06221883,10.8812416,4.295602794,28.5,10.5,23,46.5,71.5,55.5
S004202,sobol_AB_k_nm,full,2,0,74,93,19,4.242640687,33.35215531,49.83761358,16.48545826,4.181401505,41.5,8,17,16,25.5,67.5
S004203,sobol_AB_k_nm,full,2,0,129,149.5,20.5,2.121320344,20.53869543,25.75678315,5.218087723,0.5244534648,23,13,42.5,57,84,65.5
S004204,sobol_AB_k_nm,full,2,0,101.5,106.5,5,2.828427125,51.91175666,59.48472098,7.572964322,2.883644535,42.5,9,6.5,20,20,86.5
S004205,sobol_AB_k_nm,full,2,0,74.5,102,27.5,27.57716447,26.58922131,47.30437289,20.71515158,6.692603336,33,14.5,11,25,44,58
S004206,sobol_AB_k_nm,full,2,0,125.5,204.5,79,4.242640687,68.45224974,103.6653342,35.21308449,4.979321178,26,15.5,38.5,31.5,71.5,133
S004207,sobol_AB_k_nm,full,2,0,150,161,11,2.828427125,67.68343104,71.03957681,3.356145766,0.09982460621,39,12,23.5,74,59,102
S004208,sobol_AB_k_nm,full,2,0,65.5,118,52.5,0.7071067812,44.11742834,71.94719066,27.82976233,2.497771419,25.5,7,15,21,24,94
S004209,sobol_AB_k_nm,full,2,0,63,93,30,5.656854249,19.44508252,33.80460982,14.3595273,0.4776565503,27.5,14.5,9,16,26.5,66.5
S004210,sobol_AB_k_nm,full,2,0,97,114.5,17.5,12.02081528,54.95941041,71.68541492,16.72600451,2.107216689,34,5,16,23.5,27,87.5
S004211,sobol_AB_k_nm,full,2,0,111,181.5,70.5,17.67766953,49.10805872,69.32842569,20.22036697,11.51253119,35,10,43,52,96,85.5
S004212,sobol_AB_k_nm,full,2,0,46.5,63.5,17,4.242640687,14.55134573,22.09508065,7.543734915,0.4499891507,31.5,9,17,37,31,32.5
S004213,sobol_AB_k_nm,full,2,0,69,93.5,24.5,7.778174593,20.90174465,30.96093339,10.05918875,8.820440121,35,14.5,39.5,32,34,59.5
S004214,sobol_AB_k_nm,full,2,0,84,94,10,21.21320344,41.44816367,44.31581915,2.867655477,8.022329812,40.5,11,16,17,23.5,70.5
S004215,sobol_AB_k_nm,full,2,0,77,87.5,10.5,9.192388155,25.61330223,27.01413799,1.400835761,5.723641712,37,12.5,14.5,12,44,43.5
S004216,sobol_AB_k_nm,full,2,0,107,131.5,24.5,0.7071067812,44.15034875,56.28335605,12.1330073,3.67703106,38.5,11,39.5,56.5,45.5,86
S004217,sobol_AB_k_nm,full,2,0,160,345.5,185.5,28.99137803,78.19189155,138.0344847,59.84259318,28.47130806,35.5,7.5,182.5,201,172,173.5
S004218,sobol_AB_k_nm,full,2,0,81.5,100.5,19,2.828427125,22.52713875,27.75859973,5.231460982,2.481210418,24,13,15,30.5,30.5,70
S004219,sobol_AB_k_nm,full,2,0,81,104,23,15.55634919,41.09957742,46.99318621,5.89360879,5.268190379,41,12.5,21,20,24,80
S004220,sobol_AB_k_nm,full,2,0,90,120.5,30.5,6.363961031,18.16276546,26.63772092,8.474955459,0.9640218952,40,9.5,23,43.5,64.5,56
S004221,sobol_AB_k_nm,full,2,0,83.5,123,39.5,2.121320344,40.34280622,53.48436003,13.14155382,7.955044348,30.5,12,137.5,133,54.5,68.5
S004222,sobol_AB_k_nm,full,2,0,81,113.5,32.5,4.949747468,19.1329435,31.23326034,12.10031683,1.622682107,34.5,13.5,32.5,46.5,35,78.5
S004223,sobol_AB_k_nm,full,2,0,108,120,12,0,53.78552909,57.20186702,3.416337933,2.255497493,34,12,12,22,39.5,80.5
S004224,sobol_AB_k_nm,full,2,0,54.5,56.5,2,5.656854249,19.43992091,18.21067762,-1.229243294,2.271922484,37.5,6.5,2,6.5,10,46.5
S004225,sobol_AB_k_nm,full,2,0,176.5,224,47.5,24.74873734,42.52191637,74.25733433,31.73541795,8.861044215,27,21,38,76.5,69,155
S004226,sobol_AB_k_nm,full,2,0,95,131,36,33.9411255,55.08808026,75.68705335,20.59897309,1.847659102,35.5,9.5,6,30.5,33.5,97.5
S004227,sobol_AB_k_nm,full,2,0,119.5,135.5,16,36.76955262,47.13508324,48.21172776,1.076644525,15.22467758,25.5,8.5,15,15,39.5,96
S004228,sobol_AB_k_nm,full,2,0,97,115.5,18.5,6.363961031,52.30780321,52.75725326,0.4494500498,1.881899234,45.5,11,18,28.5,39,76.5
S004229,sobol_AB_k_nm,full,2,0,104.5,115,10.5,4.949747468,39.3362107,47.94436395,8.608153247,2.611046125,32.5,10,19.5,20.5,32.5,82.5
S004230,sobol_AB_k_nm,full,2,0,74,113.5,39.5,10.60660172,41.39345315,76.95379293,35.56033977,15.65908744,29.5,18.5,26,36.5,21,92.5
S004231,sobol_AB_k_nm,full,2,0,58,105.5,47.5,3.535533906,17.38345128,38.99513075,21.61167947,1.64994149,30,9,16.5,14.5,20.5,85
S004232,sobol_AB_k_nm,full,2,0,130,193.5,63.5,26.1629509,46.90137663,81.54281559,34.64143896,12.29565744,24.5,9.5,22.5,35.5,103,90.5
S004233,sobol_AB_k_nm,full,2,0,87,119.5,32.5,4.949747468,30.80523206,37.29066111,6.485429049,2.230680101,25.5,8,27,73.5,30.5,89
S004234,sobol_AB_k_nm,full,2,0,67,87.5,20.5,4.949747468,18.25940716,23.70282394,5.443416789,0.219516493,38.5,11,21.5,16.5,33,54.5
S004235,sobol_AB_k_nm,full,2,0,94.5,172.5,78,12.72792206,42.05261955,67.28268477,25.23006522,1.437801924,32.5,11,37.5,85,76,96.5
S004236,sobol_AB_k_nm,full,2,0,61.5,75,13.5,4.949747468,20.2434353,30.84787878,10.60444348,2.026505423,35,11,5.5,14,15,60
S004237,sobol_AB_k_nm,full,2,0,80.5,80.5,0,2.828427125,47.28016623,49.83071054,2.550544307,0.5333069278,28.5,8.5,3.5,17,21.5,59
S004238,sobol_AB_k_nm,full,2,0,70,97,27,8.485281374,25.67357635,37.1424888,11.46891245,2.655871629,26.5,11.5,39,37.5,33.5,63.5
S004239,sobol_AB_k_nm,full,2,0,60,80,20,4.242640687,16.09274946,20.5282883,4.435538841,2.73650199,48,6,13.5,16.5,27.5,52.5
S004240,sobol_AB_k_nm,full,2,0,51.5,81,29.5,17.67766953,23.21775708,44.22436898,21.00661189,7.38518065,37,9,17.5,36,32,49
S004241,sobol_AB_k_nm,full,2,0,83.5,95,11.5,6.363961031,28.81445313,32.30897319,3.494520053,1.34049955,36,5.5,6.5,26.5,37,58
S004242,sobol_AB_k_nm,full,2,0,64,116,52,4.242640687,43.1881332,83.08974527,39.90161206,2.667360558,30.5,14.5,42,38.5,33.5,82.5
S004243,sobol_AB_k_nm,full,2,0,65,65,0,0,32.34229229,43.26220565,10.91991336,2.69216204,20,9.5,2.5,15.5,18,47
S004244,sobol_AB_k_nm,full,2,0,102.5,158.5,56,21.21320344,17.37945173,23.23788395,5.858432218,0.1449388683,39.5,11,68.5,86,97.5,61
S004245,sobol_AB_k_nm,full,2,0,45.5,65.5,20,11.3137085,23.55080733,29.750389,6.199581669,0.3713669473,42.5,10.5,12.5,19.5,16.5,49
S004246,sobol_AB_k_nm,full,2,0,47,74,27,9.899494937,22.61493634,35.66248257,13.04754623,4.687148748,31.5,8.5,23,24.5,28.5,45.5
S004247,sobol_AB_k_nm,full,2,0,78.5,83.5,5,2.828427125,26.02776109,34.17897798,8.151216889,1.30651455,40,4.5,8,10.5,24,59.5
S004248,sobol_AB_k_nm,full,2,0,84.5,138,53.5,7.778174593,22.82321653,44.42154068,21.59832415,1.173073288,39,14.5,36,33,47.5,90.5
S004249,sobol_AB_k_nm,full,2,0,124,156,32,19.79898987,27.3398791,42.31282949,14.97295038,8.286884741,43,5.5,20.5,33.5,60.5,95.5
S004250,sobol_AB_k_nm,full,2,0,71.5,78,6.5,12.02081528,32.05629444,37.4586212,5.402326762,2.758514435,17,6,14.5,21,26.5,51.5
S004251,sobol_AB_k_nm,full,2,0,73.5,101,27.5,14.8492424,27.56119417,35.50717804,7.945983876,0.2566629647,35.5,17.5,25.5,46.5,35.5,65.5
S004252,sobol_AB_k_nm,full,2,0,73,92.5,19.5,6.363961031,47.42727175,53.43063083,6.003359072,3.086386057,43.5,10.5,14.5,41,19.5,73
S004253,sobol_AB_k_nm,full,2,0,72.5,90,17.5,14.8492424,36.75407023,55.22001123,18.465941,4.055897535,34,7,10.5,26.5,17.5,72.5
S004254,sobol_AB_k_nm,full,2,0,56,60.5,4.5,0.7071067812,23.25897213,31.61438348,8.35541135,1.181844042,39.5,8.5,13,17.5,19.5,41
S004255,sobol_AB_k_nm,full,2,0,60,84.5,24.5,16.26345597,38.72004834,70.42600363,31.70595528,1.375735953,43,3.5,13,23,14.5,70
S004256,sobol_AB_k_nm,full,2,0,93.5,110,16.5,7.778174593,20.23237158,27.7439292,7.511557614,0.9550164427,42.5,7.5,19,17.5,55,55
S004257,sobol_AB_k_nm,full,2,0,124.5,221,96.5,3.535533906,29.53853492,43.08847786,13.54994294,3.595350208,43,11.5,82.5,77,102,119
S004258,sobol_AB_k_nm,full,2,0,69,97.5,28.5,19.09188309,21.10851287,28.22128056,7.112767684,5.993070481,45.5,10,8,18.5,42.5,55
S004259,sobol_AB_k_nm,full,2,0,131.5,153.5,22,0,76.72176821,78.53734963,1.815581423,0.8644688594,38,15.5,26,32,42.5,111
S004260,sobol_AB_k_nm,full,2,0,114.5,114.5,0,24.04163056,36.01603624,39.87227391,3.856237673,6.752743446,39,11,6,23.5,56,58.5
S004261,sobol_AB_k_nm,full,2,0,38.5,47.5,9,4.242640687,18.15495985,20.05177453,1.896814678,2.437688558,42.5,13,11,20.5,21.5,26
S004262,sobol_AB_k_nm,full,2,0,192.5,444.5,252,158.391919,67.62005374,153.0374491,85.41739536,58.52130142,50.5,6,131,163.5,273,171.5
S004263,sobol_AB_k_nm,full,2,0,79,115.5,36.5,13.43502884,38.93942806,51.1384855,12.19905744,7.238068066,27,13.5,40,27.5,59,56.5
S004264,sobol_AB_k_nm,full,2,0,43,54,11,12.72792206,11.58746554,14.60106733,3.013601795,3.476823271,41,8.5,9,13.5,13.5,40.5
S004265,sobol_AB_k_nm,full,2,0,99.5,156,56.5,27.57716447,61.42829476,87.83921476,26.41092,14.79539952,35.5,11.5,24,57,40,116
S004266,sobol_AB_k_nm,full,2,0,268.5,293.5,25,25.45584412,112.2946959,122.6516858,10.35698996,6.814286579,19,16.5,118.5,123,102.5,191
S004267,sobol_AB_k_nm,full,2,0,46,57,11,11.3137085,24.75069621,29.65228226,4.901586044,4.311446076,40,8,8.5,12,26,31
S004268,sobol_AB_k_nm,full,2,0,122.5,135,12.5,7.778174593,41.90526261,38.99185772,-2.91340489,3.039890143,32,15,32.5,88.5,48,87
S004269,sobol_AB_k_nm,full,2,0,62.5,109.5,47,5.656854249,26.03413533,34.58661549,8.552480158,2.178236961,42,11.5,28,39,72.5,37
S004270,sobol_AB_k_nm,full,2,0,55,68,13,9.899494937,26.78306857,31.9449215,5.16185293,4.028496882,34.5,10,17.5,12.5,34.5,33.5
S004271,sobol_AB_k_nm,full,2,0,83,95,12,9.899494937,56.58706484,78.76845568,22.18139084,10.57010755,26.5,12.5,6.5,16.5,16.5,78.5
S004272,sobol_AB_k_nm,full,2,0,83,126,43,7.071067812,28.1570556,41.57239421,13.41533861,3.819700775,35.5,7.5,24,74.5,71,55
S004273,sobol_AB_k_nm,full,2,0,110,172,62,21.21320344,59.92081835,89.57767072,29.65685237,11.49864213,33,11.5,18,45,50.5,121.5
S004274,sobol_AB_k_nm,full,2,0,61.5,63,1.5,9.192388155,28.58628287,34.41424106,5.82795819,3.070692016,43.5,4,2,10.5,27.5,35.5
S004275,sobol_AB_k_nm,full,2,0,50.5,84.5,34,11.3137085,22.13365776,38.46566482,16.33200706,2.573621555,39.5,13,26.5,15.5,38,46.5
S004276,sobol_AB_k_nm,full,2,0,87.5,96.5,9,2.828427125,26.36276145,29.77787414,3.415112684,0.626537274,35.5,15.5,21.5,29,53,43.5
S004277,sobol_AB_k_nm,full,2,0,115.5,189.5,74,14.14213562,45.99257865,86.18188221,40.18930357,13.00942703,29,9.5,38.5,59,102.5,87
S004278,sobol_AB_k_nm,full,2,0,52,46,-6,1.414213562,16.79076803,14.03283676,-2.757931267,0.978808828,24.5,12,10.5,27,23,23
S004279,sobol_AB_k_nm,full,2,0,59,112,53,19.79898987,23.30515143,38.4844528,15.17930136,5.100834155,25.5,10.5,45,39,57.5,54.5
S004280,sobol_AB_d_n,full,2,0,68,75,7,31.11269837,39.67176875,43.27441906,3.602650314,8.795837838,49.5,8,12.5,23,14.5,60.5
S004281,sobol_AB_d_n,full,2,0,113,213,100,69.29646456,27.88893535,67.32692444,39.4379891,18.77103635,31.5,12,49,74.5,93.5,119.5
S004282,sobol_AB_d_n,full,2,0,69.5,79.5,10,14.14213562,41.94992603,58.40554274,16.45561671,11.0214772,32.5,9,7.5,34,23,56.5
S004283,sobol_AB_d_n,full,2,0,84.5,92.5,8,14.14213562,49.58852219,50.76167309,1.173150901,1.809360369,39.5,10.5,21,18,19,73.5
S004284,sobol_AB_d_n,full,2,0,72,84.5,12.5,3.535533906,37.36027983,37.40490719,0.04462735357,0.1740555834,17,8,7.5,21.5,33,51.5
S004285,sobol_AB_d_n,full,2,0,145.5,141.5,-4,15.55634919,76.67390728,74.21666723,-2.457240054,4.957912661,47,6.5,45,43,49,92.5
S004286,sobol_AB_d_n,full,2,0,51.5,64,12.5,6.363961031,29.37192829,38.97600912,9.604080832,1.470728102,33,9,22.5,20.5,19,45
S004287,sobol_AB_d_n,full,2,0,281,324.5,43.5,0.7071067812,88.23917885,98.01125465,9.772075799,2.092637028,28.5,10.5,56,42,190.5,134
S004288,sobol_AB_d_n,full,2,0,54,55.5,1.5,0.7071067812,22.76255734,26.06241987,3.299862527,0.0065423189,26,7.5,9,10,9,46.5
S004289,sobol_AB_d_n,full,2,0,110.5,139,28.5,17.67766953,36.82201502,45.33939598,8.517380965,0.2410393164,27,14,18.5,48.5,77,62
S004290,sobol_AB_d_n,full,2,0,126.5,152.5,26,24.04163056,30.65081955,48.14087092,17.49005137,0.8544419034,32.5,9.5,6,30,82.5,70
S004291,sobol_AB_d_n,full,2,0,61,90.5,29.5,16.26345597,28.34961009,42.58772063,14.23811054,2.622184782,40.5,12.5,19.5,26.5,22,68.5
S004292,sobol_AB_d_n,full,2,0,80,113,33,5.656854249,27.03525107,34.21355198,7.178300914,0.1868293695,45,10,32,40.5,28.5,84.5
S004293,sobol_AB_d_n,full,2,0,92,92,0,1.414213562,42.17669117,51.96930582,9.792614647,5.092663328,39,11.5,17,17,34,58
S004294,sobol_AB_d_n,full,2,0,60,88,28,1.414213562,22.38939913,34.68905998,12.29966085,0.3246320316,34,15.5,17,31.5,38,50
S004295,sobol_AB_d_n,full,2,0,91.5,117,25.5,0.7071067812,52.79751783,87.6106619,34.81314407,5.277221286,17,13.5,21.5,29,24.5,92.5
S004296,sobol_AB_d_n,full,2,0,79,88,9,1.414213562,30.57761572,41.60156522,11.0239495,1.176130932,32,10.5,9.5,33.5,27,61
S004297,sobol_AB_d_n,full,2,0,76.5,91.5,15,14.14213562,42.80820273,52.97832498,10.17012224,4.695565972,41.5,15.5,20,25,35.5,56
S004298,sobol_AB_d_n,full,2,0,104.5,134,29.5,6.363961031,25.4042153,35.56450735,10.16029205,0.9084024849,29,11,17,66,79,55
S004299,sobol_AB_d_n,full,2,0,84,133.5,49.5,3.535533906,23.65113167,38.73882719,15.08769552,3.893462097,34.5,15,39,48.5,69.5,64
S004300,sobol_AB_d_n,full,2,0,68.5,83,14.5,4.949747468,33.61986562,43.07417546,9.454309846,3.134204248,37.5,13.5,16.5,31,39.5,43.5
S004301,sobol_AB_d_n,full,2,0,54,67,13,5.656854249,12.58361237,18.73305819,6.149445819,1.283726128,34,7.5,14.5,24.5,24,43
S004302,sobol_AB_d_n,full,2,0,36.5,41,4.5,3.535533906,21.03870524,23.76366223,2.724956982,3.904348643,40.5,6,4,5.5,9.5,31.5
S004303,sobol_AB_d_n,full,2,0,48,58.5,10.5,10.60660172,24.71801083,23.20802194,-1.509988894,0.4239170014,39.5,3,14.5,9,27,31.5
S004304,sobol_AB_d_n,full,2,0,64,76,12,8.485281374,20.14007378,27.9105263,7.77045252,1.637751092,39.5,11,11,13.5,21,55
S004305,sobol_AB_d_n,full,2,0,72,127,55,9.899494937,21.84293846,36.50095434,14.65801588,4.966992695,17.5,10,67,88,66.5,60.5
S004306,sobol_AB_d_n,full,2,0,155,184.5,29.5,2.121320344,49.18388818,63.2808571,14.09696892,1.660746322,36,13.5,36.5,79.5,77.5,107
S004307,sobol_AB_d_n,full,2,0,105,164,59,24.04163056,40.25595132,79.0831038,38.82715248,13.59261647,31.5,19,35,63.5,47,117
S004308,sobol_AB_d_n,full,2,0,61,114,53,14.14213562,30.78638632,51.96082906,21.17444274,1.389324949,32,9.5,16.5,53,50.5,63.5
S004309,sobol_AB_d_n,full,2,0,63,69.5,6.5,10.60660172,43.6214571,56.26955324,12.64809614,7.77264772,47.5,6.5,4,3.5,12,57.5
S004310,sobol_AB_d_n,full,2,0,121.5,138,16.5,4.949747468,32.77177848,45.38409235,12.61231388,3.539727058,23.5,7,7.5,20.5,32.5,105.5
S004311,sobol_AB_d_n,full,2,0,84.5,166,81.5,4.949747468,27.66818077,59.16789806,31.49971729,2.406379425,28,6,8.5,25.5,86,80
S004312,sobol_AB_d_n,full,2,0,64,84,20,4.242640687,23.97660235,25.99455679,2.017954433,1.807177507,33.5,15,17.5,39.5,36.5,47.5
S004313,sobol_AB_d_n,full,2,0,65.5,74,8.5,6.363961031,12.71850675,12.59983601,-0.118670745,1.147959977,25,5.5,20.5,23.5,42.5,31.5
S004314,sobol_AB_d_n,full,2,0,68,65.5,-2.5,10.60660172,24.59036457,25.35995633,0.7695917596,0.8124246772,21.5,8.5,5.5,13.5,19,46.5
S004315,sobol_AB_d_n,full,2,0,49.5,78,28.5,10.60660172,27.30876462,36.91418152,9.6054169,3.626949481,50,7,5.5,19.5,16,62
S004316,sobol_AB_d_n,full,2,0,94.5,113.5,19,18.38477631,41.91269686,52.33622043,10.42352358,9.158952609,27.5,14,18.5,78,34,79.5
S004317,sobol_AB_d_n,full,2,0,85,98.5,13.5,0.7071067812,48.61537289,64.97526953,16.35989664,3.928837847,25.5,11.5,21,17.5,28,70.5
S004318,sobol_AB_d_n,full,2,0,91.5,88,-3.5,6.363961031,34.40418554,40.98562539,6.581439851,1.347892577,40,10,15.5,29,17.5,70.5
S004319,sobol_AB_d_n,full,2,0,54.5,67,12.5,7.778174593,24.34885941,35.0338782,10.68501878,2.782309326,24.5,7,4.5,5.5,21,46
S004320,sobol_AB_d_n,full,2,0,107,186,79,12.72792206,65.84989145,115.1529916,49.30310013,6.828176318,34,14,36,48.5,55,131
S004321,sobol_AB_d_n,full,2,0,61,99,38,7.071067812,21.73701604,31.09813933,9.361123293,2.89502229,35.5,14.5,22.5,33,34,65
S004322,sobol_AB_d_n,full,2,0,95.5,83.5,-12,24.04163056,33.84898747,35.25642734,1.407439873,3.945686565,38.5,12,13.5,25.5,26.5,57
S004323,sobol_AB_d_n,full,2,0,74.5,80.5,6,1.414213562,23.13836619,29.92330756,6.784941368,0.7368824695,35.5,7.5,10.5,8.5,26.5,54
S004324,sobol_AB_d_n,full,2,0,76,173.5,97.5,75.66042559,18.20094678,38.73063272,20.52968594,9.140644645,45,11.5,64,70.5,85.5,88
S004325,sobol_AB_d_n,full,2,0,47,57.5,10.5,4.949747468,15.70103776,18.3457389,2.644701132,0.9862666803,46.5,7.5,3,8,19.5,38
S004326,sobol_AB_d_n,full,2,0,72,120,48,7.071067812,43.75135198,56.06340188,12.3120499,0.2422274796,35.5,12,37.5,59,54.5,65.5
S004327,sobol_AB_d_n,full,2,0,44.5,57.5,13,4.242640687,17.49908114,21.89711876,4.398037629,1.569535126,52,5.5,7.5,9,10,47.5
S004328,sobol_AB_d_n,full,2,0,89,110,21,14.14213562,31.33746921,42.19353895,10.85606974,8.622333055,35,14.5,21.5,33.5,47,63
S004329,sobol_AB_d_n,full,2,0,75.5,118,42.5,7.778174593,37.79484495,42.95789463,5.163049681,5.176496454,33,12,18.5,46,65,53
S004330,sobol_AB_d_n,full,2,0,63.5,100,36.5,13.43502884,25.75599129,51.64159372,25.88560243,1.07144772,36.5,9.5,20,26,31.5,68.5
S004331,sobol_AB_d_n,full,2,0,199.5,219,19.5,2.121320344,25.69863212,35.98722547,10.28859335,4.206480207,29,10,36.5,40.5,131.5,87.5
S004332,sobol_AB_d_n,full,2,0,53.5,61,7.5,6.363961031,31.55656502,38.5960458,7.039480782,2.338950559,40.5,9.5,11.5,17.5,6.5,54.5
S004333,sobol_AB_d_n,full,2,0,67.5,80.5,13,8.485281374,26.6773926,39.55154763,12.87415503,0.9418359212,33.5,15.5,10.5,23,32,48.5
S004334,sobol_AB_d_n,full,2,0,113.5,163.5,50,21.21320344,54.22274323,81.72571319,27.50296996,16.40635101,29,12.5,26.5,23.5,61.5,102
S004335,sobol_AB_d_n,full,2,0,242.5,298.5,56,31.11269837,101.9774353,122.1811256,20.20369027,8.371944064,28,20.5,46.5,82,118.5,180
S004336,sobol_AB_d_n,full,2,0,78,123.5,45.5,2.121320344,46.88986498,79.87514499,32.98528001,1.982809035,26.5,6.5,25,18,23.5,100
S004337,sobol_AB_d_n,full,2,0,76.5,120.5,44,32.52691193,22.2779555,42.23307874,19.95512324,8.785595124,28,16.5,7,14.5,36,84.5
S004338,sobol_AB_d_n,full,2,0,74.5,87.5,13,15.55634919,47.00618816,59.92029417,12.914106,9.612003002,33.5,7,8,23.5,14.5,73
S004339,sobol_AB_d_n,full,2,0,110,191.5,81.5,14.8492424,51.31737168,81.14324824,29.82587657,5.717331439,35,7,17,24,88,103.5
S004340,sobol_AB_d_n,full,2,0,48,78,30,18.38477631,17.03764257,26.72503416,9.687391585,0.1784051684,33.5,9.5,17,34,38.5,39.5
S004341,sobol_AB_d_n,full,2,0,107.5,148.5,41,7.071067812,30.07404592,54.33433609,24.26029017,3.931867342,35.5,14.5,31.5,24.5,47.5,101
S004342,sobol_AB_d_n,full,2,0,110,126.5,16.5,10.60660172,48.77738729,52.19819076,3.420803465,0.1783033463,45,9.5,22.5,17,42.5,84
S004343,sobol_AB_d_n,full,2,0,47.5,57,9.5,0.7071067812,16.88886931,19.76690199,2.878032678,0.170941092,40,5.5,15,13,23,34
S004344,sobol_AB_d_n,full,2,0,159.5,210,50.5,4.949747468,63.05434064,79.83724445,16.7829038,5.877807594,39,14,63.5,60,82,128
S004345,sobol_AB_d_n,full,2,0,80.5,189,108.5,55.86143571,47.50037142,76.31077716,28.81040574,14.12206937,35.5,10,159.5,242,94.5,94.5
S004346,sobol_AB_d_n,full,2,0,113,111.5,-1.5,16.26345597,33.39806283,32.94503031,-0.4530325238,7.801116218,24.5,9,7.5,28,27.5,84
S004347,sobol_AB_d_n,full,2,0,80.5,88.5,8,8.485281374,39.7356055,43.56978864,3.834183143,6.731309159,39,10.5,12.5,9,13.5,75
S004348,sobol_AB_d_n,full,2,0,102.5,182,79.5,12.02081528,16.72861274,36.74261581,20.01400307,5.400088866,35,9.5,19.5,38,107,75
S004349,sobol_AB_d_n,full,2,0,122.5,225.5,103,80.61017306,55.15870178,92.53001504,37.37131326,26.09918693,28.5,13.5,173,188.5,116,109.5
S004350,sobol_AB_d_n,full,2,0,95,118,23,24.04163056,23.74544638,34.80054692,11.05510054,6.734398916,36.5,16.5,25,50.5,32,86
S004351,sobol_AB_d_n,full,2,0,61,60.5,-0.5,16.26345597,30.29840899,30.80066512,0.5022561332,5.415240781,36.5,12,14,23,17,43.5
S004352,sobol_AB_d_n,full,2,0,71,82,11,16.97056275,25.11497198,26.31862259,1.203650615,3.26179479,34.5,5.5,4.5,7,15,67
S004353,sobol_AB_d_n,full,2,0,117.5,144,26.5,3.535533906,33.08042961,50.08750732,17.00707771,1.834561288,26.5,22.5,26,29.5,36,108
S004354,sobol_AB_d_n,full,2,0,92.5,133.5,41,35.35533906,60.34166405,81.86343435,21.5217703,10.20968171,35.5,7.5,17.5,23,32.5,101
S004355,sobol_AB_d_n,full,2,0,94.5,102.5,8,2.828427125,36.2228428,37.81481204,1.591969244,0.2655983817,23,11,17,22,25.5,77
S004356,sobol_AB_d_n,full,2,0,86.5,111,24.5,4.949747468,42.00727558,46.4483223,4.441046711,0.01057542878,52.5,6,7,19,42.5,68.5
S004357,sobol_AB_d_n,full,2,0,82.5,95.5,13,4.242640687,34.84642873,41.57063813,6.724209398,6.51336606,31.5,9,17.5,26.5,28.5,67
S004358,sobol_AB_d_n,full,2,0,94.5,121,26.5,7.778174593,48.1252967,84.30240648,36.17710977,5.969254097,30,17,23,27,19,102
S004359,sobol_AB_d_n,full,2,0,91,149,58,14.14213562,22.66660245,53.30624154,30.63963909,4.802076244,29.5,5,17,20,36,113
S004360,sobol_AB_d_n,full,2,0,126,143.5,17.5,12.02081528,54.92435599,69.61307654,14.68872054,6.856104978,23.5,13,20.5,29,63.5,80
S004361,sobol_AB_d_n,full,2,0,106,149.5,43.5,9.192388155,37.65864678,45.2212641,7.562617316,0.3418318367,22,9,18,34.5,36.5,113
S004362,sobol_AB_d_n,full,2,0,80.5,116,35.5,7.778174593,19.72753233,31.39211889,11.66458656,5.893187188,37.5,13,16.5,25.5,47,69
S004363,sobol_AB_d_n,full,2,0,89,161,72,32.52691193,45.64294111,58.74633218,13.10339107,17.14414069,33.5,14,34,50,79,82
S004364,sobol_AB_d_n,full,2,0,61,60.5,-0.5,7.778174593,19.37165001,22.60657862,3.234928612,1.869981386,36.5,9.5,4.5,21.5,15,45.5
S004365,sobol_AB_d_n,full,2,0,80.5,80,-0.5,14.8492424,44.97142773,41.63016071,-3.341267018,11.64572545,30.5,12,9,15,28.5,51.5
S004366,sobol_AB_d_n,full,2,0,72.5,102.5,30,29.69848481,24.07067416,40.67807221,16.60739805,12.1284088,24.5,11.5,21.5,16.5,34.5,68
S004367,sobol_AB_d_n,full,2,0,70.5,99,28.5,6.363961031,19.05119992,29.57400964,10.52280973,0.388266201,41.5,9,13.5,39,24.5,74.5
S004368,sobol_AB_d_n,full,2,0,76,126,50,36.76955262,34.59085951,60.16704526,25.57618575,17.62870536,34.5,11,29.5,51.5,62,64
S004369,sobol_AB_d_n,full,2,0,80,100.5,20.5,0.7071067812,29.80778132,38.28794268,8.48016136,3.187626069,38.5,8,6.5,10,31.5,69
S004370,sobol_AB_d_n,full,2,0,88,128,40,9.899494937,53.14179397,93.2328654,40.09107143,15.43146759,32.5,9.5,36.5,44,34.5,93.5
S004371,sobol_AB_d_n,full,2,0,52.5,60.5,8,4.242640687,30.83260315,44.9249427,14.09233955,4.474459354,19,9,5.5,14.5,11.5,49
S004372,sobol_AB_d_n,full,2,0,152,235,83,22.627417,21.35697339,35.03619631,13.67922293,2.540489101,33.5,13,91,108,143,92
S004373,sobol_AB_d_n,full,2,0,31.5,52,20.5,0.7071067812,15.65554448,23.64689384,7.99134936,2.265519292,35,11,14.5,20,12.5,39.5
S004374,sobol_AB_d_n,full,2,0,81,118,37,12.72792206,26.92496112,38.49959145,11.57463033,4.692483123,27.5,13.5,25,64,68.5,49.5
S004375,sobol_AB_d_n,full,2,0,70.5,75.5,5,7.071067812,20.63399149,25.44078031,4.80678882,1.98183321,36,7.5,16.5,13,31,44.5
S004376,sobol_AB_d_n,full,2,0,61.5,75.5,14,4.242640687,18.35970999,23.8740286,5.514318609,0.2207161913,46,11,30,58,26.5,49
S004377,sobol_AB_d_n,full,2,0,75.5,79.5,4,24.04163056,17.26963612,21.11484393,3.845207803,6.192614082,41.5,9.5,30,29.5,30,49.5
S004378,sobol_AB_d_n,full,2,0,52.5,54.5,2,4.242640687,24.07995549,26.2692707,2.189315208,1.768445112,12.5,7.5,6,20,16,38.5
S004379,sobol_AB_d_n,full,2,0,80.5,126.5,46,16.97056275,27.92347049,46.20457134,18.28110085,6.086015521,35.5,17,27.5,41,43.5,83
S004380,sobol_AB_d_n,full,2,0,52,74,22,28.28427125,33.270475,41.38909947,8.118624471,17.53117655,41.5,9.5,16.5,23.5,18,56
S004381,sobol_AB_d_n,full,2,0,79,128,49,41.01219331,38.4434863,74.2505492,35.80706289,21.00830791,37,10,16,50.5,33,95
S004382,sobol_AB_d_n,full,2,0,81,100,19,12.72792206,28.26461612,39.12195317,10.85733705,3.037561911,34.5,13.5,9,21.5,49.5,50.5
S004383,sobol_AB_d_n,full,2,0,76.5,90.5,14,5.656854249,50.99830273,74.14867068,23.15036795,5.806572082,46.5,4.5,14.5,36,18.5,72
S004384,sobol_AB_d_n,full,2,0,112,138,26,15.55634919,22.58277506,35.09778036,12.5150053,7.074216433,37.5,7,18,28,71,67
S004385,sobol_AB_d_n,full,2,0,63,138,75,65.05382387,15.32893248,28.14172256,12.81279008,13.01473179,45.5,6,48.5,59.5,61,77
S004386,sobol_AB_d_n,full,2,0,81.5,117,35.5,0.7071067812,21.42016,31.65646142,10.23630142,2.167291888,42.5,10.5,12.5,40.5,56,61
S004387,sobol_AB_d_n,full,2,0,145.5,159.5,14,9.899494937,84.29612427,86.60715063,2.311026366,2.792970093,41.5,13,29,23,40,119.5
S004388,sobol_AB_d_n,full,2,0,81.5,107,25.5,36.06244584,26.43368519,33.71551163,7.281826436,6.007065493,43,11.5,10.5,37,57.5,49.5
S004389,sobol_AB_d_n,full,2,0,48,67,19,7.071067812,24.03224479,30.5681246,6.535879809,3.040126842,36.5,16.5,10,22.5,29,38
S004390,sobol_AB_d_n,full,2,0,216,419,203,41.01219331,56.85755043,130.4976571,73.64010666,14.80864472,40.5,11,176,167,272,147
S004391,sobol_AB_d_n,full,2,0,103,121.5,18.5,2.121320344,49.74071585,53.36806333,3.627347483,1.09272117,29,11.5,18.5,37.5,60.5,61
S004392,sobol_AB_d_n,full,2,0,54,66,12,2.828427125,14.87795245,18.72855961,3.850607154,2.689504955,32.5,13,12.5,9.5,15,51
S004393,sobol_AB_d_n,full,2,0,92,129,37,12.72792206,58.1618236,67.70497717,9.54315357,5.170983818,44,9,14.5,46.5,41,88
S004394,sobol_AB_d_n,full,2,0,238.5,310.5,72,56.56854249,106.7595971,125.7676371,19.00803997,19.29344735,23,11,163,122,114,196.5
S004395,sobol_AB_d_n,full,2,0,51,65.5,14.5,13.43502884,28.37503229,33.11417914,4.739146854,5.546358942,42.5,7,16,19,30.5,35
S004396,sobol_AB_d_n,full,2,0,89,104,15,14.14213562,30.81128116,29.91594965,-0.8953315079,4.919026417,32,15.5,22.5,59.5,39,65
S004397,sobol_AB_d_n,full,2,0,82,113.5,31.5,3.535533906,36.52605817,39.63658595,3.110527787,3.567571334,40.5,11,17.5,24.5,70,43.5
S004398,sobol_AB_d_n,full,2,0,53.5,69,15.5,4.949747468,26.80556323,33.38008988,6.574526649,2.187364081,34,10.5,10.5,24.5,33,36
S004399,sobol_AB_d_n,full,2,0,83.5,87.5,4,7.071067812,61.21681271,74.93479901,13.7179863,9.93415407,32,11,9.5,11,15.5,72
S004400,sobol_AB_d_n,full,2,0,81.5,114.5,33,8.485281374,32.46757646,41.40428647,8.936710005,0.02523686915,35.5,8,19,38,59.5,55
S004401,sobol_AB_d_n,full,2,0,111,144,33,9.899494937,57.8767066,81.31710548,23.44039889,16.10730279,34.5,10,17,46.5,29.5,114.5
S004402,sobol_AB_d_n,full,2,0,50,56,6,22.627417,22.91995755,28.55923511,5.639277559,8.01236677,43.5,8,9.5,14.5,26,30
S004403,sobol_AB_d_n,full,2,0,48.5,70.5,22,4.242640687,19.53444329,35.45089751,15.91645421,6.666481356,42.5,7,11.5,14,27,43.5
S004404,sobol_AB_d_n,full,2,0,90,104.5,14.5,2.121320344,27.06744239,30.37037437,3.302931973,2.909712328,31.5,19,20,36.5,61,43.5
S004405,sobol_AB_d_n,full,2,0,123.5,201.5,78,33.9411255,52.78143522,97.63855076,44.85711554,9.560184371,30.5,11,43,71,100,101.5
S004406,sobol_AB_d_n,full,2,0,66,61,-5,2.828427125,21.6494042,17.58879584,-4.060608357,3.035571842,29.5,5.5,7.5,10.5,31.5,29.5
S004407,sobol_AB_d_n,full,2,0,108,208,100,18.38477631,45.92426885,76.40576888,30.48150003,9.374316748,20,8.5,36.5,32,102,106
S004408,sobol_AB_k_mg,full,2,0,88.5,91,2.5,7.778174593,35.43441479,38.1791477,2.744732904,7.183277064,50.5,7,15,28.5,36.5,54.5
S004409,sobol_AB_k_mg,full,2,0,86,159,73,21.21320344,26.66826923,52.75265292,26.08438369,2.401009354,34.5,16.5,63,77.5,66,93
S004410,sobol_AB_k_mg,full,2,0,65.5,85,19.5,16.26345597,44.46585755,65.28485665,20.8189991,4.69019568,32,9,10.5,30,19,66
S004411,sobol_AB_k_mg,full,2,0,83,93,10,12.72792206,43.14360815,43.2017088,0.05810064335,6.526652193,38.5,9.5,21.5,22.5,26.5,66.5
S004412,sobol_AB_k_mg,full,2,0,59.5,80.5,21,15.55634919,28.9896866,31.13415106,2.144464463,1.313628077,18.5,8,3.5,23,37,43.5
S004413,sobol_AB_k_mg,full,2,0,189,180,-9,39.59797975,63.15642819,65.474913,2.31848481,3.006424965,43.5,8.5,78.5,85,97,83
S004414,sobol_AB_k_mg,full,2,0,68,80,12,7.071067812,29.8564025,40.47766332,10.62126083,1.442289173,39,11,18.5,46.5,32,48
S004415,sobol_AB_k_mg,full,2,0,200.5,269,68.5,2.121320344,83.70853838,110.1896296,26.48109122,1.051886115,30.5,13.5,56.5,38,123,146
S004416,sobol_AB_k_mg,full,2,0,39,37,-2,5.656854249,14.39558867,13.96780718,-0.4277814936,1.324145187,27,5.5,4,9,11,26
S004417,sobol_AB_k_mg,full,2,0,108,131,23,1.414213562,50.83652681,64.73233878,13.89581196,0.8524899189,24,10,8.5,29.5,41.5,89.5
S004418,sobol_AB_k_mg,full,2,0,104,102.5,-1.5,24.74873734,41.22902862,53.97975512,12.7507265,17.4523446,33,11,9.5,18,25.5,77
S004419,sobol_AB_k_mg,full,2,0,66.5,90.5,24,16.97056275,19.17066737,27.74737315,8.576705775,6.221403453,45,9.5,15.5,21,45.5,45
S004420,sobol_AB_k_mg,full,2,0,101,106,5,25.45584412,23.52506802,23.46013005,-0.0649379752,1.276815041,48,8.5,18,29,47,59
S004421,sobol_AB_k_mg,full,2,0,89,103.5,14.5,6.363961031,39.77674926,56.60352352,16.82677427,2.584815653,41.5,9,9.5,9.5,40,63.5
S004422,sobol_AB_k_mg,full,2,0,77,94,17,0,28.03797437,38.02940493,9.991430557,1.479008637,32.5,17.5,16.5,48.5,37.5,56.5
S004423,sobol_AB_k_mg,full,2,0,77,108.5,31.5,26.1629509,38.8626556,69.85906866,30.99641306,17.09482181,20,14.5,26,34.5,31,77.5
S004424,sobol_AB_k_mg,full,2,0,63.5,76,12.5,13.43502884,22.07740509,34.37909301,12.30168792,5.148832247,30,14,11.5,35.5,28.5,47.5
S004425,sobol_AB_k_mg,full,2,0,60,79.5,19.5,16.26345597,36.09328942,39.75667792,3.663388509,11.23396552,47.5,11.5,12.5,18.5,39,40.5
S004426,sobol_AB_k_mg,full,2,0,90.5,131,40.5,7.778174593,24.48641895,29.87049425,5.384075308,4.342445107,31,13.5,16.5,62,81,50
S004427,sobol_AB_k_mg,full,2,0,85,154.5,69.5,14.8492424,30.31099869,52.54075252,22.22975383,9.999192818,34,14,54.5,69.5,68.5,86
S004428,sobol_AB_k_mg,full,2,0,60,78,18,14.14213562,36.35845151,50.93800098,14.57954947,5.956000951,35.5,16,16,23,25.5,52.5
S004429,sobol_AB_k_mg,full,2,0,46.5,57,10.5,0.7071067812,13.91949696,20.59755861,6.678061643,0.6890885269,26,5,9.5,18,9.5,47.5
S004430,sobol_AB_k_mg,full,2,0,37.5,44.5,7,1.414213562,21.60439829,24.99508859,3.3906903,2.451020521,39,5.5,2.5,7,12.5,32
S004431,sobol_AB_k_mg,full,2,0,66.5,87.5,21,12.72792206,39.98934684,43.37070943,3.381362592,6.369308346,41.5,4,6.5,13,29,58.5
S004432,sobol_AB_k_mg,full,2,0,65,74.5,9.5,2.121320344,22.80523928,31.32623375,8.520994465,4.066310501,39,15.5,10.5,16.5,15,59.5
S004433,sobol_AB_k_mg,full,2,0,75,146.5,71.5,7.778174593,24.28576564,43.07643746,18.79067182,4.339831056,22,8,99.5,118,70,76.5
S004434,sobol_AB_k_mg,full,2,0,123,187.5,64.5,41.71930009,47.74821144,73.92193122,26.17371978,15.43314108,38,16,41.5,101.5,56,131.5
S004435,sobol_AB_k_mg,full,2,0,102.5,143,40.5,6.363961031,42.21784604,69.86299151,27.64514547,1.820846484,35,14,37.5,58,39.5,103.5
S004436,sobol_AB_k_mg,full,2,0,60.5,124,63.5,0.7071067812,23.8932157,46.40030599,22.50709029,3.576155296,33.5,11,20,61.5,71.5,52.5
S004437,sobol_AB_k_mg,full,2,0,48.5,56,7.5,6.363961031,24.58155521,31.4994154,6.917860189,1.572786666,46.5,9,5.5,8,23.5,32.5
S004438,sobol_AB_k_mg,full,2,0,87,95.5,8.5,3.535533906,24.42876414,30.24718618,5.818422043,1.639100806,23,7.5,9,16.5,24,71.5
S004439,sobol_AB_k_mg,full,2,0,96.5,132.5,36,26.87005769,29.77735278,52.99119858,23.2138458,13.77103224,22,7.5,12.5,24.5,63,69.5
S004440,sobol_AB_k_mg,full,2,0,52.5,78,25.5,3.535533906,19.62561302,25.78144594,6.155832913,0.5156935417,36.5,15,23.5,36,28.5,49.5
S004441,sobol_AB_k_mg,full,2,0,105,111.5,6.5,19.09188309,16.79273293,17.34713215,0.5543992206,2.905812068,20,10.5,32.5,46,69,42.5
S004442,sobol_AB_k_mg,full,2,0,62,74.5,12.5,6.363961031,18.71524637,22.42739725,3.712150878,0.6161792459,25.5,9,7.5,24,34.5,40
S004443,sobol_AB_k_mg,full,2,0,63.5,95.5,32,24.04163056,32.1232724,42.91416004,10.79088764,8.73760683,45.5,12.5,13.5,32.5,22,73.5
S004444,sobol_AB_k_mg,full,2,0,71.5,79,7.5,19.09188309,31.46424639,36.25384962,4.78960323,7.335832226,32,14.5,23,38.5,26.5,52.5
S004445,sobol_AB_k_mg,full,2,0,97,111.5,14.5,7.778174593,43.98811418,63.78629615,19.79818197,6.257756178,28,12,11,38.5,44.5,67
S004446,sobol_AB_k_mg,full,2,0,79,94,15,24.04163056,31.34257013,42.50085063,11.1582805,7.186758346,45,11.5,19,19.5,20.5,73.5
S004447,sobol_AB_k_mg,full,2,0,67.5,78,10.5,2.121320344,38.90478396,54.84750271,15.94271876,3.434813042,27.5,5.5,2.5,10,6.5,71.5
S004448,sobol_AB_k_mg,full,2,0,84,145.5,61.5,0.7071067812,57.02572258,91.9654006,34.93967802,7.174825003,35.5,16,55.5,49.5,44,101.5
S004449,sobol_AB_k_mg,full,2,0,93,140,47,7.071067812,38.55179462,53.32175341,14.76995879,5.552717629,34,14,20.5,30.5,30.5,109.5
S004450,sobol_AB_k_mg,full,2,0,96,111.5,15.5,2.121320344,39.57349656,50.48665759,10.91316103,3.894599145,42,11.5,17,15.5,32.5,79
S004451,sobol_AB_k_mg,full,2,0,67,82,15,7.071067812,26.25110589,33.91221879,7.661112902,2.323154051,33.5,9.5,12.5,15,21,61
S004452,sobol_AB_k_mg,full,2,0,51,94.5,43.5,12.02081528,11.72867706,19.52335545,7.794678393,1.841137773,42.5,12.5,51.5,56,49.5,45
S004453,sobol_AB_k_mg,full,2,0,48.5,62,13.5,2.121320344,21.59065192,26.95160368,5.360951759,0.9662245555,47,5.5,1,5.5,9,53
S004454,sobol_AB_k_mg,full,2,0,85,134.5,49.5,13.43502884,56.05028251,74.97495195,18.92466944,7.227072316,34,8,23.5,25,46,88.5
S004455,sobol_AB_k_mg,full,2,0,34,49.5,15.5,6.363961031,10.47625704,16.09323422,5.616977176,3.203788647,47,10.5,8,8.5,15.5,34
S004456,sobol_AB_k_mg,full,2,0,70.5,103,32.5,14.8492424,33.26486353,54.26370664,20.99884312,4.529754332,39.5,16.5,27,44.5,23,80
S004457,sobol_AB_k_mg,full,2,0,67,119.5,52.5,23.33452378,36.805732,58.93615364,22.13042164,12.48782547,26.5,12.5,27.5,40.5,47.5,72
S004458,sobol_AB_k_mg,full,2,0,84,112,28,15.55634919,40.97812332,68.07502538,27.09690206,9.805930386,41.5,6,11,18,24,88
S004459,sobol_AB_k_mg,full,2,0,189,196.5,7.5,10.60660172,32.34693326,42.1353759,9.788442639,1.033042418,20.5,11,21,33.5,96,100.5
S004460,sobol_AB_k_mg,full,2,0,80.5,97.5,17,0,36.44413508,51.61102157,15.16688648,2.73525936,41,12.5,15,29,25.5,72
S004461,sobol_AB_k_mg,full,2,0,65.5,71.5,6,8.485281374,31.86085636,42.16792172,10.30706536,2.322005053,37,13,14,20.5,16,55.5
S004462,sobol_AB_k_mg,full,2,0,93.5,171,77.5,7.778174593,42.55244135,73.60093063,31.04848929,1.489385121,26,15,33.5,24.5,80,91
S004463,sobol_AB_k_mg,full,2,0,178.5,214.5,36,1.414213562,62.02354196,68.2812859,6.257743942,1.750366735,28.5,19.5,43.5,65,116,98.5
S004464,sobol_AB_k_mg,full,2,0,44.5,72.5,28,8.485281374,21.92652546,35.9576546,14.03112913,4.138141329,34,4.5,9,10,26.5,46
S004465,sobol_AB_k_mg,full,2,0,73.5,96,22.5,13.43502884,19.43555404,31.80134505,12.365791,2.636821497,25,14.5,8.5,10,32.5,63.5
S004466,sobol_AB_k_mg,full,2,0,64.5,76,11.5,0.7071067812,35.37704938,50.64510624,15.26805686,0.4692607897,32,7.5,17,20.5,13.5,62.5
S004467,sobol_AB_k_mg,full,2,0,132,247,115,11.3137085,46.69898197,82.29538416,35.59640219,9.212961517,34,10,37,66.5,149.5,97.5
S004468,sobol_AB_k_mg,full,2,0,42,62,20,7.071067812,13.92079851,21.32919715,7.408398637,5.008934886,32.5,7.5,11.5,12,29,33
S004469,sobol_AB_k_mg,full,2,0,111.5,174,62.5,26.1629509,23.87460629,44.40059855,20.52599227,6.460639666,35,15.5,50.5,34.5,91.5,82.5
S004470,sobol_AB_k_mg,full,2,0,104,127,23,19.79898987,50.87880874,56.25954676,5.380738018,3.818665514,44.5,12.5,25,28,39,88
S004471,sobol_AB_k_mg,full,2,0,68.5,74.5,6,8.485281374,23.68214438,21.7004299,-1.981714486,6.534082656,36,13.5,13.5,14,39.5,35
S004472,sobol_AB_k_mg,full,2,0,159.5,184,24.5,16.26345597,49.99002994,57.2746404,7.284610463,1.0789662,34.5,11.5,43.5,30,89,95
S004473,sobol_AB_k_mg,full,2,0,107.5,179.5,72,12.72792206,70.33290929,88.4499172,18.11700791,15.42483233,35,8,125,170,70,109.5
S004474,sobol_AB_k_mg,full,2,0,93.5,125,31.5,16.26345597,25.09356019,33.561415,8.467854818,4.279023695,25.5,9,19.5,25.5,40.5,84.5
S004475,sobol_AB_k_mg,full,2,0,66.5,74.5,8,2.828427125,24.43099176,25.64934393,1.218352174,0.3686467358,39,14,10.5,33.5,30.5,44
S004476,sobol_AB_k_mg,full,2,0,118.5,204,85.5,21.92031022,24.50176428,52.19897565,27.69721137,4.941300566,32,11,14,38,92.5,111.5
S004477,sobol_AB_k_mg,full,2,0,71,131,60,32.52691193,23.0491829,43.33149905,20.28231615,16.80138661,34.5,7.5,95.5,98,78,53
S004478,sobol_AB_k_mg,full,2,0,101.5,125.5,24,5.656854249,24.70848815,33.27600883,8.567520673,3.144357964,40.5,13,22.5,30,43,82.5
S004479,sobol_AB_k_mg,full,2,0,82.5,95.5,13,7.071067812,46.31077956,51.33235984,5.021580271,2.666394124,32,15,18.5,36.5,26.5,69
S004480,sobol_AB_k_mg,full,2,0,61,64,3,9.899494937,14.46267505,15.44165428,0.9789792338,0.6971645725,36,7.5,8,8.5,25,39
S004481,sobol_AB_k_mg,full,2,0,158,222.5,64.5,10.60660172,38.64314371,69.65559576,31.01245205,0.7595179704,29.5,19,52,65.5,70.5,152
S004482,sobol_AB_k_mg,full,2,0,119.5,152,32.5,13.43502884,59.91065663,80.69375263,20.783096,12.8945166,37,11,12.5,21,49.5,102.5
S004483,sobol_AB_k_mg,full,2,0,96.5,116.5,20,0,28.81797635,31.09855732,2.280580969,1.962726784,24.5,13.5,14,32,54.5,62
S004484,sobol_AB_k_mg,full,2,0,116,141.5,25.5,6.363961031,51.45018263,50.56192656,-0.8882560696,2.766496992,46,11,16.5,27,69,72.5
S004485,sobol_AB_k_mg,full,2,0,67,90.5,23.5,16.26345597,29.01823943,44.65997888,15.64173944,7.523706298,31.5,9.5,24.5,26,23,67.5
S004486,sobol_AB_k_mg,full,2,0,84,128.5,44.5,6.363961031,26.31147191,48.0115758,21.70010389,6.231372462,25.5,21.5,38,42.5,70,58.5
S004487,sobol_AB_k_mg,full,2,0,80,114.5,34.5,20.50609665,24.40914186,43.25506856,18.84592669,5.812553174,26.5,8,17,13,19.5,95
S004488,sobol_AB_k_mg,full,2,0,148,179.5,31.5,7.778174593,69.07109126,95.21398917,26.1428979,2.055090576,20.5,11,24.5,40.5,75,104.5
S004489,sobol_AB_k_mg,full,2,0,82.5,127.5,45,12.72792206,25.700144,37.60951502,11.90937101,0.1072776886,18.5,13,30,47,37.5,90
S004490,sobol_AB_k_mg,full,2,0,63.5,85,21.5,17.67766953,18.88243561,27.20555494,8.323119331,1.490551604,40,11.5,25.5,28,21.5,63.5
S004491,sobol_AB_k_mg,full,2,0,94,165.5,71.5,10.60660172,56.38781633,74.93750498,18.54968864,3.309163815,36,10.5,43.5,58.5,59.5,106
S004492,sobol_AB_k_mg,full,2,0,54,62,8,1.414213562,16.38286671,20.31135846,3.92849175,1.046312616,33.5,11.5,9,17,17.5,44.5
S004493,sobol_AB_k_mg,full,2,0,94,88.5,-5.5,13.43502884,37.62086316,36.98275631,-0.6381068465,0.4387835594,29.5,10,3.5,14.5,46,42.5
S004494,sobol_AB_k_mg,full,2,0,85.5,108.5,23,2.828427125,35.80177209,54.35801313,18.55624104,7.06395476,29.5,10,21.5,19.5,19.5,89
S004495,sobol_AB_k_mg,full,2,0,47.5,72.5,25,14.14213562,11.53982066,15.3929734,3.853152734,1.407589496,45.5,4.5,10.5,27,32.5,40
S004496,sobol_AB_k_mg,full,2,0,67.5,85.5,18,12.72792206,32.25756966,47.41604929,15.15847963,10.2701733,37.5,9,29,30,30,55.5
S004497,sobol_AB_k_mg,full,2,0,83,102.5,19.5,10.60660172,28.71882393,34.21509311,5.496269181,2.350760101,41,6.5,7.5,12.5,38,64.5
S004498,sobol_AB_k_mg,full,2,0,82.5,147.5,65,19.79898987,27.87566496,61.81458224,33.93891728,12.89240794,32.5,12.5,43,57.5,87,60.5
S004499,sobol_AB_k_mg,full,2,0,50,51,1,1.414213562,27.05851926,34.93371271,7.875193451,1.212415736,24,10.5,4.5,18,12,39
S004500,sobol_AB_k_mg,full,2,0,138.5,219,80.5,19.09188309,28.3193333,43.87986297,15.56052966,2.43945401,34.5,13.5,72,75.5,103.5,115.5
S004501,sobol_AB_k_mg,full,2,0,61.5,81.5,20,14.14213562,20.80685331,24.34907658,3.542223272,0.7877483965,38,11,7,22.5,41,40.5
S004502,sobol_AB_k_mg,full,2,0,59,78,19,22.627417,29.76416904,39.75315599,9.988986953,13.64400602,30.5,11.5,33.5,42,30,48
S004503,sobol_AB_k_mg,full,2,0,55.5,72.5,17,7.071067812,15.56875576,20.87848732,5.309731566,2.936131114,36,7,11,15,34.5,38
S004504,sobol_AB_k_mg,full,2,0,82,113.5,31.5,28.99137803,16.89199995,21.79145876,4.899458813,5.948048354,46,8.5,30.5,66.5,69.5,44
S004505,sobol_AB_k_mg,full,2,0,75,100.5,25.5,7.778174593,20.50026848,26.25113611,5.750867628,2.001966817,43,3,23.5,28.5,41,59.5
S004506,sobol_AB_k_mg,full,2,0,68,69,1,4.242640687,42.58601222,43.76344353,1.177431301,2.624379819,17,8.5,7.5,32.5,8.5,60.5
S004507,sobol_AB_k_mg,full,2,0,76,120,44,2.828427125,25.62106625,38.83789993,13.21683367,0.8148844294,32.5,13.5,24,45,50.5,69.5
S004508,sobol_AB_k_mg,full,2,0,61,80,19,1.414213562,32.74099529,37.60353937,4.862544084,2.722469896,38,12,18,16,29.5,50.5
S004509,sobol_AB_k_mg,full,2,0,73,130,57,26.87005769,32.664406,71.49804553,38.83363953,13.34155161,28.5,13,20,43.5,39.5,90.5
S004510,sobol_AB_k_mg,full,2,0,57.5,76,18.5,3.535533906,22.69916342,32.96938294,10.27021953,0.4560912477,41.5,13,12,8,33,43
S004511,sobol_AB_k_mg,full,2,0,34,53,19,28.28427125,21.84095167,37.10852241,15.26757073,15.27969182,44.5,5.5,15,15.5,20,33
S004512,sobol_AB_k_mg,full,2,0,117.5,130.5,13,12.72792206,34.86343936,49.65810316,14.79466379,7.210902767,43.5,5,7,18.5,34.5,96
S004513,sobol_AB_k_mg,full,2,0,91,163.5,72.5,38.89087297,24.4575082,33.23964476,8.782136559,12.51193827,42.5,11,44.5,75,73,90.5
S004514,sobol_AB_k_mg,full,2,0,83,118.5,35.5,13.43502884,25.9491638,37.5679331,11.6187693,2.654330962,44,11,15.5,24,44,74.5
S004515,sobol_AB_k_mg,full,2,0,132,170,38,12.72792206,54.05857995,59.51778172,5.459201763,0.6277981663,39.5,16.5,23.5,30,87,83
S004516,sobol_AB_k_mg,full,2,0,78.5,111.5,33,22.627417,21.09583541,33.63175201,12.5359166,5.696998848,44.5,9,10,27,64.5,47
S004517,sobol_AB_k_mg,full,2,0,50,62.5,12.5,2.121320344,20.94457338,24.64365062,3.699077235,2.123217955,40.5,11.5,5,12,30,32.5
S004518,sobol_AB_k_mg,full,2,0,175,273.5,98.5,17.67766953,66.18770012,108.5897631,42.40206297,12.1652718,49,7.5,84.5,104.5,151.5,122
S004519,sobol_AB_k_mg,full,2,0,87.5,104,16.5,0.7071067812,53.83685126,64.06687342,10.23002216,5.055593241,24,16.5,18.5,31.5,34,70
S004520,sobol_AB_k_mg,full,2,0,46,52,6,1.414213562,10.73182244,13.42457472,2.692752278,0.331856493,33.5,10.5,6.5,10,15,37
S004521,sobol_AB_k_mg,full,2,0,78,116.5,38.5,30.40559159,28.09203822,47.08665294,18.99461472,10.30230573,39,10,16,70.5,56.5,60
S004522,sobol_AB_k_mg,full,2,0,417,574.5,157.5,40.30508653,103.8213808,150.8306731,47.00929223,5.058445334,22.5,10.5,201,202.5,338.5,236
S004523,sobol_AB_k_mg,full,2,0,46,53.5,7.5,6.363961031,31.41052228,38.11784482,6.707322537,2.513827234,41.5,6,7,8.5,13.5,40
S004524,sobol_AB_k_mg,full,2,0,109,145.5,36.5,9.192388155,32.83569662,37.36725604,4.531559422,2.766546074,30.5,16,35.5,87.5,65,80.5
S004525,sobol_AB_k_mg,full,2,0,65,114,49,4.242640687,47.35927149,70.37253583,23.01326434,3.082567066,40,16,27.5,35.5,37,77
S004526,sobol_AB_k_mg,full,2,0,59.5,79.5,20,0,31.39573928,45.14728586,13.75154658,6.176658282,34,8.5,13.5,17.5,31.5,48
S004527,sobol_AB_k_mg,full,2,0,74,85,11,5.656854249,35.35057794,56.90297448,21.55239654,2.308528989,29,13,4,7,30,55
S004528,sobol_AB_k_mg,full,2,0,86,130,44,11.3137085,39.61972316,52.53365339,12.91393023,8.207844645,36,8,28,42.5,62,68
S004529,sobol_AB_k_mg,full,2,0,119,171,52,29.69848481,62.77955475,95.51917858,32.73962384,14.89071943,32.5,7.5,11.5,48,38.5,132.5
S004530,sobol_AB_k_mg,full,2,0,66.5,63.5,-3,0,42.629192,49.17495912,6.545767115,3.311038203,44,6,9,18,14,49.5
S004531,sobol_AB_k_mg,full,2,0,43.5,80.5,37,9.899494937,20.25457621,40.99845931,20.74388311,7.252412977,41,13.5,30,28,31,49.5
S004532,sobol_AB_k_mg,full,2,0,85,107.5,22.5,6.363961031,44.59503793,59.1223874,14.52734947,2.183351925,37.5,14.5,12.5,24,21.5,86
S004533,sobol_AB_k_mg,full,2,0,155.5,239.5,84,5.656854249,92.41339936,178.6460801,86.23268076,3.510206586,27,11,35.5,72.5,57,182.5
S004534,sobol_AB_k_mg,full,2,0,63,59,-4,19.79898987,28.71855899,25.3681416,-3.350417391,5.003307403,29,11,8.5,19.5,16,43
S004535,sobol_AB_k_mg,full,2,0,86,163,77,31.11269837,35.41240334,60.31054759,24.89814425,20.24735166,23.5,12,34,29,81,82
S004536,sobol_AB_d_m,full,2,0,65,85.5,20.5,13.43502884,37.63441138,43.84794479,6.213533415,3.56013188,49.5,7.5,15,40.5,25,60.5
S004537,sobol_AB_d_m,full,2,0,96,179.5,83.5,13.43502884,24.33010283,56.57411118,32.24400836,11.67778809,29,14.5,55.5,65.5,80,99.5
S004538,sobol_AB_d_m,full,2,0,65.5,69,3.5,3.535533906,40.76768575,54.31684174,13.54915599,3.201133899,33.5,6.5,11,31.5,18.5,50.5
S004539,sobol_AB_d_m,full,2,0,96.5,109.5,13,2.828427125,50.22927764,51.96757182,1.738294177,1.263915367,34,9,26,26.5,33,76.5
S004540,sobol_AB_d_m,full,2,0,50.5,59.5,9,0,25.87704708,27.53341999,1.656372912,0.1455981117,12.5,11,7.5,14.5,22,37.5
S004541,sobol_AB_d_m,full,2,0,235,231.5,-3.5,0.7071067812,96.9015312,106.524316,9.622784758,1.901985888,47.5,10.5,75.5,110.5,99.5,132
S004542,sobol_AB_d_m,full,2,0,51.5,73.5,22,5.656854249,28.20061628,41.01807814,12.81746186,0.6126263713,35.5,9.5,22,35.5,24,49.5
S004543,sobol_AB_d_m,full,2,0,204.5,263.5,59,22.627417,63.99459839,77.94186442,13.94726604,11.75672986,28,16,47,38.5,157,106.5
S004544,sobol_AB_d_m,full,2,0,48,47,-1,8.485281374,20.30266411,20.77460155,0.4719374373,3.736894861,28.5,4,4,9,7.5,39.5
S004545,sobol_AB_d_m,full,2,0,100.5,125,24.5,2.121320344,35.60631689,45.25359679,9.647279905,1.573093644,30,15,16,37.5,62.5,62.5
S004546,sobol_AB_d_m,full,2,0,124,130,6,1.414213562,30.03263819,41.48272878,11.45009059,1.988945478,32,11,10,26.5,71,59
S004547,sobol_AB_d_m,full,2,0,82,119,37,2.828427125,33.91092985,57.49489785,23.583968,2.795773035,39,14.5,26,42,29.5,89.5
S004548,sobol_AB_d_m,full,2,0,92,125,33,9.899494937,27.31896564,31.91603603,4.597070383,3.371930437,40,13.5,49.5,60,44.5,80.5
S004549,sobol_AB_d_m,full,2,0,72.5,93,20.5,12.02081528,31.14386601,42.40761384,11.26374782,6.256838274,40.5,9.5,18,17,45,48
S004550,sobol_AB_d_m,full,2,0,59,78.5,19.5,2.121320344,21.87447961,31.06478759,9.190307975,1.490975638,39,14,19.5,47,34,44.5
S004551,sobol_AB_d_m,full,2,0,110.5,126,15.5,6.363961031,56.65420152,92.2066419,35.55244038,18.89321864,22,13.5,30.5,43.5,26.5,99.5
S004552,sobol_AB_d_m,full,2,0,48.5,73,24.5,7.778174593,21.49634621,36.6093376,15.11299139,3.113319654,38,10.5,8.5,31,19.5,53.5
S004553,sobol_AB_d_m,full,2,0,66.5,82.5,16,7.071067812,38.74221791,47.52382647,8.781608564,4.043809866,48,10.5,8.5,15,32.5,50
S004554,sobol_AB_d_m,full,2,0,64.5,103,38.5,9.192388155,16.52187686,23.63889621,7.117019349,2.84937648,23,16.5,22,65.5,64.5,38.5
S004555,sobol_AB_d_m,full,2,0,55,105.5,50.5,7.778174593,15.56141186,26.81103683,11.24962497,4.683436548,36,17.5,77,77,59,46.5
S004556,sobol_AB_d_m,full,2,0,77,91.5,14.5,7.778174593,30.6599663,48.95968145,18.29971515,4.4778829,37,16.5,19.5,32.5,42,49.5
S004557,sobol_AB_d_m,full,2,0,60,64.5,4.5,9.192388155,12.53272008,16.88784594,4.355125866,3.321922069,29.5,8.5,11,27,25,39.5
S004558,sobol_AB_d_m,full,2,0,34,43,9,0,19.02678109,21.40622256,2.379441473,0.9367867619,38.5,5.5,6,9.5,13.5,29.5
S004559,sobol_AB_d_m,full,2,0,56,68,12,8.485281374,29.14899156,27.91278682,-1.236204737,1.978452721,36,5,13,13.5,29.5,38.5
S004560,sobol_AB_d_m,full,2,0,47.5,67.5,20,9.899494937,16.83866009,25.06768147,8.229021381,3.001555039,38.5,14,11.5,16,18.5,49
S004561,sobol_AB_d_m,full,2,0,66,136,70,36.76955262,20.762919,40.70367502,19.94075602,4.909420916,25,6.5,71.5,89.5,70,66
S004562,sobol_AB_d_m,full,2,0,105.5,161.5,56,11.3137085,28.60111628,44.87395101,16.27283473,3.729098454,33,20,51,118,82,79.5
S004563,sobol_AB_d_m,full,2,0,103.5,137.5,34,14.14213562,42.79981467,66.32037035,23.52055567,5.092916034,29.5,20.5,31,50.5,37.5,100
S004564,sobol_AB_d_m,full,2,0,82,127,45,12.72792206,40.05525013,64.64598392,24.59073379,3.962794069,37.5,7,15,36,49,78
S004565,sobol_AB_d_m,full,2,0,49,53,4,0,34.62417804,45.54874617,10.92456813,1.857769646,51,5,1,3,6.5,46.5
S004566,sobol_AB_d_m,full,2,0,87,114.5,27.5,2.121320344,24.17534181,35.21286218,11.03752037,2.057666842,23.5,7.5,8,14,32,82.5
S004567,sobol_AB_d_m,full,2,0,64,120.5,56.5,6.363961031,22.81761772,44.74890414,21.93128642,9.504845493,24,7.5,14.5,28.5,60,60.5
S004568,sobol_AB_d_m,full,2,0,70.5,107,36.5,13.43502884,21.35411094,26.92940433,5.575293388,2.806489992,30,19.5,23.5,36,55.5,51.5
S004569,sobol_AB_d_m,full,2,0,88.5,110.5,22,7.071067812,14.7687948,15.79636363,1.027568826,1.499625722,19,6,29.5,49,72,38.5
S004570,sobol_AB_d_m,full,2,0,60.5,64,3.5,7.778174593,21.9611353,22.49491458,0.533779281,1.296791611,27.5,9,8.5,15,22,42
S004571,sobol_AB_d_m,full,2,0,89.5,115,25.5,13.43502884,41.23121589,52.31301936,11.08180348,8.566108878,48.5,9,18,31,26,89
S004572,sobol_AB_d_m,full,2,0,59,90,31,14.14213562,28.02912869,42.46433499,14.4352063,5.23312769,31,9.5,16,35.5,27,63
S004573,sobol_AB_d_m,full,2,0,77.5,79,1.5,3.535533906,44.81924169,56.02703931,11.20779762,2.159009792,26.5,11.5,11,19.5,19,60
S004574,sobol_AB_d_m,full,2,0,110,108.5,-1.5,9.192388155,39.78712839,46.13773796,6.350609563,2.799049819,39.5,13.5,21,25,25.5,83
S004575,sobol_AB_d_m,full,2,0,75.5,84,8.5,3.535533906,28.6038116,41.19109241,12.58728081,0.03055259033,18.5,6,4,14,32,52
S004576,sobol_AB_d_m,full,2,0,126.5,206.5,80,12.72792206,76.91010253,128.2580796,51.34797707,1.271744901,35,18,44.5,42,61,145.5
S004577,sobol_AB_d_m,full,2,0,83,150,67,4.242640687,24.57398657,37.16601331,12.59202674,3.228083555,34.5,15.5,29.5,33,73.5,76.5
S004578,sobol_AB_d_m,full,2,0,92.5,106.5,14,1.414213562,32.27338792,39.85979404,7.586406121,1.626307683,42,9.5,7,14.5,43.5,63
S004579,sobol_AB_d_m,full,2,0,56.5,60.5,4,0,18.25938759,20.81745758,2.558069996,1.641265567,36,11,8.5,10.5,22.5,38
S004580,sobol_AB_d_m,full,2,0,85,157.5,72.5,36.06244584,20.85635639,42.61062957,21.75427319,12.18177505,46.5,8,48.5,37.5,63,94.5
S004581,sobol_AB_d_m,full,2,0,60,79,19,25.45584412,16.68985627,27.42809129,10.73823503,5.522829815,45.5,9.5,4,15,26,53
S004582,sobol_AB_d_m,full,2,0,142,207.5,65.5,12.02081528,73.02945087,84.74516341,11.71571253,11.91310757,27,11.5,37.5,48.5,106,101.5
S004583,sobol_AB_d_m,full,2,0,47.5,76.5,29,35.35533906,20.00451196,30.85727451,10.85276255,14.71937852,51,4.5,1,5,9,67.5
S004584,sobol_AB_d_m,full,2,0,85.5,103,17.5,2.121320344,25.76175293,34.96895406,9.207201132,1.831970967,42,10.5,9,27.5,47.5,55.5
S004585,sobol_AB_d_m,full,2,0,102,117.5,15.5,23.33452378,39.42400472,44.03421428,4.610209559,4.493602322,25.5,11,26.5,37,63.5,54
S004586,sobol_AB_d_m,full,2,0,65,86,21,7.071067812,28.76115934,43.86305593,15.10189659,10.11271219,37,9.5,12.5,16,27,59
S004587,sobol_AB_d_m,full,2,0,127.5,125.5,-2,4.242640687,19.58838311,23.48513411,3.896751004,0.6111490764,19.5,13,25.5,44.5,66,59.5
S004588,sobol_AB_d_m,full,2,0,63.5,83,19.5,4.949747468,31.00526666,46.036337,15.03107033,2.528159544,42.5,11.5,16,25,16,67
S004589,sobol_AB_d_m,full,2,0,49,59.5,10.5,2.121320344,20.61871613,32.02827518,11.40955905,0.7008113209,32.5,14,9.5,24,20,39.5
S004590,sobol_AB_d_m,full,2,0,109,146,37,16.97056275,53.67541729,82.41709765,28.74168036,8.236681197,29.5,11.5,20.5,21,41,105
S004591,sobol_AB_d_m,full,2,0,178.5,209,30.5,4.949747468,85.50941304,90.74149545,5.232082415,0.4785406114,32,16,27.5,49,75,134
S004592,sobol_AB_d_m,full,2,0,63.5,107,43.5,7.778174593,41.23649626,67.43113357,26.1946373,10.01632974,27,9,12,9.5,22.5,84.5
S004593,sobol_AB_d_m,full,2,0,64,106.5,42.5,16.26345597,18.90549568,40.61710816,21.71161248,5.067947814,28.5,15.5,11.5,14.5,25.5,81
S004594,sobol_AB_d_m,full,2,0,51,87.5,36.5,33.23401872,30.55026314,57.22197541,26.67171227,22.15079631,35.5,3,12,21.5,15.5,72
S004595,sobol_AB_d_m,full,2,0,83.5,134.5,51,7.071067812,43.50820619,62.37012258,18.86191639,7.36650694,35.5,10.5,23.5,30,62.5,72
S004596,sobol_AB_d_m,full,2,0,70.5,96,25.5,6.363961031,19.51928761,26.03807084,6.518783222,2.314340635,29,13.5,19,17.5,55,41
S004597,sobol_AB_d_m,full,2,0,107.5,160,52.5,6.363961031,32.64442648,58.66910554,26.02467906,2.084659487,35.5,13,28.5,21.5,52.5,107.5
S004598,sobol_AB_d_m,full,2,0,89,103,14,32.52691193,39.4597927,41.46575923,2.005966531,6.539898917,46,8,21.5,23,39.5,63.5
S004599,sobol_AB_d_m,full,2,0,55,60.5,5.5,6.363961031,18.3301313,18.22225022,-0.1078810796,2.213219454,39,9,15.5,14,28.5,32
S004600,sobol_AB_d_m,full,2,0,168.5,216,47.5,21.92031022,65.25348471,81.69644913,16.44296443,5.803602267,38.5,13,46,52.5,89,127
S004601,sobol_AB_d_m,full,2,0,101.5,202.5,101,70.71067812,50.03684211,76.23415956,26.19731744,24.24286077,34,6.5,179.5,294.5,109.5,93
S004602,sobol_AB_d_m,full,2,0,96,123.5,27.5,2.121320344,29.14953834,39.75853898,10.60900064,1.675680419,25,10.5,18.5,23.5,22,101.5
S004603,sobol_AB_d_m,full,2,0,73.5,96.5,23,9.899494937,36.48222691,46.89668926,10.41446235,9.367489441,37,11,10.5,25,20.5,76
S004604,sobol_AB_d_m,full,2,0,110,158,48,25.45584412,20.73116988,31.34343357,10.61226369,5.116463982,33,6,14,25.5,90,68
S004605,sobol_AB_d_m,full,2,0,112.5,114.5,2,24.04163056,49.50409829,59.37036798,9.86626969,6.795075084,34,10.5,79,75.5,40,74.5
S004606,sobol_AB_d_m,full,2,0,96.5,126,29.5,16.26345597,26.23898864,41.54330644,15.3043178,8.864635094,39.5,10.5,17.5,24,26,100
S004607,sobol_AB_d_m,full,2,0,86.5,90,3.5,7.778174593,40.22654561,40.52761487,0.301069259,2.519491809,31.5,14,18.5,36,33.5,56.5
S004608,sobol_AB_d_m,full,2,0,53.5,73.5,20,12.72792206,19.3846793,23.61251274,4.227833447,4.915521327,40,7.5,3.5,7,14,59.5
S004609,sobol_AB_d_m,full,2,0,150.5,190.5,40,8.485281374,38.84223522,65.12087577,26.27864055,8.729995611,29,15,51.5,72,55.5,135
S004610,sobol_AB_d_m,full,2,0,138.5,183.5,45,28.28427125,79.22808492,118.0637462,38.83566129,13.23734458,38,7.5,14.5,28.5,36.5,147
S004611,sobol_AB_d_m,full,2,0,87,107.5,20.5,6.363961031,34.87618302,41.31519209,6.439009075,3.125130791,22.5,11,25,27.5,26,81.5
S004612,sobol_AB_d_m,full,2,0,86,119.5,33.5,21.92031022,42.67381865,47.98220965,5.308391001,5.319747469,48,6,19,30.5,47.5,72
S004613,sobol_AB_d_m,full,2,0,86.5,102,15.5,6.363961031,36.88262352,45.9031729,9.020549376,0.1610296158,29.5,4.5,8,18,29.5,72.5
S004614,sobol_AB_d_m,full,2,0,84.5,125,40.5,2.121320344,44.49765148,77.14461026,32.64695878,1.159725384,30,19.5,43,38,32,93
S004615,sobol_AB_d_m,full,2,0,109.5,118,8.5,0.7071067812,31.67856581,43.5142725,11.83570669,0.6202467846,30,5.5,7.5,13,23,95
S004616,sobol_AB_d_m,full,2,0,91.5,140.5,49,2.828427125,40.40745559,63.20522062,22.79776503,3.89082691,26,9.5,18,18.5,68,72.5
S004617,sobol_AB_d_m,full,2,0,126.5,171,44.5,26.1629509,46.50078239,52.64940921,6.148626822,9.433651852,20,10,21,49,43,128
S004618,sobol_AB_d_m,full,2,0,47.5,63,15.5,13.43502884,11.84753745,16.06069215,4.213154693,1.83313796,38.5,9,16,17.5,24.5,38.5
S004619,sobol_AB_d_m,full,2,0,109.5,176.5,67,7.071067812,50.21114467,71.7733853,21.56224063,5.472801275,27,10.5,27,37.5,75,101.5
S004620,sobol_AB_d_m,full,2,0,53,62,9,11.3137085,17.50896857,26.40908867,8.900120096,6.07739584,33.5,12.5,10.5,22,12.5,49.5
S004621,sobol_AB_d_m,full,2,0,76.5,85,8.5,2.121320344,44.40424342,48.88363397,4.479390551,0.01553597079,29.5,12.5,5.5,14,30.5,54.5
S004622,sobol_AB_d_m,full,2,0,74.5,93,18.5,23.33452378,28.0600433,39.15016947,11.09012617,10.74980505,25,9,16.5,9.5,27,66
S004623,sobol_AB_d_m,full,2,0,64,62,-2,0,18.08626371,18.67346577,0.5872020591,1.180623424,40,11,11.5,19.5,16,46
S004624,sobol_AB_d_m,full,2,0,61.5,92,30.5,13.43502884,30.76198643,50.63237844,19.870392,6.513826427,37.5,11,19.5,32,36,56
S004625,sobol_AB_d_m,full,2,0,96.5,100.5,4,5.656854249,33.56082885,36.74966267,3.188833826,3.028495188,37.5,11,12,16.5,32.5,68
S004626,sobol_AB_d_m,full,2,0,75.5,166,90.5,4.949747468,48.84560497,118.5288297,69.68322472,3.931259728,33.5,7.5,51.5,54.5,52.5,113.5
S004627,sobol_AB_d_m,full,2,0,65.5,66.5,1,4.242640687,33.97484477,46.16269745,12.18785268,3.447466321,22.5,12.5,5,17,15.5,51
S004628,sobol_AB_d_m,full,2,0,95.5,174.5,79,35.35533906,16.65434658,27.56427191,10.90992533,0.8836162583,37,11,64.5,88,101,73.5
S004629,sobol_AB_d_m,full,2,0,36.5,60.5,24,9.899494937,20.9240796,25.87164928,4.947569678,2.527162557,36.5,11,15.5,23.5,17.5,43
S004630,sobol_AB_d_m,full,2,0,54,85,31,18.38477631,20.19917508,32.30974193,12.11056685,8.51959652,30,12,20.5,35,45,40
S004631,sobol_AB_d_m,full,2,0,81,117,36,26.87005769,21.81428696,36.13505219,14.32076523,9.23896886,38,8,16,18.5,52,65
S004632,sobol_AB_d_m,full,2,0,93.5,129,35.5,6.363961031,24.88972548,42.54091101,17.65118552,6.214878746,44.5,9.5,20,56,43.5,85.5
S004633,sobol_AB_d_m,full,2,0,87.5,94.5,7,11.3137085,19.90518426,25.42401741,5.518833151,1.230326132,38.5,6,36,29,35.5,59
S004634,sobol_AB_d_m,full,2,0,83.5,90.5,7,5.656854249,37.69314686,44.47100048,6.777853617,2.293286205,15.5,11,16,38,30.5,60
S004635,sobol_AB_d_m,full,2,0,77,123.5,46.5,6.363961031,25.89388877,39.48564322,13.59175445,0.5072580439,33.5,18,31.5,42,52,71.5
S004636,sobol_AB_d_m,full,2,0,63.5,86.5,23,1.414213562,39.09198379,46.37298474,7.281000951,0.444426371,39,12.5,22.5,26,23,63.5
S004637,sobol_AB_d_m,full,2,0,76.5,117.5,41,4.242640687,36.18435796,68.88257014,32.69821218,0.7158339052,30,11,14,29.5,27.5,90
S004638,sobol_AB_d_m,full,2,0,70.5,101.5,31,2.828427125,23.84004939,38.3747038,14.53465441,6.409812554,37,10.5,7,12,51.5,50
S004639,sobol_AB_d_m,full,2,0,68,67,-1,14.14213562,50.00961507,61.91371003,11.90409496,15.50667463,42,4.5,3,9.5,6,61
S004640,sobol_AB_d_m,full,2,0,120.5,178,57.5,16.26345597,24.29224348,38.02949961,13.73725613,3.660190699,39,5.5,21,27,107,71
S004641,sobol_AB_d_m,full,2,0,73.5,173,99.5,2.121320344,16.55700474,30.79240948,14.23540473,1.689208464,42.5,10.5,78,129.5,86.5,86.5
S004642,sobol_AB_d_m,full,2,0,94.5,156.5,62,1.414213562,24.02735087,39.19689011,15.16953924,5.196115921,41.5,9.5,20.5,41,82.5,74
S004643,sobol_AB_d_m,full,2,0,136,177.5,41.5,7.778174593,76.25567755,89.71688345,13.4612059,5.323658295,39.5,12.5,23.5,26,54.5,123
S004644,sobol_AB_d_m,full,2,0,62.5,95,32.5,12.02081528,25.06443319,33.49468779,8.430254603,1.250733695,39,13,16,61.5,48,47
S004645,sobol_AB_d_m,full,2,0,63.5,83.5,20,8.485281374,31.30347551,37.20765995,5.904184438,3.503999822,40,15,10.5,13.5,35.5,48
S004646,sobol_AB_d_m,full,2,0,150.5,268.5,118,5.656854249,46.31738957,101.9582907,55.64090116,10.074577,48.5,6.5,97.5,113,153,115.5
S004647,sobol_AB_d_m,full,2,0,70,97,27,5.656854249,33.98655559,41.0926304,7.106074803,3.50197275,24.5,14.5,27,46.5,51.5,45.5
S004648,sobol_AB_d_m,full,2,0,51,53.5,2.5,2.121320344,13.44663838,13.77769541,0.3310570337,1.525551573,29.5,13,7.5,9.5,15,38.5
S004649,sobol_AB_d_m,full,2,0,81,132.5,51.5,0.7071067812,57.1412595,82.09194305,24.95068355,9.054380257,39,8.5,16.5,32,28.5,104
S004650,sobol_AB_d_m,full,2,0,310.5,373,62.5,10.60660172,129.6768502,158.4867489,28.80989864,1.890859708,23,11.5,162,157.5,125.5,247.5
S004651,sobol_AB_d_m,full,2,0,50.5,67,16.5,10.60660172,24.73860628,36.02763691,11.28903063,9.982079356,41.5,7.5,13,17,28.5,38.5
S004652,sobol_AB_d_m,full,2,0,100,115,15,15.55634919,34.45084658,34.79779329,0.3469467094,5.554639364,33.5,15,23.5,79,42,73
S004653,sobol_AB_d_m,full,2,0,64,126,62,33.9411255,28.69909533,36.15727107,7.458175731,3.330489744,47.5,9,22.5,29.5,86.5,39.5
S004654,sobol_AB_d_m,full,2,0,57.5,68,10.5,4.949747468,26.12951652,32.07715159,5.947635069,3.356492471,31.5,9,14.5,12,32.5,35.5
S004655,sobol_AB_d_m,full,2,0,116.5,131.5,15,0,86.16618188,119.9054532,33.73927136,1.326235865,34,10.5,6.5,13,14.5,117
S004656,sobol_AB_d_m,full,2,0,84,114.5,30.5,13.43502884,25.4207342,39.11613018,13.69539598,3.472818696,35.5,10.5,49,33.5,61.5,53
S004657,sobol_AB_d_m,full,2,0,103.5,159.5,56,9.899494937,56.64119386,88.72259677,32.08140291,2.058796606,35.5,7,7.5,45.5,40.5,119
S004658,sobol_AB_d_m,full,2,0,63,56,-7,16.97056275,28.49477557,35.18828846,6.693512883,2.11423584,40,7,8,19.5,20.5,35.5
S004659,sobol_AB_d_m,full,2,0,55.5,85.5,30,5.656854249,24.0524344,41.0422966,16.9898622,4.403657126,35.5,11.5,14.5,21,35,50.5
S004660,sobol_AB_d_m,full,2,0,84,97,13,0,25.8902002,31.64766778,5.757467579,1.950089541,38.5,14.5,17,26.5,50.5,46.5
S004661,sobol_AB_d_m,full,2,0,105,180,75,24.04163056,39.99126247,76.06961022,36.07834776,2.799794574,28,14,28,52,101.5,78.5
S004662,sobol_AB_d_m,full,2,0,51,46,-5,1.414213562,19.05045379,16.83439208,-2.216061712,0.5114122003,31.5,9,13.5,18.5,18,28
S004663,sobol_AB_d_m,full,2,0,90.5,207,116.5,34.64823228,38.68505791,69.78088429,31.09582638,21.53706014,28,7,47,31.5,111,96
S004664,sobol_AB_d_g,full,2,0,67,74,7,9.899494937,38.16919203,42.4253539,4.256161873,5.927275343,50,7,16.5,23.5,17,57
S004665,sobol_AB_d_g,full,2,0,114.5,219,104.5,61.51828996,33.21962565,72.99124563,39.77161998,9.036450063,27.5,18,44,71,91.5,127.5
S004666,sobol_AB_d_g,full,2,0,86,94,8,15.55634919,58.85880573,76.28779939,17.42899365,6.87547273,37,5,11,24.5,21,73
S004667,sobol_AB_d_g,full,2,0,93.5,128,34.5,26.1629509,46.35377531,57.88007786,11.52630255,16.76346933,41,7.5,38.5,22.5,41.5,86.5
S004668,sobol_AB_d_g,full,2,0,51,67.5,16.5,6.363961031,28.51324368,32.99504341,4.481799726,5.231442055,17,10,9.5,13,21.5,46
S004669,sobol_AB_d_g,full,2,0,235.5,270,34.5,40.30508653,101.6600004,129.0737583,27.41375782,13.59700625,47,8,84.5,128,105.5,164.5
S004670,sobol_AB_d_g,full,2,0,66,89.5,23.5,7.778174593,32.43291269,51.70719528,19.27428259,0.1168645058,38,9,18.5,39.5,31.5,58
S004671,sobol_AB_d_g,full,2,0,168,188.5,20.5,86.97413409,57.59587131,56.31681588,-1.279055428,34.04697743,27.5,14.5,54.5,32.5,111.5,77
S004672,sobol_AB_d_g,full,2,0,60,60.5,0.5,0.7071067812,24.33234398,25.99972613,1.667382158,1.678509751,27,9.5,11.5,19,12,48.5
S004673,sobol_AB_d_g,full,2,0,104,119.5,15.5,2.121320344,35.6668675,39.58153007,3.914662574,4.700385766,28.5,13,10.5,31,66.5,53
S004674,sobol_AB_d_g,full,2,0,109.5,109.5,0,12.72792206,29.9683652,40.93928097,10.97091577,5.791834544,34.5,10.5,5.5,19,53.5,56
S004675,sobol_AB_d_g,full,2,0,74.5,115,40.5,6.363961031,32.18012945,56.688486,24.50835655,3.720684679,43.5,8,10.5,28,26,89
S004676,sobol_AB_d_g,full,2,0,82.5,141,58.5,3.535533906,24.84372381,34.62532911,9.781605303,3.869122409,38,14.5,40,53,48.5,92.5
S004677,sobol_AB_d_g,full,2,0,86,97,11,8.485281374,35.77009158,50.79226202,15.02217045,10.1368854,45.5,8.5,8.5,16,39,58
S004678,sobol_AB_d_g,full,2,0,70,88.5,18.5,9.192388155,24.94271945,32.49768404,7.554964592,0.6595608445,36,10.5,23,31.5,41,47.5
S004679,sobol_AB_d_g,full,2,0,102.5,149.5,47,11.3137085,58.00886243,107.6616455,49.65278311,1.615674642,19,12.5,34,44.5,30.5,119
S004680,sobol_AB_d_g,full,2,0,84,100,16,1.414213562,32.46207684,50.68120089,18.21912404,0.5390094241,34.5,10.5,10.5,47,27.5,72.5
S004681,sobol_AB_d_g,full,2,0,56,72.5,16.5,19.09188309,31.8712127,39.65460047,7.783387777,1.771764249,47.5,7.5,11,14.5,30.5,42
S004682,sobol_AB_d_g,full,2,0,98.5,152.5,54,53.74011537,29.21565896,40.87430203,11.65864307,11.81195782,20.5,16.5,16,78,86,66.5
S004683,sobol_AB_d_g,full,2,0,77,116.5,39.5,0.7071067812,21.54240037,30.3161953,8.773794932,5.225989814,35.5,13.5,51,61.5,64,52.5
S004684,sobol_AB_d_g,full,2,0,61.5,79,17.5,6.363961031,31.01583861,44.89400106,13.87816245,6.079543757,36,14.5,18,35.5,32.5,46.5
S004685,sobol_AB_d_g,full,2,0,57,63.5,6.5,3.535533906,14.14519131,19.98827478,5.843083475,1.822427383,24.5,8.5,9,17,17.5,46
S004686,sobol_AB_d_g,full,2,0,38,52.5,14.5,13.43502884,26.28247046,32.74200407,6.459533604,4.115271383,42,8.5,3.5,9.5,10.5,42
S004687,sobol_AB_d_g,full,2,0,51.5,70,18.5,13.43502884,26.01218326,27.02345785,1.01127459,5.82767342,40,6.5,8,14.5,33.5,36.5
S004688,sobol_AB_d_g,full,2,0,62,72.5,10.5,0.7071067812,23.64249783,29.47870372,5.836205898,2.186806506,35.5,12.5,8,9,15.5,57
S004689,sobol_AB_d_g,full,2,0,70,140.5,70.5,16.26345597,23.52325913,31.92743792,8.404178788,4.898532718,17,10.5,88,108,83,57.5
S004690,sobol_AB_d_g,full,2,0,131,173.5,42.5,6.363961031,39.54941493,54.51182172,14.96240679,4.787200111,38.5,15,41,118,80,93.5
S004691,sobol_AB_d_g,full,2,0,93.5,129,35.5,6.363961031,34.24367739,54.25192464,20.00824726,0.3830642398,37,14.5,39.5,49,47,82
S004692,sobol_AB_d_g,full,2,0,72,103.5,31.5,14.8492424,39.34406066,58.23747128,18.89341062,0.4296950709,41,5.5,10,36.5,36,67.5
S004693,sobol_AB_d_g,full,2,0,53,56.5,3.5,2.121320344,35.18903425,43.58958474,8.40055049,4.002566944,47.5,7,8,6.5,12.5,44
S004694,sobol_AB_d_g,full,2,0,86.5,108.5,22,2.828427125,24.76692322,34.39370441,9.626781195,0.5826176679,18,10.5,9.5,19.5,27.5,81
S004695,sobol_AB_d_g,full,2,0,105,182,77,57.98275606,35.29224661,71.45751122,36.16526461,29.15517965,26,9,19.5,51,86,96
S004696,sobol_AB_d_g,full,2,0,63.5,74,10.5,3.535533906,23.34699206,22.46226918,-0.8847228817,0.9758034717,29,17,23,32,31.5,42.5
S004697,sobol_AB_d_g,full,2,0,116,122,6,4.242640687,21.58364373,19.87290903,-1.710734695,2.092208386,22,11,19.5,36.5,72.5,49.5
S004698,sobol_AB_d_g,full,2,0,73.5,86.5,13,9.899494937,28.27121226,33.71881081,5.447598547,3.04277206,25.5,8,6,23.5,24.5,62
S004699,sobol_AB_d_g,full,2,0,80.5,115.5,35,19.79898987,40.67262717,55.65535102,14.98272385,15.06360878,49,7.5,19.5,29.5,21,94.5
S004700,sobol_AB_d_g,full,2,0,60,98.5,38.5,9.192388155,28.55117897,49.4520794,20.90090042,7.715245825,28.5,12.5,14.5,52.5,25.5,73
S004701,sobol_AB_d_g,full,2,0,102,127,25,7.071067812,54.66890553,85.8351569,31.16625137,2.561165844,26,11,6.5,27,36,91
S004702,sobol_AB_d_g,full,2,0,79.5,96,16.5,20.50609665,29.66155953,43.62021029,13.95865077,10.73899615,39.5,14,20,23.5,19,77
S004703,sobol_AB_d_g,full,2,0,69,77.5,8.5,2.121320344,31.98506028,46.73067116,14.74561088,4.375825293,27,6,6,6,17,60.5
S004704,sobol_AB_d_g,full,2,0,81.5,150.5,69,19.79898987,55.32399426,91.27317116,35.9491769,18.18081104,36.5,20.5,62,62.5,50,100.5
S004705,sobol_AB_d_g,full,2,0,78,148,70,12.72792206,20.59423117,32.71212453,12.11789335,0.8531290648,32,14,27,48,78.5,69.5
S004706,sobol_AB_d_g,full,2,0,66,74.5,8.5,2.121320344,25.72427552,32.31150139,6.587225871,4.033770836,39.5,10.5,12,14.5,22.5,52
S004707,sobol_AB_d_g,full,2,0,55,56,1,5.656854249,16.22696508,18.1204918,1.893526724,0.9290651255,37.5,9,6,9,22,34
S004708,sobol_AB_d_g,full,2,0,58.5,144,85.5,10.60660172,12.86261115,36.86818769,24.00557654,0.1663525938,41.5,13.5,73.5,65,61.5,82.5
S004709,sobol_AB_d_g,full,2,0,39.5,53,13.5,2.121320344,12.21435611,16.8182669,4.603910782,1.062302519,41.5,10.5,6.5,16.5,18,35
S004710,sobol_AB_d_g,full,2,0,65,107,42,38.18376618,41.6076571,53.85402335,12.24636625,14.26452329,28,7.5,28,34,43,64
S004711,sobol_AB_d_g,full,2,0,58.5,70.5,12,8.485281374,28.17969257,31.48883655,3.309143979,3.435072516,51.5,5.5,4.5,7.5,5.5,65
S004712,sobol_AB_d_g,full,2,0,69,85.5,16.5,7.778174593,27.91145503,36.6925417,8.781086672,1.74992509,43.5,9.5,16,29,29,56.5
S004713,sobol_AB_d_g,full,2,0,84,151,67,25.45584412,30.83754766,50.0507079,19.21316024,13.71919144,32,10.5,31.5,52.5,89,62
S004714,sobol_AB_d_g,full,2,0,77,99.5,22.5,16.26345597,36.29849923,59.86851812,23.57001889,5.354926145,44.5,5.5,18,20.5,24.5,75
S004715,sobol_AB_d_g,full,2,0,225.5,222,-3.5,24.74873734,30.78823082,36.37747684,5.589246022,0.7176369634,27.5,11.5,45.5,58,134.5,87.5
S004716,sobol_AB_d_g,full,2,0,65.5,68.5,3,12.72792206,33.43370949,36.13908609,2.705376595,7.894149892,41,12.5,14.5,14.5,11.5,57
S004717,sobol_AB_d_g,full,2,0,63.5,68.5,5,2.828427125,26.35472426,38.47094194,12.11621768,6.749850999,32,15.5,9.5,21,22.5,46
S004718,sobol_AB_d_g,full,2,0,103,152,49,5.656854249,48.68565981,72.12672647,23.44106666,9.328827063,27.5,21,27,18.5,56.5,95.5
S004719,sobol_AB_d_g,full,2,0,198.5,223.5,25,14.14213562,93.19427137,96.158758,2.964486634,11.92553406,29,17,25.5,59,84.5,139
S004720,sobol_AB_d_g,full,2,0,70.5,129,58.5,6.363961031,40.33798639,72.49920097,32.16121458,1.780719186,28.5,6.5,39,27.5,33,96
S004721,sobol_AB_d_g,full,2,0,72,102,30,8.485281374,21.41519506,37.35262314,15.93742808,2.707792083,30.5,12.5,6.5,14.5,28.5,73.5
S004722,sobol_AB_d_g,full,2,0,63,80,17,9.899494937,37.51244517,47.3835869,9.871141727,3.191339058,35,9.5,23,38,18,62
S004723,sobol_AB_d_g,full,2,0,119,137.5,18.5,23.33452378,57.65629827,65.30587964,7.649581367,16.72703146,39.5,7.5,17,22,57.5,80
S004724,sobol_AB_d_g,full,2,0,46,55,9,0,16.29954811,22.092173,5.792624888,0.8647457684,35,11.5,18.5,16.5,22.5,32.5
S004725,sobol_AB_d_g,full,2,0,93,164.5,71.5,16.26345597,21.89350382,49.94606731,28.05256349,1.325703634,42,10.5,61,32.5,73,91.5
S004726,sobol_AB_d_g,full,2,0,90,128.5,38.5,6.363961031,41.68110829,54.91141732,13.23030903,2.543802259,42.5,11,19.5,18,41.5,87
S004727,sobol_AB_d_g,full,2,0,72.5,73,0.5,24.74873734,27.25668065,29.57494113,2.318260482,1.692668365,39.5,10,11.5,14,25,48
S004728,sobol_AB_d_g,full,2,0,134,163.5,29.5,9.192388155,53.39983372,67.60547605,14.20564234,0.2680460569,36,11.5,49.5,51.5,55.5,108
S004729,sobol_AB_d_g,full,2,0,99,155,56,56.56854249,60.15167804,74.33306233,14.18138429,14.60005856,38,7.5,75.5,138,64.5,90.5
S004730,sobol_AB_d_g,full,2,0,82.5,111.5,29,25.45584412,22.48880908,31.51141603,9.022606951,9.427326194,26.5,12,19.5,31.5,30,81.5
S004731,sobol_AB_d_g,full,2,0,69,75,6,0,34.20648042,36.4980861,2.29160568,1.577682921,41.5,10.5,8.5,15,14,61
S004732,sobol_AB_d_g,full,2,0,71.5,95,23.5,6.363961031,16.05476,25.12359268,9.06883268,3.545010757,39,11.5,17.5,23,43,52
S004733,sobol_AB_d_g,full,2,0,65,118,53,2.828427125,28.82001006,54.34681258,25.52680253,1.164852994,35.5,8,103,99,51.5,66.5
S004734,sobol_AB_d_g,full,2,0,61,109.5,48.5,4.949747468,15.24231486,31.05231416,15.8099993,1.956870393,34,13.5,24,32,32.5,77
S004735,sobol_AB_d_g,full,2,0,85.5,92.5,7,14.14213562,42.93859222,46.01971498,3.081122764,4.715915022,31.5,14,22.5,35.5,30,62.5
S004736,sobol_AB_d_g,full,2,0,51.5,64.5,13,16.97056275,18.25201068,21.27274118,3.020730503,3.042861038,39,5.5,5,4.5,10.5,54
S004737,sobol_AB_d_g,full,2,0,148,210.5,62.5,24.74873734,34.32754818,63.84052438,29.5129762,10.5711242,33,15,48,67,76.5,134
S004738,sobol_AB_d_g,full,2,0,136.5,206.5,70,32.52691193,79.28424816,121.4832756,42.19902745,19.39595666,32.5,10.5,17,31,55,151.5
S004739,sobol_AB_d_g,full,2,0,65,75.5,10.5,2.121320344,25.6491286,27.08552885,1.436400245,0.378046444,23.5,14,24.5,27,22,53.5
S004740,sobol_AB_d_g,full,2,0,91.5,123.5,32,9.899494937,44.68355977,49.97496027,5.291400494,8.829237198,48,8.5,17,27,49,74.5
S004741,sobol_AB_d_g,full,2,0,83,82,-1,1.414213562,33.83337358,38.24670757,4.413333992,3.398892071,33.5,5,12,20.5,21,61
S004742,sobol_AB_d_g,full,2,0,98.5,147,48.5,2.121320344,52.12564834,93.46191372,41.33626538,9.09038591,27.5,18,32,28.5,32.5,114.5
S004743,sobol_AB_d_g,full,2,0,87,126,39,4.242640687,22.8981967,45.98933042,23.09113372,2.779840897,32,7,17,26,27,99
S004744,sobol_AB_d_g,full,2,0,141.5,183.5,42,7.071067812,62.29087728,84.60714209,22.31626482,12.36867681,20.5,9.5,25.5,43.5,90.5,93
S004745,sobol_AB_d_g,full,2,0,129,170.5,41.5,4.949747468,42.15251839,51.21331501,9.060796625,3.02654487,24,5.5,21.5,43,44.5,126
S004746,sobol_AB_d_g,full,2,0,63,81.5,18.5,19.09188309,15.02923886,20.91779887,5.88856001,7.552809599,38,9.5,23,17,33,48.5
S004747,sobol_AB_d_g,full,2,0,91.5,173,81.5,71.4177849,37.82429984,63.21266334,25.3883635,21.24872066,29.5,12.5,41,53,84,89
S004748,sobol_AB_d_g,full,2,0,50.5,59,8.5,0.7071067812,16.13039578,21.38347539,5.253079611,0.4804751516,36,12,7,20,16.5,42.5
S004749,sobol_AB_d_g,full,2,0,99.5,94,-5.5,2.121320344,60.00097997,57.1509165,-2.85006347,6.719046837,32,8,6.5,15,29.5,64.5
S004750,sobol_AB_d_g,full,2,0,70,119.5,49.5,28.99137803,24.52646112,43.02075268,18.49429156,7.495048679,31,10,27.5,24,46.5,73
S004751,sobol_AB_d_g,full,2,0,50.5,70.5,20,4.242640687,15.46947678,21.87262444,6.403147657,0.3016848529,38.5,11,10,28,17.5,53
S004752,sobol_AB_d_g,full,2,0,65,89,24,9.899494937,31.28867886,45.46923927,14.18056041,4.282625787,36,14,21.5,37.5,37.5,51.5
S004753,sobol_AB_d_g,full,2,0,104.5,110.5,6,5.656854249,34.22402254,39.11212437,4.888101828,0.2926147395,33.5,7.5,14,19,36,74.5
S004754,sobol_AB_d_g,full,2,0,67.5,133.5,66,7.071067812,46.08866692,97.68215529,51.59348837,20.46233746,36.5,12,65,61,38.5,95
S004755,sobol_AB_d_g,full,2,0,54.5,53.5,-1,4.242640687,29.87413532,35.57028459,5.696149278,4.570804564,22.5,13,3.5,7,13,40.5
S004756,sobol_AB_d_g,full,2,0,148,216,68,33.9411255,25.7242184,35.89978609,10.17556769,8.751691507,37,11.5,86,69,123,93
S004757,sobol_AB_d_g,full,2,0,43.5,66.5,23,7.071067812,22.28712513,29.75478526,7.467660133,1.662200934,36,12,13.5,19,17,49.5
S004758,sobol_AB_d_g,full,2,0,49.5,81,31.5,3.535533906,19.41132695,40.01446323,20.60313628,1.240394913,31.5,9,21.5,42,29.5,51.5
S004759,sobol_AB_d_g,full,2,0,66,82.5,16.5,9.192388155,20.32601102,26.0873138,5.761302781,3.207766698,36.5,10.5,17.5,14.5,33.5,49
S004760,sobol_AB_d_g,full,2,0,69.5,93,23.5,31.81980515,20.30242996,30.12186537,9.819435403,9.721798942,44.5,8,28.5,61,30.5,62.5
S004761,sobol_AB_d_g,full,2,0,102.5,105,2.5,12.02081528,18.38581558,23.17617645,4.790360877,2.445982867,39.5,5,16,29,52.5,52.5
S004762,sobol_AB_d_g,full,2,0,54.5,50,-4.5,7.778174593,23.66827688,24.98077078,1.312493906,0.2477962434,16.5,8.5,26,34,16,34
S004763,sobol_AB_d_g,full,2,0,66,113.5,47.5,7.778174593,23.4027866,37.13773849,13.7349519,2.977462176,36.5,18,28,45.5,45.5,68
S004764,sobol_AB_d_g,full,2,0,60.5,79,18.5,0.7071067812,40.08885879,44.30722642,4.218367629,1.832917763,38.5,13.5,16.5,27.5,19.5,59.5
S004765,sobol_AB_d_g,full,2,0,111,132.5,21.5,6.363961031,53.2293611,79.7081164,26.4787553,2.556559652,31.5,10,15,40,30,102.5
S004766,sobol_AB_d_g,full,2,0,56,75,19,5.656854249,18.17343731,27.46523409,9.291796783,3.47476737,37.5,16,6.5,17,38.5,36.5
S004767,sobol_AB_d_g,full,2,0,64.5,61.5,-3,7.071067812,45.63174834,55.97312217,10.34137383,3.586092947,41,7,13.5,20.5,7,54.5
S004768,sobol_AB_d_g,full,2,0,110,139.5,29.5,12.02081528,24.51339631,36.33144598,11.81804967,6.400123891,39,4.5,12.5,15.5,70.5,69
S004769,sobol_AB_d_g,full,2,0,103.5,183.5,80,22.627417,27.45804612,38.44513798,10.98709186,4.03278801,41.5,9.5,70,106,80,103.5
S004770,sobol_AB_d_g,full,2,0,55.5,79.5,24,9.899494937,17.32377463,21.45227885,4.128504224,1.879869104,41.5,10.5,9,17,36.5,43
S004771,sobol_AB_d_g,full,2,0,130,164,34,15.55634919,75.56698751,83.44111869,7.874131173,5.701244604,41,15.5,28,25.5,49.5,114.5
S004772,sobol_AB_d_g,full,2,0,87.5,112,24.5,9.192388155,28.82223281,35.50071721,6.678484404,0.612165325,39.5,15,14,39.5,61,51
S004773,sobol_AB_d_g,full,2,0,54,75,21,11.3137085,23.75936827,28.59156396,4.832195693,1.236073197,42,13,14,14.5,39,36
S004774,sobol_AB_d_g,full,2,0,149,315.5,166.5,41.71930009,46.05412334,104.2957923,58.24166897,12.67937717,51,5,95,105.5,197.5,118
S004775,sobol_AB_d_g,full,2,0,66.5,81.5,15,1.414213562,29.75572223,31.12566272,1.369940494,6.352384225,27,12.5,15,27.5,48.5,33
S004776,sobol_AB_d_g,full,2,0,44,50.5,6.5,2.121320344,11.72596581,13.10793046,1.381964647,2.300580243,35.5,7.5,9,11,15,35.5
S004777,sobol_AB_d_g,full,2,0,108.5,140,31.5,2.121320344,70.0547626,91.8137526,21.75899,1.615793028,34.5,11,18,41,26,114
S004778,sobol_AB_d_g,full,2,0,283.5,352.5,69,14.14213562,147.5990919,163.0417747,15.44268277,7.544221304,27,12,139,114.5,100,252.5
S004779,sobol_AB_d_g,full,2,0,37.5,49.5,12,2.828427125,24.39198058,28.93781452,4.545833945,1.982357706,41.5,6.5,17.5,10,18,31.5
S004780,sobol_AB_d_g,full,2,0,100.5,121.5,21,14.14213562,33.9157425,33.64728611,-0.2684563957,3.284069152,32.5,17,35,87,48.5,73
S004781,sobol_AB_d_g,full,2,0,67.5,112,44.5,10.60660172,33.03631127,39.94382743,6.907516159,3.275441732,45,8.5,15.5,32,70,42
S004782,sobol_AB_d_g,full,2,0,51,68.5,17.5,0.7071067812,25.05397182,35.59037008,10.53639825,1.097298525,30.5,10,9,23,32,36.5
S004783,sobol_AB_d_g,full,2,0,76,86.5,10.5,14.8492424,55.24655282,73.7458096,18.49925678,8.083183162,34.5,12,11.5,19.5,12.5,74
S004784,sobol_AB_d_g,full,2,0,74.5,113,38.5,27.57716447,26.21054601,38.4780819,12.2675359,5.944604117,39,8.5,18,21,64.5,48.5
S004785,sobol_AB_d_g,full,2,0,116.5,188.5,72,31.11269837,61.78223449,97.97567364,36.19343914,16.40593277,28.5,9,20.5,73,55,133.5
S004786,sobol_AB_d_g,full,2,0,49,60,11,2.828427125,26.0542878,37.78875645,11.73446865,1.783808911,43,2.5,1.5,10.5,22,38
S004787,sobol_AB_d_g,full,2,0,46,87,41,4.242640687,18.76418691,40.43993066,21.67574376,1.211774979,35,13.5,14,21.5,38.5,48.5
S004788,sobol_AB_d_g,full,2,0,91.5,108,16.5,10.60660172,32.06691828,35.76107251,3.694154233,1.858943618,27.5,21.5,26,40,56.5,51.5
S004789,sobol_AB_d_g,full,2,0,117,166.5,49.5,13.43502884,41.87689149,78.82438442,36.94749292,11.72285391,27.5,12.5,21,51,85,81.5
S004790,sobol_AB_d_g,full,2,0,52,45,-7,7.071067812,17.95457226,13.63459209,-4.319980166,0.8147433343,26.5,8.5,3.5,12.5,22.5,22.5
S004791,sobol_AB_d_g,full,2,0,100.5,179,78.5,13.43502884,42.36461474,70.12394303,27.75932829,5.474009653,26.5,9,29.5,30,82.5,96.5
S004792,sobol_AB_eff_mean,full,2,0,106,124,18,15.55634919,35.23732178,42.60184222,7.364520446,5.900162494,46,7,18.5,44.5,34,90
S004793,sobol_AB_eff_mean,full,2,0,124.5,169,44.5,19.09188309,51.72118461,84.39063327,32.66944865,2.892890923,27.5,15,65,67,68.5,100.5
S004794,sobol_AB_eff_mean,full,2,0,70,85,15,8.485281374,29.67158793,44.37815574,14.70656781,5.725655759,34.5,8.5,14,30.5,22.5,62.5
S004795,sobol_AB_eff_mean,full,2,0,81,81.5,0.5,0.7071067812,26.60649515,25.6882332,-0.9182619472,0.8593874671,34.5,9.5,22,21,20,61.5
S004796,sobol_AB_eff_mean,full,2,0,56.5,79,22.5,17.67766953,18.16378548,21.97607999,3.812294507,4.05167067,17,8.5,23,24.5,26.5,52.5
S004797,sobol_AB_eff_mean,full,2,0,255,234.5,-20.5,3.535533906,88.14367,95.15686473,7.013194726,2.412842039,44,7,77.5,106.5,85,149.5
S004798,sobol_AB_eff_mean,full,2,0,70,95.5,25.5,16.26345597,26.96382867,41.11614468,14.15231601,2.117885786,34,9.5,15.5,39.5,36.5,59
S004799,sobol_AB_eff_mean,full,2,0,201,254,53,7.071067812,81.87202829,96.58667856,14.71465027,5.948874069,32,13,54,38.5,149,105
S004800,sobol_AB_eff_mean,full,2,0,51.5,55,3.5,2.121320344,34.78052965,44.12979025,9.349260607,0.2639366257,34,6,9.5,13.5,7.5,47.5
S004801,sobol_AB_eff_mean,full,2,0,104.5,107.5,3,7.071067812,16.78470102,18.73944399,1.954742977,1.767349751,29,13.5,21,43.5,56.5,51
S004802,sobol_AB_eff_mean,full,2,0,126,128.5,2.5,0.7071067812,27.29383536,35.1474608,7.853625445,1.622827048,29.5,11,5,23,69.5,59
S004803,sobol_AB_eff_mean,full,2,0,78.5,115,36.5,7.778174593,35.77539477,60.63834765,24.86295288,0.8176880802,42.5,10,22.5,29,27.5,87.5
S004804,sobol_AB_eff_mean,full,2,0,89,102.5,13.5,3.535533906,40.12992981,42.6294152,2.499485383,1.490317691,50,6,19.5,20.5,25,77.5
S004805,sobol_AB_eff_mean,full,2,0,89,117.5,28.5,9.192388155,28.54386555,39.69114547,11.14727992,4.190731767,41,13.5,20.5,22.5,55.5,62
S004806,sobol_AB_eff_mean,full,2,0,68,92.5,24.5,9.192388155,25.26314745,40.46156283,15.19841538,8.633192735,33.5,15,23,31,34.5,58
S004807,sobol_AB_eff_mean,full,2,0,109.5,123.5,14,7.071067812,65.19276241,98.14038398,32.94762157,11.9096314,17,16,16,35.5,25.5,98
S004808,sobol_AB_eff_mean,full,2,0,91,111.5,20.5,21.92031022,44.47024832,68.38555,23.91530169,12.25146447,36.5,8,10,35,36,75.5
S004809,sobol_AB_eff_mean,full,2,0,63,78.5,15.5,13.43502884,35.139447,48.61382456,13.47437756,2.03878296,43.5,10.5,16,12.5,29.5,49
S004810,sobol_AB_eff_mean,full,2,0,94,140.5,46.5,17.67766953,21.64329265,30.91088571,9.267593054,6.803450912,23,17.5,20,71,76,64.5
S004811,sobol_AB_eff_mean,full,2,0,64.5,144,79.5,28.99137803,23.52545835,54.47192119,30.94646284,7.610459292,34.5,18.5,72,72,72.5,71.5
S004812,sobol_AB_eff_mean,full,2,0,54.5,66,11.5,6.363961031,20.70689259,27.77204471,7.065152119,0.680680057,39,14,18.5,29.5,23.5,42.5
S004813,sobol_AB_eff_mean,full,2,0,52,60,8,2.828427125,27.90920233,38.12282145,10.21361912,1.116587527,28.5,8,12.5,15.5,20,40
S004814,sobol_AB_eff_mean,full,2,0,29.5,38.5,9,1.414213562,15.6356906,20.68654172,5.050851115,1.02103427,39,9,6.5,13,10.5,28
S004815,sobol_AB_eff_mean,full,2,0,60.5,64,3.5,3.535533906,18.96874088,17.42236298,-1.546377903,0.3633884457,44,5,5.5,7.5,25.5,38.5
S004816,sobol_AB_eff_mean,full,2,0,66,80,14,15.55634919,43.97673193,54.8000688,10.82333686,10.92590046,42,11.5,7,12,22.5,57.5
S004817,sobol_AB_eff_mean,full,2,0,61.5,155,93.5,38.89087297,34.69055656,80.41608766,45.72553111,19.99337635,23,8.5,74,111.5,84,71
S004818,sobol_AB_eff_mean,full,2,0,182.5,229,46.5,10.60660172,62.8595162,87.24192025,24.38240405,3.755596415,38.5,12.5,50,117.5,114.5,114.5
S004819,sobol_AB_eff_mean,full,2,0,95.5,119,23.5,17.67766953,54.88001888,83.93199313,29.05197424,10.83078816,37.5,13.5,25,56,29.5,89.5
S004820,sobol_AB_eff_mean,full,2,0,61.5,101,39.5,12.02081528,33.78732358,56.78348361,22.99616003,7.792171095,33.5,9,14,27.5,42,59
S004821,sobol_AB_eff_mean,full,2,0,45,53,8,0,24.36012624,33.28119837,8.921072125,2.231245713,44.5,9.5,5.5,11,8.5,44.5
S004822,sobol_AB_eff_mean,full,2,0,104,146,42,7.071067812,67.17982406,105.5282753,38.34845123,14.31443686,16.5,11.5,17.5,32,42,104
S004823,sobol_AB_eff_mean,full,2,0,92.5,146.5,54,5.656854249,29.299041,61.95291391,32.65387292,13.28842341,25,3.5,13.5,29.5,62,84.5
S004824,sobol_AB_eff_mean,full,2,0,49,69,20,8.485281374,30.38890357,36.83664962,6.447746054,3.839087159,32.5,13.5,23,33.5,26.5,42.5
S004825,sobol_AB_eff_mean,full,2,0,113.5,112.5,-1,11.3137085,35.48795779,37.01143192,1.523474129,5.897381028,12.5,10,29,44.5,67,45.5
S004826,sobol_AB_eff_mean,full,2,0,80.5,87.5,7,8.485281374,49.36848874,55.17666477,5.808176029,1.721937301,26.5,10,9,20.5,25,62.5
S004827,sobol_AB_eff_mean,full,2,0,69,105,36,14.14213562,40.21418783,49.71186376,9.497675932,3.3955292,46.5,10,7,29.5,31,74
S004828,sobol_AB_eff_mean,full,2,0,83,109,26,4.242640687,21.12664526,31.88485069,10.75820544,0.5095393179,27,10,11.5,44.5,25.5,83.5
S004829,sobol_AB_eff_mean,full,2,0,113.5,128.5,15,9.899494937,37.00087008,58.23234004,21.23146997,4.017525757,28.5,8.5,8.5,21,37,91.5
S004830,sobol_AB_eff_mean,full,2,0,92,99,7,7.071067812,28.70045787,38.46589546,9.76543759,1.596969354,44.5,12,18,20.5,23,76
S004831,sobol_AB_eff_mean,full,2,0,63.5,88,24.5,3.535533906,20.68992837,34.1527888,13.46286043,4.446214406,28,9,4,10,30,58
S004832,sobol_AB_eff_mean,full,2,0,79.5,138,58.5,30.40559159,23.61585463,41.32275378,17.70689915,8.877071591,32,20,46.5,39,50,88
S004833,sobol_AB_eff_mean,full,2,0,91.5,141.5,50,12.72792206,46.68250024,65.84548678,19.16298654,3.886264676,34.5,15,19,38,63.5,78
S004834,sobol_AB_eff_mean,full,2,0,74.5,118,43.5,3.535533906,32.96471524,52.92070849,19.95599324,0.8947175565,46,8.5,14.5,29.5,48,70
S004835,sobol_AB_eff_mean,full,2,0,68,66,-2,11.3137085,11.87977059,13.17100956,1.291238968,0.8837128877,37,7.5,14,12,27,39
S004836,sobol_AB_eff_mean,full,2,0,63,160.5,97.5,79.90306627,24.35062562,59.21527694,34.86465132,22.62271557,47,8,69.5,49,67,93.5
S004837,sobol_AB_eff_mean,full,2,0,46.5,63.5,17,8.485281374,25.38772706,36.22438833,10.83666127,1.232954618,42,12.5,4,12.5,20.5,43
S004838,sobol_AB_eff_mean,full,2,0,92,144.5,52.5,24.74873734,25.88143903,29.37796886,3.496529829,5.315299138,31,11,39.5,56.5,73,71.5
S004839,sobol_AB_eff_mean,full,2,0,48.5,82.5,34,7.071067812,28.93104745,46.22198027,17.29093282,6.960472515,49,6.5,3,12.5,18.5,64
S004840,sobol_AB_eff_mean,full,2,0,84,129,45,7.071067812,32.70925777,59.89534941,27.18609164,3.952788527,41,14,17.5,32.5,59.5,69.5
S004841,sobol_AB_eff_mean,full,2,0,68.5,96,27.5,9.192388155,15.82510196,19.79956944,3.974467483,1.243712705,30.5,12,24.5,31,50,46
S004842,sobol_AB_eff_mean,full,2,0,71.5,99,27.5,9.192388155,24.92915175,48.90178117,23.97262942,2.181465719,39.5,5.5,15,25,28.5,70.5
S004843,sobol_AB_eff_mean,full,2,0,187.5,202,14.5,4.949747468,36.40479473,47.20637721,10.80158249,1.835562455,24.5,11,28.5,32,117,85
S004844,sobol_AB_eff_mean,full,2,0,83,89.5,6.5,3.535533906,39.96933823,47.66988012,7.700541892,1.762089643,40,13.5,11,33.5,15,74.5
S004845,sobol_AB_eff_mean,full,2,0,63,78.5,15.5,4.949747468,21.31241829,34.08957582,12.77715754,0.001048570188,31.5,15,6.5,28.5,35.5,43
S004846,sobol_AB_eff_mean,full,2,0,122,168,46,7.071067812,47.50559588,71.17151416,23.66591828,1.038865127,31.5,17.5,23.5,23,51,117
S004847,sobol_AB_eff_mean,full,2,0,181,205.5,24.5,6.363961031,51.91269538,55.85214485,3.939449466,1.530717051,32.5,11,14.5,43.5,71.5,134
S004848,sobol_AB_eff_mean,full,2,0,63.5,127,63.5,3.535533906,27.97153337,54.41863593,26.44710257,2.392257537,26,9,21.5,28.5,23,104
S004849,sobol_AB_eff_mean,full,2,0,71.5,106.5,35,2.828427125,36.82031157,64.06992409,27.24961251,3.27598212,27,14,14,16.5,26.5,80
S004850,sobol_AB_eff_mean,full,2,0,66.5,91.5,25,4.242640687,32.87478989,42.92467046,10.04988057,0.7535275056,36.5,5.5,13,43,23,68.5
S004851,sobol_AB_eff_mean,full,2,0,148.5,226,77.5,24.74873734,29.28560784,43.46757034,14.18196251,5.406131338,35,10.5,38,64,109.5,116.5
S004852,sobol_AB_eff_mean,full,2,0,56,77.5,21.5,16.26345597,23.50916597,42.9527435,19.44357752,15.39409082,40.5,7,12.5,12.5,31,46.5
S004853,sobol_AB_eff_mean,full,2,0,99,153,54,18.38477631,49.65741935,92.13410437,42.47668501,12.31396342,35.5,15,47,34,61,92
S004854,sobol_AB_eff_mean,full,2,0,84,108.5,24.5,19.09188309,32.73074294,37.43436762,4.703624677,5.679016844,39,13.5,20.5,22,41.5,67
S004855,sobol_AB_eff_mean,full,2,0,66.5,73.5,7,9.899494937,32.20128371,31.41446305,-0.7868206648,7.986636075,41.5,9,17.5,21,32.5,41
S004856,sobol_AB_eff_mean,full,2,0,146,186.5,40.5,23.33452378,81.34761136,97.13612965,15.78851828,2.224856575,38,12,36.5,41.5,76.5,110
S004857,sobol_AB_eff_mean,full,2,0,103,216.5,113.5,0.7071067812,27.66665145,46.47884109,18.81218964,2.081555594,35.5,8.5,133,264,109,107.5
S004858,sobol_AB_eff_mean,full,2,0,108.5,124,15.5,14.8492424,66.57463869,77.99559654,11.42095785,8.906413928,28,9.5,16,24,34.5,89.5
S004859,sobol_AB_eff_mean,full,2,0,75,99,24,8.485281374,51.71894945,64.33230693,12.61335748,5.8522708,47,8,21.5,32,23.5,75.5
S004860,sobol_AB_eff_mean,full,2,0,80.5,115.5,35,22.627417,16.34360531,25.83285498,9.489249671,4.548913814,33,12,18,33,66.5,49
S004861,sobol_AB_eff_mean,full,2,0,77.5,122.5,45,8.485281374,37.09859925,61.89705701,24.79845775,2.764485341,36,9,115,86.5,53.5,69
S004862,sobol_AB_eff_mean,full,2,0,96.5,111.5,15,26.87005769,30.25513565,39.08758032,8.832444677,5.146567257,37.5,14,27.5,29.5,33,78.5
S004863,sobol_AB_eff_mean,full,2,0,77,84,7,9.899494937,35.64424577,35.66564501,0.02139924203,8.250379818,38,11,14.5,30.5,29,55
S004864,sobol_AB_eff_mean,full,2,0,64,84.5,20.5,2.121320344,23.31069417,29.38810508,6.077410909,2.026473736,34,9,3.5,8.5,15,69.5
S004865,sobol_AB_eff_mean,full,2,0,146.5,228.5,82,55.15432893,80.33468071,157.570461,77.23578034,38.98505527,30.5,14,47.5,67.5,75,153.5
S004866,sobol_AB_eff_mean,full,2,0,110,152.5,42.5,19.09188309,76.91682517,98.65908973,21.74226456,5.058988152,37,7.5,11,21,32,120.5
S004867,sobol_AB_eff_mean,full,2,0,105,122,17,0,35.29225704,39.84218821,4.54993117,0.1344016984,19.5,16.5,21,21,31,91
S004868,sobol_AB_eff_mean,full,2,0,68.5,109,40.5,7.778174593,47.63641068,58.30128298,10.66487229,0.4732176829,51.5,8,13,22,39,70
S004869,sobol_AB_eff_mean,full,2,0,76,95.5,19.5,7.778174593,33.24728401,41.04720871,7.799924707,3.130368298,34.5,5.5,8.5,22,27,68.5
S004870,sobol_AB_eff_mean,full,2,0,103.5,136,32.5,23.33452378,29.02976602,47.5856505,18.55588448,7.734311993,29,21.5,37.5,34,28,108
S004871,sobol_AB_eff_mean,full,2,0,65.5,86,20.5,9.192388155,45.98510401,69.45467893,23.46957492,4.322961252,31.5,7.5,14,13.5,22.5,63.5
S004872,sobol_AB_eff_mean,full,2,0,124.5,169.5,45,28.28427125,33.7637827,51.82337028,18.05958758,0.7278713784,23,11,17.5,28.5,70,99.5
S004873,sobol_AB_eff_mean,full,2,0,117,155,38,1.414213562,75.16606921,86.62894235,11.46287314,0.5578879869,23.5,9.5,23.5,36,33,122
S004874,sobol_AB_eff_mean,full,2,0,69,77,8,5.656854249,35.08687399,41.62021741,6.533343423,6.704477404,35,10,25,23.5,30.5,46.5
S004875,sobol_AB_eff_mean,full,2,0,109.5,166.5,57,11.3137085,33.65900963,44.92690239,11.26789276,0.05854447587,31.5,13.5,33.5,57.5,75,91.5
S004876,sobol_AB_eff_mean,full,2,0,61,77.5,16.5,12.02081528,35.09539131,49.83423409,14.73884278,6.01425972,36.5,9,5.5,15,20.5,57
S004877,sobol_AB_eff_mean,full,2,0,80,92,12,2.828427125,34.48590361,36.59165014,2.105746523,3.728697078,30,15,11.5,16.5,35.5,56.5
S004878,sobol_AB_eff_mean,full,2,0,65,127,62,9.899494937,33.00546365,65.98771826,32.98225461,0.8158699781,27,13.5,19.5,20,52.5,74.5
S004879,sobol_AB_eff_mean,full,2,0,47,86,39,7.071067812,35.20627291,65.75362814,30.54735523,0.7686398498,36,14,22.5,38,23,63
S004880,sobol_AB_eff_mean,full,2,0,58,97,39,7.071067812,26.25864612,52.05618483,25.79753872,1.780423457,38.5,9,18,23.5,37,60
S004881,sobol_AB_eff_mean,full,2,0,82.5,90.5,8,9.899494937,24.34982529,28.52953425,4.179708956,5.125858867,38.5,9,7,19,26.5,64
S004882,sobol_AB_eff_mean,full,2,0,73.5,153.5,80,43.84062043,51.08980797,122.5704064,71.48059847,29.38712072,34.5,10.5,31.5,31,44.5,109
S004883,sobol_AB_eff_mean,full,2,0,48.5,52.5,4,5.656854249,30.24362784,43.96853059,13.72490275,4.898739071,24.5,9,10.5,11.5,10,42.5
S004884,sobol_AB_eff_mean,full,2,0,119.5,186.5,67,1.414213562,25.08746342,36.79098892,11.7035255,1.680096804,38,12,69.5,78,108.5,78
S004885,sobol_AB_eff_mean,full,2,0,54,80,26,5.656854249,32.05308602,46.42496034,14.37187432,1.245620785,36,10.5,17,30.5,21,59
S004886,sobol_AB_eff_mean,full,2,0,56,85.5,29.5,6.363961031,23.77538257,32.96929915,9.193916576,1.538703714,32.5,12,33.5,52.5,36.5,49
S004887,sobol_AB_eff_mean,full,2,0,83,102.5,19.5,6.363961031,38.60888506,51.57914394,12.97025888,11.36110575,35,4.5,7,10.5,46,56.5
S004888,sobol_AB_eff_mean,full,2,0,87,133.5,46.5,19.09188309,44.1750659,79.5557785,35.3807126,7.214170212,44,10,31.5,79,46,87.5
S004889,sobol_AB_eff_mean,full,2,0,111.5,108,-3.5,0.7071067812,35.5362003,39.13797908,3.601778779,6.880016175,40,5.5,12,23.5,47,61
S004890,sobol_AB_eff_mean,full,2,0,58,61.5,3.5,2.121320344,28.05231738,31.80056579,3.748248404,3.783864678,17.5,6.5,16,40,18.5,43
S004891,sobol_AB_eff_mean,full,2,0,78.5,122.5,44,22.627417,26.68003583,45.78409019,19.10405436,3.744154343,38,15,33.5,47.5,42.5,80
S004892,sobol_AB_eff_mean,full,2,0,73,96,23,19.79898987,25.82844326,29.2407629,3.412319644,7.30397238,42,5.5,16,28,20,76
S004893,sobol_AB_eff_mean,full,2,0,74,105,31,11.3137085,26.92738315,51.77127317,24.84389002,1.164144142,32,10,14,27.5,20,85
S004894,sobol_AB_eff_mean,full,2,0,65,61.5,-3.5,4.949747468,20.79600532,23.26175521,2.465749897,0.7395017313,42,8.5,10,10.5,25,36.5
S004895,sobol_AB_eff_mean,full,2,0,62.5,73,10.5,0.7071067812,25.61192282,33.77332338,8.16140056,4.646512166,42,6,10.5,19,10.5,62.5
S004896,sobol_AB_eff_mean,full,2,0,118,129.5,11.5,16.26345597,44.2974269,57.39869516,13.10126826,0.7859058041,37.5,4.5,16.5,22,66,63.5
S004897,sobol_AB_eff_mean,full,2,0,71,121,50,21.21320344,31.32447382,45.07224489,13.74777107,10.49627313,47,8,35,62,49,72
S004898,sobol_AB_eff_mean,full,2,0,83,101.5,18.5,6.363961031,35.32537452,45.4481609,10.12278639,2.296388095,41,12,10.5,38.5,43,58.5
S004899,sobol_AB_eff_mean,full,2,0,126.5,155.5,29,9.899494937,80.08657196,89.04808168,8.961509719,9.363735111,40,10.5,27,21.5,40,115.5
S004900,sobol_AB_eff_mean,full,2,0,91.5,113.5,22,14.14213562,34.62748732,47.82227657,13.19478925,9.09955229,39,11,7,26.5,52,61.5
S004901,sobol_AB_eff_mean,full,2,0,57,72.5,15.5,4.949747468,20.84431352,25.77852829,4.934214773,2.488042,45,12,10.5,12,31,41.5
S004902,sobol_AB_eff_mean,full,2,0,175.5,386.5,211,138.5929291,39.47586405,76.60789635,37.1320323,19.16871318,47.5,10,119.5,146,259,127.5
S004903,sobol_AB_eff_mean,full,2,0,98.5,129,30.5,24.74873734,43.95977183,42.60520446,-1.354567379,1.127031594,26,11,32,42.5,73,56
S004904,sobol_AB_eff_mean,full,2,0,42.5,47,4.5,0.7071067812,24.66104145,31.54210954,6.881068092,1.627295833,33,12.5,5.5,7,10,37
S004905,sobol_AB_eff_mean,full,2,0,86.5,128,41.5,12.02081528,50.92441444,70.23898493,19.31457049,11.27904918,37.5,13,18.5,68.5,31.5,96.5
S004906,sobol_AB_eff_mean,full,2,0,252.5,348,95.5,9.192388155,124.0129973,165.3670411,41.3540438,4.282100162,24,11,144,140,121.5,226.5
S004907,sobol_AB_eff_mean,full,2,0,34.5,46.5,12,5.656854249,7.790986855,10.61631973,2.825332874,2.018674581,39.5,5.5,13.5,12.5,20,26.5
S004908,sobol_AB_eff_mean,full,2,0,92,121,29,9.899494937,26.70362166,29.92683924,3.223217572,3.502160648,33.5,16.5,37.5,83.5,51,70
S004909,sobol_AB_eff_mean,full,2,0,83.5,114.5,31,7.071067812,22.46282215,25.53980557,3.076983423,2.128931415,43,10,14,28.5,74,40.5
S004910,sobol_AB_eff_mean,full,2,0,58,65,7,2.828427125,29.53652299,35.70463082,6.168107828,0.5131626641,32,10.5,11,12.5,24,41
S004911,sobol_AB_eff_mean,full,2,0,108.5,96.5,-12,21.21320344,70.08733755,80.81645265,10.7291151,3.830291213,33.5,10,5,9.5,10,86.5
S004912,sobol_AB_eff_mean,full,2,0,81,114,33,16.97056275,15.85469124,25.30656543,9.45187419,1.540162457,37.5,8.5,15,31,57.5,56.5
S004913,sobol_AB_eff_mean,full,2,0,125,201.5,76.5,20.50609665,77.244962,123.1617527,45.91679074,21.58450648,32,9,17.5,73,47,154.5
S004914,sobol_AB_eff_mean,full,2,0,51.5,56.5,5,8.485281374,19.50749204,23.81604925,4.308557211,5.578892474,43.5,8,9,16.5,24.5,32
S004915,sobol_AB_eff_mean,full,2,0,54,100.5,46.5,20.50609665,13.35834125,28.64197606,15.28363481,5.236707102,41.5,9,24.5,26.5,43.5,57
S004916,sobol_AB_eff_mean,full,2,0,78.5,85,6.5,23.33452378,19.632531,22.39686886,2.764337851,1.252366888,34.5,18,20.5,27.5,47.5,37.5
S004917,sobol_AB_eff_mean,full,2,0,122,217,95,45.254834,40.35662517,89.11335321,48.75672804,25.05882743,24.5,14,51.5,75,115,102
S004918,sobol_AB_eff_mean,full,2,0,50.5,47.5,-3,1.414213562,18.44750815,15.77408861,-2.67341954,0.06918609561,29,8,9.5,11.5,21.5,26
S004919,sobol_AB_eff_mean,full,2,0,99.5,203.5,104,31.11269837,39.5410258,70.86301625,31.32199045,9.282299745,24,8,33.5,22.5,91.5,112
S004920,sobol_AB_eff_cv,full,2,0,99.5,107,7.5,3.535533906,52.65661474,58.815874,6.159259264,3.566122222,45,8,14,22.5,23,84
S004921,sobol_AB_eff_cv,full,2,0,97.5,178,80.5,40.30508653,22.25143485,55.62884857,33.37741372,17.51434692,33.5,14.5,44.5,70,79.5,98.5
S004922,sobol_AB_eff_cv,full,2,0,67.5,72,4.5,9.192388155,40.63526331,52.39044139,11.75517808,0.7114649478,32,10,16.5,34,22,50
S004923,sobol_AB_eff_cv,full,2,0,75,84.5,9.5,21.92031022,42.73832904,41.31591692,-1.422412118,8.845347174,40,6.5,21.5,23,20.5,64
S004924,sobol_AB_eff_cv,full,2,0,57.5,66.5,9,8.485281374,32.7083025,34.20374866,1.495446157,0.7673944356,21.5,7.5,10,17,18.5,48
S004925,sobol_AB_eff_cv,full,2,0,199,194,-5,24.04163056,88.33815555,93.45446545,5.116309904,5.871162034,43,12,85.5,107,80,114
S004926,sobol_AB_eff_cv,full,2,0,78.5,89.5,11,5.656854249,43.62545355,58.96109018,15.33563663,5.505278367,39,9,24,29.5,21,68.5
S004927,sobol_AB_eff_cv,full,2,0,233.5,298,64.5,0.7071067812,76.62147002,94.79453172,18.1730617,6.28745882,28,14.5,69,53,177.5,120.5
S004928,sobol_AB_eff_cv,full,2,0,49.5,57,7.5,7.778174593,19.72084463,22.98807544,3.267230807,3.592332738,25.5,9.5,12.5,12.5,14,43
S004929,sobol_AB_eff_cv,full,2,0,118,165.5,47.5,6.363961031,34.58569937,47.37551739,12.78981802,1.62124347,30,12.5,19,52.5,95,70.5
S004930,sobol_AB_eff_cv,full,2,0,113,116,3,2.828427125,32.60736816,41.05356204,8.44619388,0.8952187572,36.5,8.5,6,19,58,58
S004931,sobol_AB_eff_cv,full,2,0,73.5,101.5,28,4.242640687,31.34881402,47.03617723,15.68736321,1.825969058,45.5,9.5,13.5,25.5,27,74.5
S004932,sobol_AB_eff_cv,full,2,0,84.5,124,39.5,33.23401872,23.96807593,33.30512,9.33704407,6.894527224,43.5,9.5,33,42,36,88
S004933,sobol_AB_eff_cv,full,2,0,96.5,100,3.5,10.60660172,34.02961035,42.663187,8.633576652,0.4835519998,41,15,12.5,22,51,49
S004934,sobol_AB_eff_cv,full,2,0,65.5,88,22.5,13.43502884,23.02030621,36.61024519,13.58993897,1.603123525,38.5,9.5,13.5,43.5,35.5,52.5
S004935,sobol_AB_eff_cv,full,2,0,130,145.5,15.5,13.43502884,65.26250281,102.3286022,37.0660994,9.925201227,19.5,13,28,56.5,36,109.5
S004936,sobol_AB_eff_cv,full,2,0,85,80,-5,29.69848481,31.57980836,43.55613697,11.97632861,12.09874389,33.5,9.5,12.5,36.5,18,62
S004937,sobol_AB_eff_cv,full,2,0,59.5,75,15.5,3.535533906,32.29045536,39.64103663,7.350581262,2.306121585,44.5,9.5,12.5,16.5,33.5,41.5
S004938,sobol_AB_eff_cv,full,2,0,75,126.5,51.5,7.778174593,22.32718577,31.26820965,8.941023881,2.490317588,23.5,18.5,21.5,80,76.5,50
S004939,sobol_AB_eff_cv,full,2,0,57,114,57,24.04163056,19.0099686,34.04952501,15.03955641,6.065539371,36.5,13.5,58.5,69.5,58.5,55.5
S004940,sobol_AB_eff_cv,full,2,0,56,65.5,9.5,4.949747468,22.83861745,32.21142221,9.372804758,1.805249515,45,10,13,18,31,34.5
S004941,sobol_AB_eff_cv,full,2,0,44,64,20,21.21320344,10.01498601,19.60854941,9.593563406,4.994982384,30,7,8.5,22.5,18.5,45.5
S004942,sobol_AB_eff_cv,full,2,0,31,39.5,8.5,2.121320344,18.19143102,22.17002125,3.978590235,1.279672196,43,6.5,0.5,9,10.5,29
S004943,sobol_AB_eff_cv,full,2,0,63,87.5,24.5,6.363961031,33.51598809,36.48559593,2.969607844,8.733842469,40.5,5.5,21.5,26,41.5,46
S004944,sobol_AB_eff_cv,full,2,0,71.5,81.5,10,1.414213562,26.43904321,35.01033997,8.571296758,0.04028409718,37.5,13,10.5,9.5,15.5,66
S004945,sobol_AB_eff_cv,full,2,0,78.5,154.5,76,38.18376618,23.98148572,49.93680652,25.9553208,12.12519863,20.5,6.5,94,123.5,73,81.5
S004946,sobol_AB_eff_cv,full,2,0,132.5,166,33.5,6.363961031,34.27369206,47.37921647,13.10552441,0.2436909476,34.5,17,48,115,82,84
S004947,sobol_AB_eff_cv,full,2,0,97.5,138,40.5,13.43502884,40.24689867,63.66116256,23.41426389,3.999090233,33,17,41,50,42,96
S004948,sobol_AB_eff_cv,full,2,0,90.5,129,38.5,4.949747468,46.04684737,67.68692705,21.64007968,1.673682909,36,6.5,10.5,36.5,46,83
S004949,sobol_AB_eff_cv,full,2,0,45,52.5,7.5,4.949747468,34.58088092,45.82567396,11.24479304,2.267091788,48.5,8,6,10.5,7,45.5
S004950,sobol_AB_eff_cv,full,2,0,101.5,111.5,10,9.899494937,28.91815707,38.82111639,9.90295932,1.404790819,15,11,10.5,21.5,23,88.5
S004951,sobol_AB_eff_cv,full,2,0,107,166.5,59.5,7.778174593,30.24285865,61.41139255,31.16853389,5.259117057,18.5,8,20,34.5,83,83.5
S004952,sobol_AB_eff_cv,full,2,0,62,88,26,5.656854249,23.69712715,24.00052638,0.3033992336,0.5094543469,30.5,12.5,25.5,42,43.5,44.5
S004953,sobol_AB_eff_cv,full,2,0,109.5,133.5,24,18.38477631,17.52635718,18.06956978,0.5432125974,1.025584538,22,7,24,51,88,45.5
S004954,sobol_AB_eff_cv,full,2,0,57,89,32,29.69848481,21.78232235,29.54081715,7.758494809,7.669231529,21.5,12.5,7,20,35.5,53.5
S004955,sobol_AB_eff_cv,full,2,0,74,101.5,27.5,16.26345597,35.2812491,41.14246137,5.861212278,3.098963447,45,11,17.5,26.5,28,73.5
S004956,sobol_AB_eff_cv,full,2,0,78,95,17,1.414213562,38.57528976,50.07629595,11.50100618,4.054532638,33.5,8.5,18,41,20.5,74.5
S004957,sobol_AB_eff_cv,full,2,0,114.5,126.5,12,9.899494937,56.37875478,88.9573713,32.57861652,10.93560508,25.5,11,8,32,29.5,97
S004958,sobol_AB_eff_cv,full,2,0,90,98.5,8.5,14.8492424,33.63882557,44.27646255,10.63763699,6.021964564,39.5,14.5,24,26.5,21,77.5
S004959,sobol_AB_eff_cv,full,2,0,61,74.5,13.5,2.121320344,29.22502678,43.57049418,14.3454674,1.762303496,27.5,6,7.5,6.5,20.5,54
S004960,sobol_AB_eff_cv,full,2,0,92,168,76,57.98275606,55.06716095,99.61677458,44.54961363,38.55017189,39,16.5,51.5,57,55,113
S004961,sobol_AB_eff_cv,full,2,0,77,130,53,15.55634919,23.56315248,38.29615446,14.73300198,3.339990086,35.5,16,29.5,43,50,80
S004962,sobol_AB_eff_cv,full,2,0,64,78.5,14.5,6.363961031,25.36974136,32.87777799,7.508036638,5.490288159,39.5,12,14.5,18,26,52.5
S004963,sobol_AB_eff_cv,full,2,0,51.5,65.5,14,24.04163056,17.86725861,22.37665558,4.509396973,5.897477805,38.5,10,12.5,9.5,25,40.5
S004964,sobol_AB_eff_cv,full,2,0,46,121,75,21.21320344,12.97985305,29.79854021,16.81868715,7.561144691,45,11.5,43.5,44.5,51.5,69.5
S004965,sobol_AB_eff_cv,full,2,0,52,54.5,2.5,2.121320344,16.9816828,20.20097525,3.21929245,0.8564373975,40,13,8.5,10,14.5,40
S004966,sobol_AB_eff_cv,full,2,0,75,141.5,66.5,28.99137803,49.08960699,68.44822512,19.35861812,18.63857066,31.5,9.5,32,51.5,60.5,81
S004967,sobol_AB_eff_cv,full,2,0,52.5,61,8.5,6.363961031,21.32014305,24.3796157,3.059472652,0.1277344626,46.5,10.5,4,5.5,6,55
S004968,sobol_AB_eff_cv,full,2,0,86.5,98.5,12,0,29.78826837,36.58060198,6.792333617,3.061730242,34,17,24.5,34,39.5,59
S004969,sobol_AB_eff_cv,full,2,0,64,90.5,26.5,24.74873734,28.19930245,34.85180846,6.652506011,2.179042088,30,10.5,18.5,34,46,44.5
S004970,sobol_AB_eff_cv,full,2,0,92,110.5,18.5,2.121320344,34.40886895,56.13167444,21.72280548,4.46200787,36,8,10,19,35.5,75
S004971,sobol_AB_eff_cv,full,2,0,166,188,22,24.04163056,23.62213856,29.90671659,6.284578029,2.020490158,25.5,13,40,57,112,76
S004972,sobol_AB_eff_cv,full,2,0,99.5,120,20.5,13.43502884,45.64645916,61.7857429,16.13928374,4.515105981,41,10.5,12,28,31,89
S004973,sobol_AB_eff_cv,full,2,0,62,73.5,11.5,3.535533906,22.53654082,38.91294786,16.37640704,3.036739883,37.5,14.5,8.5,20,27.5,46
S004974,sobol_AB_eff_cv,full,2,0,112.5,179.5,67,25.45584412,50.23106336,89.10816896,38.8771056,20.33143977,31.5,14.5,30.5,25,63.5,116
S004975,sobol_AB_eff_cv,full,2,0,189.5,184.5,-5,33.9411255,89.50528455,77.31889963,-12.18638492,9.187067484,31,13,18.5,55,71,113.5
S004976,sobol_AB_eff_cv,full,2,0,71.5,105,33.5,10.60660172,49.62030331,72.24108393,22.62078063,8.703672682,31.5,6.5,24,14,17,88
S004977,sobol_AB_eff_cv,full,2,0,83,100.5,17.5,12.02081528,25.030451,38.98388061,13.95342961,2.249173363,26,12,11.5,10.5,24,76.5
S004978,sobol_AB_eff_cv,full,2,0,70.5,89.5,19,8.485281374,40.70408432,58.78999057,18.08590626,6.195667572,37,7,20.5,37,17,72.5
S004979,sobol_AB_eff_cv,full,2,0,124.5,286,161.5,41.71930009,57.98041547,121.1868384,63.20642291,8.553086779,33.5,8.5,32.5,58.5,138.5,147.5
S004980,sobol_AB_eff_cv,full,2,0,41.5,90,48.5,3.535533906,16.32523598,29.71714341,13.39190742,0.6682356387,28.5,12.5,30,34.5,47.5,42.5
S004981,sobol_AB_eff_cv,full,2,0,118,184,66,46.66904756,32.50500117,58.64634942,26.14134825,14.97039618,36.5,13.5,42.5,33,73.5,110.5
S004982,sobol_AB_eff_cv,full,2,0,96.5,117,20.5,9.192388155,44.64023796,48.44288577,3.802647803,0.7414692989,41.5,12,23,26,36.5,80.5
S004983,sobol_AB_eff_cv,full,2,0,59.5,65.5,6,14.14213562,21.54406283,22.51259765,0.9685348189,6.261046286,37,9,8.5,13.5,29.5,36
S004984,sobol_AB_eff_cv,full,2,0,148.5,172,23.5,7.778174593,55.78754216,64.77384583,8.986303673,1.166183921,35.5,14,44.5,47.5,69.5,102.5
S004985,sobol_AB_eff_cv,full,2,0,99.5,180.5,81,32.52691193,51.58437203,67.71578912,16.1314171,0.5403209753,35.5,11.5,150,231.5,95,85.5
S004986,sobol_AB_eff_cv,full,2,0,80,102,22,1.414213562,23.1796982,29.04163663,5.861938424,3.066367798,22,13.5,31,39.5,27.5,74.5
S004987,sobol_AB_eff_cv,full,2,0,80.5,94,13.5,4.949747468,41.26888684,44.75290834,3.484021502,0.06183480637,43,11,8.5,27.5,17,77
S004988,sobol_AB_eff_cv,full,2,0,101,128.5,27.5,10.60660172,18.98898806,31.16401963,12.17503157,3.247618021,31,12.5,30,46,60.5,68
S004989,sobol_AB_eff_cv,full,2,0,75,108.5,33.5,13.43502884,37.56103441,54.47371667,16.91268225,3.423438355,32,7.5,49.5,70,42,66.5
S004990,sobol_AB_eff_cv,full,2,0,99.5,120,20.5,4.949747468,26.44047562,34.97727817,8.536802552,1.135628976,40.5,11,22.5,34.5,31.5,88.5
S004991,sobol_AB_eff_cv,full,2,0,73,86.5,13.5,6.363961031,39.19389032,45.40793214,6.214041815,6.205433639,36.5,9.5,11,38,26.5,60
S004992,sobol_AB_eff_cv,full,2,0,57,65,8,8.485281374,20.53045084,22.19137225,1.66092141,1.862142058,39.5,8,4,4,9,56
S004993,sobol_AB_eff_cv,full,2,0,198,245.5,47.5,13.43502884,44.95175586,80.89141209,35.93965623,0.2417631282,30,17,44,76,80.5,165
S004994,sobol_AB_eff_cv,full,2,0,124,163,39,26.87005769,78.4624984,100.4078128,21.94531441,0.7392959432,34,6.5,16,26,37,126
S004995,sobol_AB_eff_cv,full,2,0,93.5,95.5,2,1.414213562,37.59080105,37.07430898,-0.5164920711,1.847643401,24.5,11.5,21,25.5,26,69.5
S004996,sobol_AB_eff_cv,full,2,0,102,126.5,24.5,12.02081528,51.75055613,56.4045547,4.653998571,2.642142543,46,8.5,15,26.5,45.5,81
S004997,sobol_AB_eff_cv,full,2,0,79,94.5,15.5,4.949747468,32.03158902,39.80240477,7.770815757,2.397912905,27.5,11,21,27.5,32,62.5
S004998,sobol_AB_eff_cv,full,2,0,97.5,146,48.5,13.43502884,50.84630771,95.14342008,44.29711237,5.76745623,28,17,25.5,31,34,112
S004999,sobol_AB_eff_cv,full,2,0,83,129.5,46.5,13.43502884,21.18371631,46.05126796,24.86755165,6.815432251,34,6,11.5,13.5,29.5,100
S005000,sobol_AB_eff_cv,full,2,0,153,183.5,30.5,34.64823228,70.40045575,88.46050605,18.0600503,16.19077273,27.5,10.5,22,28.5,85.5,98
S005001,sobol_AB_eff_cv,full,2,0,125.5,180,54.5,23.33452378,45.72393667,57.7607848,12.03684813,13.44512593,22.5,7.5,27,42,40,140
S005002,sobol_AB_eff_cv,full,2,0,67.5,91,23.5,2.121320344,17.23221187,25.77119547,8.538983599,0.7164590641,40.5,10.5,17.5,18,33,58
S005003,sobol_AB_eff_cv,full,2,0,105,153,48,4.242640687,49.59618509,55.09424961,5.498064521,3.299277288,29.5,11.5,32.5,39,72,81
S005004,sobol_AB_eff_cv,full,2,0,60.5,67,6.5,4.949747468,19.7994635,26.6600217,6.860558206,4.188851031,35,10,9.5,18,15.5,51.5
S005005,sobol_AB_eff_cv,full,2,0,83.5,87,3.5,2.121320344,50.38534125,49.24449226,-1.140848994,0.4570632371,30,12,2.5,15,30,57
S005006,sobol_AB_eff_cv,full,2,0,60.5,94.5,34,24.04163056,24.60168932,39.04555984,14.44387052,4.818627842,29,13,21.5,17,28.5,66
S005007,sobol_AB_eff_cv,full,2,0,56,72.5,16.5,12.02081528,15.82235529,21.8789756,6.056620318,5.202159139,41.5,11,4.5,25.5,15.5,57
S005008,sobol_AB_eff_cv,full,2,0,50.5,109,58.5,48.7903679,26.24243437,60.25206766,34.00963329,25.94472019,44.5,7.5,20,23.5,41.5,67.5
S005009,sobol_AB_eff_cv,full,2,0,86,98.5,12.5,10.60660172,30.55849964,34.71414894,4.155649304,4.059766869,33.5,6,7,16,33.5,65
S005010,sobol_AB_eff_cv,full,2,0,76.5,161.5,85,11.3137085,47.27371441,109.0161153,61.74240094,18.9370629,38,11,43.5,51,55.5,106
S005011,sobol_AB_eff_cv,full,2,0,51.5,58.5,7,8.485281374,21.94764055,38.08232587,16.13468532,3.685939544,26.5,11.5,5,13,15.5,43
S005012,sobol_AB_eff_cv,full,2,0,125.5,208,82.5,37.4766594,20.35228822,32.0092055,11.65691728,5.512497712,34.5,17.5,89,92.5,123,85
S005013,sobol_AB_eff_cv,full,2,0,49.5,65.5,16,8.485281374,24.17615267,28.74277272,4.566620048,0.003757595215,36.5,12.5,23,28,17.5,48
S005014,sobol_AB_eff_cv,full,2,0,52,71.5,19.5,2.121320344,22.13136706,32.99246935,10.86110229,0.9199703606,31.5,7.5,19,28,30,41.5
S005015,sobol_AB_eff_cv,full,2,0,77.5,93.5,16,1.414213562,27.57919933,36.64087411,9.06167478,0.933150656,33.5,4,14,14.5,32,61.5
S005016,sobol_AB_eff_cv,full,2,0,67.5,93,25.5,0.7071067812,18.73684692,27.02169842,8.2848515,0.001959791258,47,9,24.5,58,37,56
S005017,sobol_AB_eff_cv,full,2,0,140.5,124,-16.5,71.4177849,29.11823891,31.15811922,2.039880313,12.94472926,41,6,24,27.5,53,71
S005018,sobol_AB_eff_cv,full,2,0,54.5,69.5,15,16.97056275,25.88019303,32.40543088,6.525237842,4.60199127,21,9.5,14,45,25.5,44
S005019,sobol_AB_eff_cv,full,2,0,82,117,35,12.72792206,28.38098908,39.20295357,10.82196449,4.772297572,37,17.5,37.5,43,45.5,71.5
S005020,sobol_AB_eff_cv,full,2,0,72.5,91.5,19,4.242640687,46.38162844,51.01643807,4.63480963,0.2567059441,44.5,8.5,14,28.5,22.5,69
S005021,sobol_AB_eff_cv,full,2,0,82.5,111.5,29,16.97056275,36.68527599,60.26865834,23.58338235,7.935249624,35,12.5,24.5,57.5,32,79.5
S005022,sobol_AB_eff_cv,full,2,0,64,68,4,4.242640687,21.59747163,28.78348905,7.186017422,1.64463826,43,9.5,3,7,28.5,39.5
S005023,sobol_AB_eff_cv,full,2,0,61.5,74.5,13,7.071067812,45.1283794,66.42103607,21.29265667,15.06096376,46,5.5,11,26.5,10,64.5
S005024,sobol_AB_eff_cv,full,2,0,109,127.5,18.5,10.60660172,22.81762853,27.82074098,5.003112453,3.844516883,36.5,8,11.5,17,72,55.5
S005025,sobol_AB_eff_cv,full,2,0,89,168,79,4.242640687,22.3553735,32.98669866,10.63132516,1.219400936,37.5,13.5,54,94,75,93
S005026,sobol_AB_eff_cv,full,2,0,67.5,96,28.5,4.949747468,18.69767001,25.84742005,7.149750041,5.183172592,38,12,22,52.5,48.5,47.5
S005027,sobol_AB_eff_cv,full,2,0,160,195.5,35.5,23.33452378,92.55670758,96.64282928,4.086121704,7.363663476,40.5,13,27.5,31,66,129.5
S005028,sobol_AB_eff_cv,full,2,0,79.5,109,29.5,6.363961031,27.61338216,37.70489375,10.0915116,5.169851598,43,10.5,9,32.5,55.5,53.5
S005029,sobol_AB_eff_cv,full,2,0,52.5,64.5,12,4.242640687,24.85706728,28.27247163,3.415404351,1.325039166,40.5,11.5,9.5,12,29,35.5
S005030,sobol_AB_eff_cv,full,2,0,203.5,357,153.5,116.6726189,66.38638776,119.7785608,53.39217302,19.21732064,45.5,12.5,124,130,219,138
S005031,sobol_AB_eff_cv,full,2,0,84.5,96,11.5,13.43502884,40.04100472,41.1291029,1.088098184,3.580986663,28.5,15,20.5,33,50,46
S005032,sobol_AB_eff_cv,full,2,0,45,56,11,18.38477631,11.9109251,15.33874015,3.427815047,5.478596131,31,11.5,9,12,14.5,41.5
S005033,sobol_AB_eff_cv,full,2,0,83.5,121.5,38,2.828427125,51.60199145,69.12640216,17.52441072,5.671318098,36,11,26,68,30,91.5
S005034,sobol_AB_eff_cv,full,2,0,283,433,150,76.36753237,132.8819099,184.5115973,51.62968734,37.3418874,23.5,14.5,203.5,154.5,144,289
S005035,sobol_AB_eff_cv,full,2,0,38.5,46,7.5,2.121320344,23.61183978,28.78383442,5.171994645,0.8286525255,42,8,12.5,13,15,31
S005036,sobol_AB_eff_cv,full,2,0,115.5,139.5,24,18.38477631,37.36322356,39.05621561,1.692992045,3.102536913,33,14,26.5,83,54,85.5
S005037,sobol_AB_eff_cv,full,2,0,72,123.5,51.5,4.949747468,31.11153226,46.32919335,15.21766109,3.390592748,44.5,8.5,14.5,28,73,50.5
S005038,sobol_AB_eff_cv,full,2,0,61,82,21,1.414213562,35.09685162,46.95299505,11.85614342,2.001700085,34,7.5,12,17.5,32.5,49.5
S005039,sobol_AB_eff_cv,full,2,0,75.5,84.5,9,8.485281374,56.81613476,78.23698084,21.42084607,11.16237547,28.5,13,8.5,13.5,11,73.5
S005040,sobol_AB_eff_cv,full,2,0,89,120.5,31.5,0.7071067812,31.45663767,44.08230029,12.62566262,2.757003307,32,9.5,33,43,60.5,60
S005041,sobol_AB_eff_cv,full,2,0,114,177,63,7.071067812,57.17918043,94.17867872,36.9994983,2.230182001,30,12,26.5,58.5,47.5,129.5
S005042,sobol_AB_eff_cv,full,2,0,54.5,53,-1.5,6.363961031,24.61314561,28.81674432,4.203598718,5.594163495,44.5,3.5,3.5,13,22.5,30.5
S005043,sobol_AB_eff_cv,full,2,0,38,63.5,25.5,2.121320344,15.99865011,30.44147378,14.44282367,3.453188013,43.5,7,9,17.5,26.5,37
S005044,sobol_AB_eff_cv,full,2,0,74,90,16,7.071067812,21.24994579,26.33526957,5.085323781,0.4872986037,29,19,17,33.5,52.5,37.5
S005045,sobol_AB_eff_cv,full,2,0,102,199.5,97.5,17.67766953,40.50423513,89.36045488,48.85621974,18.41687433,29,12,34,60,101,98.5
S005046,sobol_AB_eff_cv,full,2,0,57,55,-2,0,18.85338611,15.18682703,-3.666559084,2.574803684,23,12,13,19.5,28.5,26.5
S005047,sobol_AB_eff_cv,full,2,0,94,169,75,5.656854249,36.58787206,63.58246234,26.99459029,3.957679386,24,7.5,29,26,81.5,87.5
S005048,sobol_AB_tx_activation,full,2,0,94,107.5,13.5,7.778174593,50.21221543,60.0661195,9.853904072,8.630442875,44,6.5,10.5,40.5,24.5,83
S005049,sobol_AB_tx_activation,full,2,0,101,133,32,9.899494937,31.74472697,51.17472165,19.42999468,9.675854643,33.5,11,36.5,52.5,44.5,88.5
S005050,sobol_AB_tx_activation,full,2,0,70.5,102,31.5,33.23401872,44.3932379,79.81011246,35.41687456,24.1601202,30.5,7,15,35.5,26.5,75.5
S005051,sobol_AB_tx_activation,full,2,0,85.5,115.5,30,2.828427125,43.67967831,50.06466745,6.384989142,0.4907503974,43.5,9,32,28,37,78.5
S005052,sobol_AB_tx_activation,full,2,0,69.5,75.5,6,22.627417,34.06413892,37.90953172,3.845392808,11.23053868,11,8.5,12.5,17,21.5,54
S005053,sobol_AB_tx_activation,full,2,0,311.5,282.5,-29,80.61017306,126.673909,127.743436,1.069527037,29.52649118,41,12,116.5,145.5,125.5,157
S005054,sobol_AB_tx_activation,full,2,0,71.5,97,25.5,0.7071067812,37.39995836,50.44874652,13.04878816,5.044023111,37.5,10.5,21,36.5,37.5,59.5
S005055,sobol_AB_tx_activation,full,2,0,224,250,26,16.97056275,63.82393495,71.17666217,7.352727223,5.270579563,33.5,12.5,48.5,38,155,95
S005056,sobol_AB_tx_activation,full,2,0,55.5,52,-3.5,4.949747468,21.90169026,23.27762253,1.37593227,1.321109239,30.5,6.5,10.5,12.5,11,41
S005057,sobol_AB_tx_activation,full,2,0,97,122.5,25.5,6.363961031,33.57876085,42.48351806,8.904757203,4.995809033,32.5,11.5,15.5,39,64.5,58
S005058,sobol_AB_tx_activation,full,2,0,106,118.5,12.5,2.121320344,26.04891126,39.20041714,13.15150589,1.412150646,35,7.5,6,21,63.5,55
S005059,sobol_AB_tx_activation,full,2,0,80,110,30,16.97056275,35.38740613,52.26577213,16.878366,2.431352536,44.5,9.5,16,26.5,25.5,84.5
S005060,sobol_AB_tx_activation,full,2,0,82,103,21,2.828427125,24.16846585,30.35870973,6.190243881,2.102955176,51.5,7,29.5,35,27.5,75.5
S005061,sobol_AB_tx_activation,full,2,0,82,79.5,-2.5,26.1629509,35.80055945,38.54841498,2.747855532,10.39995312,43.5,12.5,9,11,37,42.5
S005062,sobol_AB_tx_activation,full,2,0,64.5,80.5,16,2.828427125,23.19128687,33.37977722,10.18849035,2.115792725,42,12.5,17.5,35.5,32.5,48
S005063,sobol_AB_tx_activation,full,2,0,124.5,139,14.5,3.535533906,64.03566653,94.71961508,30.68394855,9.228527453,13,15.5,28.5,49,38,101
S005064,sobol_AB_tx_activation,full,2,0,77.5,96.5,19,4.242640687,31.91893874,50.0577006,18.13876186,2.485750149,37,12.5,17.5,41,26,70.5
S005065,sobol_AB_tx_activation,full,2,0,38,55.5,17.5,2.121320344,25.27287456,35.95564922,10.68277465,0.2839542216,47,10,16,23,18.5,37
S005066,sobol_AB_tx_activation,full,2,0,79,129,50,4.242640687,21.39694988,26.04655952,4.649609643,4.550508941,26,14.5,17,71,85,44
S005067,sobol_AB_tx_activation,full,2,0,65,123.5,58.5,6.363961031,18.3650442,36.55867979,18.19363559,4.399702495,36,14.5,76,76,61,62.5
S005068,sobol_AB_tx_activation,full,2,0,65.5,75,9.5,6.363961031,31.17301526,39.77685363,8.603838371,4.201155198,43,14.5,23.5,32,32.5,42.5
S005069,sobol_AB_tx_activation,full,2,0,45,52.5,7.5,6.363961031,10.12413177,14.25724772,4.133115954,0.5263112543,30,4.5,7,14,18,34.5
S005070,sobol_AB_tx_activation,full,2,0,34,46.5,12.5,10.60660172,19.38477512,25.0428839,5.658108777,2.330602019,39,7,5,11,13,33.5
S005071,sobol_AB_tx_activation,full,2,0,73,73,0,2.828427125,32.90967673,26.69219392,-6.217482814,1.248082853,40,7.5,17,11.5,37.5,35.5
S005072,sobol_AB_tx_activation,full,2,0,65,64.5,-0.5,2.121320344,22.48457422,25.33417312,2.849598899,0.1362887531,46,8.5,2.5,9,15,49.5
S005073,sobol_AB_tx_activation,full,2,0,82,129.5,47.5,16.26345597,22.08925057,37.32401002,15.23475945,4.855465209,18.5,9,46.5,81,62.5,67
S005074,sobol_AB_tx_activation,full,2,0,137.5,193.5,56,26.87005769,35.51859341,59.11714775,23.59855434,2.701315099,42.5,14,55,124,92.5,101
S005075,sobol_AB_tx_activation,full,2,0,91.5,127,35.5,6.363961031,35.83415633,53.82037882,17.9862225,0.3976772605,38,16.5,42,49.5,46,81
S005076,sobol_AB_tx_activation,full,2,0,87.5,141.5,54,41.01219331,41.48946004,74.65036477,33.16090473,19.53283366,32.5,7,16,48.5,53.5,88
S005077,sobol_AB_tx_activation,full,2,0,48.5,51.5,3,1.414213562,33.19782237,41.62091149,8.42308912,2.339394526,48.5,8.5,4,6,8.5,43
S005078,sobol_AB_tx_activation,full,2,0,96,108.5,12.5,0.7071067812,27.67982616,35.1330107,7.453184539,2.15128201,22.5,9,12,16.5,28,80.5
S005079,sobol_AB_tx_activation,full,2,0,108.5,150,41.5,12.02081528,35.9727569,65.65387495,29.68111805,6.95707851,23.5,5,19,19.5,62.5,87.5
S005080,sobol_AB_tx_activation,full,2,0,61.5,78.5,17,1.414213562,23.28618753,26.60300883,3.316821292,1.390235302,36.5,14.5,22,27,29,49.5
S005081,sobol_AB_tx_activation,full,2,0,102,102.5,0.5,17.67766953,16.38889072,16.96185059,0.5729598619,2.887353546,17,6.5,19,27,60.5,42
S005082,sobol_AB_tx_activation,full,2,0,66.5,79,12.5,3.535533906,22.94377643,30.35254474,7.408768313,2.401486336,18.5,10.5,11,18,23.5,55.5
S005083,sobol_AB_tx_activation,full,2,0,81,112.5,31.5,26.1629509,39.50523038,48.46353736,8.958306981,10.93392244,49.5,7.5,14.5,30.5,30.5,82
S005084,sobol_AB_tx_activation,full,2,0,73.5,93,19.5,10.60660172,32.58759024,48.11656138,15.52897114,0.7467035064,32.5,10,14.5,43,20.5,72.5
S005085,sobol_AB_tx_activation,full,2,0,106,108,2,0,48.4139806,66.50990873,18.09592813,1.043565713,23,13,9,24,36,72
S005086,sobol_AB_tx_activation,full,2,0,78.5,91,12.5,4.949747468,30.5794938,41.88411741,11.30462361,3.359115039,42,12,11.5,12.5,19.5,71.5
S005087,sobol_AB_tx_activation,full,2,0,58,62,4,7.071067812,26.28744706,31.8298693,5.542422243,5.195255805,26,7.5,3.5,9,20,42
S005088,sobol_AB_tx_activation,full,2,0,78,149,71,28.28427125,50.85075473,92.13977895,41.28902422,16.60968488,35,17,43,45.5,44.5,104.5
S005089,sobol_AB_tx_activation,full,2,0,106.5,187.5,81,18.38477631,32.85803559,42.14403796,9.286002366,3.282107672,25,22.5,49,62,100,87.5
S005090,sobol_AB_tx_activation,full,2,0,77.5,87,9.5,14.8492424,25.37042189,36.1696479,10.79922601,1.248435293,38,13,11,14.5,27.5,59.5
S005091,sobol_AB_tx_activation,full,2,0,65.5,74,8.5,2.121320344,18.62285397,23.18952873,4.566674756,1.996880304,29,11.5,9,10,29.5,44.5
S005092,sobol_AB_tx_activation,full,2,0,71,157.5,86.5,27.57716447,17.74897942,40.73646992,22.9874905,7.129390622,46,10,79.5,72,66,91.5
S005093,sobol_AB_tx_activation,full,2,0,42,57,15,1.414213562,13.5546347,16.82567293,3.271038227,1.419766094,46,9.5,6,13.5,23.5,33.5
S005094,sobol_AB_tx_activation,full,2,0,74.5,104,29.5,3.535533906,40.62925395,48.34983749,7.720583548,1.423553165,30,7.5,35.5,45,46,58
S005095,sobol_AB_tx_activation,full,2,0,45.5,73,27.5,12.02081528,19.33185944,25.84530275,6.513443307,0.3245931315,49,10,5.5,11,17,56
S005096,sobol_AB_tx_activation,full,2,0,79,101.5,22.5,9.192388155,25.35165904,39.21532191,13.86366288,0.8126574981,43,12,11,28,43,58.5
S005097,sobol_AB_tx_activation,full,2,0,69,110.5,41.5,24.74873734,26.80957458,35.97342922,9.163854637,3.038107881,32.5,8.5,16.5,33,66.5,44
S005098,sobol_AB_tx_activation,full,2,0,67.5,113.5,46,0,33.52384817,58.6138973,25.09004914,0.3106827549,43,7.5,18.5,24,37.5,76
S005099,sobol_AB_tx_activation,full,2,0,161.5,207.5,46,45.254834,24.87319792,34.95337012,10.08017219,0.6198326101,23.5,11.5,41.5,46,122,85.5
S005100,sobol_AB_tx_activation,full,2,0,70,85,15,7.071067812,35.81344142,46.01275862,10.1993172,0.9867110159,43.5,11.5,11,24,14.5,70.5
S005101,sobol_AB_tx_activation,full,2,0,63,81.5,18.5,0.7071067812,24.02889125,46.11877286,22.08988162,5.057160451,33,17.5,16,30.5,24.5,57
S005102,sobol_AB_tx_activation,full,2,0,109.5,172.5,63,5.656854249,55.42216614,87.29458149,31.87241536,6.399613906,29.5,13.5,37.5,47,63,109.5
S005103,sobol_AB_tx_activation,full,2,0,213,231,18,7.071067812,94.5857814,98.24802055,3.662239141,6.790151178,35.5,14.5,34.5,59.5,89,142
S005104,sobol_AB_tx_activation,full,2,0,68,105,37,12.72792206,46.35494657,68.68461693,22.32967037,3.851054128,30.5,7,16,11,19.5,85.5
S005105,sobol_AB_tx_activation,full,2,0,75.5,93.5,18,5.656854249,23.35103878,37.35103265,13.99999387,5.2111732,32,9,5.5,11.5,19.5,74
S005106,sobol_AB_tx_activation,full,2,0,67,71.5,4.5,0.7071067812,42.26011381,47.98328759,5.723173777,1.062714141,40,6.5,18,28.5,11.5,60
S005107,sobol_AB_tx_activation,full,2,0,117,178.5,61.5,41.71930009,54.76748669,77.03307497,22.26558828,14.63240142,37,8,20,39,81.5,97
S005108,sobol_AB_tx_activation,full,2,0,52.5,75,22.5,4.949747468,18.64457408,28.3641841,9.719610014,3.194522657,33,11.5,15.5,19,34.5,40.5
S005109,sobol_AB_tx_activation,full,2,0,107.5,167.5,60,18.38477631,29.40572989,55.45628123,26.05055135,7.11972335,36,14.5,48,34,64,103.5
S005110,sobol_AB_tx_activation,full,2,0,93.5,117.5,24,33.9411255,39.04826846,44.84352694,5.795258477,7.937627015,41,13.5,25,25,42.5,75
S005111,sobol_AB_tx_activation,full,2,0,79.5,83.5,4,8.485281374,28.4420178,27.62338378,-0.8186340179,6.106722384,40,10.5,10,14,35.5,48
S005112,sobol_AB_tx_activation,full,2,0,149,199.5,50.5,12.02081528,54.45471279,73.8867614,19.43204861,3.688257459,26,16,71,59.5,79,120.5
S005113,sobol_AB_tx_activation,full,2,0,120.5,166.5,46,9.899494937,66.24356978,76.12609198,9.882522204,0.06270397735,39,5,105,194,72,94.5
S005114,sobol_AB_tx_activation,full,2,0,77,107.5,30.5,24.74873734,24.11611036,33.2683365,9.152226143,6.619737186,17.5,13,17,29,24.5,83
S005115,sobol_AB_tx_activation,full,2,0,70,88,18,0,33.78578401,41.79971528,8.013931271,1.402690573,41,10,13.5,21,18.5,69.5
S005116,sobol_AB_tx_activation,full,2,0,80.5,132,51.5,3.535533906,15.05249112,28.81762285,13.76513173,0.2624201251,30.5,13.5,34,30,67.5,64.5
S005117,sobol_AB_tx_activation,full,2,0,65.5,121.5,56,21.21320344,35.14563698,53.75769458,18.6120576,2.97890944,38.5,8,151,126.5,56.5,65
S005118,sobol_AB_tx_activation,full,2,0,99,116,17,11.3137085,24.17796169,34.00221549,9.824253795,6.867958713,35,14.5,28,31,34,82
S005119,sobol_AB_tx_activation,full,2,0,82,93.5,11.5,9.192388155,39.64447316,44.50533858,4.860865414,2.910884135,32.5,9,15,33,34,59.5
S005120,sobol_AB_tx_activation,full,2,0,61.5,62,0.5,0.7071067812,20.04695154,19.84602945,-0.2009220958,0.1565105573,36.5,5.5,1,2,11.5,50.5
S005121,sobol_AB_tx_activation,full,2,0,146.5,248.5,102,25.45584412,34.70514018,81.52503268,46.8198925,6.74222004,30,20.5,53,62,73.5,175
S005122,sobol_AB_tx_activation,full,2,0,131,160.5,29.5,27.57716447,82.99025933,103.4973006,20.50704124,16.18103618,38,10,24.5,27,34,126.5
S005123,sobol_AB_tx_activation,full,2,0,82,94,12,16.97056275,31.25181417,34.73610198,3.484287805,5.530603265,28.5,12.5,14.5,16,25.5,68.5
S005124,sobol_AB_tx_activation,full,2,0,88,114,26,22.627417,42.80191381,48.40281558,5.600901768,7.636457443,46.5,6.5,11.5,22.5,40.5,73.5
S005125,sobol_AB_tx_activation,full,2,0,72.5,91.5,19,12.72792206,26.39974152,38.3339442,11.93420268,2.600901447,29,8.5,13,21,29.5,62
S005126,sobol_AB_tx_activation,full,2,0,98,138.5,40.5,12.02081528,52.63394899,92.36782091,39.73387192,0.810144202,28,22,28.5,26.5,27.5,111
S005127,sobol_AB_tx_activation,full,2,0,95.5,133.5,38,18.38477631,23.26637667,45.88797344,22.62159676,1.152802596,28,8.5,12.5,14.5,36.5,97
S005128,sobol_AB_tx_activation,full,2,0,113.5,176,62.5,23.33452378,48.91465481,77.71970783,28.80505302,5.482148682,23.5,12,32.5,39.5,89,87
S005129,sobol_AB_tx_activation,full,2,0,105,139.5,34.5,4.949747468,41.81773381,46.21404622,4.396312409,0.2908494265,23,10.5,22,39.5,28.5,111
S005130,sobol_AB_tx_activation,full,2,0,76.5,91.5,15,1.414213562,17.1949004,22.01552505,4.820624651,0.7943173683,36.5,13,29,20.5,39,52.5
S005131,sobol_AB_tx_activation,full,2,0,137.5,190.5,53,32.52691193,56.5373128,75.08533695,18.54802415,7.426312277,31,12,29,66.5,85.5,105
S005132,sobol_AB_tx_activation,full,2,0,53.5,57.5,4,1.414213562,18.91575131,23.85811753,4.942366216,1.490617555,36,12,7.5,17.5,12.5,45
S005133,sobol_AB_tx_activation,full,2,0,105,90,-15,12.72792206,57.41169768,53.56709371,-3.844603966,2.810798135,31.5,11,10.5,24.5,29,61
S005134,sobol_AB_tx_activation,full,2,0,76.5,90.5,14,4.242640687,25.71353765,33.0090075,7.295469849,0.3242609957,26.5,13.5,34,20.5,35.5,55
S005135,sobol_AB_tx_activation,full,2,0,44,61,17,11.3137085,13.32728682,16.81884208,3.491555258,2.675196975,47.5,11,10,21.5,17,44
S005136,sobol_AB_tx_activation,full,2,0,68,109.5,41.5,3.535533906,31.24797917,56.34101672,25.09303754,1.878319479,37.5,10.5,26,38.5,45,64.5
S005137,sobol_AB_tx_activation,full,2,0,95,88.5,-6.5,6.363961031,30.12149612,33.30062767,3.179131549,1.319683026,37,6,7,10.5,25.5,63
S005138,sobol_AB_tx_activation,full,2,0,66.5,103.5,37,4.242640687,45.79510408,82.71951111,36.92440703,3.879384425,43,7,22.5,25.5,21.5,82
S005139,sobol_AB_tx_activation,full,2,0,61,64,3,2.828427125,30.73936194,44.8591998,14.11983787,5.870071018,15,15.5,8,22,14.5,49.5
S005140,sobol_AB_tx_activation,full,2,0,98,208,110,42.42640687,18.45987836,29.96664748,11.50676912,5.305725579,34.5,14.5,98,112,127,81
S005141,sobol_AB_tx_activation,full,2,0,44.5,60,15.5,3.535533906,22.04758449,28.28171283,6.234128344,2.054639443,41,8,20,15,13.5,46.5
S005142,sobol_AB_tx_activation,full,2,0,51.5,81,29.5,10.60660172,23.05887058,31.5954817,8.536611113,6.094182567,38,8,15.5,31,41,40
S005143,sobol_AB_tx_activation,full,2,0,60.5,105.5,45,15.55634919,19.62828956,32.0275626,12.39927304,2.804451908,33.5,7,16,20.5,50.5,55
S005144,sobol_AB_tx_activation,full,2,0,78.5,109,30.5,12.02081528,21.4109279,33.78634019,12.37541229,0.8697796947,41.5,9,16,63.5,39.5,69.5
S005145,sobol_AB_tx_activation,full,2,0,86,107,21,31.11269837,19.98328798,30.81334744,10.83005946,7.808037993,40.5,5,17.5,25,36,71
S005146,sobol_AB_tx_activation,full,2,0,43,52.5,9.5,12.02081528,21.97967926,27.17259745,5.192918192,4.584371318,22,8,10.5,23,14,38.5
S005147,sobol_AB_tx_activation,full,2,0,85,115.5,30.5,6.363961031,31.64825415,44.83925481,13.19100066,3.012081083,44.5,10,13.5,28,39.5,76
S005148,sobol_AB_tx_activation,full,2,0,60.5,71.5,11,2.828427125,40.90139776,43.21539402,2.31399626,1.274608889,48.5,7.5,17,17.5,13,58.5
S005149,sobol_AB_tx_activation,full,2,0,65.5,90,24.5,3.535533906,30.90018447,52.50414791,21.60396344,3.767882295,38,5.5,14,28.5,20,70
S005150,sobol_AB_tx_activation,full,2,0,73.5,85,11.5,10.60660172,26.17614048,34.54352745,8.367386967,6.03995939,35.5,13.5,14.5,13,39.5,45.5
S005151,sobol_AB_tx_activation,full,2,0,59,69.5,10.5,3.535533906,42.39640834,59.66367376,17.26726543,3.260713708,42.5,5.5,9.5,17,11,58.5
S005152,sobol_AB_tx_activation,full,2,0,106.5,125.5,19,33.9411255,21.32725418,34.20640258,12.8791484,4.324900359,32.5,7,14.5,16.5,60,65.5
S005153,sobol_AB_tx_activation,full,2,0,96,184.5,88.5,19.09188309,24.35621182,34.63670543,10.28049361,3.600308652,48.5,8,106.5,122.5,86.5,98
S005154,sobol_AB_tx_activation,full,2,0,72,100,28,2.828427125,23.16828416,27.31665209,4.148367928,3.713763723,38,17,14.5,33,48,52
S005155,sobol_AB_tx_activation,full,2,0,129,148.5,19.5,4.949747468,70.61398467,73.02299622,2.409011553,3.905545308,40.5,11.5,17.5,27,46,102.5
S005156,sobol_AB_tx_activation,full,2,0,90,103,13,19.79898987,32.24353925,38.84319141,6.599652155,10.73114315,39,11,20.5,41,48.5,54.5
S005157,sobol_AB_tx_activation,full,2,0,51.5,68,16.5,0.7071067812,26.86071378,32.16271623,5.302002455,0.3401968616,40.5,15.5,9,11.5,29.5,38.5
S005158,sobol_AB_tx_activation,full,2,0,190.5,387,196.5,36.06244584,63.91537744,120.5502177,56.63484029,27.53407898,45,12.5,118.5,143,249.5,137.5
S005159,sobol_AB_tx_activation,full,2,0,66,74,8,4.242640687,34.59700247,32.56457911,-2.032423358,3.107524217,26,13.5,18,29,38,36
S005160,sobol_AB_tx_activation,full,2,0,46.5,56.5,10,5.656854249,10.02975996,11.93399989,1.904239929,0.4504252919,33.5,11.5,11,11.5,23,33.5
S005161,sobol_AB_tx_activation,full,2,0,94.5,129.5,35,31.11269837,58.85555685,73.85820205,15.0026452,13.24580857,33,12,21.5,61.5,31.5,98
S005162,sobol_AB_tx_activation,full,2,0,391,495,104,24.04163056,176.7064541,212.1431388,35.43668465,1.552519929,28.5,10.5,196.5,203,161.5,333.5
S005163,sobol_AB_tx_activation,full,2,0,36,46,10,5.656854249,19.76848426,25.6552822,5.886797936,1.303045814,46.5,5,5.5,3.5,18,28
S005164,sobol_AB_tx_activation,full,2,0,109,112,3,0,35.88102265,33.78275904,-2.09826361,0.7010862994,34,12.5,19.5,68.5,38.5,73.5
S005165,sobol_AB_tx_activation,full,2,0,77.5,126.5,49,4.242640687,28.75743587,48.38798606,19.63055019,1.458929092,49.5,6,12.5,16.5,73.5,53
S005166,sobol_AB_tx_activation,full,2,0,54,73.5,19.5,3.535533906,29.41552318,35.77148945,6.355966267,5.941223728,30,9,17.5,26.5,35,38.5
S005167,sobol_AB_tx_activation,full,2,0,80,87.5,7.5,9.192388155,56.43219674,77.4065782,20.97438146,6.957726658,30.5,7.5,2,6,9,78.5
S005168,sobol_AB_tx_activation,full,2,0,68,88.5,20.5,9.192388155,19.87181628,25.74909723,5.877280959,0.3842937219,39.5,12.5,31,44,54,34.5
S005169,sobol_AB_tx_activation,full,2,0,129.5,224.5,95,31.11269837,74.82286712,128.5044708,53.68160367,11.68287318,30,9.5,22.5,73.5,51.5,173
S005170,sobol_AB_tx_activation,full,2,0,57,56,-1,5.656854249,24.71772492,35.24683142,10.5291065,0.113240824,44,4,7,15.5,20.5,35.5
S005171,sobol_AB_tx_activation,full,2,0,41.5,79.5,38,14.14213562,19.64328713,32.0164182,12.37313107,3.852362189,37.5,13.5,28.5,27,40.5,39
S005172,sobol_AB_tx_activation,full,2,0,93,103.5,10.5,20.50609665,21.08051972,24.98575932,3.905239599,8.470690124,28.5,20,28,47.5,67,36.5
S005173,sobol_AB_tx_activation,full,2,0,128.5,199.5,71,29.69848481,46.180409,88.35671608,42.17630707,0.5558930273,33.5,9,27.5,60,108.5,91
S005174,sobol_AB_tx_activation,full,2,0,52,53,1,4.242640687,21.1508284,17.79414822,-3.356680179,0.396210297,27.5,11,5,15.5,23.5,29.5
S005175,sobol_AB_tx_activation,full,2,0,96,185.5,89.5,6.363961031,36.0541397,75.99712533,39.94298563,5.040521392,27,5.5,25,22.5,80.5,105
S005176,sobol_AB_tx_prolif,full,2,0,92.5,104.5,12,1.414213562,49.0953616,58.96346681,9.868105213,0.8264607551,45,6.5,16.5,38.5,23.5,81
S005177,sobol_AB_tx_prolif,full,2,0,69.5,118.5,49,2.828427125,21.28258427,38.71167754,17.42909327,2.906640415,35.5,15.5,33.5,43,50,68.5
S005178,sobol_AB_tx_prolif,full,2,0,75.5,85.5,10,5.656854249,49.0300034,65.66084799,16.6308446,8.533864514,36,10,10.5,34,22,63.5
S005179,sobol_AB_tx_prolif,full,2,0,81.5,107.5,26,5.656854249,41.45427365,50.91423056,9.459956911,0.8887009076,41.5,7,25,26,31,76.5
S005180,sobol_AB_tx_prolif,full,2,0,66,109,43,39.59797975,32.12006424,45.81942746,13.69936322,19.37137245,20,10,15.5,29,44,65
S005181,sobol_AB_tx_prolif,full,2,0,200,336,136,38.18376618,90.27348725,150.4949176,60.22143031,21.7239951,46.5,11,153,174.5,149,187
S005182,sobol_AB_tx_prolif,full,2,0,66.5,89,22.5,19.09188309,35.50052597,51.47878973,15.97826376,7.899302277,35,10,15.5,42,29,60
S005183,sobol_AB_tx_prolif,full,2,0,204.5,273.5,69,5.656854249,59.83362762,77.55384257,17.72021496,7.855359315,27,15.5,64.5,48,169,104.5
S005184,sobol_AB_tx_prolif,full,2,0,55,61.5,6.5,6.363961031,22.6930663,28.17893682,5.485870511,0.7523214298,31,7,12,13.5,12.5,49
S005185,sobol_AB_tx_prolif,full,2,0,99.5,118.5,19,5.656854249,35.94918557,44.50224689,8.553061312,0.0284018818,30.5,14,17,29,55.5,63
S005186,sobol_AB_tx_prolif,full,2,0,113.5,108,-5.5,19.09188309,31.74549813,42.14143567,10.39593754,4.819869501,29.5,14,15,18.5,46.5,61.5
S005187,sobol_AB_tx_prolif,full,2,0,97.5,111,13.5,2.121320344,37.48632598,53.93166824,16.44534226,3.039047284,46,11,11.5,24,26,85
S005188,sobol_AB_tx_prolif,full,2,0,105,89.5,-15.5,34.64823228,30.26667665,24.34898145,-5.9176952,10.63112284,39.5,11,24.5,32,28.5,61
S005189,sobol_AB_tx_prolif,full,2,0,71,102.5,31.5,7.778174593,26.84938314,43.6614588,16.81207567,8.644983926,42,11.5,13,23.5,53.5,49
S005190,sobol_AB_tx_prolif,full,2,0,61.5,68,6.5,0.7071067812,22.8858753,28.46557216,5.579696864,0.6663273851,34.5,10,9.5,28.5,26,42
S005191,sobol_AB_tx_prolif,full,2,0,145.5,144,-1.5,55.86143571,66.96306644,102.2276621,35.26459564,38.38667617,15.5,14.5,50,60,35.5,108.5
S005192,sobol_AB_tx_prolif,full,2,0,68.5,90.5,22,11.3137085,26.5088512,45.94549461,19.43664342,2.792113425,34,9,10,36.5,26,64.5
S005193,sobol_AB_tx_prolif,full,2,0,45.5,79.5,34,2.828427125,26.01747696,41.23827759,15.22080063,1.71615716,40,11.5,12.5,20.5,37,42.5
S005194,sobol_AB_tx_prolif,full,2,0,95.5,146.5,51,14.14213562,21.39448584,35.27762925,13.88314341,3.828421688,26,13.5,16.5,67.5,90,56.5
S005195,sobol_AB_tx_prolif,full,2,0,79,139,60,31.11269837,22.59607483,42.90426094,20.3081861,8.955915325,36,12.5,53.5,63,70,69
S005196,sobol_AB_tx_prolif,full,2,0,57.5,79,21.5,0.7071067812,31.87169405,41.1557017,9.284007651,3.726465716,34.5,21.5,28,48,35.5,43.5
S005197,sobol_AB_tx_prolif,full,2,0,46.5,60.5,14,1.414213562,11.07093109,13.21281387,2.14188278,2.474877729,29,7,17,23,29,31.5
S005198,sobol_AB_tx_prolif,full,2,0,31,36,5,1.414213562,19.61862835,21.03559364,1.416965295,0.7125084262,42,3,0.5,6,8.5,27.5
S005199,sobol_AB_tx_prolif,full,2,0,68,117,49,49.49747468,32.85094593,39.95343901,7.102493077,15.54748212,41.5,5.5,14.5,17,63,54
S005200,sobol_AB_tx_prolif,full,2,0,77,80,3,4.242640687,27.35670648,32.80768563,5.450979151,0.005426979925,40,9.5,11.5,9.5,16,64
S005201,sobol_AB_tx_prolif,full,2,0,72.5,108,35.5,2.121320344,23.59742276,36.35696669,12.75954393,0.196739539,17.5,7.5,28,57,48,60
S005202,sobol_AB_tx_prolif,full,2,0,145.5,211,65.5,30.40559159,33.01659512,57.55417869,24.53758358,8.922874278,36,15.5,47.5,120,104.5,106.5
S005203,sobol_AB_tx_prolif,full,2,0,85,123,38,0,33.6808278,57.93006045,24.24923265,2.936512406,32.5,17,40,53.5,38.5,84.5
S005204,sobol_AB_tx_prolif,full,2,0,62,116,54,16.97056275,29.45725241,56.94548078,27.48822838,4.041487413,38.5,5.5,8,43,48,68
S005205,sobol_AB_tx_prolif,full,2,0,46.5,57,10.5,13.43502884,33.35990173,46.40223944,13.04233771,10.52019293,46.5,6.5,3,6.5,9.5,47.5
S005206,sobol_AB_tx_prolif,full,2,0,111,143.5,32.5,9.192388155,32.07093121,47.35865918,15.28772797,2.841874126,19,9.5,9.5,27.5,33,110.5
S005207,sobol_AB_tx_prolif,full,2,0,83.5,123,39.5,14.8492424,26.783799,47.93623822,21.15243922,9.384819617,19.5,5.5,12.5,30.5,58,65
S005208,sobol_AB_tx_prolif,full,2,0,47,62.5,15.5,4.949747468,17.64595537,21.3868828,3.740927426,2.648470871,43,10,13.5,22.5,23,39.5
S005209,sobol_AB_tx_prolif,full,2,0,111.5,132.5,21,4.242640687,16.1878468,19.7865965,3.598749697,4.058123056,20,9.5,29.5,41,83,49.5
S005210,sobol_AB_tx_prolif,full,2,0,85,82,-3,14.14213562,31.46987159,32.34429642,0.8744248293,4.99213782,21.5,10,7,15.5,21.5,60.5
S005211,sobol_AB_tx_prolif,full,2,0,55.5,115.5,60,11.3137085,29.6615559,52.27420748,22.61265158,10.92702378,48,9,9,23.5,26,89.5
S005212,sobol_AB_tx_prolif,full,2,0,69,82.5,13.5,7.778174593,33.6933254,42.60038919,8.907063784,3.253299731,29.5,7.5,7,40.5,19.5,63
S005213,sobol_AB_tx_prolif,full,2,0,101.5,106,4.5,0.7071067812,56.73156386,73.60174433,16.87018047,2.237570865,24,11.5,7,22,26.5,79.5
S005214,sobol_AB_tx_prolif,full,2,0,76.5,108,31.5,28.99137803,28.23810329,40.64809041,12.40998713,8.266402592,43,14.5,21.5,24,30.5,77.5
S005215,sobol_AB_tx_prolif,full,2,0,54.5,79.5,25,8.485281374,25.73618534,38.67706605,12.94088071,3.872877024,23,10.5,7.5,10,28,51.5
S005216,sobol_AB_tx_prolif,full,2,0,85,90,5,15.55634919,55.31107886,59.93247714,4.621398281,8.229907947,34.5,16,23.5,30,19,71
S005217,sobol_AB_tx_prolif,full,2,0,88.5,124,35.5,2.121320344,23.20389958,32.42369361,9.219794028,0.917276062,30.5,15,16,40.5,55,69
S005218,sobol_AB_tx_prolif,full,2,0,78.5,172.5,94,4.242640687,28.85932094,58.6052811,29.74596016,3.229768111,42.5,13.5,23.5,42.5,80.5,92
S005219,sobol_AB_tx_prolif,full,2,0,74,76.5,2.5,12.02081528,22.69452565,23.64590725,0.9513815964,0.30858632,36.5,9,9.5,14,33,43.5
S005220,sobol_AB_tx_prolif,full,2,0,44.5,80,35.5,6.363961031,13.9200175,22.63413765,8.71412015,0.1105890383,50,7,42,30.5,29,51
S005221,sobol_AB_tx_prolif,full,2,0,42,55,13,2.828427125,13.56647432,16.81547671,3.249002396,2.403507687,47,9.5,7,12.5,21.5,33.5
S005222,sobol_AB_tx_prolif,full,2,0,97,111,14,2.828427125,62.46652275,60.22437074,-2.242152017,1.84997108,33,9,18,37.5,39.5,71.5
S005223,sobol_AB_tx_prolif,full,2,0,47.5,57.5,10,1.414213562,18.84516438,22.75684338,3.911679,0.1588961285,46.5,8.5,2.5,4,8,49.5
S005224,sobol_AB_tx_prolif,full,2,0,83.5,88.5,5,9.899494937,28.19847151,37.33357237,9.135100858,0.0462836552,34,16.5,13,23,32.5,56
S005225,sobol_AB_tx_prolif,full,2,0,77,114,37,19.79898987,29.46932598,40.55963269,11.09030672,7.759112884,24,12,27,48.5,63.5,50.5
S005226,sobol_AB_tx_prolif,full,2,0,88,119,31,1.414213562,31.83254868,55.50595545,23.67340677,0.6031485076,37.5,6.5,28,31.5,44,75
S005227,sobol_AB_tx_prolif,full,2,0,186,270.5,84.5,31.81980515,25.57413913,42.14922511,16.57508598,2.785165937,25.5,11.5,31,56.5,167,103.5
S005228,sobol_AB_tx_prolif,full,2,0,95,121,26,5.656854249,49.84817306,71.61864594,21.77047288,6.623172293,44,11.5,25,38,19.5,101.5
S005229,sobol_AB_tx_prolif,full,2,0,70,83,13,5.656854249,25.35082633,42.8061912,17.45536487,2.750968925,29,12,2.5,25.5,33.5,49.5
S005230,sobol_AB_tx_prolif,full,2,0,109,180,71,41.01219331,55.84492585,90.76240076,34.91747491,7.333873446,31,15.5,44.5,34,64,116
S005231,sobol_AB_tx_prolif,full,2,0,160,196,36,4.242640687,81.05806549,84.01637086,2.958305375,7.574175503,34,12.5,26,54.5,77,119
S005232,sobol_AB_tx_prolif,full,2,0,73,126,53,7.071067812,46.41051335,74.90194926,28.49143591,3.106587835,31.5,7.5,24.5,17.5,30,96
S005233,sobol_AB_tx_prolif,full,2,0,78,104,26,14.14213562,25.16883261,40.1726752,15.0038426,6.352388199,30.5,11.5,7,14.5,23.5,80.5
S005234,sobol_AB_tx_prolif,full,2,0,72,81.5,9.5,3.535533906,46.12758106,58.08944552,11.96186447,1.79044926,37.5,3,14,22.5,10,71.5
S005235,sobol_AB_tx_prolif,full,2,0,126,235.5,109.5,36.06244584,59.4237364,100.2854859,40.86174949,16.36854311,36,10.5,35,58,116,119.5
S005236,sobol_AB_tx_prolif,full,2,0,46,69.5,23.5,2.121320344,14.99019268,26.30572737,11.31553469,3.056405923,40,5.5,18.5,17,32.5,37
S005237,sobol_AB_tx_prolif,full,2,0,115,177,62,8.485281374,30.76608735,54.13849177,23.37240441,0.9952290228,39,13,33,37,76.5,100.5
S005238,sobol_AB_tx_prolif,full,2,0,121.5,141,19.5,0.7071067812,58.12010385,60.29828835,2.1781845,4.097599426,41.5,10.5,31,25.5,45.5,95.5
S005239,sobol_AB_tx_prolif,full,2,0,67.5,77.5,10,7.071067812,26.97898387,29.04791799,2.068934117,0.4534003001,41,6.5,14.5,17.5,30,47.5
S005240,sobol_AB_tx_prolif,full,2,0,161,199.5,38.5,3.535533906,63.25823866,76.66749003,13.40925137,3.714536949,35.5,14,49.5,40.5,75,124.5
S005241,sobol_AB_tx_prolif,full,2,0,102.5,123.5,21,22.627417,53.54007189,59.15510543,5.61503354,10.60239758,34,10,57.5,103.5,51,72.5
S005242,sobol_AB_tx_prolif,full,2,0,97,140,43,9.899494937,29.5989425,39.01538394,9.416441434,3.497886578,28,11,40.5,45.5,45.5,94.5
S005243,sobol_AB_tx_prolif,full,2,0,75,86,11,8.485281374,39.02990993,44.85553243,5.825622499,4.512663324,37.5,12,16,22.5,14.5,71.5
S005244,sobol_AB_tx_prolif,full,2,0,74,94.5,20.5,2.121320344,13.70252813,20.54426311,6.841734978,0.6452991564,33.5,11,12,25.5,48,46.5
S005245,sobol_AB_tx_prolif,full,2,0,96.5,125.5,29,28.28427125,45.38718765,64.91037223,19.52318457,20.90077918,31.5,14,72,82.5,45.5,80
S005246,sobol_AB_tx_prolif,full,2,0,81,117,36,5.656854249,21.51046397,32.37538887,10.8649249,0.4205972519,36.5,14.5,21,32.5,35,82
S005247,sobol_AB_tx_prolif,full,2,0,88,126,38,12.72792206,47.62548968,57.61730549,9.99181582,7.817140239,38.5,12,23,49,44,82
S005248,sobol_AB_tx_prolif,full,2,0,58.5,78.5,20,8.485281374,21.6571718,27.74768007,6.090508271,3.835084748,33.5,7,2,7.5,8,70.5
S005249,sobol_AB_tx_prolif,full,2,0,156.5,172.5,16,15.55634919,37.74606722,56.85439578,19.10832856,6.773542874,32,16,28.5,34.5,48,124.5
S005250,sobol_AB_tx_prolif,full,2,0,123,111.5,-11.5,27.57716447,69.54450847,65.80839965,-3.736108821,16.31105919,35.5,9.5,13,20,28,83.5
S005251,sobol_AB_tx_prolif,full,2,0,90.5,113,22.5,10.60660172,37.06278614,42.33196602,5.269179883,1.301509411,26.5,13,19,23,30,83
S005252,sobol_AB_tx_prolif,full,2,0,108.5,146,37.5,4.949747468,49.10223744,51.78492513,2.682687696,6.821173855,44.5,11.5,28,44.5,67,79
S005253,sobol_AB_tx_prolif,full,2,0,86,107,21,2.828427125,39.17728987,54.77541719,15.59812732,1.865183533,32.5,7,18.5,27.5,27.5,79.5
S005254,sobol_AB_tx_prolif,full,2,0,98,125.5,27.5,6.363961031,50.40432049,83.64450744,33.24018695,15.68906395,24,23.5,24,25.5,23,102.5
S005255,sobol_AB_tx_prolif,full,2,0,89.5,122.5,33,9.899494937,26.02836946,42.66644847,16.63807901,1.303621041,30.5,9,6,18,30,92.5
S005256,sobol_AB_tx_prolif,full,2,0,146,165,19,1.414213562,59.3258664,77.19255228,17.86668589,6.651068144,24.5,9.5,13,26.5,77.5,87.5
S005257,sobol_AB_tx_prolif,full,2,0,123.5,129.5,6,14.14213562,41.33073194,40.69101099,-0.6397209549,6.636586004,17.5,10,16,25.5,30,99.5
S005258,sobol_AB_tx_prolif,full,2,0,55,77.5,22.5,10.60660172,15.61149086,23.10657609,7.495085235,2.62689137,38,13.5,18,18.5,26,51.5
S005259,sobol_AB_tx_prolif,full,2,0,97.5,138.5,41,11.3137085,40.17609879,51.33120457,11.15510577,4.355322527,32.5,13.5,25.5,50.5,63.5,75
S005260,sobol_AB_tx_prolif,full,2,0,61.5,72,10.5,2.121320344,19.32721958,27.04356456,7.716344981,2.18329272,35.5,11.5,5.5,16.5,18,54
S005261,sobol_AB_tx_prolif,full,2,0,91.5,86,-5.5,16.26345597,54.32274376,50.01126759,-4.311476171,5.832121291,32.5,9,3.5,11,27.5,58.5
S005262,sobol_AB_tx_prolif,full,2,0,69,98,29,18.38477631,27.35628968,41.78986895,14.43357928,9.499429288,27,12,22,17,28,70
S005263,sobol_AB_tx_prolif,full,2,0,49.5,85,35.5,23.33452378,14.93068478,22.91420125,7.983516464,6.420742861,45,9.5,11.5,41,28,57
S005264,sobol_AB_tx_prolif,full,2,0,75.5,81.5,6,15.55634919,37.978927,49.61641547,11.63748847,8.171292315,33,12,15,16,25.5,56
S005265,sobol_AB_tx_prolif,full,2,0,88.5,100.5,12,2.828427125,31.58493525,37.13809668,5.553161427,0.7731586244,42.5,4.5,7,15.5,32,68.5
S005266,sobol_AB_tx_prolif,full,2,0,89,152.5,63.5,37.4766594,54.63500303,113.5308344,58.89583135,28.50294526,34.5,11.5,52,53,42,110.5
S005267,sobol_AB_tx_prolif,full,2,0,63,62,-1,0,32.8852356,44.94206523,12.05682963,0.5516945557,22,13,9.5,16,14.5,47.5
S005268,sobol_AB_tx_prolif,full,2,0,116,151.5,35.5,13.43502884,17.20054312,21.63305655,4.43251343,2.202676384,33.5,12.5,34,54.5,91.5,60
S005269,sobol_AB_tx_prolif,full,2,0,48,60,12,2.828427125,23.7942939,26.17149197,2.377198069,5.139991229,35.5,11.5,11.5,22,16,44
S005270,sobol_AB_tx_prolif,full,2,0,47,55.5,8.5,7.778174593,20.12154464,26.7013882,6.579843563,5.933078478,32.5,8.5,16.5,29,21,34.5
S005271,sobol_AB_tx_prolif,full,2,0,71.5,78,6.5,10.60660172,23.19923919,27.81762993,4.618390735,1.215425474,37,5,11.5,7.5,28,50
S005272,sobol_AB_tx_prolif,full,2,0,76.5,104.5,28,18.38477631,21.9167691,33.8360235,11.9192544,1.32991878,43,12,25,61,35.5,69
S005273,sobol_AB_tx_prolif,full,2,0,91.5,185.5,94,2.828427125,19.82367239,42.2705321,22.44685971,1.61130833,36,6.5,83,85,89.5,96
S005274,sobol_AB_tx_prolif,full,2,0,46.5,56.5,10,9.899494937,23.84124743,30.38020437,6.53895694,0.4568268932,18.5,9.5,22.5,39.5,18,38.5
S005275,sobol_AB_tx_prolif,full,2,0,79.5,136.5,57,4.242640687,26.74968988,46.3552329,19.60554303,4.118530986,37,18,23,42.5,52.5,84
S005276,sobol_AB_tx_prolif,full,2,0,76,90,14,2.828427125,49.39076759,49.78843236,0.3976647752,0.1260015535,43,11,7,22,22.5,67.5
S005277,sobol_AB_tx_prolif,full,2,0,76,111.5,35.5,30.40559159,35.89162435,65.77978786,29.88816351,17.51689861,34,8.5,21.5,35,26.5,85
S005278,sobol_AB_tx_prolif,full,2,0,57.5,71.5,14,9.899494937,21.54258697,30.90651928,9.363932307,1.971281121,41.5,11,6.5,12,31,40.5
S005279,sobol_AB_tx_prolif,full,2,0,64,70.5,6.5,3.535533906,46.58452931,65.68331801,19.0987887,0.5857811663,45.5,5,8.5,17.5,9,61.5
S005280,sobol_AB_tx_prolif,full,2,0,104,108,4,7.071067812,25.21519825,30.4473179,5.232119657,1.902316692,41,7,15,13.5,51.5,56.5
S005281,sobol_AB_tx_prolif,full,2,0,88,154,66,12.72792206,21.31306942,30.87914922,9.566079798,0.7482319901,44,11.5,44,80,69.5,84.5
S005282,sobol_AB_tx_prolif,full,2,0,58,72.5,14.5,3.535533906,17.92711716,21.62660085,3.699483687,3.833890449,37.5,15,11,28.5,30,42.5
S005283,sobol_AB_tx_prolif,full,2,0,134.5,167,32.5,0.7071067812,79.54987594,83.11181159,3.561935651,2.262532888,42.5,11.5,19,30.5,51,116
S005284,sobol_AB_tx_prolif,full,2,0,102.5,106.5,4,12.72792206,35.46434226,43.15146875,7.687126492,1.096154588,41,8,12.5,25,43.5,63
S005285,sobol_AB_tx_prolif,full,2,0,57.5,77,19.5,12.02081528,25.77599734,31.76762617,5.991628828,6.144303093,43,12,3.5,7.5,37.5,39.5
S005286,sobol_AB_tx_prolif,full,2,0,274,530,256,52.32590181,77.05434627,148.5393476,71.48500131,4.655694699,49,6,172,183.5,358.5,171.5
S005287,sobol_AB_tx_prolif,full,2,0,58.5,60.5,2,2.828427125,30.11566736,30.05751542,-0.05815194056,1.700817041,27,10.5,18.5,22.5,27,33.5
S005288,sobol_AB_tx_prolif,full,2,0,50.5,54,3.5,10.60660172,11.49044152,13.6926606,2.202219085,1.044875033,33,9.5,7.5,13,17,37
S005289,sobol_AB_tx_prolif,full,2,0,91.5,123,31.5,10.60660172,55.84933222,70.47237127,14.62303905,10.27688735,35,11,15.5,41,30,93
S005290,sobol_AB_tx_prolif,full,2,0,382.5,385,2.5,105.3589104,167.0385874,169.3433734,2.30478606,45.7380541,20.5,13,97.5,115,122.5,262.5
S005291,sobol_AB_tx_prolif,full,2,0,38.5,42.5,4,1.414213562,25.48893454,30.80993017,5.320995626,3.319143397,37.5,7,6,8.5,9,33.5
S005292,sobol_AB_tx_prolif,full,2,0,117.5,169,51.5,3.535533906,38.56173831,45.06531868,6.503580372,5.875114127,30.5,16,50.5,137.5,65.5,103.5
S005293,sobol_AB_tx_prolif,full,2,0,58.5,96.5,38,8.485281374,24.72739932,32.71114412,7.983744804,3.235037036,42,9.5,22,28,60,36.5
S005294,sobol_AB_tx_prolif,full,2,0,52,64,12,0,28.06665613,34.08361598,6.016959846,4.546502868,30,11,10.5,16.5,25,39
S005295,sobol_AB_tx_prolif,full,2,0,111,141.5,30.5,12.02081528,74.81629106,116.8251231,42.00883209,12.72161702,31.5,11,8.5,17.5,27.5,114
S005296,sobol_AB_tx_prolif,full,2,0,98,96.5,-1.5,3.535533906,30.39722847,35.37382347,4.976595001,0.4581889688,28.5,10.5,17,27.5,49.5,47
S005297,sobol_AB_tx_prolif,full,2,0,126.5,152.5,26,15.55634919,68.59833471,84.23203993,15.63370522,8.577285061,34.5,10.5,12.5,41,36,116.5
S005298,sobol_AB_tx_prolif,full,2,0,56,73,17,0,22.86357179,33.73393902,10.87036723,3.209148014,45.5,3.5,4.5,24,38,35
S005299,sobol_AB_tx_prolif,full,2,0,30.5,53.5,23,15.55634919,13.80609352,28.5970235,14.79092999,6.46833386,39.5,13,17,21,18,35.5
S005300,sobol_AB_tx_prolif,full,2,0,84,129.5,45.5,12.02081528,21.32014814,33.94352769,12.62337955,13.75150496,38,13.5,26.5,50,80.5,49
S005301,sobol_AB_tx_prolif,full,2,0,111,147,36,0,36.33731355,61.0464645,24.70915095,6.124980223,30.5,14,16.5,33,80.5,66.5
S005302,sobol_AB_tx_prolif,full,2,0,55.5,74,18.5,23.33452378,17.92028548,20.76875782,2.848472338,3.855846517,26,9.5,8,24,39,35
S005303,sobol_AB_tx_prolif,full,2,0,87.5,124.5,37,1.414213562,37.37640027,51.61170318,14.23530292,5.880150002,25,13,23,21,54,70.5
S005304,sobol_AB_tx_maturation,full,2,0,79.5,114.5,35,33.9411255,44.26667864,61.20854216,16.94186352,13.94218271,41.5,9,21,26,28.5,86
S005305,sobol_AB_tx_maturation,full,2,0,99,143.5,44.5,9.192388155,28.42071488,50.00360302,21.58288814,1.854565973,32.5,11,45,70,55,88.5
S005306,sobol_AB_tx_maturation,full,2,0,82.5,80,-2.5,24.74873734,54.50474219,63.71934023,9.214598042,14.55676735,33.5,7.5,12,33,16.5,63.5
S005307,sobol_AB_tx_maturation,full,2,0,57,70,13,11.3137085,37.47460459,37.7490917,0.274487116,2.541372284,45,7,27.5,11,16.5,53.5
S005308,sobol_AB_tx_maturation,full,2,0,78.5,99.5,21,14.14213562,35.51897723,37.65302389,2.134046662,1.501965694,19.5,7,11,31,47.5,52
S005309,sobol_AB_tx_maturation,full,2,0,198,201.5,3.5,3.535533906,79.4543057,86.44827998,6.993974279,0.4761717157,43,13,99.5,114.5,95,106.5
S005310,sobol_AB_tx_maturation,full,2,0,63,97,34,1.414213562,34.13633459,52.87357024,18.73723565,4.095011632,35,9.5,21.5,35.5,36,61
S005311,sobol_AB_tx_maturation,full,2,0,208.5,234,25.5,27.57716447,66.05195961,74.12968311,8.077723499,9.537941456,28,16.5,55.5,75.5,135.5,98.5
S005312,sobol_AB_tx_maturation,full,2,0,45.5,54,8.5,0.7071067812,19.5094406,25.3981453,5.888704702,2.071411206,27,6,5,10,9,45
S005313,sobol_AB_tx_maturation,full,2,0,106,128.5,22.5,7.778174593,36.80910143,43.29560317,6.486501745,3.859498555,26.5,14,20,37.5,66.5,62
S005314,sobol_AB_tx_maturation,full,2,0,113,122,9,1.414213562,31.75607558,44.47521667,12.71914109,0.5994080795,30,11,10,19.5,57.5,64.5
S005315,sobol_AB_tx_maturation,full,2,0,81,101.5,20.5,12.02081528,34.80775743,51.73077181,16.92301438,2.81666764,44,8.5,11,29,20,81.5
S005316,sobol_AB_tx_maturation,full,2,0,83.5,122.5,39,35.35533906,23.95966541,32.04024364,8.080578227,8.319585521,43.5,9.5,37,35,38.5,84
S005317,sobol_AB_tx_maturation,full,2,0,88,89,1,4.242640687,33.33323867,40.8303928,7.497154133,3.966751623,40,10.5,9.5,15.5,41.5,47.5
S005318,sobol_AB_tx_maturation,full,2,0,66.5,109,42.5,7.778174593,21.10029165,38.23842122,17.13812957,1.797753699,36.5,16,21,49,53.5,55.5
S005319,sobol_AB_tx_maturation,full,2,0,136,135,-1,9.899494937,71.67192495,98.92277036,27.25084541,1.567202905,19.5,12,25,30,25.5,109.5
S005320,sobol_AB_tx_maturation,full,2,0,62,76,14,12.72792206,24.84273966,38.88540786,14.0426682,6.263368574,30.5,14.5,15.5,27,20.5,55.5
S005321,sobol_AB_tx_maturation,full,2,0,53,77,24,7.071067812,34.09181464,46.76984838,12.67803374,2.513586041,48,8.5,15,12.5,28.5,48.5
S005322,sobol_AB_tx_maturation,full,2,0,83.5,160.5,77,22.627417,28.80801323,42.7024144,13.89440117,3.380016101,22.5,18,22,47,92,68.5
S005323,sobol_AB_tx_maturation,full,2,0,75,116.5,41.5,7.778174593,24.07739758,29.52238612,5.444988545,1.864933351,37.5,15,47.5,63,65,51.5
S005324,sobol_AB_tx_maturation,full,2,0,62.5,81.5,19,2.828427125,29.15040064,39.70320757,10.55280693,0.5107968422,43,16,31.5,31,40.5,41
S005325,sobol_AB_tx_maturation,full,2,0,52.5,69,16.5,4.949747468,11.64259346,16.92729046,5.284697,2.363452802,30,5.5,10,15,29.5,39.5
S005326,sobol_AB_tx_maturation,full,2,0,33.5,37.5,4,0,20.06218922,19.25052757,-0.8116616584,2.209719825,38.5,8,5.5,10.5,11.5,26
S005327,sobol_AB_tx_maturation,full,2,0,59.5,75,15.5,2.121320344,30.58849039,31.69324542,1.104755025,0.4281864608,38,6,10.5,13.5,33,42
S005328,sobol_AB_tx_maturation,full,2,0,76,90.5,14.5,7.778174593,25.69160814,35.97433024,10.2827221,0.8518554935,39,13.5,14.5,12,21.5,69
S005329,sobol_AB_tx_maturation,full,2,0,52,137,85,5.656854249,17.28702162,35.92217911,18.63515749,1.214077747,16.5,8.5,75,102,73,64
S005330,sobol_AB_tx_maturation,full,2,0,133.5,176.5,43,9.899494937,36.55548064,50.83708502,14.28160439,4.737120028,39,16.5,42,72.5,90,86.5
S005331,sobol_AB_tx_maturation,full,2,0,84,134,50,22.627417,36.76011745,66.94428305,30.1841656,18.69213144,31.5,21.5,24.5,52,35.5,98.5
S005332,sobol_AB_tx_maturation,full,2,0,63,99.5,36.5,7.778174593,29.53827847,49.70043445,20.16215598,2.454550747,38,8.5,20,39,40,59.5
S005333,sobol_AB_tx_maturation,full,2,0,43,57.5,14.5,6.363961031,30.11880837,48.38681475,18.26800638,3.051331907,47.5,6,8.5,6.5,8.5,49
S005334,sobol_AB_tx_maturation,full,2,0,83.5,117.5,34,8.485281374,22.12633185,39.3068261,17.18049424,5.68311531,23.5,10,14.5,17.5,30,87.5
S005335,sobol_AB_tx_maturation,full,2,0,88.5,174,85.5,2.121320344,26.43749803,68.61422535,42.17672732,10.24376024,20,7,18.5,28.5,81,93
S005336,sobol_AB_tx_maturation,full,2,0,46,78,32,4.242640687,16.74482951,21.52528302,4.78045351,1.36292296,34.5,13,19.5,31,37,41
S005337,sobol_AB_tx_maturation,full,2,0,116.5,141,24.5,6.363961031,18.65908156,19.63487457,0.9757930073,2.732018009,19,9.5,18.5,33,92,49
S005338,sobol_AB_tx_maturation,full,2,0,58.5,74.5,16,9.899494937,24.32390116,29.67298661,5.349085457,2.047685858,21.5,6.5,5,12.5,20.5,54
S005339,sobol_AB_tx_maturation,full,2,0,79.5,99,19.5,6.363961031,40.44285271,45.01941201,4.576559296,1.99213501,43,11,10,36,22.5,76.5
S005340,sobol_AB_tx_maturation,full,2,0,66.5,80.5,14,2.828427125,29.77294212,40.86485847,11.09191635,0.2305772388,23.5,13.5,14.5,45,18.5,62
S005341,sobol_AB_tx_maturation,full,2,0,107,129.5,22.5,14.8492424,56.77432732,85.30274051,28.52841319,0.4022347223,21.5,9.5,13,16,41.5,88
S005342,sobol_AB_tx_maturation,full,2,0,96,112,16,21.21320344,35.61834476,48.14670037,12.52835561,4.832674439,41.5,11,16.5,14.5,26,86
S005343,sobol_AB_tx_maturation,full,2,0,70.5,72.5,2,5.656854249,27.70732804,35.58184638,7.874518332,1.039841128,26.5,8,7.5,11,25,47.5
S005344,sobol_AB_tx_maturation,full,2,0,92,198.5,106.5,20.50609665,52.16829257,121.1017174,68.93342486,2.324226319,39,11,30,41,62,136.5
S005345,sobol_AB_tx_maturation,full,2,0,88,127.5,39.5,6.363961031,24.97123336,32.82343678,7.85220342,3.117699391,34.5,11.5,38,51,59.5,68
S005346,sobol_AB_tx_maturation,full,2,0,73,97.5,24.5,4.949747468,25.8423548,34.84026084,8.997906034,1.931712937,41.5,13.5,12,31.5,42,55.5
S005347,sobol_AB_tx_maturation,full,2,0,63.5,75.5,12,5.656854249,18.95739455,25.92248206,6.965087509,1.882539414,31.5,9.5,20.5,9,26,49.5
S005348,sobol_AB_tx_maturation,full,2,0,59.5,118,58.5,16.26345597,16.72843894,30.69410193,13.96566298,1.78842679,51.5,5.5,34.5,38.5,47.5,70.5
S005349,sobol_AB_tx_maturation,full,2,0,50,56,6,8.485281374,15.71350787,20.30782229,4.594314419,0.1388757056,47,8.5,6.5,13,17,39
S005350,sobol_AB_tx_maturation,full,2,0,68.5,128.5,60,22.627417,41.56112281,56.06134799,14.50022518,15.77103391,32,12.5,42,57.5,61.5,67
S005351,sobol_AB_tx_maturation,full,2,0,64.5,76,11.5,3.535533906,26.18998979,30.26818092,4.078191132,1.961944034,45.5,11,7.5,16,12,64
S005352,sobol_AB_tx_maturation,full,2,0,81.5,99,17.5,13.43502884,28.61967736,38.59407578,9.974398416,5.754266383,40,10.5,10.5,17,38.5,60.5
S005353,sobol_AB_tx_maturation,full,2,0,83.5,120,36.5,27.57716447,34.47145048,42.4548904,7.983439916,12.12168677,30.5,13,26,32.5,68.5,51.5
S005354,sobol_AB_tx_maturation,full,2,0,79.5,102,22.5,31.81980515,33.06638602,55.57484823,22.50846221,19.52192692,39,9,17.5,23.5,31,71
S005355,sobol_AB_tx_maturation,full,2,0,204,215,11,2.828427125,29.73222964,41.54940554,11.8171759,1.725459309,18.5,12,35.5,28,113,102
S005356,sobol_AB_tx_maturation,full,2,0,81,76,-5,14.14213562,41.92276626,44.37223493,2.449468665,11.28005634,44.5,11,12,29.5,13,63
S005357,sobol_AB_tx_maturation,full,2,0,60.5,81.5,21,11.3137085,22.40444123,39.85131663,17.4468754,8.6801345,40.5,13.5,7,26.5,33.5,48
S005358,sobol_AB_tx_maturation,full,2,0,105,175.5,70.5,0.7071067812,50.85977451,85.02602926,34.16625474,0.4814472595,28.5,13,27.5,38.5,66,109.5
S005359,sobol_AB_tx_maturation,full,2,0,180.5,200.5,20,2.828427125,86.19579584,88.58076175,2.384965902,1.246879377,31.5,14,18,46,76,124.5
S005360,sobol_AB_tx_maturation,full,2,0,74.5,106.5,32,15.55634919,49.03536491,66.6820258,17.6466609,10.48690353,24.5,7,13,15,22.5,84
S005361,sobol_AB_tx_maturation,full,2,0,75.5,99.5,24,8.485281374,22.37572063,36.6662407,14.29052007,2.205685747,28.5,16.5,13,15.5,23.5,76
S005362,sobol_AB_tx_maturation,full,2,0,74,99,25,5.656854249,49.76647222,63.73541319,13.96894097,4.353605044,43,5.5,12.5,25,21.5,77.5
S005363,sobol_AB_tx_maturation,full,2,0,136,299.5,163.5,20.50609665,55.87556678,105.7510532,49.87548639,10.05312771,35,10.5,35.5,72.5,171.5,128
S005364,sobol_AB_tx_maturation,full,2,0,45,57.5,12.5,7.778174593,17.87186324,22.32972299,4.457859749,1.822579092,32,10,17,20,24.5,33
S005365,sobol_AB_tx_maturation,full,2,0,137,187,50,4.242640687,35.43924845,64.44318147,29.00393301,4.830611479,32,18,53.5,46.5,68.5,118.5
S005366,sobol_AB_tx_maturation,full,2,0,114.5,131,16.5,4.949747468,51.44983163,52.84929056,1.399458926,4.652481538,43,12.5,27,31,47.5,83.5
S005367,sobol_AB_tx_maturation,full,2,0,59,67,8,2.828427125,23.42648809,25.1258087,1.6993206,3.411089131,33.5,11.5,15.5,15.5,26,41
S005368,sobol_AB_tx_maturation,full,2,0,125,160.5,35.5,20.50609665,55.80371266,63.62666348,7.822950817,0.891141951,35,13.5,48,40.5,57.5,103
S005369,sobol_AB_tx_maturation,full,2,0,91.5,161.5,70,29.69848481,41.13595506,67.44902369,26.31306863,26.08311337,33.5,11.5,172,278,77.5,84
S005370,sobol_AB_tx_maturation,full,2,0,106,118,12,11.3137085,32.74212201,38.10092914,5.358807131,4.198632769,21,10.5,19.5,22,26.5,91.5
S005371,sobol_AB_tx_maturation,full,2,0,71,84,13,5.656854249,33.38448933,40.92213073,7.537641401,1.68737359,43.5,8,11.5,20.5,16.5,67.5
S005372,sobol_AB_tx_maturation,full,2,0,94,139.5,45.5,26.1629509,20.65958074,30.87960651,10.22002577,0.1897132359,34,7.5,17,30,72,67.5
S005373,sobol_AB_tx_maturation,full,2,0,91.5,156,64.5,65.76093065,40.6423093,69.11481353,28.47250423,26.81969283,36,8,130,77,71,85
S005374,sobol_AB_tx_maturation,full,2,0,98,122.5,24.5,7.778174593,24.70693071,37.44488476,12.73795405,3.584220726,38.5,12.5,19,30.5,32,90.5
S005375,sobol_AB_tx_maturation,full,2,0,103,118,15,2.828427125,48.91516896,53.36436099,4.449192033,0.8600694937,29.5,16.5,24.5,41,41,77
S005376,sobol_AB_tx_maturation,full,2,0,51,55.5,4.5,4.949747468,19.41380038,19.52599901,0.1121986329,0.6605619104,34,7,3.5,9,5.5,50
S005377,sobol_AB_tx_maturation,full,2,0,161.5,201,39.5,20.50609665,38.53720058,64.46677277,25.92957219,8.722859825,35,18.5,48,70,63,138
S005378,sobol_AB_tx_maturation,full,2,0,145,162,17,18.38477631,90.73284013,102.7250692,11.99222909,6.700384201,36.5,8.5,15.5,29.5,33.5,128.5
S005379,sobol_AB_tx_maturation,full,2,0,73,89.5,16.5,19.09188309,29.96376522,33.877373,3.913607771,8.312687813,24,8.5,15,20,21,68.5
S005380,sobol_AB_tx_maturation,full,2,0,91,137.5,46.5,3.535533906,44.65874911,55.91380196,11.25505285,5.52876706,51.5,7.5,8,38,55,82.5
S005381,sobol_AB_tx_maturation,full,2,0,74,79,5,12.72792206,32.71054838,37.36857916,4.658030789,4.175485197,36,6,9.5,23,19,60
S005382,sobol_AB_tx_maturation,full,2,0,115.5,130,14.5,3.535533906,60.51309151,85.40046634,24.88737483,1.723972206,27.5,19.5,31,46.5,27.5,102.5
S005383,sobol_AB_tx_maturation,full,2,0,74.5,113,38.5,6.363961031,19.77051965,38.22795561,18.45743595,5.407751099,28.5,9,7.5,21,29.5,83.5
S005384,sobol_AB_tx_maturation,full,2,0,130.5,183.5,53,8.485281374,54.0284943,87.62421787,33.59572357,5.376446207,28,7.5,23.5,31,88,95.5
S005385,sobol_AB_tx_maturation,full,2,0,113,149,36,9.899494937,42.16925855,47.70040941,5.531150868,1.275308535,23.5,8,18,41,36.5,112.5
S005386,sobol_AB_tx_maturation,full,2,0,50,89,39,12.72792206,15.00187146,25.97632866,10.9744572,1.873435685,37.5,11,26,19,33,56
S005387,sobol_AB_tx_maturation,full,2,0,103.5,209.5,106,12.72792206,47.97655314,77.01257127,29.03601813,1.134047612,34.5,14,42,53,100,109.5
S005388,sobol_AB_tx_maturation,full,2,0,57,56.5,-0.5,2.121320344,18.55480155,22.65132139,4.096519844,1.341766676,40.5,9,7.5,19.5,11,45.5
S005389,sobol_AB_tx_maturation,full,2,0,76,71,-5,33.9411255,43.54898742,43.00545304,-0.543534378,11.49129618,29,11.5,7,10,22,49
S005390,sobol_AB_tx_maturation,full,2,0,91.5,120,28.5,10.60660172,31.83098251,47.49599556,15.66501305,4.911246843,28.5,9,27,20.5,39.5,80.5
S005391,sobol_AB_tx_maturation,full,2,0,65,100.5,35.5,0.7071067812,19.27318835,31.49194795,12.21875959,2.937897885,43.5,9.5,7,19,22,78.5
S005392,sobol_AB_tx_maturation,full,2,0,71.5,113.5,42,5.656854249,30.36326395,62.88432443,32.52106048,2.111811497,40.5,11.5,12,16.5,44.5,69
S005393,sobol_AB_tx_maturation,full,2,0,91.5,120.5,29,1.414213562,31.6394442,46.4811495,14.8417053,2.368430122,35.5,6.5,14,17,37,83.5
S005394,sobol_AB_tx_maturation,full,2,0,73.5,129.5,56,21.21320344,43.58676554,95.28684812,51.70008258,4.417783653,38.5,10,45.5,56,35.5,94
S005395,sobol_AB_tx_maturation,full,2,0,59.5,53.5,-6,14.14213562,29.95124378,37.47479591,7.523552138,5.747199026,22.5,9.5,3.5,16,12.5,41
S005396,sobol_AB_tx_maturation,full,2,0,84.5,162.5,78,8.485281374,14.23124834,21.12967736,6.898429018,4.649437623,34,11.5,60,90.5,105,57.5
S005397,sobol_AB_tx_maturation,full,2,0,39.5,63,23.5,6.363961031,17.31807878,24.49577891,7.17770013,4.869667848,39,11.5,12.5,23.5,22.5,40.5
S005398,sobol_AB_tx_maturation,full,2,0,53,80,27,1.414213562,23.72590337,35.99540738,12.26950402,1.996721986,28.5,8,24,36.5,34,46
S005399,sobol_AB_tx_maturation,full,2,0,70,93,23,7.071067812,21.19509635,28.51136907,7.31627272,3.977793922,35,7.5,16.5,18,41,52
S005400,sobol_AB_tx_maturation,full,2,0,60,89.5,29.5,12.02081528,16.79012147,25.37756257,8.587441102,2.276216612,45,8,27.5,42.5,37,52.5
S005401,sobol_AB_tx_maturation,full,2,0,123.5,141.5,18,7.071067812,28.17875747,38.97258785,10.79383038,1.291053781,34.5,8,19.5,20.5,52.5,89
S005402,sobol_AB_tx_maturation,full,2,0,48.5,61.5,13,1.414213562,21.70383869,27.08162768,5.37778899,3.905419564,21.5,9.5,28.5,43.5,22.5,39
S005403,sobol_AB_tx_maturation,full,2,0,86.5,109,22.5,14.8492424,29.02125515,38.37673968,9.355484534,2.064472496,38.5,14.5,29.5,52,38,71
S005404,sobol_AB_tx_maturation,full,2,0,79.5,97.5,18,4.242640687,52.02536413,55.06608965,3.040725522,1.1397707,40,13,18,21.5,22.5,75
S005405,sobol_AB_tx_maturation,full,2,0,100,137,37,2.828427125,49.04223515,82.91222885,33.8699937,4.345517863,32,11,14,40,31.5,105.5
S005406,sobol_AB_tx_maturation,full,2,0,61.5,76.5,15,2.828427125,23.35578833,29.18850959,5.832721252,0.3595348215,35.5,12.5,8.5,21,37.5,39
S005407,sobol_AB_tx_maturation,full,2,0,54,69.5,15.5,24.74873734,38.60556966,60.05604133,21.45047167,16.43110566,43,6.5,9,19,11.5,58
S005408,sobol_AB_tx_maturation,full,2,0,110.5,130,19.5,7.778174593,27.85518695,36.59386147,8.738674525,3.108996393,43,5.5,19,20,61,69
S005409,sobol_AB_tx_maturation,full,2,0,88.5,182.5,94,18.38477631,22.58387819,33.82717274,11.24329455,0.713966418,45,5.5,63,74,88,94.5
S005410,sobol_AB_tx_maturation,full,2,0,70.5,107,36.5,0.7071067812,19.79292356,26.86198295,7.069059391,0.8212969894,43.5,13,16,37,54.5,52.5
S005411,sobol_AB_tx_maturation,full,2,0,113,128.5,15.5,10.60660172,65.17178627,66.17880882,1.007022548,0.01616942423,44.5,11,18,21,36.5,92
S005412,sobol_AB_tx_maturation,full,2,0,64,110,46,8.485281374,23.39182737,40.4908597,17.09903233,4.961553041,37.5,18.5,15.5,48,52.5,57.5
S005413,sobol_AB_tx_maturation,full,2,0,60,75.5,15.5,4.949747468,25.83297668,30.89091602,5.057939349,3.776404024,37,16.5,13,28.5,35.5,40
S005414,sobol_AB_tx_maturation,full,2,0,198.5,401.5,203,12.72792206,60.08469459,116.360808,56.2761134,10.44544496,45.5,8.5,150,166,269.5,132
S005415,sobol_AB_tx_maturation,full,2,0,87.5,116.5,29,2.828427125,38.8218105,50.8997812,12.07797071,0.26237594,29.5,12,20,53,61.5,55
S005416,sobol_AB_tx_maturation,full,2,0,43,50,7,7.071067812,9.164830284,12.31189848,3.147068199,2.831105816,36,5.5,2.5,8,16.5,33.5
S005417,sobol_AB_tx_maturation,full,2,0,101,133,32,28.28427125,66.71702234,80.07102495,13.35400261,9.45571772,35.5,13,16.5,87.5,34,99
S005418,sobol_AB_tx_maturation,full,2,0,295.5,387,91.5,17.67766953,133.1204949,156.8545015,23.7340066,8.735384592,23,13.5,179.5,144.5,141,246
S005419,sobol_AB_tx_maturation,full,2,0,37.5,45,7.5,9.192388155,21.28184289,25.44035037,4.158507475,4.799018365,41.5,5.5,7,10.5,17,28
S005420,sobol_AB_tx_maturation,full,2,0,110.5,134.5,24,12.72792206,38.04748488,41.02210959,2.97462471,1.128740648,34,12,34,64,45.5,89
S005421,sobol_AB_tx_maturation,full,2,0,67.5,107.5,40,21.21320344,32.62723058,38.46857547,5.841344891,5.650921816,41,12,20.5,43,64.5,43
S005422,sobol_AB_tx_maturation,full,2,0,55.5,73,17.5,2.121320344,27.51517902,31.82469375,4.30951473,3.304498549,34,9.5,15,22.5,37.5,35.5
S005423,sobol_AB_tx_maturation,full,2,0,96.5,111.5,15,18.38477631,64.2568475,94.43109169,30.17424419,13.02311155,33,7.5,6.5,12,18,93.5
S005424,sobol_AB_tx_maturation,full,2,0,103.5,146.5,43,28.28427125,34.67337874,52.36083889,17.68746014,0.248230365,36,8.5,33,38,78,68.5
S005425,sobol_AB_tx_maturation,full,2,0,122.5,151,28.5,12.02081528,65.42812037,83.61289355,18.18477318,0.9824500115,33,6.5,7.5,39,37,114
S005426,sobol_AB_tx_maturation,full,2,0,53.5,61.5,8,2.828427125,23.54249479,33.67413927,10.13164448,0.8459429004,44.5,3,1.5,8.5,27,34.5
S005427,sobol_AB_tx_maturation,full,2,0,51.5,87.5,36,25.45584412,22.20917466,42.78890084,20.57972618,8.840984024,38,12.5,20.5,29,37.5,50
S005428,sobol_AB_tx_maturation,full,2,0,72,86.5,14.5,6.363961031,19.8248293,24.90519833,5.080369034,0.5549633402,36.5,13.5,16,31.5,51,35.5
S005429,sobol_AB_tx_maturation,full,2,0,106,165,59,11.3137085,43.93661313,76.1711241,32.23451096,13.27574714,27,11,27,27,83,82
S005430,sobol_AB_tx_maturation,full,2,0,55,59,4,7.071067812,16.98927562,17.47912745,0.4898518334,2.172183855,28.5,7.5,10.5,17.5,30,29
S005431,sobol_AB_tx_maturation,full,2,0,77.5,145.5,68,15.55634919,32.43675347,56.01642726,23.5796738,6.947404329,27.5,9,31.5,25.5,68.5,77
S005432,sobol_AB_tx_integration,full,2,0,75.5,98,22.5,16.26345597,37.33449562,54.88979545,17.55529982,15.72373878,49,6.5,8.5,35.5,19,79
S005433,sobol_AB_tx_integration,full,2,0,109.5,210,100.5,51.61879503,31.68898624,67.77065408,36.08166783,9.829774382,29.5,20,50.5,85,94,116
S005434,sobol_AB_tx_integration,full,2,0,63.5,59.5,-4,12.72792206,38.47959869,46.90070072,8.421102032,11.31124789,33.5,6,12,28.5,12,47.5
S005435,sobol_AB_tx_integration,full,2,0,82,85,3,8.485281374,39.71077763,36.59579291,-3.114984716,8.096737553,40,7,20,22.5,24.5,60.5
S005436,sobol_AB_tx_integration,full,2,0,53,68,15,4.242640687,29.19058302,33.22425209,4.03366907,3.131084287,16,10,8,13.5,21,47
S005437,sobol_AB_tx_integration,full,2,0,126,128.5,2.5,3.535533906,56.23190032,63.54529686,7.31339654,1.3582501,48.5,7,52,52,48,80.5
S005438,sobol_AB_tx_integration,full,2,0,67.5,81.5,14,4.242640687,31.97086889,48.23155818,16.26068929,1.531852067,37.5,10,18,31.5,26,55.5
S005439,sobol_AB_tx_integration,full,2,0,205,262,57,50.91168825,63.92113725,97.84576388,33.92462663,11.58808038,30,14.5,63,39,126.5,135.5
S005440,sobol_AB_tx_integration,full,2,0,43.5,46,2.5,16.26345597,18.32868249,21.95054352,3.621861032,5.430783447,32,6.5,7,10,5.5,40.5
S005441,sobol_AB_tx_integration,full,2,0,99.5,127.5,28,1.414213562,34.34430896,36.86565703,2.521348077,1.88551576,34,10,12.5,38,74.5,53
S005442,sobol_AB_tx_integration,full,2,0,128,125,-3,0,33.29868488,45.87556737,12.57688249,2.061235405,27.5,9.5,9,23,62,63
S005443,sobol_AB_tx_integration,full,2,0,91,132.5,41.5,17.67766953,38.45209437,70.61175938,32.15966501,9.065373687,44.5,8.5,18.5,27,22,110.5
S005444,sobol_AB_tx_integration,full,2,0,113.5,193.5,80,87.68124087,33.95112728,48.5013031,14.55017582,17.16198059,44,7,47.5,71.5,73,120.5
S005445,sobol_AB_tx_integration,full,2,0,61.5,80,18.5,7.778174593,29.1875368,38.18242738,8.994890586,3.508762411,41.5,10,12.5,15.5,37,43
S005446,sobol_AB_tx_integration,full,2,0,74.5,89.5,15,4.242640687,25.04994463,33.39788986,8.347945235,0.2550421039,37,14.5,18.5,43.5,42.5,47
S005447,sobol_AB_tx_integration,full,2,0,100.5,130.5,30,4.242640687,54.09291735,89.75210522,35.65918787,2.945977911,17,13,25.5,48,34,96.5
S005448,sobol_AB_tx_integration,full,2,0,84,96.5,12.5,13.43502884,32.67135598,42.16925077,9.497894789,10.1187998,36.5,10,13,30.5,36.5,60
S005449,sobol_AB_tx_integration,full,2,0,46.5,61,14.5,10.60660172,30.99757051,35.59627506,4.598704551,3.377914378,43.5,13.5,15.5,21.5,24.5,36.5
S005450,sobol_AB_tx_integration,full,2,0,95.5,143,47.5,9.192388155,27.23292006,35.27238722,8.03946716,3.478207522,27,16,15,70.5,83,60
S005451,sobol_AB_tx_integration,full,2,0,77,125.5,48.5,2.121320344,24.42013819,39.90402448,15.48388629,6.43132366,37,13,52.5,70,57,68.5
S005452,sobol_AB_tx_integration,full,2,0,56,72,16,4.242640687,31.28506815,40.27283315,8.987765002,3.50639993,37,16.5,16.5,31,28,44
S005453,sobol_AB_tx_integration,full,2,0,49.5,58.5,9,4.242640687,11.27458577,16.07614263,4.801556857,0.5123502372,31,5,12,18.5,21,37.5
S005454,sobol_AB_tx_integration,full,2,0,26,36,10,0,15.10638998,24.56487269,9.458482704,0.6571245711,42,5,3.5,11,3,33
S005455,sobol_AB_tx_integration,full,2,0,83,95.5,12.5,3.535533906,37.16750127,41.4108093,4.243308022,0.4730588158,37.5,6,8,13.5,43,52.5
S005456,sobol_AB_tx_integration,full,2,0,58,59.5,1.5,4.949747468,19.90471493,23.81934045,3.914625516,0.1230923967,44,11.5,11,12.5,14,45.5
S005457,sobol_AB_tx_integration,full,2,0,61.5,139,77.5,0.7071067812,19.05571308,45.75725522,26.70154214,3.780502062,21,8,98.5,98.5,61,78
S005458,sobol_AB_tx_integration,full,2,0,128,168,40,2.828427125,32.22711652,37.45410296,5.226986449,1.276800432,37.5,16.5,41.5,108.5,101,67
S005459,sobol_AB_tx_integration,full,2,0,94,134.5,40.5,24.74873734,37.29176027,72.1809352,34.88917493,11.49711074,28.5,19,25,36,27.5,107
S005460,sobol_AB_tx_integration,full,2,0,78,102.5,24.5,9.192388155,39.38496732,53.88281046,14.49784313,7.043537652,35,11,20,34.5,37,65.5
S005461,sobol_AB_tx_integration,full,2,0,48,50.5,2.5,2.121320344,33.44071748,39.90828772,6.467570235,2.718414962,53,4,1.5,6,10,40.5
S005462,sobol_AB_tx_integration,full,2,0,74.5,97.5,23,7.071067812,22.00501363,31.28659367,9.281580039,1.759987011,24,10,13,20,25.5,72
S005463,sobol_AB_tx_integration,full,2,0,77.5,151.5,74,9.899494937,27.01882312,60.98892373,33.97010062,4.2847148,18.5,9,19.5,36,71,80.5
S005464,sobol_AB_tx_integration,full,2,0,45.5,74,28.5,13.43502884,18.02937043,23.94462727,5.915256842,3.260820543,32.5,13.5,27,41,31.5,42.5
S005465,sobol_AB_tx_integration,full,2,0,100,125.5,25.5,33.23401872,19.14616826,21.57222675,2.426058485,2.443390679,18.5,9.5,26,37.5,71.5,54
S005466,sobol_AB_tx_integration,full,2,0,77,81.5,4.5,7.778174593,28.71453791,30.79923414,2.084696232,6.584168592,27.5,10,10.5,18.5,25.5,56
S005467,sobol_AB_tx_integration,full,2,0,75,87.5,12.5,4.949747468,36.99347224,33.90650965,-3.086962587,5.746778739,47,9,13,31.5,29.5,58
S005468,sobol_AB_tx_integration,full,2,0,74,96,22,4.242640687,33.34402461,38.10492093,4.760896321,2.525004044,29,10,25.5,60,37.5,58.5
S005469,sobol_AB_tx_integration,full,2,0,107.5,122,14.5,4.949747468,47.65085857,73.17775031,25.52689174,2.465599068,26,9,9.5,25.5,38.5,83.5
S005470,sobol_AB_tx_integration,full,2,0,88,104,16,11.3137085,33.51961832,48.09001396,14.57039564,2.701850179,44.5,9.5,20,28,21.5,82.5
S005471,sobol_AB_tx_integration,full,2,0,53.5,68.5,15,1.414213562,26.28277001,37.21184899,10.92907898,3.116051008,25.5,9.5,10.5,11,20,48.5
S005472,sobol_AB_tx_integration,full,2,0,88.5,157,68.5,3.535533906,54.43823043,90.97012375,36.53189332,3.668133411,34,16.5,43.5,34,54,103
S005473,sobol_AB_tx_integration,full,2,0,103.5,164,60.5,26.1629509,29.72253224,42.29932309,12.57679085,4.020309775,28.5,16.5,35.5,48.5,75,89
S005474,sobol_AB_tx_integration,full,2,0,76,102,26,1.414213562,29.42735534,38.82113615,9.393780813,3.348670893,43.5,10,8.5,24.5,40.5,61.5
S005475,sobol_AB_tx_integration,full,2,0,71.5,69.5,-2,1.414213562,20.85801048,20.2802806,-0.5777298799,4.090489542,37,11,11,11.5,32,37.5
S005476,sobol_AB_tx_integration,full,2,0,61.5,106.5,45,8.485281374,16.69561143,31.01767513,14.3220637,2.733212592,47,11,32.5,30,36,70.5
S005477,sobol_AB_tx_integration,full,2,0,58.5,64,5.5,3.535533906,16.6719879,19.0296618,2.357673908,1.497575924,46,8,5,13,29.5,34.5
S005478,sobol_AB_tx_integration,full,2,0,85,167.5,82.5,19.09188309,47.59005086,79.84329901,32.25324815,0.568008239,34,7,32.5,65,72,95.5
S005479,sobol_AB_tx_integration,full,2,0,66,84.5,18.5,0.7071067812,27.31110665,34.57599847,7.264891819,0.5766285634,50,9,9,9,13.5,71
S005480,sobol_AB_tx_integration,full,2,0,75.5,106.5,31,9.899494937,25.98354376,40.56933061,14.58578684,3.892757499,43.5,13.5,11.5,35.5,45,61.5
S005481,sobol_AB_tx_integration,full,2,0,87.5,112.5,25,21.21320344,38.38099544,38.51563003,0.1346345836,8.35237485,29,9.5,22.5,39,65,47.5
S005482,sobol_AB_tx_integration,full,2,0,77.5,105.5,28,32.52691193,30.68196155,48.6993978,18.01743625,14.66176692,39.5,9.5,28.5,31.5,39.5,66
S005483,sobol_AB_tx_integration,full,2,0,160.5,161.5,1,2.828427125,24.11636768,28.2680938,4.151726121,0.6635315376,21,11.5,33,31,90.5,71
S005484,sobol_AB_tx_integration,full,2,0,80,93,13,7.071067812,39.67369392,52.27077032,12.5970764,6.562254511,40.5,10.5,13,24,17.5,75.5
S005485,sobol_AB_tx_integration,full,2,0,62.5,73.5,11,1.414213562,26.09377554,35.18624964,9.092474102,0.9192557747,34,14,11.5,19,32.5,41
S005486,sobol_AB_tx_integration,full,2,0,98,143,45,25.45584412,47.35581613,72.34045648,24.98464035,12.97716732,28,18.5,23.5,25.5,48,95
S005487,sobol_AB_tx_integration,full,2,0,205.5,200.5,-5,8.485281374,93.31952196,85.14094885,-8.178573108,8.346348063,29.5,14,25.5,45.5,79.5,121
S005488,sobol_AB_tx_integration,full,2,0,71.5,124,52.5,9.192388155,44.43246456,69.6688538,25.23638923,8.829133845,29,6.5,33.5,19.5,36,88
S005489,sobol_AB_tx_integration,full,2,0,70,107.5,37.5,0.7071067812,21.09328771,40.53289951,19.4396118,1.508376878,26.5,14,5,13,26.5,81
S005490,sobol_AB_tx_integration,full,2,0,76,98,22,2.828427125,44.20998993,56.99728567,12.78729574,4.446357239,36.5,9,19.5,38.5,26.5,71.5
S005491,sobol_AB_tx_integration,full,2,0,131,200.5,69.5,2.121320344,55.52470811,77.61948124,22.09477313,3.332739158,35,9,42.5,46.5,109,91.5
S005492,sobol_AB_tx_integration,full,2,0,58,66,8,8.485281374,19.41600753,24.89951855,5.483511026,3.190206619,33.5,9,19.5,24,28.5,37.5
S005493,sobol_AB_tx_integration,full,2,0,131,175.5,44.5,16.26345597,31.26563074,64.953834,33.68820327,9.05832105,34,12,40,31,56,119.5
S005494,sobol_AB_tx_integration,full,2,0,104.5,114.5,10,4.242640687,47.07562352,47.87008417,0.7944606546,3.941631008,42,11.5,24,28.5,39,75.5
S005495,sobol_AB_tx_integration,full,2,0,55.5,79.5,24,9.899494937,24.53280753,28.57707331,4.044265781,1.243402832,40,7.5,14,13.5,36,43.5
S005496,sobol_AB_tx_integration,full,2,0,151,201.5,50.5,2.121320344,58.82775745,74.81010213,15.98234468,2.268110874,34.5,12.5,43,50.5,81,120.5
S005497,sobol_AB_tx_integration,full,2,0,112.5,267.5,155,33.9411255,55.92872546,95.40515985,39.47643439,13.79784703,31,12,205,342.5,147.5,120
S005498,sobol_AB_tx_integration,full,2,0,119.5,139.5,20,21.21320344,31.83227966,44.10568514,12.27340548,5.609675997,25.5,7,14,23,30,109.5
S005499,sobol_AB_tx_integration,full,2,0,88,104.5,16.5,12.02081528,42.30335155,46.65104678,4.347695224,3.757042037,35.5,14,22.5,39.5,25.5,79
S005500,sobol_AB_tx_integration,full,2,0,96.5,173,76.5,4.949747468,17.16220343,33.30086625,16.13866282,0.8730089922,35.5,9.5,30.5,51,102,71
S005501,sobol_AB_tx_integration,full,2,0,76.5,110.5,34,14.14213562,39.02882647,59.9665643,20.93773783,5.334472117,34.5,11.5,81.5,76.5,36,74.5
S005502,sobol_AB_tx_integration,full,2,0,100,113.5,13.5,4.949747468,26.17588317,33.89358329,7.717700121,2.143425185,40,11,19.5,24,25,88.5
S005503,sobol_AB_tx_integration,full,2,0,78.5,79,0.5,0.7071067812,44.02190845,46.28385224,2.261943788,2.24028823,35,13,17.5,20,15.5,63.5
S005504,sobol_AB_tx_integration,full,2,0,68,77,9,1.414213562,24.63032454,27.11139109,2.481066551,0.05204389876,38,6,3,6.5,8.5,68.5
S005505,sobol_AB_tx_integration,full,2,0,196,264.5,68.5,10.60660172,51.20849396,76.61739625,25.40890229,7.105959525,31.5,21,40.5,70.5,104,160.5
S005506,sobol_AB_tx_integration,full,2,0,135.5,172,36.5,3.535533906,79.45565581,100.2523011,20.7966453,9.269688221,33.5,9.5,27,37,46.5,125.5
S005507,sobol_AB_tx_integration,full,2,0,96,119,23,4.242640687,34.25749239,36.43771965,2.180227262,1.975717712,23,14.5,25.5,34,46.5,72.5
S005508,sobol_AB_tx_integration,full,2,0,94,111,17,7.071067812,50.40434274,54.59522056,4.190877828,3.783334734,46.5,6.5,14,24.5,29.5,81.5
S005509,sobol_AB_tx_integration,full,2,0,82.5,82,-0.5,12.02081528,35.55332907,41.11810548,5.564776411,2.822629289,33.5,9,14.5,31.5,18,64
S005510,sobol_AB_tx_integration,full,2,0,75.5,131,55.5,23.33452378,40.6362022,74.25535625,33.61915405,15.92387686,26,19,36,38.5,39,92
S005511,sobol_AB_tx_integration,full,2,0,83,116,33,5.656854249,22.63994252,41.12110717,18.48116466,0.8420254264,28.5,9.5,19,15.5,25,91
S005512,sobol_AB_tx_integration,full,2,0,131,172,41,21.21320344,56.78591122,93.86593553,37.08002432,10.0332929,21,14,23,28.5,71,101
S005513,sobol_AB_tx_integration,full,2,0,103.5,174.5,71,1.414213562,38.54997068,53.55531256,15.00534187,3.466990002,20.5,8.5,27,36.5,44.5,130
S005514,sobol_AB_tx_integration,full,2,0,55.5,86,30.5,9.192388155,14.64165254,24.54808582,9.90643328,0.1106991133,34.5,13.5,27.5,21.5,31.5,54.5
S005515,sobol_AB_tx_integration,full,2,0,99.5,196.5,97,29.69848481,42.61006662,89.51428897,46.90422234,15.20012765,33,14,23.5,41.5,67.5,129
S005516,sobol_AB_tx_integration,full,2,0,57,57,0,0,20.7629913,25.17094064,4.407949338,0.6129053772,33.5,10,3,18,7.5,49.5
S005517,sobol_AB_tx_integration,full,2,0,80.5,81,0.5,2.121320344,40.31709339,39.99195854,-0.325134844,2.793868246,30,12,5,10,33.5,47.5
S005518,sobol_AB_tx_integration,full,2,0,85.5,113.5,28,1.414213562,28.90354294,40.73914614,11.8356032,2.802650165,26,11,13.5,16,43,70.5
S005519,sobol_AB_tx_integration,full,2,0,58,99.5,41.5,6.363961031,16.56705003,29.59340303,13.02635299,2.624192831,45,10,18,29,25.5,74
S005520,sobol_AB_tx_integration,full,2,0,95,114.5,19.5,24.74873734,42.34464354,58.84043986,16.49579632,5.160373036,33,14,18.5,28,49,65.5
S005521,sobol_AB_tx_integration,full,2,0,116,119,3,2.828427125,40.8578457,47.22287539,6.365029686,0.002791559948,32,8.5,9,11,32.5,86.5
S005522,sobol_AB_tx_integration,full,2,0,85.5,141.5,56,1.414213562,48.54953486,90.76884611,42.21931125,10.7820485,32.5,12,42.5,52,53,88.5
S005523,sobol_AB_tx_integration,full,2,0,52,49,-3,14.14213562,23.74221679,25.94497827,2.202761484,4.3529731,21,10.5,8,13.5,18.5,30.5
S005524,sobol_AB_tx_integration,full,2,0,125.5,213.5,88,1.414213562,18.21251274,31.12560382,12.91309108,0.76139401,35,11,55,73.5,130,83.5
S005525,sobol_AB_tx_integration,full,2,0,50.5,68,17.5,17.67766953,23.60750089,28.49011175,4.882610853,4.251439001,35,10,18,23,21,47
S005526,sobol_AB_tx_integration,full,2,0,59.5,83.5,24,14.14213562,24.08840157,30.27405572,6.185654157,3.915235345,31.5,10,21,28.5,46.5,37
S005527,sobol_AB_tx_integration,full,2,0,57.5,75,17.5,10.60660172,18.26674917,22.65862417,4.391874997,0.36329662,35,5.5,12,16,33,42
S005528,sobol_AB_tx_integration,full,2,0,80.5,113,32.5,19.09188309,22.14598663,37.05708553,14.9110989,3.003386012,43,8.5,19.5,52,38,75
S005529,sobol_AB_tx_integration,full,2,0,105,95.5,-9.5,12.02081528,21.81282248,24.51976998,2.706947501,2.080402698,38.5,9,39,41.5,39,56.5
S005530,sobol_AB_tx_integration,full,2,0,57,62,5,11.3137085,21.92212457,26.08148971,4.159365144,8.178027739,23,9,17.5,38.5,25.5,36.5
S005531,sobol_AB_tx_integration,full,2,0,85.5,123.5,38,22.627417,27.26852545,43.60404238,16.33551693,0.3507415233,33,18,38,48,43.5,80
S005532,sobol_AB_tx_integration,full,2,0,84,89,5,26.87005769,50.96868852,43.31202674,-7.656661785,15.17820507,43.5,11.5,19.5,26,30,59
S005533,sobol_AB_tx_integration,full,2,0,75.5,104,28.5,3.535533906,32.13996033,54.27420404,22.13424371,0.6017628735,30.5,9,15,39.5,33,71
S005534,sobol_AB_tx_integration,full,2,0,72,87.5,15.5,2.121320344,26.64689656,36.05135678,9.404460226,0.4033116365,38.5,14,11,14.5,39.5,48
S005535,sobol_AB_tx_integration,full,2,0,62,79,17,1.414213562,45.10037854,69.43885761,24.33847907,2.313984972,41.5,4.5,10.5,21,11.5,67.5
S005536,sobol_AB_tx_integration,full,2,0,86.5,118.5,32,33.9411255,19.46894403,31.0146485,11.54570446,6.110588371,39,5.5,13,21.5,58,60.5
S005537,sobol_AB_tx_integration,full,2,0,53.5,98.5,45,25.45584412,14.93408418,20.28652281,5.352438624,4.528025112,44,13,62,69,46.5,52
S005538,sobol_AB_tx_integration,full,2,0,77.5,103.5,26,1.414213562,22.47549779,24.21177363,1.736275836,0.1182967812,40,12.5,15,42,55.5,48
S005539,sobol_AB_tx_integration,full,2,0,117.5,143.5,26,8.485281374,69.73100451,78.31260431,8.581599794,10.35109693,42.5,9.5,19,23,30.5,113
S005540,sobol_AB_tx_integration,full,2,0,67,100,33,24.04163056,24.56565174,37.07431166,12.50865993,2.291497818,39,14.5,20,37,48,52
S005541,sobol_AB_tx_integration,full,2,0,55,76.5,21.5,13.43502884,24.41363463,30.2395867,5.825952074,1.417031104,41,11.5,13.5,10.5,36,40.5
S005542,sobol_AB_tx_integration,full,2,0,174,366.5,192.5,82.7314934,58.51161185,120.997951,62.48633913,2.454294357,46,11.5,134,128.5,227.5,139
S005543,sobol_AB_tx_integration,full,2,0,74.5,100.5,26,8.485281374,38.32819656,48.59600432,10.26780776,0.7802912956,25.5,12.5,31.5,38.5,48,52.5
S005544,sobol_AB_tx_integration,full,2,0,48,58,10,5.656854249,12.5113701,15.92474902,3.413378912,0.5346272685,36.5,7,5.5,11,14.5,43.5
S005545,sobol_AB_tx_integration,full,2,0,90,118.5,28.5,26.1629509,50.54144995,58.13022106,7.588771117,21.39761502,36.5,11.5,24.5,71,39.5,79
S005546,sobol_AB_tx_integration,full,2,0,360.5,501,140.5,37.4766594,160.3841145,177.5026904,17.11857589,12.36265002,24.5,12,197,176,224,277
S005547,sobol_AB_tx_integration,full,2,0,44,51,7,5.656854249,25.18400218,32.84850976,7.664507576,11.46834033,43,7.5,6.5,7.5,17.5,33.5
S005548,sobol_AB_tx_integration,full,2,0,120.5,126,5.5,3.535533906,39.52578842,38.91240455,-0.6133838703,1.920025493,34.5,13,22.5,84,42.5,83.5
S005549,sobol_AB_tx_integration,full,2,0,71,123.5,52.5,16.26345597,29.69002549,45.20025377,15.51022828,10.00260405,45,11,23.5,42,75,48.5
S005550,sobol_AB_tx_integration,full,2,0,61,71.5,10.5,3.535533906,29.33314805,39.36331464,10.03016659,1.474233393,25.5,8,8.5,17,29.5,42
S005551,sobol_AB_tx_integration,full,2,0,99,114,15,7.071067812,66.9750768,87.25897779,20.28390099,7.059838136,34,9,5,13.5,27,87
S005552,sobol_AB_tx_integration,full,2,0,91,129.5,38.5,14.8492424,31.6610109,52.91006041,21.24904951,10.6252582,31,11.5,21,24.5,60.5,69
S005553,sobol_AB_tx_integration,full,2,0,128,149,21,4.242640687,62.74747495,77.74269352,14.99521857,1.232322741,28.5,6,11,31,39,110
S005554,sobol_AB_tx_integration,full,2,0,70.5,70,-0.5,13.43502884,30.01542398,42.25512665,12.23970267,6.202232778,40.5,6,4.5,17,29.5,40.5
S005555,sobol_AB_tx_integration,full,2,0,56,106,50,9.899494937,23.44476622,50.30183617,26.85706995,1.213651937,39.5,7,9.5,29.5,45,61
S005556,sobol_AB_tx_integration,full,2,0,90,108.5,18.5,16.26345597,27.47263269,35.51761265,8.044979956,3.543493442,29.5,18,19.5,39,58.5,50
S005557,sobol_AB_tx_integration,full,2,0,114.5,210.5,96,1.414213562,45.32002446,90.07327634,44.75325188,5.344010841,28.5,10.5,33.5,67,112,98.5
S005558,sobol_AB_tx_integration,full,2,0,80.5,75.5,-5,4.242640687,25.03732789,21.68776118,-3.349566713,2.920656705,29.5,6.5,6,19,39,36.5
S005559,sobol_AB_tx_integration,full,2,0,85,181.5,96.5,6.363961031,37.75284694,86.22278641,48.46993948,0.6714193224,31,7,35,26,62,119.5
S005560,sobol_AB_tx_eff,full,2,0,65,80,15,7.071067812,37.0864469,45.86207704,8.775630139,3.472580316,47.5,10,7,24.5,21,59
S005561,sobol_AB_tx_eff,full,2,0,97.5,152.5,55,16.97056275,26.80980438,47.3598839,20.55007952,8.149257408,34.5,14.5,37,60.5,63.5,89
S005562,sobol_AB_tx_eff,full,2,0,73.5,86,12.5,10.60660172,52.92075035,67.78654838,14.86579803,6.114409636,30.5,8,8.5,28.5,12.5,73.5
S005563,sobol_AB_tx_eff,full,2,0,79,97,18,1.414213562,44.76559798,56.75609694,11.99049895,1.669776908,37,12,30,17.5,27,70
S005564,sobol_AB_tx_eff,full,2,0,59,70,11,1.414213562,31.2785418,35.44427382,4.165732027,2.614872996,20,10.5,9,11,24.5,45.5
S005565,sobol_AB_tx_eff,full,2,0,217.5,217.5,0,49.49747468,90.06482183,105.3117624,15.24694058,18.0646276,43,9,82.5,99.5,88,129.5
S005566,sobol_AB_tx_eff,full,2,0,73,92,19,12.72792206,31.28687169,49.38505554,18.09818385,4.231292816,38,8,23,33.5,38.5,53.5
S005567,sobol_AB_tx_eff,full,2,0,221.5,266,44.5,12.02081528,72.00697913,100.9126535,28.9056744,10.98921428,27,13,49.5,49,154.5,111.5
S005568,sobol_AB_tx_eff,full,2,0,41,53,12,8.485281374,17.48968852,25.75599482,8.266306301,4.738500722,28,8.5,7,7,7,46
S005569,sobol_AB_tx_eff,full,2,0,109.5,142,32.5,0.7071067812,36.10413407,44.11990516,8.015771082,0.8031192899,33.5,11,17.5,52,77.5,64.5
S005570,sobol_AB_tx_eff,full,2,0,105.5,108.5,3,12.72792206,32.53167225,36.6614608,4.129788554,1.099615122,28.5,11,11,18,48.5,60
S005571,sobol_AB_tx_eff,full,2,0,79,109.5,30.5,7.778174593,33.18994884,51.06950518,17.87955634,4.869384738,45,9,24.5,23.5,31,78.5
S005572,sobol_AB_tx_eff,full,2,0,86,141,55,52.32590181,23.78393566,42.23180687,18.4478712,15.67317605,44.5,12.5,44.5,47,46,95
S005573,sobol_AB_tx_eff,full,2,0,94.5,98.5,4,9.899494937,43.60107476,49.7738364,6.172761638,5.322565185,40.5,10,12.5,23.5,40.5,58
S005574,sobol_AB_tx_eff,full,2,0,66.5,93.5,27,16.97056275,24.91725823,32.38004509,7.462786866,3.530381155,34,17,27,44.5,43.5,50
S005575,sobol_AB_tx_eff,full,2,0,98.5,108.5,10,5.656854249,54.92994568,84.58393567,29.65398999,1.403166695,20,15,21,35.5,19.5,89
S005576,sobol_AB_tx_eff,full,2,0,75,94.5,19.5,2.121320344,32.14838747,43.04853754,10.90015007,0.4109217757,36,11,10.5,32.5,26.5,68
S005577,sobol_AB_tx_eff,full,2,0,58.5,79.5,21,2.828427125,32.13959719,35.54669913,3.40710194,1.27978412,50,8.5,20.5,18.5,36,43.5
S005578,sobol_AB_tx_eff,full,2,0,97.5,154.5,57,1.414213562,29.99623315,39.83242002,9.836186878,5.045263762,24.5,16.5,15.5,69,94,60.5
S005579,sobol_AB_tx_eff,full,2,0,82.5,147.5,65,29.69848481,26.37363448,43.48932043,17.11568595,8.322171034,36.5,17.5,66,78,67.5,80
S005580,sobol_AB_tx_eff,full,2,0,60.5,72.5,12,2.828427125,24.42126696,34.06280836,9.641541404,6.984738357,38,13,19,27,33.5,39
S005581,sobol_AB_tx_eff,full,2,0,49,48.5,-0.5,6.363961031,10.91553036,10.91403746,-0.001492904881,0.3060401895,29.5,11.5,14,19.5,16.5,32
S005582,sobol_AB_tx_eff,full,2,0,30.5,44.5,14,9.899494937,18.69177292,26.39469416,7.702921237,4.827314273,42,8.5,5.5,12.5,9,35.5
S005583,sobol_AB_tx_eff,full,2,0,74.5,91.5,17,8.485281374,33.71143009,41.18543688,7.474006792,3.410287178,34.5,5,12,17,43.5,48
S005584,sobol_AB_tx_eff,full,2,0,78,88.5,10.5,13.43502884,28.06298206,37.46260258,9.39962052,6.625600633,39.5,14,6,8,16,72.5
S005585,sobol_AB_tx_eff,full,2,0,66.5,108.5,42,14.14213562,19.93267729,30.94236559,11.0096883,6.286621586,24,8.5,48.5,70,48.5,60
S005586,sobol_AB_tx_eff,full,2,0,135.5,171,35.5,23.33452378,38.20678271,51.62140556,13.41462284,8.358160549,39.5,13.5,33.5,95,80,91
S005587,sobol_AB_tx_eff,full,2,0,83.5,122,38.5,3.535533906,35.01829228,60.27624555,25.25795328,6.823367377,36.5,17,35,45,31.5,90.5
S005588,sobol_AB_tx_eff,full,2,0,54.5,131,76.5,26.1629509,24.99106425,55.99189072,31.00082647,6.569222103,38,9,16,51,56,75
S005589,sobol_AB_tx_eff,full,2,0,54.5,60,5.5,4.949747468,37.63739047,40.59979941,2.962408946,3.753333183,43.5,7.5,5.5,4.5,10,50
S005590,sobol_AB_tx_eff,full,2,0,99.5,115.5,16,4.242640687,26.67841681,28.71181817,2.033401359,1.048823694,22,8,14,27,29,86.5
S005591,sobol_AB_tx_eff,full,2,0,82.5,117.5,35,9.899494937,30.23123248,40.35164798,10.12041549,3.474749744,26,8,20,25,49,68.5
S005592,sobol_AB_tx_eff,full,2,0,61,73.5,12.5,9.192388155,19.21816297,17.35566596,-1.862497002,0.4474403975,30.5,15,27.5,34,39,34.5
S005593,sobol_AB_tx_eff,full,2,0,98,97.5,-0.5,3.535533906,15.45580116,16.9185917,1.462790541,0.02897409474,19.5,9,24.5,40,60.5,37
S005594,sobol_AB_tx_eff,full,2,0,74,77.5,3.5,12.02081528,26.55068827,28.42692868,1.876240406,3.275219967,22,13,9.5,18.5,26,51.5
S005595,sobol_AB_tx_eff,full,2,0,76.5,108,31.5,0.7071067812,34.74449249,49.90279665,15.15830416,2.197633414,44.5,10,10,26,24,84
S005596,sobol_AB_tx_eff,full,2,0,65,88.5,23.5,12.02081528,32.45684398,50.50302573,18.04618175,10.19680848,33,12,14,40.5,13,75.5
S005597,sobol_AB_tx_eff,full,2,0,106,109,3,16.97056275,52.67626261,63.0424553,10.36619269,0.760874541,21,13,16.5,27.5,30,79
S005598,sobol_AB_tx_eff,full,2,0,84,110,26,26.87005769,30.35291369,36.41386828,6.060954584,8.068289742,43.5,14.5,22,23.5,23.5,86.5
S005599,sobol_AB_tx_eff,full,2,0,56,67.5,11.5,2.121320344,30.34177673,34.68003389,4.338257161,0.8819465543,26.5,7,3,5.5,18,49.5
S005600,sobol_AB_tx_eff,full,2,0,87,174,87,11.3137085,56.27311622,105.824323,49.55120677,0.434078395,32.5,15.5,37,42.5,50,124
S005601,sobol_AB_tx_eff,full,2,0,87.5,163,75.5,6.363961031,26.83914469,49.20145365,22.36230896,0.8770402389,34,14.5,27,49,82.5,80.5
S005602,sobol_AB_tx_eff,full,2,0,85,112,27,24.04163056,34.089311,49.52165355,15.43234254,8.704076486,43,9,6,26,42.5,69.5
S005603,sobol_AB_tx_eff,full,2,0,77,77.5,0.5,0.7071067812,23.91735378,30.07781185,6.160458075,0.3004945605,33,11,8,9,26,51.5
S005604,sobol_AB_tx_eff,full,2,0,68.5,135.5,67,14.14213562,17.54348276,33.03132015,15.48783739,4.943863281,43,11.5,42,37.5,51,84.5
S005605,sobol_AB_tx_eff,full,2,0,39,57.5,18.5,9.192388155,13.17326873,16.36552039,3.192251663,1.286832259,47,9.5,5,8,22,35.5
S005606,sobol_AB_tx_eff,full,2,0,78.5,163.5,85,43.84062043,51.53132909,91.32779167,39.79646257,26.46924017,31,8,31.5,78,78,85.5
S005607,sobol_AB_tx_eff,full,2,0,45,64.5,19.5,10.60660172,17.22081579,25.27328537,8.052469575,2.767351768,50.5,6.5,9,6.5,12,52.5
S005608,sobol_AB_tx_eff,full,2,0,86,130.5,44.5,6.363961031,25.86953539,39.48948997,13.61995458,2.359599789,43.5,12,13.5,53,60.5,70
S005609,sobol_AB_tx_eff,full,2,0,73.5,125,51.5,12.02081528,30.3455979,44.17453664,13.82893874,4.471943037,29.5,11,20,45,74,51
S005610,sobol_AB_tx_eff,full,2,0,81,85.5,4.5,6.363961031,30.31993146,37.56383146,7.243899995,0.2268960841,41,9.5,17.5,20,26.5,59
S005611,sobol_AB_tx_eff,full,2,0,184,185,1,5.656854249,24.88746866,33.06739022,8.179921558,1.965012526,24.5,11,36,42,104.5,80.5
S005612,sobol_AB_tx_eff,full,2,0,76,88,12,11.3137085,39.1856628,48.56246691,9.376804117,8.887682664,34.5,16,18,32,16.5,71.5
S005613,sobol_AB_tx_eff,full,2,0,69.5,84,14.5,3.535533906,25.62306066,35.78628905,10.1632284,1.085201511,32.5,16.5,9,27,31.5,52.5
S005614,sobol_AB_tx_eff,full,2,0,102,196.5,94.5,23.33452378,54.38423265,91.92787217,37.54363953,16.41494506,27,14.5,35,37.5,65,131.5
S005615,sobol_AB_tx_eff,full,2,0,189.5,200.5,11,19.79898987,86.42130783,88.76344808,2.342140247,4.03302383,33.5,14,26,67.5,76.5,124
S005616,sobol_AB_tx_eff,full,2,0,72.5,117,44.5,4.949747468,45.67296205,73.82785837,28.15489631,7.560489079,23,9.5,21.5,16.5,22,95
S005617,sobol_AB_tx_eff,full,2,0,75.5,103.5,28,16.97056275,22.23066292,27.30697372,5.076310794,5.431734925,29.5,12,11.5,15.5,27.5,76
S005618,sobol_AB_tx_eff,full,2,0,72.5,94.5,22,9.899494937,41.88653442,68.54097349,26.65443907,3.240932126,31,8.5,15.5,32.5,14.5,80
S005619,sobol_AB_tx_eff,full,2,0,105,162.5,57.5,24.74873734,46.7491751,81.78924111,35.04006601,6.795458486,32.5,14,20.5,29.5,81,81.5
S005620,sobol_AB_tx_eff,full,2,0,38.5,53,14.5,4.949747468,13.70400019,21.76432242,8.060322227,5.396763807,33.5,7,24,14,19,34
S005621,sobol_AB_tx_eff,full,2,0,120.5,162,41.5,4.949747468,32.21484405,39.2085379,6.993693849,0.4641389445,40,10.5,32,24,59,103
S005622,sobol_AB_tx_eff,full,2,0,103,111,8,1.414213562,52.68936316,67.8626322,15.17326905,3.033587774,39,14.5,12.5,9.5,28,83
S005623,sobol_AB_tx_eff,full,2,0,74.5,85.5,11,8.485281374,27.89100933,44.39453709,16.50352776,1.69318513,35,8.5,8,9.5,31,54.5
S005624,sobol_AB_tx_eff,full,2,0,109,140.5,31.5,19.09188309,41.93266429,59.37441739,17.44175311,5.92843114,38,10.5,28,30,59.5,81
S005625,sobol_AB_tx_eff,full,2,0,95,195.5,100.5,64.34671709,51.05135816,110.0683302,59.01697201,36.29704082,36,6,121.5,243.5,87,108.5
S005626,sobol_AB_tx_eff,full,2,0,102.5,131,28.5,20.50609665,31.19683525,38.29396486,7.097129606,4.431585044,21.5,11,20,29,28,103
S005627,sobol_AB_tx_eff,full,2,0,71,90.5,19.5,16.26345597,37.39922802,46.08685342,8.687625407,6.117678923,45.5,7,9.5,24,17.5,73
S005628,sobol_AB_tx_eff,full,2,0,71,140,69,0,16.55401064,22.60157753,6.047566893,1.029690393,33.5,8.5,27,43,74.5,65.5
S005629,sobol_AB_tx_eff,full,2,0,81,130,49,4.242640687,38.49592552,49.86543954,11.36951401,7.260076238,28,9.5,105.5,91.5,56,74
S005630,sobol_AB_tx_eff,full,2,0,100,120.5,20.5,10.60660172,23.27761043,28.51618929,5.238578863,4.157975653,38,14,24,26.5,34,86.5
S005631,sobol_AB_tx_eff,full,2,0,86.5,96,9.5,20.50609665,41.52203346,43.03019812,1.508164662,11.91379836,29.5,12,15,39,33.5,62.5
S005632,sobol_AB_tx_eff,full,2,0,58,68,10,2.828427125,21.6339171,26.39139971,4.757482605,1.196959868,37.5,6.5,3,8,10,58
S005633,sobol_AB_tx_eff,full,2,0,146,182,36,2.828427125,37.77343087,51.13483385,13.36140299,3.821110122,33.5,17.5,42.5,48.5,47.5,134.5
S005634,sobol_AB_tx_eff,full,2,0,126.5,180,53.5,45.96194078,77.57985806,116.410432,38.83057391,20.38894343,36,8.5,13,38.5,53,127
S005635,sobol_AB_tx_eff,full,2,0,80,101,21,8.485281374,32.20137994,49.76959277,17.56821283,3.456503324,24,10,16,22,27,74
S005636,sobol_AB_tx_eff,full,2,0,98,122,24,18.38477631,53.77562308,71.81821767,18.04259459,15.3153329,47.5,10,14,19,38.5,83.5
S005637,sobol_AB_tx_eff,full,2,0,71.5,93.5,22,12.72792206,31.78547463,42.04591897,10.26044434,0.6842766586,35.5,5,12,22.5,29.5,64
S005638,sobol_AB_tx_eff,full,2,0,79,122,43,19.79898987,43.07608249,58.97622124,15.90013875,7.975961338,28.5,20.5,38.5,29,25.5,96.5
S005639,sobol_AB_tx_eff,full,2,0,77.5,119,41.5,13.43502884,21.16804314,34.2613404,13.09329726,0.3865667707,28.5,8,9,21,29.5,89.5
S005640,sobol_AB_tx_eff,full,2,0,145.5,196,50.5,13.43502884,55.94507691,80.60665767,24.66158075,4.843662484,25,10.5,10.5,21,88.5,107.5
S005641,sobol_AB_tx_eff,full,2,0,161,231.5,70.5,0.7071067812,55.94726201,98.1039577,42.15669569,5.016793857,17,7,27,55,59.5,172
S005642,sobol_AB_tx_eff,full,2,0,61,81.5,20.5,14.8492424,13.75508481,17.90397706,4.148892249,1.702927629,40,10,23,23.5,36,45.5
S005643,sobol_AB_tx_eff,full,2,0,129,201,72,48.08326112,50.33892305,71.99285542,21.65393237,17.66628582,27.5,14,47,62,103.5,97.5
S005644,sobol_AB_tx_eff,full,2,0,49,60.5,11.5,2.121320344,17.8082067,19.04779974,1.239593038,1.002456631,37,12,12,20.5,12,48.5
S005645,sobol_AB_tx_eff,full,2,0,85,75.5,-9.5,12.02081528,51.0266717,49.39310941,-1.633562291,4.270692109,31,13.5,7,12.5,25.5,50
S005646,sobol_AB_tx_eff,full,2,0,60.5,99.5,39,24.04163056,21.75061131,38.11365011,16.3630388,13.54354825,23,14.5,19,22.5,38.5,61
S005647,sobol_AB_tx_eff,full,2,0,57.5,89,31.5,17.67766953,16.45172979,22.06633979,5.614609998,3.146946047,45,9.5,17.5,27.5,23.5,65.5
S005648,sobol_AB_tx_eff,full,2,0,72,90,18,1.414213562,34.57195826,45.27325195,10.7012937,0.2863187768,41,8.5,15,21.5,29.5,60.5
S005649,sobol_AB_tx_eff,full,2,0,117.5,114.5,-3,12.72792206,40.56317238,41.1409019,0.5777295248,2.783468638,36.5,8.5,10,12,36.5,78
S005650,sobol_AB_tx_eff,full,2,0,67,148.5,81.5,23.33452378,41.46363705,81.80470025,40.3410632,14.64962992,37,10,64.5,55.5,52,96.5
S005651,sobol_AB_tx_eff,full,2,0,62,65.5,3.5,0.7071067812,33.02392119,38.89233701,5.868415818,5.110296183,24.5,12,7.5,18,15.5,50
S005652,sobol_AB_tx_eff,full,2,0,130,234,104,26.87005769,22.67388531,30.65480464,7.980919326,9.370197718,35,13,69,89.5,145.5,88.5
S005653,sobol_AB_tx_eff,full,2,0,52.5,68.5,16,7.071067812,25.00758806,39.51883049,14.51124243,3.992053766,38.5,11,20,28.5,21.5,47
S005654,sobol_AB_tx_eff,full,2,0,60,70,10,5.656854249,25.24251799,33.47869972,8.236181733,7.469816639,33,5.5,14.5,32.5,30,40
S005655,sobol_AB_tx_eff,full,2,0,70,88,18,12.72792206,20.51013324,27.5486336,7.038500357,3.811127535,31.5,7,27,20,35,53
S005656,sobol_AB_tx_eff,full,2,0,90,126,36,12.72792206,22.90797774,38.95601008,16.04803234,2.872448463,44,12.5,32.5,73.5,44,82
S005657,sobol_AB_tx_eff,full,2,0,92.5,106,13.5,31.81980515,21.9366038,21.57061572,-0.3659880829,4.839809779,37.5,9.5,25,21,40,66
S005658,sobol_AB_tx_eff,full,2,0,58,58.5,0.5,6.363961031,25.91065702,32.97291437,7.062257355,1.834603105,13.5,7.5,14,29.5,21,37.5
S005659,sobol_AB_tx_eff,full,2,0,90.5,128,37.5,3.535533906,32.42695718,37.09680989,4.66985271,0.5955825692,37.5,15.5,20,43,49.5,78.5
S005660,sobol_AB_tx_eff,full,2,0,62,89.5,27.5,9.192388155,40.97230932,54.32609749,13.35378818,6.270894047,42,11.5,20,27.5,25.5,64
S005661,sobol_AB_tx_eff,full,2,0,73.5,90,16.5,21.92031022,38.15705145,50.23806133,12.08100988,6.750565316,35,5.5,14.5,24.5,16.5,73.5
S005662,sobol_AB_tx_eff,full,2,0,75.5,87,11.5,4.949747468,27.04719084,31.38956384,4.342373,1.463760563,36,14,9,18,38,49
S005663,sobol_AB_tx_eff,full,2,0,62.5,65,2.5,2.121320344,45.69057245,59.28860229,13.59802984,0.5274288752,42,5.5,6.5,15,11,54
S005664,sobol_AB_tx_eff,full,2,0,96.5,123,26.5,3.535533906,21.29952083,29.28608425,7.986563419,0.2152696181,37.5,8.5,16.5,30,61,62
S005665,sobol_AB_tx_eff,full,2,0,79,137,58,31.11269837,20.11575214,40.75174523,20.63599309,9.587479715,43.5,9,38.5,60.5,55,82
S005666,sobol_AB_tx_eff,full,2,0,75.5,104,28.5,9.192388155,22.04556675,33.95561052,11.91004377,2.537235915,39,12,17.5,41.5,47,57
S005667,sobol_AB_tx_eff,full,2,0,135,178.5,43.5,6.363961031,74.50402222,117.3395683,42.83554607,6.304602971,39.5,16.5,27,31,53.5,125
S005668,sobol_AB_tx_eff,full,2,0,98.5,116.5,18,14.14213562,35.83939158,46.35637048,10.51697889,2.63376696,42,13,16.5,37,53,63.5
S005669,sobol_AB_tx_eff,full,2,0,56,68,12,18.38477631,25.62483686,28.84083242,3.215995558,6.785637776,42,14,8.5,15.5,30.5,37.5
S005670,sobol_AB_tx_eff,full,2,0,188,415,227,9.899494937,58.66316393,118.9274165,60.26425256,6.888733664,45.5,10,105.5,130.5,255,160
S005671,sobol_AB_tx_eff,full,2,0,83,110.5,27.5,37.4766594,30.05284353,44.57869385,14.52585032,9.625389654,27.5,11,19,41.5,68.5,42
S005672,sobol_AB_tx_eff,full,2,0,51.5,54,2.5,4.949747468,12.91012506,14.17203173,1.261906671,0.156769352,37,8,8,14.5,12.5,41.5
S005673,sobol_AB_tx_eff,full,2,0,88.5,100.5,12,2.828427125,45.89705836,74.27858745,28.38152909,3.555623421,38.5,9,8.5,39.5,25,75.5
S005674,sobol_AB_tx_eff,full,2,0,299,363,64,12.72792206,129.6431478,203.7171665,74.07401877,17.17964681,24.5,14.5,129,162.5,128,235
S005675,sobol_AB_tx_eff,full,2,0,36.5,52,15.5,0.7071067812,20.24555812,27.5972122,7.35165408,2.994687579,40.5,6,14.5,17,18.5,33.5
S005676,sobol_AB_tx_eff,full,2,0,94.5,123,28.5,27.57716447,29.12679288,40.75082657,11.62403368,10.58461246,31.5,15.5,20,79,37,86
S005677,sobol_AB_tx_eff,full,2,0,67.5,136,68.5,9.192388155,27.2826726,51.46545606,24.18278346,7.090073327,44,10,29,43.5,89.5,46.5
S005678,sobol_AB_tx_eff,full,2,0,46,59.5,13.5,13.43502884,25.26391593,32.68031302,7.416397091,5.921397613,30,7.5,17.5,24.5,24.5,35
S005679,sobol_AB_tx_eff,full,2,0,91,100.5,9.5,3.535533906,62.98705208,86.37583216,23.38878007,1.908012708,34,6.5,2.5,10,10,90.5
S005680,sobol_AB_tx_eff,full,2,0,69,83,14,8.485281374,26.5955196,33.79227141,7.196751803,3.877973714,41,7.5,15,22,40,43
S005681,sobol_AB_tx_eff,full,2,0,96,151,55,4.242640687,55.34703076,69.00322094,13.65619018,4.100700844,38,9,36,51.5,43,108
S005682,sobol_AB_tx_eff,full,2,0,55,60.5,5.5,4.949747468,28.41410405,30.10086817,1.686764119,1.10613813,40.5,5,5,11,23,37.5
S005683,sobol_AB_tx_eff,full,2,0,58,90.5,32.5,16.26345597,20.69011051,41.06945986,20.37934935,11.06709761,37.5,14.5,24.5,30.5,41,49.5
S005684,sobol_AB_tx_eff,full,2,0,70,92.5,22.5,9.192388155,21.30600781,30.96846045,9.662452639,1.359609412,33.5,14,13.5,24.5,49,43.5
S005685,sobol_AB_tx_eff,full,2,0,111.5,187,75.5,2.121320344,42.60380736,74.03519634,31.43138899,3.92701555,27.5,13,33.5,59.5,102,85
S005686,sobol_AB_tx_eff,full,2,0,53.5,46,-7.5,14.8492424,18.77176688,14.21678438,-4.554982503,2.672438912,29,11.5,9,24.5,22.5,23.5
S005687,sobol_AB_tx_eff,full,2,0,95,207.5,112.5,33.23401872,41.12099229,84.22699809,43.10600581,18.54424618,23,10,48,30,97,110.5
S005688,sobol_AB_tx_survival,full,2,0,71.5,76,4.5,4.949747468,41.75015361,49.28190086,7.531747245,1.478747648,44.5,9,5,20.5,9,67
S005689,sobol_AB_tx_survival,full,2,0,76,178,102,53.74011537,23.1814921,57.68529962,34.50380752,22.36867632,32,16.5,49,80,74.5,103.5
S005690,sobol_AB_tx_survival,full,2,0,61,68.5,7.5,10.60660172,39.57815787,55.82848827,16.25033041,5.413125203,35.5,8,7.5,20,17,51.5
S005691,sobol_AB_tx_survival,full,2,0,65,90.5,25.5,2.121320344,37.66989407,45.7816889,8.111794824,2.572672919,40,6,29,18,24.5,66
S005692,sobol_AB_tx_survival,full,2,0,48,64,16,1.414213562,30.03426179,31.52222579,1.487964002,0.08738881339,17,10.5,13,15.5,20,44
S005693,sobol_AB_tx_survival,full,2,0,196,213.5,17.5,4.949747468,88.13643281,97.36392757,9.22749476,0.2170837711,46.5,7.5,69.5,94.5,92.5,121
S005694,sobol_AB_tx_survival,full,2,0,67.5,84,16.5,7.778174593,36.26486269,53.54819834,17.28333565,6.151048481,38.5,9,16.5,33.5,21.5,62.5
S005695,sobol_AB_tx_survival,full,2,0,188.5,239,50.5,40.30508653,59.44021952,72.33486311,12.8946436,0.4523997051,33,14.5,65,49.5,138.5,100.5
S005696,sobol_AB_tx_survival,full,2,0,48.5,48.5,0,4.242640687,20.01007626,21.93390289,1.923826633,3.572743411,28.5,8.5,9.5,8,7.5,41
S005697,sobol_AB_tx_survival,full,2,0,97,120.5,23.5,4.949747468,33.51966933,41.00889116,7.489221834,1.802419382,28.5,18,23.5,51,65,55.5
S005698,sobol_AB_tx_survival,full,2,0,88,94,6,0,29.9978787,41.06485446,11.06697577,2.024380604,31.5,13.5,13,11.5,36.5,57.5
S005699,sobol_AB_tx_survival,full,2,0,78,103.5,25.5,12.02081528,30.31583975,49.86767786,19.55183812,10.69930616,38.5,9.5,17,36,22,81.5
S005700,sobol_AB_tx_survival,full,2,0,80.5,119,38.5,20.50609665,24.88849382,30.37376056,5.48526674,9.061056262,42,11.5,36.5,51.5,44,75
S005701,sobol_AB_tx_survival,full,2,0,82.5,100.5,18,8.485281374,35.61181288,53.06097781,17.44916493,1.891374712,37,12,23.5,17,40.5,60
S005702,sobol_AB_tx_survival,full,2,0,66.5,89,22.5,2.121320344,24.97406589,38.02251917,13.04845329,1.685067592,39,14.5,22,38.5,35,54
S005703,sobol_AB_tx_survival,full,2,0,100.5,139,38.5,7.778174593,55.66732401,106.7313315,51.06400747,6.793520385,22,14,16.5,26,24,115
S005704,sobol_AB_tx_survival,full,2,0,81.5,96.5,15,1.414213562,34.17293354,53.51962774,19.3466942,3.783472105,30.5,14.5,12.5,30.5,22,74.5
S005705,sobol_AB_tx_survival,full,2,0,53.5,83.5,30,14.14213562,36.26550961,52.51801409,16.25250447,7.785860768,44,12,15,18.5,29.5,54
S005706,sobol_AB_tx_survival,full,2,0,86,121,35,4.242640687,22.51443505,34.1529358,11.63850075,1.014637227,24,15.5,16,52,66,55
S005707,sobol_AB_tx_survival,full,2,0,72,131.5,59.5,58.68986284,21.50411864,39.91015301,18.40603437,12.04243346,38.5,16,76.5,85.5,63.5,68
S005708,sobol_AB_tx_survival,full,2,0,53,73,20,1.414213562,28.17606614,43.96574749,15.78968135,8.66451658,38.5,16.5,16,28,28,45
S005709,sobol_AB_tx_survival,full,2,0,47.5,69.5,22,5.656854249,10.46547347,20.67626843,10.21079496,3.493939773,30.5,6.5,8,18.5,23,46.5
S005710,sobol_AB_tx_survival,full,2,0,24.5,25,0.5,7.778174593,16.22669751,15.42346744,-0.8032300627,5.495359457,43.5,6.5,5.5,5.5,3.5,21.5
S005711,sobol_AB_tx_survival,full,2,0,75.5,85.5,10,11.3137085,40.50941532,35.98991857,-4.519496747,4.395488144,41.5,5,6.5,5,37,48.5
S005712,sobol_AB_tx_survival,full,2,0,60,63.5,3.5,6.363961031,20.66073663,25.52683495,4.866098322,4.037059068,39.5,12.5,13,16.5,16.5,47
S005713,sobol_AB_tx_survival,full,2,0,61.5,99.5,38,8.485281374,19.19457823,27.63939229,8.444814058,1.434786885,20,5.5,60,73.5,51.5,48
S005714,sobol_AB_tx_survival,full,2,0,100.5,145.5,45,39.59797975,25.4365588,39.97059586,14.53403707,11.78612809,41,12.5,37,95,73,72.5
S005715,sobol_AB_tx_survival,full,2,0,94.5,124.5,30,4.242640687,32.8122891,58.66797318,25.85568408,0.009895975044,35,13,28,50,37,87.5
S005716,sobol_AB_tx_survival,full,2,0,55,83.5,28.5,17.67766953,25.57043804,44.44699511,18.87655707,7.029734291,38,9.5,28,41,30.5,53
S005717,sobol_AB_tx_survival,full,2,0,42.5,51.5,9,1.414213562,31.41520157,44.25601312,12.84081155,3.059263368,44.5,9.5,7,7.5,6,45.5
S005718,sobol_AB_tx_survival,full,2,0,105.5,118.5,13,1.414213562,29.44392137,39.65436096,10.21043959,0.9274440305,20,7.5,6.5,20,29.5,89
S005719,sobol_AB_tx_survival,full,2,0,68.5,128.5,60,21.21320344,25.43786852,45.9190005,20.48113198,1.31969355,22,8.5,14.5,33.5,68,60.5
S005720,sobol_AB_tx_survival,full,2,0,68,79,11,2.828427125,23.62333688,22.93117437,-0.692162506,1.898762254,31.5,15,28,35.5,36.5,42.5
S005721,sobol_AB_tx_survival,full,2,0,109,139.5,30.5,9.192388155,13.84841292,17.51926499,3.670852071,0.648194138,25.5,12.5,26,61.5,96,43.5
S005722,sobol_AB_tx_survival,full,2,0,69,92.5,23.5,3.535533906,25.61171137,32.77908987,7.167378502,2.619100828,23.5,12,12.5,24.5,32.5,60
S005723,sobol_AB_tx_survival,full,2,0,61.5,90,28.5,6.363961031,30.11975806,40.9641609,10.84440284,7.234594172,46.5,9.5,17,28.5,19.5,70.5
S005724,sobol_AB_tx_survival,full,2,0,83,104,21,2.828427125,39.93271968,52.86998829,12.93726861,5.13339871,27.5,12.5,10,53.5,25.5,78.5
S005725,sobol_AB_tx_survival,full,2,0,125.5,183.5,58,21.21320344,61.40345658,115.8815018,54.47804524,8.893921075,27.5,6.5,10.5,56,59.5,124
S005726,sobol_AB_tx_survival,full,2,0,74.5,83.5,9,4.242640687,27.89394432,38.09288169,10.19893737,0.3517646848,41.5,12,15,19,17,66.5
S005727,sobol_AB_tx_survival,full,2,0,60.5,69,8.5,2.121320344,25.32068279,37.96381446,12.64313167,4.153706183,21.5,8,2,6,19,50
S005728,sobol_AB_tx_survival,full,2,0,86,131.5,45.5,12.02081528,48.57330672,75.75452328,27.18121656,2.58862865,34,18,48,39,46,85.5
S005729,sobol_AB_tx_survival,full,2,0,81,114,33,22.627417,23.0192246,30.74976384,7.730539233,6.397942626,32,15.5,29.5,44,50.5,63.5
S005730,sobol_AB_tx_survival,full,2,0,81,99.5,18.5,0.7071067812,28.52763957,38.77460695,10.24696737,2.101942843,36.5,11.5,14.5,24,38,61.5
S005731,sobol_AB_tx_survival,full,2,0,63,77.5,14.5,3.535533906,19.54394733,26.23653802,6.692590693,1.68362088,34.5,8,9,9,28,49.5
S005732,sobol_AB_tx_survival,full,2,0,80,145,65,39.59797975,18.75481354,35.4318327,16.67701916,10.40737801,44.5,11,46.5,46,63.5,81.5
S005733,sobol_AB_tx_survival,full,2,0,41.5,47,5.5,0.7071067812,13.92835151,15.37891181,1.450560305,0.01509088165,47,9.5,3,11,17,30
S005734,sobol_AB_tx_survival,full,2,0,81.5,139.5,58,5.656854249,45.84879274,56.02422734,10.1754346,2.439724838,32.5,9.5,34,64.5,72.5,67
S005735,sobol_AB_tx_survival,full,2,0,59,56,-3,1.414213562,22.92255838,23.5872728,0.66471442,2.087385873,45,7.5,3.5,7,5,51
S005736,sobol_AB_tx_survival,full,2,0,75,99,24,4.242640687,25.45814155,37.76572569,12.30758414,0.8800161295,37.5,14,22,38.5,42,57
S005737,sobol_AB_tx_survival,full,2,0,72,98,26,9.899494937,29.24372875,35.05316389,5.80943514,0.3719310727,24.5,12.5,20,38,55.5,42.5
S005738,sobol_AB_tx_survival,full,2,0,82.5,106.5,24,4.242640687,33.23359022,57.83843295,24.60484272,2.663349549,38.5,7.5,17.5,19.5,32.5,74
S005739,sobol_AB_tx_survival,full,2,0,199.5,214,14.5,54.44722215,30.59162743,36.86412035,6.272492916,9.931097289,21,10.5,24.5,40.5,122.5,91.5
S005740,sobol_AB_tx_survival,full,2,0,80,90,10,8.485281374,41.22513776,50.3061512,9.081013433,6.859751143,41,8.5,6,17,17,73
S005741,sobol_AB_tx_survival,full,2,0,67.5,71,3.5,7.778174593,25.55804733,37.26131627,11.70326893,0.7767236239,37,12.5,5,19.5,25,46
S005742,sobol_AB_tx_survival,full,2,0,113,162.5,49.5,3.535533906,59.36663835,89.61409183,30.24745348,4.039626843,31.5,11.5,23,20,49.5,113
S005743,sobol_AB_tx_survival,full,2,0,214,211.5,-2.5,6.363961031,94.78884902,88.43130394,-6.357545075,4.43237693,28.5,16,25,76,86,125.5
S005744,sobol_AB_tx_survival,full,2,0,59,113,54,11.3137085,39.44134526,71.88978321,32.44843795,7.658801365,28,9,28.5,21,25,88
S005745,sobol_AB_tx_survival,full,2,0,87.5,110,22.5,3.535533906,25.35230204,40.82633501,15.47403297,2.387850319,24,16,9.5,11,28,82
S005746,sobol_AB_tx_survival,full,2,0,57.5,89,31.5,10.60660172,33.48550652,48.67841501,15.19290849,8.639347803,35,6,22,45.5,28.5,60.5
S005747,sobol_AB_tx_survival,full,2,0,140.5,196.5,56,48.08326112,62.12291615,77.44254351,15.31962736,11.80816296,32,9,24,46,102.5,94
S005748,sobol_AB_tx_survival,full,2,0,49,83.5,34.5,4.949747468,17.52165636,32.07613941,14.55448305,1.30593408,35,9.5,9,20,39.5,44
S005749,sobol_AB_tx_survival,full,2,0,108.5,164.5,56,26.87005769,34.28725465,57.76626948,23.47901483,11.76435848,35.5,13,43.5,22.5,57.5,107
S005750,sobol_AB_tx_survival,full,2,0,101,120,19,1.414213562,45.50453216,49.13376371,3.629231554,4.878411538,43,13.5,14.5,15,43.5,76.5
S005751,sobol_AB_tx_survival,full,2,0,64,76.5,12.5,19.09188309,21.42171742,24.73822956,3.316512139,2.273663178,38,11.5,14,12,34.5,42
S005752,sobol_AB_tx_survival,full,2,0,129,178.5,49.5,9.192388155,50.60691929,69.14181629,18.534897,6.785565262,40.5,11.5,54,48.5,72.5,106
S005753,sobol_AB_tx_survival,full,2,0,139,325.5,186.5,122.3294731,65.59809203,128.8586776,63.26058558,34.64615649,36.5,9.5,172,308.5,166.5,159
S005754,sobol_AB_tx_survival,full,2,0,97,117.5,20.5,21.92031022,27.30465025,33.20756463,5.90291438,5.453240621,30.5,10,22,20,32.5,85
S005755,sobol_AB_tx_survival,full,2,0,71.5,87,15.5,6.363961031,33.89935394,41.01957209,7.120218142,9.628447395,40.5,10.5,11.5,28,19,68
S005756,sobol_AB_tx_survival,full,2,0,91.5,140.5,49,21.21320344,15.77075269,27.97177392,12.20102124,5.761059971,34,13,25,40.5,78,62.5
S005757,sobol_AB_tx_survival,full,2,0,79.5,132.5,53,2.828427125,36.52125224,64.00692754,27.4856753,4.430933822,31.5,9.5,112.5,95.5,56,76.5
S005758,sobol_AB_tx_survival,full,2,0,118,174.5,56.5,4.949747468,26.47059026,48.40772442,21.93713416,1.276482529,35,12,16,37.5,47.5,127
S005759,sobol_AB_tx_survival,full,2,0,93.5,94,0.5,3.535533906,50.92687956,51.96361554,1.036735973,3.327353963,33.5,11.5,14,31,25.5,68.5
S005760,sobol_AB_tx_survival,full,2,0,59,61,2,18.38477631,21.29148975,21.69788279,0.4063930387,5.410079009,36.5,8,6,6,5.5,55.5
S005761,sobol_AB_tx_survival,full,2,0,129,201,72,22.627417,37.34991949,65.72844612,28.37852663,2.212718477,33,15,39,48,62.5,138.5
S005762,sobol_AB_tx_survival,full,2,0,122,184.5,62.5,20.50609665,71.41353276,108.5647401,37.1512073,11.70720008,37.5,11.5,18.5,30.5,50,134.5
S005763,sobol_AB_tx_survival,full,2,0,101,131.5,30.5,16.26345597,40.1177922,49.51509958,9.397307389,7.732777727,24.5,7.5,14,21.5,31.5,100
S005764,sobol_AB_tx_survival,full,2,0,92,113,21,31.11269837,47.29904409,50.60127547,3.302231381,15.19880306,47,10,23.5,24,39,74
S005765,sobol_AB_tx_survival,full,2,0,74,73,-1,5.656854249,32.94311182,32.11168748,-0.8314243399,0.4571060728,34.5,7,18,18,22.5,50.5
S005766,sobol_AB_tx_survival,full,2,0,80,115.5,35.5,28.99137803,44.64203984,78.76448905,34.12244921,16.47401987,31,17,29,24.5,20.5,95
S005767,sobol_AB_tx_survival,full,2,0,70.5,94.5,24,8.485281374,19.67284198,35.76185924,16.08901726,1.56507284,33,5.5,7.5,14.5,14,80.5
S005768,sobol_AB_tx_survival,full,2,0,174.5,197.5,23,14.14213562,69.12869111,86.58071391,17.4520228,6.639597723,24.5,8,26.5,41.5,99,98.5
S005769,sobol_AB_tx_survival,full,2,0,129.5,165,35.5,13.43502884,47.5671722,53.92522461,6.358052406,1.12756204,25.5,9,29,50,34,131
S005770,sobol_AB_tx_survival,full,2,0,76.5,87,10.5,26.1629509,19.83505709,23.04603631,3.21097922,7.88232246,35,10.5,22,23,34,53
S005771,sobol_AB_tx_survival,full,2,0,99.5,163,63.5,10.60660172,44.95452421,64.79577834,19.84125413,7.262913046,38,11,34,59,70.5,92.5
S005772,sobol_AB_tx_survival,full,2,0,52.5,80,27.5,26.1629509,18.17022703,30.08111335,11.91088632,5.691946691,36.5,12.5,6.5,17,22.5,57.5
S005773,sobol_AB_tx_survival,full,2,0,75,77,2,8.485281374,43.68500389,44.73926682,1.054262935,1.170372086,29.5,11.5,5.5,17.5,28,49
S005774,sobol_AB_tx_survival,full,2,0,85.5,135.5,50,14.14213562,28.1210954,49.66672088,21.54562548,3.400058763,22,10.5,33.5,21.5,50.5,85
S005775,sobol_AB_tx_survival,full,2,0,58.5,84.5,26,11.3137085,16.72834688,25.80813392,9.079787036,3.936430756,41,12.5,13.5,22.5,19,65.5
S005776,sobol_AB_tx_survival,full,2,0,66,93,27,5.656854249,34.29015731,54.89237069,20.60221339,1.978492041,38.5,11,20,34,31.5,61.5
S005777,sobol_AB_tx_survival,full,2,0,100,125.5,25.5,12.02081528,34.53472305,47.6225012,13.08777816,4.03202254,40.5,7,14,11.5,37.5,88
S005778,sobol_AB_tx_survival,full,2,0,87.5,175,87.5,72.83199846,50.15815422,128.2288859,78.07073169,55.26171109,31.5,10.5,49.5,48,50.5,124.5
S005779,sobol_AB_tx_survival,full,2,0,52,63,11,11.3137085,28.88616801,43.84537737,14.95920936,6.968524355,23,12.5,6.5,27,15.5,47.5
S005780,sobol_AB_tx_survival,full,2,0,98,225,127,29.69848481,19.18949988,33.313948,14.12444812,2.516243781,36,11.5,85,96.5,135,90
S005781,sobol_AB_tx_survival,full,2,0,47.5,60.5,13,5.656854249,21.66546463,24.81193803,3.1464734,5.545967883,41,11.5,15.5,18.5,19.5,41
S005782,sobol_AB_tx_survival,full,2,0,59,71,12,12.72792206,27.8789704,35.46485189,7.585881497,9.89714703,28,10.5,21.5,34,26,45
S005783,sobol_AB_tx_survival,full,2,0,82,100,18,4.242640687,22.70160615,34.08913377,11.38752762,2.636129865,37,6,18,14,40,60
S005784,sobol_AB_tx_survival,full,2,0,66.5,97.5,31,7.071067812,18.56093705,28.51572158,9.954784532,0.4885815659,45.5,12,28,60,38.5,59
S005785,sobol_AB_tx_survival,full,2,0,114,144,30,19.79898987,25.9418596,37.44203952,11.50017992,2.872642863,44.5,6.5,22,26.5,60.5,83.5
S005786,sobol_AB_tx_survival,full,2,0,56,54.5,-1.5,0.7071067812,25.21603741,27.8524384,2.636400994,1.220520254,16,10,13,27.5,16.5,38
S005787,sobol_AB_tx_survival,full,2,0,79,121.5,42.5,2.121320344,26.29758733,41.78693701,15.48934969,3.141036384,36,16.5,27,31.5,45.5,76
S005788,sobol_AB_tx_survival,full,2,0,68,92.5,24.5,26.1629509,43.15419377,53.22259581,10.06840205,12.04729782,42,10,11,20,19.5,73
S005789,sobol_AB_tx_survival,full,2,0,86,120,34,11.3137085,43.95649413,73.44897107,29.49247693,3.673746359,29.5,7.5,9.5,31.5,26,94
S005790,sobol_AB_tx_survival,full,2,0,66,73,7,1.414213562,23.34845941,31.45548538,8.107025965,3.508874535,36.5,10,7.5,10,31,42
S005791,sobol_AB_tx_survival,full,2,0,75,83.5,8.5,3.535533906,54.14924177,78.70405546,24.55481369,7.767308689,40.5,5,9,23.5,8.5,75
S005792,sobol_AB_tx_survival,full,2,0,137.5,129.5,-8,7.071067812,31.05058785,36.5078059,5.457218051,5.913859525,39,4.5,19,16.5,60.5,69
S005793,sobol_AB_tx_survival,full,2,0,71,159,88,16.97056275,18.1020901,27.14259906,9.04050896,2.383700709,40.5,9.5,75.5,96,80,79
S005794,sobol_AB_tx_survival,full,2,0,80,113.5,33.5,9.192388155,23.43516094,32.99469156,9.559530621,6.757255515,39.5,10.5,13.5,39.5,50.5,63
S005795,sobol_AB_tx_survival,full,2,0,135,164.5,29.5,26.1629509,78.09393347,83.14340525,5.049471774,11.44204831,45.5,9.5,19.5,17.5,48,116.5
S005796,sobol_AB_tx_survival,full,2,0,80,98,18,2.828427125,22.54130261,32.15717109,9.615868482,1.324663836,43.5,9,16,44,53,45
S005797,sobol_AB_tx_survival,full,2,0,53.5,64,10.5,9.192388155,22.59986805,27.83809087,5.23822282,3.800713641,37.5,17,8.5,15.5,31,33
S005798,sobol_AB_tx_survival,full,2,0,165.5,301.5,136,12.72792206,55.86674617,108.953002,53.0862558,3.267651664,47,8,74,106.5,178,123.5
S005799,sobol_AB_tx_survival,full,2,0,81.5,89,7.5,3.535533906,37.9092782,39.39336444,1.484086235,1.27142817,27,9,14,25.5,44,45
S005800,sobol_AB_tx_survival,full,2,0,49.5,52,2.5,7.778174593,13.184038,14.57043945,1.386401453,1.712001348,34,11.5,8,11.5,13,39
S005801,sobol_AB_tx_survival,full,2,0,94,116,22,2.828427125,57.26680725,64.35152988,7.084722625,1.938313924,33,17,22.5,64,30.5,85.5
S005802,sobol_AB_tx_survival,full,2,0,407.5,471,63.5,36.06244584,179.6266348,202.8591878,23.23255301,19.73747656,24.5,13,177,188.5,154.5,316.5
S005803,sobol_AB_tx_survival,full,2,0,33.5,52,18.5,10.60660172,20.32985942,28.52132774,8.191468317,3.013426667,38.5,7,6.5,13,20,32
S005804,sobol_AB_tx_survival,full,2,0,107.5,136,28.5,2.121320344,35.04562518,37.59610155,2.550476371,0.7983954447,31.5,12,37.5,93.5,52.5,83.5
S005805,sobol_AB_tx_survival,full,2,0,68,121.5,53.5,30.40559159,28.30443458,36.1083403,7.803905724,5.063198504,43,11,24.5,34.5,83.5,38
S005806,sobol_AB_tx_survival,full,2,0,59.5,77,17.5,2.121320344,34.75920154,42.94799694,8.188795403,0.8736909793,33,8.5,16.5,24,33,44
S005807,sobol_AB_tx_survival,full,2,0,88,89,1,4.242640687,62.7042914,77.0020751,14.2977837,1.419581398,34.5,9.5,6,13.5,12.5,76.5
S005808,sobol_AB_tx_survival,full,2,0,92.5,120,27.5,33.23401872,32.14939871,43.1461874,10.99678869,6.979982399,35,10,40,40,63,57
S005809,sobol_AB_tx_survival,full,2,0,93,169,76,22.627417,51.72087472,91.14237343,39.42149871,14.00582188,35,10,16.5,50,41.5,127.5
S005810,sobol_AB_tx_survival,full,2,0,45.5,47.5,2,1.414213562,19.36395875,25.64188967,6.277930911,4.736656438,43,5,11,11.5,20.5,27
S005811,sobol_AB_tx_survival,full,2,0,49.5,63,13.5,10.60660172,22.4714822,29.85241757,7.380935372,2.1695059,38.5,8.5,17.5,21,25.5,37.5
S005812,sobol_AB_tx_survival,full,2,0,77,77,0,1.414213562,23.20139209,28.34511844,5.143726357,6.026065077,37.5,12.5,9.5,25,36.5,40.5
S005813,sobol_AB_tx_survival,full,2,0,119.5,154,34.5,12.02081528,46.46699847,78.40524358,31.9382451,0.8865431444,31,11.5,17.5,30.5,68,86
S005814,sobol_AB_tx_survival,full,2,0,55,65,10,11.3137085,20.1081787,19.55817166,-0.5500070393,2.128918008,23,10,6.5,31.5,33,32
S005815,sobol_AB_tx_survival,full,2,0,82,146,64,35.35533906,34.30374211,59.06441564,24.76067353,14.96217334,24.5,12.5,29,20,64.5,81.5
